,PC1,PC2,PC3,PC4,PC5,PC6,PC7,PC8,PC9,PC10,PC11,PC12,PC13,PC14,PC15,PC16,PC17,PC18,PC19,PC20,PC21,PC22,PC23,PC24,PC25,PC26,PC27,PC28,PC29,PC30,PC31,PC32,PC33,PC34,PC35,PC36,PC37,PC38,PC39,PC40,PC41,PC42,PC43,PC44,PC45,PC46,PC47,PC48,PC49,PC50
AAACCTGAGGACCACA-1,-3.7270963,-0.9636416,-3.7568536,-2.0460782,1.6390089,-0.032257944,-2.548929,-2.7091684,4.764004,-4.4773817,0.07215536,0.5860048,0.6949009,-0.06756133,1.9504807,-0.69903976,1.8558071,0.647815,0.30064347,-0.44987985,-0.038448907,0.27758744,1.0075177,-2.621413,-1.5383009,0.54431987,0.6423654,-1.4044997,-2.3363519,0.27275825,1.582958,-1.2205174,-1.2084403,-0.69143593,2.13236,0.19057184,-1.2168018,0.5204112,-1.0497373,-1.6084496,1.7983783,-0.7284308,0.071853995,1.4883454,0.41233414,-2.4839027,0.54877144,-0.14256763,2.7606952,-1.4729005
AAACGGGAGCAATATG-1,-0.26557258,2.2270403,8.637163,1.1662647,-0.7616146,2.6625814,0.40310103,-0.48841432,2.027572,-1.7406139,-0.90047824,-0.59380424,-0.13654162,-0.51956487,-1.164115,0.46975568,-0.3760243,0.5078605,-0.49507448,-0.80874735,0.12261466,-0.70259947,0.15613878,1.7153221,-1.7005159,-0.23166236,1.0743389,0.69984007,-0.515867,1.5281092,0.067465164,-0.056577075,0.7240702,1.6574794,-0.20828347,-0.92912704,-0.45792398,-0.05642211,2.62772,3.6947405,0.0030843688,-0.42831472,-0.32332093,1.4876794,0.27805287,-1.9438417,-0.07203104,-1.6958706,-0.12313087,2.3739748
AAACGGGCATGTCTCC-1,-8.032939,-1.8558728,-2.5238245,0.533859,-0.8604957,-0.17217375,1.8031532,-1.4119811,-0.45986944,0.24887398,-1.19407,0.32945007,-4.148301,-1.9050636,1.3629572,-1.6258794,-0.38669327,0.791879,-1.2611392,-2.751903,-0.4990795,0.47638005,-0.18501571,2.2713249,1.5127538,0.4599761,-0.20623603,3.084223,-0.5254558,1.1987386,-2.9803574,-0.22309376,-0.45569068,-2.9666514,-0.2746445,-1.4897923,-1.3816726,-0.590451,-0.052664325,-0.72542393,0.7026929,1.3383971,-0.64158094,-2.2350976,2.0674305,-0.5678528,0.8960046,-0.90823686,-0.33124408,-1.5640347
AAACGGGTCGCGCCAA-1,-4.7132564,-1.0616865,-0.09129267,3.298495,-2.9075866,-0.9756371,-0.82787037,-0.15219523,-0.032706413,2.176925,1.179505,0.13977951,-0.5499505,0.5430031,-0.92960894,0.24965997,-1.1121798,0.037841447,-0.13176842,-0.13693997,-0.061850324,-0.17908505,-0.4661465,-0.3438889,-0.35818395,0.25777802,0.40047666,-1.0454242,1.2843946,0.824263,-0.40350938,-0.110871926,1.9184246,0.1702211,-1.2774781,0.8512178,1.2170576,1.2795609,-1.2849232,0.3699017,1.87834,0.61465997,-0.5792103,-0.35919398,-1.901424,0.15355772,1.2131741,0.5479625,-0.66043675,1.2083256
AAAGATGGTAGAGTGC-1,-5.1321526,-2.9374523,-0.58902687,3.1756163,-1.7686574,-0.49787244,1.593993,0.91891956,-0.2969184,-0.04225403,-0.7468475,2.1727808,0.04772385,1.2499985,-0.88106626,-1.3548095,-0.10576159,-0.27417466,-0.7125339,-0.9708398,0.46457958,-1.1146346,0.21839036,-0.8735455,-0.257405,-2.3564043,0.107036464,0.86941284,-0.23808071,1.3392082,-0.93675494,0.707878,-0.7078132,0.8000488,-1.1164787,1.6296024,0.78527445,-0.36852327,-1.443561,1.761461,-1.2317271,2.84301,0.8903565,-1.0658271,0.026688958,-0.76678044,-1.0559332,2.167564,-0.3801114,0.96448165
AAAGATGTCAGCGACC-1,-4.7408366,1.2364736,5.435523,3.8658135,-4.948424,2.0213523,0.1007309,-0.9623808,0.7015328,-1.0940096,-0.78147405,0.12611724,1.6260655,-0.09581833,-0.25321898,4.2840767,2.5279634,-1.9599609,0.61931014,1.8479673,-0.8304971,-0.0063206805,-2.4276125,-2.7322605,0.7024954,-0.091886185,1.8988913,-0.0025352414,0.56301576,0.8018783,0.5849094,-2.452034,-0.96434057,-0.73815775,1.4980339,-0.69925976,-0.4616612,-0.545038,-1.3685671,1.578901,2.0657125,-2.2131183,-0.6602011,-0.83159333,4.269541,-1.1942866,0.8267772,-0.3962257,0.5399328,0.9312044
AACACGTCACTTCTGC-1,-3.6682315,-1.438545,0.5478838,3.6781018,-4.5977225,-0.25722003,-0.3766142,0.5652967,-1.813398,2.626959,-2.2580535,-0.03456627,0.34941548,-1.6494474,-2.9256027,-0.38842878,0.9952715,-0.025060035,0.673921,2.7469006,1.1917775,0.5478707,0.3689503,0.7502825,0.24011907,1.2599765,-0.38062668,1.3060967,0.49083194,0.3090729,0.06406641,0.32014474,1.5149573,0.09268793,-0.5703084,-1.0484824,0.109173514,0.11955163,1.9328419,-2.4591217,1.6337931,0.36926097,-0.41948968,0.68632907,1.0665219,-1.9757638,-1.9870137,1.9169093,-2.0179172,0.6729132
AACCGCGCAGCGTCCA-1,-3.2302842,-3.084439,-0.7246199,-1.1972424,0.9262416,-0.94146323,-2.0986202,-0.5914892,0.341702,-1.3955451,-0.097443774,2.045719,0.9930538,-2.8373108,5.3031454,0.77200186,2.0825102,-2.1794386,-0.77037084,-3.346729,-1.0878452,1.4685184,1.4006201,-2.0076132,-0.59073204,-0.86546046,1.1937692,1.5910825,-1.1838324,-1.6022047,-1.4765269,1.7671361,-3.6015282,-1.2227689,0.04483585,1.5226659,1.5455294,1.4132513,-3.5474205,1.038797,-1.3487487,-0.48361123,1.8734671,1.3312285,-0.534167,-4.6342006,-1.979314,-2.8089337,-3.2918973,-0.10354959
AACCGCGCATCCCATC-1,-3.6964352,-2.3156097,-4.2932568,-0.70091975,0.17565769,0.19030371,-1.5257485,-2.3590167,2.8726923,-2.9140677,1.0017926,1.0709866,0.87024164,1.7737572,0.5347893,0.0065806555,-0.9121859,-0.08810963,0.13507096,-0.34900025,0.0041445917,-1.2718555,-1.8902792,-0.635038,-1.0980786,-0.7633086,-0.39694807,0.12877151,0.2822799,-0.5868399,-0.38119444,0.7735818,-1.2128687,-0.64273316,-0.80329794,-0.7020326,0.19483818,0.2845518,-0.7358185,-1.2437105,-0.6208956,-1.4834526,-1.3067204,0.12590212,-0.009308094,0.49324358,0.22924273,-1.6440233,1.5238444,0.19291426
AACCGCGTCCCTAACC-1,-5.414474,-1.8413463,-0.21914198,1.6927307,-1.9918658,-1.156162,1.2261417,0.30377808,0.3509636,0.3677127,-0.27703366,0.034232583,-1.1020457,-0.14991489,0.06608039,-0.28388044,-1.2980531,0.062251434,1.6126724,0.13853893,-1.6674364,-0.5656385,0.4019137,0.8623294,-0.35371462,0.0011311752,-2.1448069,0.793452,-0.9751359,0.31307778,-1.4890773,0.639231,-1.228564,1.2077718,0.77347165,-0.06474105,0.6355623,-0.71417314,0.4263658,-2.086867,-1.3824064,0.83346397,0.12184408,-0.63287336,-0.609284,-1.1527754,1.9719952,-1.2627712,0.46191815,0.86675924
AACGTTGTCAAGATCC-1,-7.933859,-1.7362107,-5.510626,-1.3589399,0.721266,1.4934288,2.346144,-0.029308897,1.3152406,-2.9666774,-0.21164572,-1.3126469,-4.846089,3.8362656,-1.151223,1.693843,-0.27760553,0.7829644,1.0326078,1.4136007,-2.113994,1.2109021,-0.4760732,1.2177343,-1.0355456,-0.73726004,-1.362261,1.5856701,-2.8264544,3.0880923,0.922522,-0.38472903,-1.31611,-0.10739626,-2.5536625,-0.33343595,-1.0683737,-1.5942793,-0.9737365,-0.7821261,-2.3791654,4.444258,0.908969,1.9552608,1.794758,0.05817019,-1.3636452,2.4754698,-1.2752954,-0.773903
AACTCAGCACTCGACG-1,-3.354419,0.6510489,-2.2298207,-0.7550458,0.84958947,-1.0533638,-0.14199056,-1.3740218,2.4428535,-0.3179056,0.5540083,-1.4774256,4.4536963,-0.02332059,-1.1683761,0.7411917,1.8508658,-0.23814593,-0.5819138,-0.9319341,-2.339919,-2.6686492,3.918473,0.70719635,1.1040268,0.024613146,-0.28919405,-0.2549989,-2.4522295,0.57994485,0.9279799,0.93399096,0.37264988,1.3572869,0.4281793,-1.6319606,-0.31380138,2.9515035,-0.75799257,2.444584,0.1486778,0.08488862,-3.3379889,-1.2548126,-1.969117,-1.1743847,0.051820297,0.5473661,0.13102363,-1.9575709
AACTCCCCATTACGAC-1,-4.5862274,-2.8633897,0.25792074,3.3249404,-2.2388017,0.7034144,1.046828,0.7614384,0.6564867,-0.3897431,1.60837,0.20196465,0.9040241,0.49834928,-0.56333053,0.33215708,1.24208,-0.5867604,1.5609645,-2.0633378,0.73787606,0.5070513,-1.9895884,-2.2511146,0.65952945,0.7400287,-0.5591753,-0.19673724,-0.43628556,-1.1049572,0.48608994,-0.9095556,3.3339376,0.25496852,-2.8603582,0.096118204,-1.7303447,0.36092287,-1.1714946,-1.0282425,0.09832701,-2.6665463,-0.096612915,0.75176764,1.8049242,-1.6359868,0.75070375,1.2859212,1.1156328,1.9124482
AACTCCCTCTAAGCCA-1,-6.0651174,-1.1243973,0.6159748,3.8566873,-3.396013,-1.5783899,0.63842326,3.395503,-0.7745539,2.2684395,0.737071,-1.7588938,2.1160686,-0.63342404,-1.9323258,-0.6320421,-0.88606167,0.17530127,1.5763595,2.3500612,1.0180044,-0.1597447,0.16819604,0.71041054,0.76054746,2.4210322,-0.07343629,-2.7838764,0.4237058,1.5267643,-0.73451847,-1.6063848,0.500774,0.06108175,2.2740498,0.14901562,-0.48426288,-1.0529785,2.356437,-3.5927138,2.2956107,1.0857356,1.7801913,-0.26057178,0.17174089,-1.927969,-0.8931836,1.0975248,0.07502166,-2.5687811
AACTCTTAGGCATTGG-1,-5.9177375,-2.1422591,-2.502156,0.93737936,-1.616801,-1.0497487,1.6923593,0.2668647,0.96079654,-0.3628181,-1.3086671,0.65567124,0.712045,-0.6170469,-0.42302927,0.9439962,0.07351023,0.8949461,0.3139397,-0.6313647,-1.7298493,-1.2768743,-2.0765343,0.10958484,1.8133491,1.1598891,-1.029863,2.0184848,0.18562612,1.6979767,-0.050292432,2.1381593,1.6475992,-0.8376194,-1.7772628,1.0134871,1.3610402,1.6061778,0.0918496,-0.21475777,-0.4146347,-1.1545744,-1.0443354,-0.24077353,-3.7249224,0.815632,-2.1551025,-0.16934264,0.019807223,1.7933418
AACTGGTGTCCGAATT-1,-4.7974176,-0.9967187,-1.2357494,1.6087761,-2.7392232,-0.22826067,1.0646206,1.4661691,-0.21919268,0.052873205,-1.0463367,0.63823307,-0.9312277,-1.0622382,-2.3368762,-0.38615626,0.80662876,-0.39369234,-0.5559435,0.652528,-1.3777119,0.56525934,1.9954717,0.7201132,-0.8027066,2.5005786,-2.3842754,1.4631743,0.96656686,0.36901155,-0.045886096,-1.7272636,-0.2502023,0.7419714,2.3979282,-0.7963825,-0.46092066,0.9204255,-1.1348976,-0.18317837,-2.7126377,-0.18543293,-2.598972,-0.50482947,2.1299944,-0.20230319,-0.32560125,0.81795925,0.014843761,2.3692343
AACTTTCCAGATGGCA-1,-6.2888017,0.57165676,3.5367913,1.4643152,0.23453479,-0.13837956,2.3160777,-0.95197034,0.72484726,-2.2957964,0.7870237,1.0297978,0.31728178,1.4489769,2.4830368,0.80646646,-0.0386784,-1.0584823,0.3910162,0.94744116,-1.8079072,0.84857374,-1.9452733,-0.056489192,-2.0516205,-1.2079604,0.8914143,-0.30764005,2.004972,0.14180404,1.1831207,0.6906346,1.442615,-1.0435507,-1.6986656,0.28816003,0.3264426,1.1135408,-1.0331717,-0.9240434,-0.061860602,-0.26648325,1.8409927,2.6499457,-0.9557175,1.3236982,-0.59649396,2.5062582,-0.923482,0.21965364
AACTTTCTCAGGCGAA-1,-5.4826355,-1.2661984,0.8394234,2.271145,-2.956752,0.0033559322,1.4496057,0.70449114,-1.0094044,2.1319518,-0.27299634,-0.60234296,-0.16754118,0.11853138,-0.4796884,-0.6919183,-0.19324051,-0.6979238,0.5501625,0.29880685,1.6508379,1.825467,1.5011073,-1.8072699,1.234343,1.9968125,1.9843006,-0.5963891,3.6280084,0.81846523,0.55075896,2.468663,0.031936347,-0.7594739,-0.012953758,0.04900068,-0.52647775,-1.3238268,-0.6828961,0.21740511,0.06993418,-0.3815138,-1.2795678,-0.24281155,0.46849796,-0.40123132,-1.3192354,-0.10607881,0.21247442,1.009562
AAGACCTAGGAATGGA-1,-4.9516006,-1.9481723,-1.7358716,1.6595395,-1.3397412,-0.21889481,1.1341736,1.8869481,-1.0012751,0.68573207,-0.14245756,1.6611128,-1.2099365,0.5261052,-2.1395886,-1.3317162,-1.7635187,-0.18568768,-0.45937142,0.22206502,-0.2555563,1.4212207,0.19384356,0.2766116,1.0382826,-0.40669063,-0.29543728,0.74547666,-0.44213685,2.2043762,-0.37135768,-0.12723137,0.2108382,-1.3760854,-0.47309127,0.9890914,0.6070618,0.15325396,0.22907786,-1.1944848,0.47281513,0.10406199,-0.3590757,0.49804884,-1.4701439,2.0619137,2.35603,-1.8807448,-0.7090346,1.6013027
AAGACCTCAAATACAG-1,-5.677023,-1.9209065,-0.44760785,0.81344205,-1.676794,-1.0121831,1.4413769,2.1999547,-0.571691,-0.27330443,1.3679702,1.3801708,-0.32128307,-0.57646215,0.3241303,1.7901659,-0.79582113,0.9942333,0.48598668,0.12660769,-1.2795348,-0.7615328,-0.38233697,0.586788,-0.68333113,0.09426882,-0.7097231,0.10213504,-1.7929149,0.9052521,1.0257195,-1.0404418,0.31258753,0.7469761,0.21268603,-0.5277898,0.10653156,0.23566043,-0.76916367,-2.582541,1.1027567,-0.0061479234,2.6121721,-0.95948565,-0.84921217,1.4242402,-0.015036796,-0.9500583,2.2141201,0.92752707
AAGACCTTCGGATGGA-1,-2.9663465,-1.7978212,-2.7223988,0.41390505,-1.0132842,-0.95105374,-1.0043118,-1.2659043,1.1092515,-0.16013639,-1.2008214,0.0020007154,1.0567449,0.18766622,0.6807418,0.4262873,-0.48495823,-0.3378771,-0.33789295,-1.9534703,-0.5321279,0.111851335,1.7302963,1.732169,1.1644893,-0.321918,0.11532613,0.26010108,-1.1261114,-0.76799816,-0.5555729,0.89137244,-0.56875426,1.1535606,-0.4183891,-2.3598247,-1.2921464,0.8474314,0.06274581,0.28914312,-1.0109009,1.1409305,-1.3256587,0.09335543,-0.8240273,-0.33061987,-0.09043345,0.12857173,1.3402858,0.6307979
AAGCCGCCACGACTCG-1,-3.1255124,-3.3227766,2.2158854,3.907359,-4.3749523,-0.2001806,1.0937985,2.0975847,-2.2850735,1.024107,-2.1319335,2.0327954,0.9921932,-0.3357631,1.5152719,1.5353667,0.75612843,-3.2581086,2.4596832,-1.4896904,-0.8801679,0.66625667,-2.4656699,-3.2646117,1.9279923,-1.1956847,-0.078812115,0.15298991,4.092992,0.100063235,-0.91025376,-0.09778215,0.8999239,-1.3047376,-0.89306414,0.70538247,-2.2331998,0.6113318,-0.52127445,2.6438494,-0.8685362,0.10868773,1.3526038,-2.1910858,-0.08877477,3.319851,-0.026452929,2.7494578,-1.0490134,-0.8672731
AAGGCAGAGCTTTGGT-1,-2.6643617,-3.04569,1.5687841,2.9385004,-2.4749272,-0.15830831,-0.14951737,0.143972,1.2435306,0.61302966,1.3576558,0.34153795,1.3368319,-0.32710174,-0.95383316,1.5855467,0.20771146,-0.51631296,0.36120033,-0.56997496,0.94409186,-0.27539527,0.7675354,1.2534562,0.24047452,-0.015546542,-0.1390602,0.031287003,-0.8704619,-0.5922399,-0.49452186,-0.093648575,-0.46007147,1.5739849,0.3031318,-1.8628478,0.051468365,0.41444218,0.86039716,-0.17219439,-0.18005525,0.24780302,0.23858738,0.91027695,-0.14489768,-0.40277135,-0.706204,0.30339146,-0.16470468,-0.5368211
AAGGTTCAGCATGGCA-1,-4.1062603,-1.0319662,1.4357154,3.2469337,-2.3504424,-0.03554715,0.19103898,-0.12414163,-0.6127597,0.9498833,-1.7799574,0.3107823,3.1669867,0.53138876,1.0276455,1.6889957,1.8355991,-0.44558793,-0.5295989,0.4608124,-0.16132279,-0.7980656,-1.2329655,2.341959,0.20353149,-0.80807537,-0.49119765,-0.07840755,-0.7963285,-2.6780121,-0.049005557,-1.5973846,0.024505386,0.94509494,2.7112184,-2.6151638,-0.14731412,1.9544637,-2.2929819,0.13426846,1.1265281,-1.2124652,-0.27498356,0.4282852,0.55160123,-0.0014773611,-1.5814918,0.14945567,1.3811328,0.050343532
AAGTCTGCACATGGGA-1,-4.4979806,-1.0384858,2.1426687,2.9438412,-3.3137496,-0.25400153,0.8801448,1.4433511,-0.26366284,0.62748307,0.33897316,2.6818757,0.22995901,0.4531007,0.86393195,-0.24848539,-0.5396713,-1.0942152,0.6527062,-0.23348899,-1.6853422,0.11121189,-1.7780846,-0.8867501,-1.0571976,0.4470783,-0.82765114,0.7127933,-0.018583113,-1.5086563,1.3529005,0.6194768,-0.89153945,-0.04306588,-0.8049973,1.6201804,-0.045274634,0.6981128,-2.2480586,0.8009082,0.5188066,-0.53218526,-0.05690117,1.2306787,-0.46111256,-0.6410181,0.6905278,-0.07413356,-0.15504359,1.5317628
AATCCAGAGTATTGGA-1,-4.26817,-2.469693,1.0584372,2.916856,-3.2740903,-1.4053099,0.36055633,0.49438134,-0.06467032,1.5067219,-1.4905738,-1.0055721,0.54670936,-0.66245544,-1.519606,-0.96111435,0.7944385,-0.37614504,0.5257391,0.02519982,-0.11892496,0.5181293,0.19305198,1.1014363,-0.8799635,0.7054266,0.24253117,0.5298599,0.15696342,0.35784984,-0.9540559,0.6658152,0.57951504,0.1434539,0.28038955,0.15705816,-0.70083755,-0.17793095,-0.21587788,-0.4220358,1.9264286,1.1077317,0.5738944,0.42751792,-0.46162128,-0.038291343,-0.79910916,-0.45174965,-0.3362378,-0.020236732
AATCGGTTCGCGATCG-1,-4.0739913,-2.2187657,-1.8977256,1.650805,-1.5890143,-0.72058904,0.019757645,-0.13974926,0.2980581,0.3348423,0.78466177,-0.070615046,-0.780031,0.4322339,-1.1377909,-1.2764505,1.0673686,-0.67113626,-1.3878292,0.013018002,0.9593329,0.089329675,-0.12654625,-0.24368191,-0.31711403,-0.12638499,-0.49861923,0.024171809,0.64648396,-0.1573423,-0.26662406,-0.16448082,-0.2064478,1.67564,0.71047986,0.55642545,-0.39763114,-0.01301735,-1.2419013,-0.79063815,-0.17428014,-0.19014236,-1.3384748,-0.80114204,0.9919936,1.8314143,0.60994196,-0.98017716,1.31146,-0.9137754
AATCGGTTCTCTTGAT-1,-3.4296389,-1.7541282,-0.9023098,0.38779664,-1.2030892,-1.0562446,1.0471705,0.4546032,-0.026404822,0.6142816,-0.798676,0.8758489,-1.3102719,0.39260525,-0.2293404,0.17514461,-0.71699476,-0.0042150416,0.51966023,-1.9188856,0.2288051,0.80582815,2.1138382,-0.021781288,0.20514888,-0.4757811,0.7374324,-0.0045686644,-0.60603225,0.5520187,-0.20949887,-0.5686622,0.9749115,-1.69717,0.0823021,-1.5232304,0.5148363,0.15350321,0.87868106,0.34840506,-0.20460099,1.2102038,0.07547695,0.11910058,-0.1082528,-0.15378141,0.061524734,-1.2078764,-0.004468974,1.887237
ACACCGGGTCTGGAGA-1,-5.0272794,-0.114412226,-2.437602,0.6100669,-2.6575558,-1.1514034,1.6989971,1.7603981,0.6512991,-0.15209459,1.6222829,-1.7240827,0.12195651,-0.31239825,-2.3767655,-1.3273389,0.040162113,-0.16146468,-1.3934358,-0.62026876,-0.16292256,-1.8152508,-0.7145613,1.600775,1.4359545,0.031911075,-1.3397541,1.3036466,-1.9494053,-0.06823257,0.23372589,0.94846994,1.1456381,-0.9690605,-0.43191478,-1.3715472,0.94754034,0.030136222,-0.5692653,-0.72685415,1.2454226,-2.0177035,1.0783868,0.95114315,1.5388255,-1.9481025,0.13395147,-0.06508456,-0.6963994,-0.513623
ACAGCCGAGACCACGA-1,-5.559163,-2.4491112,-1.7036672,2.3424237,-2.5941155,-0.9811393,2.054237,0.46976668,0.42514008,-1.8003327,-0.8072086,1.8526993,-0.1920287,0.5622311,1.047743,-0.8539717,0.68140423,0.8034155,0.34932745,0.074504726,0.24690014,-0.8575225,-2.014081,1.65474,-0.30602965,0.8293663,-2.180016,-0.33073756,0.025162157,1.4317523,-1.3035,0.16204453,1.186477,-0.026541412,0.16055772,-0.5222551,1.9038715,-0.11743246,-0.70787656,-1.5375998,0.9754674,-0.37248632,-1.7407509,0.13412245,0.7646028,-0.22224355,0.38660908,-1.5549295,-1.0186781,0.19342524
ACAGCCGAGTCGTACT-1,-5.456226,5.1910615,-17.356333,-6.2916427,-0.8646817,41.776634,-3.5096052,9.80379,-3.556288,9.496553,-0.6800839,0.27472144,1.0430181,-2.983893,2.0107198,-1.6850489,3.3162622,-0.7408262,-4.099933,-4.142342,1.3098766,2.0848637,4.1770077,0.9638862,1.4718218,4.7993555,5.3498793,3.4524517,1.6125816,4.4543886,-2.457853,3.9407704,-12.446074,-1.5860969,-1.4380995,5.521744,2.0924675,-3.6580212,-4.89055,0.7683086,7.393165,3.9263277,-2.1709926,1.5763584,-5.6970882,-4.409929,5.145566,-12.5147,7.5288157,-6.797224
ACAGCCGTCGGAGGTA-1,-2.035325,0.460406,5.301508,1.7047583,-2.7193177,3.1132584,-1.1981655,-0.27704236,0.65263635,-1.1837268,-1.2400788,0.51992756,3.0624595,-0.3442444,0.6803216,2.350782,0.61681694,-1.6843803,0.16831373,2.2543795,0.22098553,-2.6572044,-0.81780547,-0.7764139,-0.80185294,1.0032493,-0.65611935,2.3208594,-0.8002474,-2.1995604,3.2955155,0.9453015,0.7736787,0.17907584,1.0620267,-0.84218574,0.521123,-0.7362475,-0.6476753,0.22557676,0.59771496,0.27411452,0.12782395,-0.43283743,1.6128485,1.5721092,1.1598272,0.67638093,0.07790358,0.029093647
ACAGCTAGTCATCCCT-1,-6.0140653,-2.048533,-1.2088317,0.7132101,-1.1682452,-0.95743144,1.4891626,1.0435175,-0.71057004,-1.1728326,-1.1276284,0.7929665,-1.905813,-0.1166531,0.759761,1.616849,-3.9466987,4.113183,0.53336173,-3.5642674,-1.5636876,1.7788976,-0.60563016,2.0114064,0.63704795,-0.7221404,-1.3153442,2.48401,-1.0515738,2.6972222,0.17128159,2.9963953,-0.22446798,-0.15544698,-1.0396388,1.7175765,-0.49025986,1.4273415,0.27343675,-3.0057328,-3.8528037,-0.564437,0.18256794,3.117377,2.5121968,-1.081625,-0.6950416,1.7546651,4.234381,0.724403
ACATACGCACAGGTTT-1,-5.722692,-2.261608,-0.8661995,0.6937854,-2.404831,0.33748573,2.9915957,2.638555,-0.1390138,1.465309,-0.42783925,0.36037394,-0.39087582,-1.4113572,1.0873274,0.19058965,0.11390576,1.6460952,-1.2094377,-2.0676796,-1.8133076,-0.53685546,0.5995144,-0.92033774,1.9744873,0.35353956,1.2258459,1.3695991,0.9194467,0.07064497,1.6958708,-0.73226506,2.2198756,0.39927402,-1.2528639,0.33615613,-0.33405828,0.60896504,1.1997316,-1.0525947,0.7358395,1.4753541,0.9421198,-3.7577415,1.2334268,-0.529571,0.6464138,-0.12645787,-1.1028515,-0.452221
ACATACGCATCCGTGG-1,-5.135042,-2.0224042,-2.8224325,1.0965638,-0.1551394,-1.8877857,0.4725794,0.4077883,1.3005491,-0.34028336,-0.08495498,-0.7718967,-0.4402145,1.0091909,-0.32574815,-1.5223019,1.3749218,-1.2313722,-1.4163542,-0.5221829,-0.078520276,0.29897842,-1.3883842,0.052746072,-0.047674168,0.9211052,1.1167121,-0.07750126,-1.0028454,0.74367595,1.8220155,0.82520664,-0.7173744,-1.1364298,-0.4221151,-0.74721825,-1.7150766,0.50276846,-1.4102875,-1.3214804,1.8538816,-0.5125297,1.1630012,-1.7517812,2.207582,0.5349163,1.603129,-0.2941608,0.36811298,0.49715483
ACATCAGAGATTACCC-1,-6.518531,0.15972641,0.0039901705,2.9243114,-4.176138,-0.50769436,0.89179504,4.242149,-0.59861577,0.28523356,1.7879122,-0.007840037,0.051054973,-0.49345684,-1.507506,-0.48821816,-0.3907267,1.5075659,0.6207838,0.2134598,0.63155353,2.079247,0.7982291,3.1691334,1.8575989,-0.8800435,-1.4957005,0.8430777,-1.7563375,-0.77756,-0.15785803,-1.4060898,2.405833,0.7115493,0.6718299,-0.7726802,0.10725039,-0.46803322,0.9187703,0.73336434,-0.45523795,0.42863026,0.57497185,0.04564778,-2.424143,-0.37630767,-1.5423236,-1.3324507,0.34041953,-0.057424035
ACCAGTAGTAAGTTCC-1,-5.099557,-2.7266128,0.63165295,3.2484004,-2.6735902,0.04119382,2.647028,2.4681792,-1.4324933,0.325514,1.2340146,0.9642282,0.800678,-0.84370697,0.69021845,0.4821505,0.17162521,-0.6100493,-0.99678457,1.4889901,2.9007618,0.462081,0.8516569,-3.3573272,0.5783929,1.5705645,0.85496867,-1.5176623,2.3603055,-0.18364008,-0.8907682,-1.4342054,-1.1478338,-1.8097794,1.6682794,2.969526,-1.0320033,-2.7081375,-1.5053889,-3.8811917,2.618264,-0.25746524,1.285119,-0.43797037,-1.3575838,-2.987521,-2.3700137,0.09990165,1.169717,-1.2406915
ACCAGTATCTAAGCCA-1,-5.152741,-0.047699,5.863233,2.0998397,-3.600343,1.1388377,0.7724482,2.8121083,0.94022405,-0.47769138,1.732515,0.5711982,3.2818081,-0.3868937,1.4771067,1.4850003,2.2172654,-3.367978,0.83472323,-1.2698612,-1.7087549,-1.8194456,0.8308317,-0.7383524,-0.7700159,0.15580387,0.60953045,-0.3462788,-0.95991486,-2.077044,3.2595823,-0.23318265,-1.1068801,0.5317298,1.6338501,-1.2322274,-0.7662446,-0.4321005,-0.38618222,-0.43704364,-0.40838015,-0.722831,-1.1516192,1.2018948,-0.9727129,-0.02100264,2.3484042,0.116711855,1.6970857,-0.6660125
ACCCACTAGTCAAGGC-1,-4.150126,-2.3332856,1.3698528,3.5719104,-4.115385,-1.0081544,1.2772566,0.52259254,-0.08148368,2.3787346,-0.3030746,0.5753587,-0.3033159,0.087190464,-0.78438514,-0.56402254,-0.9741295,0.6084395,0.5560521,0.38255113,0.7984876,0.06833591,-1.1313952,-1.0024642,-0.09679969,-0.16718233,0.31756535,1.0417713,0.25962484,0.9030074,1.2301137,0.61954206,-0.80577785,-1.3342857,-0.85349196,0.4722303,-0.25643432,-0.27228668,-0.5859879,-0.12567854,-0.117127016,0.040051907,1.2344393,-0.89744884,1.6222124,0.60891396,1.1927526,-1.4466109,0.121172,0.1099471
ACCCACTAGTCCATAC-1,-5.649609,0.71730435,-2.1822317,-3.6803908,4.7500553,-2.712368,2.2695916,-0.7676421,1.2019166,-5.3129106,1.8074479,-0.28756693,-1.0235491,-3.2211428,2.6383066,-1.2475165,-0.087653905,0.14468075,0.70884556,-1.0941309,-1.1517403,-2.7887812,2.3704731,-0.89697856,0.3229245,-0.3620091,1.6242805,0.75118524,-2.7651632,-1.4221754,2.3890657,1.4180036,-3.3376262,-1.9846021,-0.97709423,2.2067702,3.5105438,0.23478015,-1.6431559,0.20276912,4.506017,-3.3611429,-6.040679,1.1148212,-0.7282986,1.3817165,-4.4679246,3.0506415,-1.3418645,-2.3247938
ACCCACTCACGGTAGA-1,-2.8065672,-0.7273892,4.4234257,1.8527975,-1.5166597,0.48082307,0.168968,-0.38132316,-0.5866204,-0.6955905,0.82108563,2.1083856,2.2266822,-1.1007746,3.244504,1.2098436,-0.7266453,-1.4669604,2.1315598,1.5093511,-1.673314,-1.6408144,-0.37623486,-1.0299141,-1.7990522,1.4877217,0.63400316,-0.3895529,1.2227519,-3.1718786,1.7311364,0.7745203,-1.6268705,-2.4323218,-1.3695354,-1.7402197,2.3698666,-0.2696897,0.678039,-0.078486465,1.9775267,0.2245874,-0.6565184,3.035569,-0.55505604,-0.3355435,0.10612539,0.43615952,-3.0733511,1.231859
ACCCACTTCAGCAACT-1,-5.204459,-2.3456802,-2.3084273,-0.013791028,0.23697396,-2.185951,0.34325564,-1.5328461,-0.6491515,-1.204269,-0.59196925,1.6548191,-0.53447306,0.5459967,-0.37172842,0.77000195,-0.54444855,0.027356062,-1.1523848,0.50434875,-0.09233206,0.048099246,0.5050899,0.5964842,0.08807252,0.40439335,-0.8320869,0.25894526,-0.9660347,-0.41693997,-0.8846189,1.268915,0.18056524,1.0156604,0.37932488,-1.9686373,-0.17652363,0.3660096,-1.5899293,0.07904619,-0.91828954,1.0857859,0.20481269,-0.37974498,-0.039390642,1.9302844,-0.69268143,1.3054445,-0.67991453,0.8284992
ACCGTAAAGCCTATGT-1,-2.1891963,-2.432227,-2.5886636,-0.9497243,2.2320015,-0.20476088,-1.2515303,-3.183676,3.521169,-2.6701548,1.3837748,0.8279323,0.51223487,-0.3984165,0.7978019,-2.2947915,1.9827211,1.7988515,-0.5125649,-0.9877823,-0.24304272,-2.4068692,1.110886,-0.649347,-2.3436134,0.5991327,1.2155354,-1.8995032,-0.6357331,0.05153905,-0.12918547,-0.62049633,-1.6790754,-1.2143074,1.8992366,-0.6593792,-0.5992063,-0.54289573,0.6125163,-1.6258332,-0.8209537,1.2749074,0.300864,1.8996084,-1.902578,-0.87059975,-1.6067737,-0.23259157,-1.8279332,-0.17921814
ACCGTAAGTCTCCACT-1,-4.8298817,-0.96881336,-1.101796,0.011832659,-0.21326092,-0.21975034,2.0402136,1.744058,0.45865065,0.68043166,0.15447783,-0.6638339,0.6217683,-0.33236465,0.65288466,0.55039036,0.039766584,0.42236054,-0.37393364,-0.5400837,-1.0769548,-1.6261628,2.52825,2.3358955,-0.2150124,-2.1546588,-1.368498,-0.376899,-0.9461922,-2.8571768,0.7792287,-0.5289304,0.24341404,1.7138246,0.9499942,-1.8031662,-0.80935377,2.0015123,0.08406412,0.31505674,-1.2954298,-0.12435903,-0.3197734,-0.7001477,0.279183,1.0864315,0.6577034,0.048695646,-1.3899201,0.5296561
ACGAGGAAGTGGAGTC-1,-5.0094514,-1.768971,-4.022259,1.206214,-0.37733403,-0.87034106,0.9900991,-0.057786796,-0.21049456,0.3614413,0.15839578,-0.47979397,-2.2955713,-0.047942724,-0.8169488,0.114746146,1.2004579,0.15103105,-1.4139045,-0.25120702,1.0836134,-1.3292682,-0.4932431,0.017660582,0.090220064,1.5275826,-0.85076857,1.0093764,-0.4649917,1.3202469,-2.5811632,0.26418486,-1.3998207,-0.5127656,1.7485787,1.5232003,0.35680667,-2.861339,-0.17383236,-0.24958144,-0.44591662,0.15711147,-1.8886776,0.011935059,0.8575735,-0.42448807,0.71196616,0.26231664,0.29370853,0.90172225
ACGAGGAGTTGAACTC-1,-5.5013638,-3.0509565,-0.49222094,3.4131756,-1.9976876,-0.5222827,0.38643578,-0.106341,0.3474369,0.020158796,-0.1529844,0.29883352,-1.1520513,0.063350655,-1.7496601,-2.2994947,0.52988964,0.56804734,0.13299836,-0.044855677,0.30669948,0.15380569,-1.1090643,-0.148945,-0.33849278,0.23217565,-0.11870037,-0.74296814,-0.47673333,0.48899543,-1.8069477,-0.044643126,-0.5920546,-0.75648713,1.0066023,0.80912334,0.20544231,-0.0035417317,-1.6076745,-0.66013,1.2076242,0.39491093,-0.8860837,1.3206186,0.41830936,-0.9646959,-1.3020821,2.6072736,1.1994593,-0.80487245
ACGATGTAGTAGGTGC-1,-2.4999537,-1.4183483,-2.946473,0.5030774,-0.304638,-0.3439642,-2.412126,-2.1880226,1.1349412,-0.90741175,-0.603346,-0.7944754,-0.78451854,-0.37784365,-2.1003714,0.8458417,-0.8051225,-0.069918,-0.02075899,-0.2445712,2.110364,-0.1610788,-0.80749375,0.9217552,-1.1568975,-0.06611752,-1.3974258,1.3426825,-0.8369884,0.9403669,0.16817017,1.1791987,-0.62535536,1.2908484,-1.93338,-2.2100372,0.7239699,-0.14772126,0.45176288,1.0818747,0.7971653,-0.65095305,-0.25524166,0.2730751,0.49021843,0.6401054,-0.5494803,-0.7451192,2.5314052,0.8532574
ACGATGTCAAGCGCTC-1,-4.313225,-2.214573,-2.1707668,-0.3487778,-0.22635019,-0.3244112,0.17716494,-1.0438627,1.006691,-1.0582424,1.443132,0.6100654,0.95126957,-0.14413962,-0.648401,-2.15773,0.2349194,0.76965,-1.7072725,-0.98545843,0.9236168,0.9211321,0.15865539,-0.7204888,-0.34653124,0.6407214,-0.21506289,-0.112602346,-0.9673435,-3.1469362,-0.35927767,1.2705655,-0.012513741,1.0711501,-0.0981304,-0.2663106,1.4771831,0.35187593,-0.22598581,0.27381825,-0.08938933,1.4671711,-3.1590755,0.33381626,-0.17066744,0.18068966,-2.2666197,-0.6193176,-0.0327603,0.96435386
ACGATGTGTTCCACAA-1,-4.2905526,0.34078792,-1.6790628,-2.280563,2.5057542,-1.3807572,-0.56207377,-1.2338848,4.5149918,-1.9728465,-1.080276,-2.328407,2.9996228,-0.4206068,1.2299134,1.8438327,2.1199076,3.0561097,1.9826095,-2.35981,-0.071932845,-1.2866807,-0.31998968,-0.80489075,0.6074367,0.4983701,2.2914875,1.2367558,-2.2076123,-0.40781274,1.3816618,0.07958377,-2.099925,2.0143073,2.0123186,-0.8952137,-2.069824,-0.5054762,-2.918677,0.3753955,-1.2202841,-0.075502165,0.22288358,1.1754867,0.08653705,0.47574326,0.8410126,-1.4867064,2.3135428,-0.7755351
ACGCAGCGTACCGGCT-1,-4.925138,-0.2489002,1.2719455,1.0483782,-1.6523466,1.3004937,2.7100074,1.1618193,1.3476003,0.0658296,0.8485329,-0.03412044,3.1088078,-0.064057745,1.8065844,2.4171731,0.31873792,0.15379405,-0.77096474,-1.5772064,-0.26549092,0.023451515,-2.156966,-1.0332078,-2.494827,-1.9090159,0.364103,-0.8251576,-1.8671173,-1.2214233,1.4719838,0.29415798,-0.5664773,-2.1670275,-1.1965142,2.84028,-0.32128856,1.6120318,-3.7441902,-0.18653072,0.40782106,-0.5959006,0.99740577,-0.91041327,1.3925161,0.1392891,-1.1690584,2.8805344,-1.3069495,2.5408118
ACGCCAGGTGTCGCTG-1,-4.2267294,-1.4764913,1.0683078,2.008496,-3.3932087,-0.7499849,2.858263,0.4690192,1.3435358,1.3389796,1.8722169,-0.5311398,1.0019078,0.345026,-1.6618717,0.031957768,-0.46505123,-1.0238024,0.684649,0.526089,-0.5826472,-0.42462277,1.9163505,-0.35185647,-0.64907324,0.16250457,-0.7520047,1.929108,-0.13568394,-1.7859297,0.58568734,-1.091324,0.23164725,1.0472617,1.8879209,-2.957869,-1.591916,1.3309387,-0.82183623,-2.2384064,1.0927341,0.4845491,1.1885428,0.80664086,-0.48611224,0.475557,-1.7122977,-0.7383974,0.5739248,-0.25126857
ACGGCCAGTGCGAAAC-1,-5.8796644,-1.6939691,-2.896715,2.6301212,-3.7732682,0.15125446,0.5032093,1.0422487,-0.49568954,1.3233094,-1.4523848,-0.78548586,0.9426294,1.9715308,-0.5218575,-1.2800882,1.6583498,1.372829,-0.5438111,1.29613,-0.72755235,-2.0736895,0.24468417,2.8859797,1.6489508,-0.31580508,-2.4057288,2.7649102,-0.88804775,0.36152583,-4.277144,0.102053404,-0.8911183,1.9300791,3.2326102,-3.4098384,4.4647894,-0.98250407,0.23127478,0.357771,-3.4167564,2.0943007,-0.050240096,-1.3322054,4.0899234,0.17872162,2.372947,-2.5468762,3.3535717,3.3858683
ACGGGCTCAGTATAAG-1,-2.0170403,-2.4715521,-1.2003914,2.5846632,-2.9098191,0.8037204,-1.112006,-0.8712741,0.7535006,-0.48500782,-0.9969563,-0.5396852,1.5480666,-0.6110173,0.38392988,-0.1528819,0.47198406,-0.34169197,0.49991757,0.24171263,-0.088988565,-1.4541897,-0.5364316,-2.3440197,-2.075127,-0.7261633,0.06776153,0.33691525,-1.2385963,-0.7933505,-0.021425234,-0.12314275,1.3237071,0.27636617,-0.25158617,-0.45382488,1.6850164,-1.6182966,-0.011493332,0.7910194,-0.8701983,-0.44076496,1.5858802,1.6834731,-0.39416555,3.7391152,1.0488285,-0.52540207,1.3097861,0.9075436
ACGGGTCAGTCGTACT-1,-2.2906075,-0.7112065,-0.17161803,0.22790523,0.18593644,1.1359174,-1.4241701,-0.20250104,1.5030341,1.2835801,1.2553213,0.26824564,3.0103436,0.81517285,-0.43578857,-0.2631993,2.0768807,-0.61550874,1.3724552,-0.34474483,-0.9700546,-1.5740505,0.77245176,1.1862401,-0.13426204,-0.74700886,-0.118957564,0.58901334,-0.33029816,-0.03785397,-1.9570341,1.1778626,0.7057095,1.6329488,-0.11056231,-0.45271695,0.33749738,0.9851685,-2.2511067,1.1105632,-0.09354262,-0.33718637,-1.5910144,0.8884491,0.099291876,0.694458,1.3758864,1.8927683,0.013151363,-3.752015
ACGGGTCAGTGGAGTC-1,-3.4774327,-1.2164217,2.7308958,3.0332985,-2.7937388,-0.12219782,-0.79618573,0.36692148,0.6519643,-0.884971,-0.8451306,-0.91028845,2.0238245,-1.3957247,2.136983,0.5954009,0.5954988,-1.4017909,3.0363603,-0.93596137,1.0158614,0.2316854,-0.611006,-0.6051684,-1.2214246,-0.15541476,1.2458798,-1.958934,1.5604266,-1.854814,0.5155081,-0.36030096,-2.3180127,0.8555436,-0.7511503,-1.5458803,0.1691782,-0.57137805,-0.8743601,1.226517,-0.6412707,-0.41218475,-0.2746106,1.2069992,0.24866986,-0.07627533,-0.32665795,-0.9571061,0.57144505,-1.2977722
ACGGGTCCACGAGGTA-1,-13.299763,3.4428573,3.6497836,-0.052102003,-5.867422,-7.2364774,10.370985,13.323522,-5.7771525,-5.4283175,0.38108903,-6.895416,-3.8547387,3.1309013,1.2236797,-7.0490894,5.501473,25.883791,23.843325,15.206302,0.3512094,7.4040246,7.194278,26.442293,-19.115047,-12.27729,-5.5444627,-29.406725,-8.752589,22.147282,16.042719,2.8840423,-13.7744,5.380815,-2.110945,-1.2880021,5.973275,-7.0505967,-5.2357106,-2.5884023,3.3644688,0.44918662,0.40090537,-1.6106063,4.0977583,-5.013488,-5.411999,-0.57291824,-1.336866,-0.8593525
ACGTCAAGTAATAGCA-1,-4.899425,-1.9493862,-2.035685,1.6827592,-2.4321022,-0.060053565,0.641785,2.6078033,0.49713156,0.82945794,-0.24198985,1.7684263,-1.0577652,0.0002530159,1.2202736,2.3158169,0.16058049,2.1384075,0.58231956,-2.6134908,-0.6116672,0.60540915,-1.2006077,0.58582574,0.7024569,1.6039954,-0.12832475,1.6467259,-1.4315108,0.07633545,1.449868,-1.3194675,-1.7948744,2.3947985,0.08021983,-2.0522592,1.4332998,2.4723797,1.9872499,-0.3877937,0.6400936,0.15768073,-1.7149004,-3.0409389,3.651601,0.810197,0.3264165,-0.4350413,-0.1512739,-1.23582
ACTGAACAGTGGTAGC-1,-3.9945717,-2.1993775,0.0805344,2.0838695,-2.0880113,-0.72686034,0.8989891,0.7232108,0.049253788,0.15714683,-1.1070589,0.19943683,-0.6007773,0.0061769155,-0.21097259,-1.8387737,0.29057258,-1.3899577,1.1995323,0.49840847,-0.71119136,-0.6277925,-0.42993063,0.45120123,0.56952894,0.16458954,0.32548615,3.234594,-0.21143326,-0.36600342,0.37722996,2.1802456,0.23575735,1.7250981,-1.0869409,-2.9180002,-0.33001843,0.37059316,-0.069870986,0.55449533,0.70761555,-0.10686159,-0.017296595,1.6077671,0.11662018,-1.1444374,-0.26774362,0.94058067,1.1685293,1.8509423
ACTTACTAGAGTAATC-1,-0.36819586,-0.006930756,6.6447225,2.5868564,-2.435801,3.0790162,0.68018746,-1.2014782,1.0924964,-1.9398888,0.3536712,2.6347167,-1.0205622,0.49240682,1.5977209,0.4385498,0.6062407,-2.6457825,0.6729585,-2.765666,0.20309566,-0.78966594,1.0931783,-0.977108,-1.9826001,-1.0259995,1.9447291,-1.2614176,0.69057304,0.08641043,1.0411536,0.25976294,1.5287751,-2.3536432,-0.8039378,1.0684006,0.03223284,-1.1195223,0.060893044,1.4912829,-1.2900541,-1.2481695,1.2136282,-0.21563922,-0.6802408,-0.69891727,0.33742324,-0.20202254,0.593104,-1.4835832
ACTTACTTCACCTTAT-1,-5.7106695,-0.72292566,-0.41643688,2.285378,-1.7725025,-0.9684603,3.2424176,0.967874,0.40047997,-0.86375225,0.4871935,-0.1335165,-1.332338,0.6216113,0.2317591,0.74393404,-0.09780736,0.5955336,-0.3468792,0.44193402,-0.44657978,-0.6310761,-0.97141993,-1.7277273,-1.142239,2.0014105,-2.5185733,-0.8652896,0.21955325,-0.7229777,0.09205147,1.4714117,0.29275292,-0.7350925,-0.8511256,-1.6339625,-2.2794755,0.5032136,1.1161509,1.8517842,-0.88761675,-1.0504963,2.1922216,3.2990477,1.7299383,-3.8333874,2.6770391,0.8697174,-2.162346,1.3428903
ACTTACTTCCGGGTGT-1,-3.74732,0.54830813,-3.6441545,-1.8659827,0.1383432,-2.6542368,-0.57117116,1.76338,1.7745582,-0.67777306,-1.599902,-0.87589276,1.7987787,1.4850031,-2.3756592,0.08445278,0.5969895,1.5467596,-2.572046,-0.63375103,-3.2412486,0.47092217,-0.45831412,3.9433732,1.0902497,-0.7372716,-0.044968586,2.5057065,-3.3846443,-2.749826,-0.28433868,0.71963245,1.8646376,5.304512,0.92136073,-3.044871,5.1403666,1.4833713,0.5089303,2.3117938,-4.022885,-0.7541141,-1.9668679,3.8363428,0.030820664,-1.0045334,0.5952935,-2.754576,0.069478124,3.1248825
ACTTGTTAGATGGCGT-1,-3.65299,-1.3675761,-3.3010015,0.17917824,-0.2881725,1.4843487,0.092622556,-0.53620136,2.234197,-2.898231,0.3382846,1.7728323,-0.78387517,-0.013355625,0.31147748,-1.4739542,1.4590887,-0.61355877,0.30198294,-1.0789423,0.42436785,-1.3185232,0.8910794,-0.5959277,-2.321705,-0.7786353,-1.5805825,2.9713018,2.1634624,0.24821387,-0.8922817,0.57711834,-1.0754354,-1.8570688,-2.3024557,0.22819063,-1.7409679,-1.3141702,-0.7601012,-0.667441,0.8998949,1.0249879,-0.5547642,-0.042444237,1.3610001,0.4364853,0.09481188,-1.4088023,-0.4328694,-0.41254413
ACTTGTTCAGCATACT-1,-8.254292,0.49085018,-2.6784267,-2.0665205,-0.46142924,-2.1064212,2.7271369,2.928791,1.1466552,-1.1574204,-0.25137392,-2.60891,1.0390285,1.0744518,0.29718736,0.8766852,3.8015072,-0.14005382,0.3454542,-2.5675898,-3.6591606,-0.8383742,0.71069926,2.977129,1.6617692,-0.9302097,-1.2663997,0.8337457,-0.26826113,-1.5399626,-3.066381,2.591506,0.707815,4.723063,1.5312704,-0.8621863,1.207116,1.379059,0.27740332,1.3273473,-2.6537626,2.3397324,-0.4138506,-0.029724691,-1.931569,0.5846774,2.153491,-0.06301669,-3.280833,0.32938132
ACTTTCAAGCCAGTAG-1,-5.2995796,-1.6895994,-1.1680508,1.1794373,-2.9490154,-0.6730049,1.0732636,1.7184354,1.425247,1.8104978,1.5032942,-0.5049965,-0.4406833,0.020807048,-0.123085804,-2.918455,0.63961315,2.0707498,-1.7095383,0.15802287,0.34157363,0.36594275,0.19866794,-1.0587256,2.5401804,1.9954262,-1.2981037,-0.57057446,0.29714823,-2.2217977,0.86850756,2.6566596,0.8838761,2.2576687,-1.3414589,-0.027456667,2.2497954,0.053213015,1.4875767,1.3480793,0.15974343,1.8419092,-2.3689604,-1.9748279,-2.4480753,0.223817,-1.2527119,-0.35048124,-1.5139536,-1.1933302
ACTTTCATCCACGCAG-1,-6.133323,-0.16192059,-1.7715621,1.8560055,-4.697896,-1.2350391,3.8024054,2.654625,-0.44484177,1.1663013,0.16869566,-1.466848,-0.8748378,-0.40298757,1.7096761,-1.5102725,0.085359335,1.67645,-2.2348208,-0.7643854,0.1790949,-0.74246216,-0.8324606,2.7361615,1.7256863,1.6361314,-1.7706337,0.37497634,-0.69741803,-0.56571317,1.2105261,0.15706836,2.8786113,0.44255486,-0.9250171,-0.8738765,1.084916,0.664807,2.1259048,0.73831564,-2.598363,1.6373136,-0.97961885,1.7578619,-2.2845893,-1.4932071,2.8993819,-0.72209835,-1.9101642,1.0747288
AGACGTTTCCGCATCT-1,-1.1643579,-0.29686186,5.632264,3.270248,-2.6117036,3.9133425,-1.4640981,-0.9616588,2.0632946,-1.1763792,0.6097405,0.078145616,2.4508858,-0.7370645,0.3948863,1.3404324,0.7387069,-1.4529506,0.9844113,-1.1591194,-1.6530286,-0.47983402,0.30739546,-0.6390956,-2.879631,-0.6975991,1.8268201,0.8080772,1.1519195,0.08230718,0.9969071,2.314291,-1.0695859,-0.9302168,0.5079431,-0.07280873,-0.2623818,1.7601829,-0.92356175,-0.13419665,0.16990444,-1.2607706,-0.8297291,-1.1747282,0.053842608,0.46613818,-0.054732952,0.09358268,-0.14192635,1.2638777
AGAGCGAAGACTGGGT-1,-3.5013683,-2.3379304,-1.8046811,1.6695882,-1.0228754,0.16758943,0.57125443,-0.8425547,1.5572115,-0.9749899,1.9797399,0.43338796,0.049410246,-1.5911341,-0.096083425,0.22030303,0.4036044,0.098614596,-0.09729682,-0.4545449,-0.6939804,-1.2436278,-0.83822304,0.71809983,-1.327598,1.5036851,-0.78011876,-0.5586744,1.0462666,1.2707236,0.58134425,-0.110078625,0.13918933,0.66841197,-0.83264595,0.15647997,-1.8451185,2.3892322,-1.1509225,-0.6929323,0.3916538,-0.47586465,-0.3102905,0.31546608,1.108299,-0.29548538,-0.49818677,-0.7912478,-1.1420158,1.5017316
AGAGCGAGTAGCTTGT-1,-6.2404275,-1.3205783,-4.070337,-0.43946838,0.34606087,0.5585288,0.9001972,-2.3411539,3.7134192,-4.274821,-1.4691466,0.7082069,-0.6597497,1.0495329,-1.8501116,-0.74287736,-0.052122984,-0.22538,-2.3860302,1.5085773,-0.9349029,-1.3529795,-2.0884564,-1.0326047,1.3661354,-0.7596755,0.5907801,0.04206301,-3.2462928,-0.053484168,0.43016207,-0.05495969,1.1177564,-2.5301304,-0.09814046,-0.3389901,0.87020665,0.81445163,0.6871441,-0.4598763,0.3022915,-1.5022539,2.2225544,0.9497256,1.8062483,0.95795125,-0.04818193,-1.5387269,2.5337584,-2.2342417
AGAGCGAGTCACCCAG-1,-1.3722728,-2.7593021,-2.5428472,0.58059025,0.3342844,-1.8329295,-1.2101231,-2.0256202,1.4331044,-0.87838626,-0.78831863,0.94117117,-1.7160333,1.2279574,-0.22291449,-1.0722758,-0.10759221,0.2090631,-1.8153883,-1.1853669,1.3592259,-0.087254785,0.5521725,2.1020494,0.60123616,0.13227232,0.008160569,0.3220715,-0.054012783,0.7102652,-1.1027539,0.75770897,-0.39708665,0.68619287,0.24658485,-1.0349152,1.0143878,0.48814598,0.86767364,1.1538976,-0.033177193,0.2718867,-3.0360262,-0.21702734,-0.5209571,0.5688572,-1.4333272,-1.2495111,1.4232618,0.91779727
AGAGCTTAGCCACGCT-1,-5.070277,-1.7919029,-2.1366699,1.009657,-1.6575699,0.56477636,-1.5554571,0.34046608,-0.15864034,-0.17465214,-1.1549616,0.34282398,-0.7818288,-1.3936044,0.27986637,-0.3120546,0.9212512,-0.74605006,0.8767373,0.116475575,1.0705286,0.18551944,-1.2100271,0.6346865,0.7764069,0.10044488,-0.7127514,1.2321928,1.5644549,0.7140432,-1.692454,0.3357847,-0.3128828,-0.8705149,-1.0509377,-0.17771816,0.7651444,-0.39781192,0.7659615,-1.7470688,0.7373457,-0.74788743,-1.3725455,0.026202874,0.79284614,1.3658984,-0.673128,0.48598874,0.018024944,2.9579737
AGATCTGGTCAACTGT-1,-5.6335273,-2.0427291,-0.6887901,1.5888375,-2.0057952,-1.0000837,1.3958132,0.23940352,0.40081334,0.8376681,-0.43513218,-1.0754383,-1.4077848,0.8702961,-0.28511068,0.4069589,0.63595724,1.1837343,0.6827855,-0.8977562,2.3694282,0.14799753,-0.37553245,-0.8296505,0.55225176,1.2826141,1.0474474,-0.08278588,0.08267279,1.3012944,0.5427572,1.160495,-0.37799263,-0.05082827,-0.9294773,2.824643,0.56241536,-0.48806825,0.016594417,-0.6196365,-1.4094709,1.356588,-1.7237629,-0.4905556,-1.1853086,2.0650394,-0.7582986,-0.7842871,1.562981,-0.0012192642
AGCAGCCAGCGCTCCA-1,-2.444278,-1.4742597,2.250089,3.5986202,-0.77144617,0.4526495,-0.84353,-0.65817976,0.3819277,1.0702616,0.6647641,0.39342865,1.080483,-2.1522508,0.15549769,-0.18042915,0.2598752,-1.1095804,-0.9721473,-0.68041766,-0.4418254,0.40330094,-1.6824564,-0.18681405,-0.43049288,0.79813606,1.0918385,-0.6074937,0.47199306,-1.1218537,1.0497056,0.8646747,-2.038468,0.21603471,0.011776349,-0.02809962,-1.2527895,-0.23178883,0.11824451,1.1982069,0.7468698,0.7440623,-0.35134807,1.0728803,1.2011625,-0.8892181,-0.403337,-0.04875106,-0.62318593,0.17903447
AGCAGCCAGTCATGCT-1,-7.311768,-0.347794,2.2565548,2.347239,-5.0345078,-1.255557,3.0831323,5.8639555,-0.32411727,0.21222712,-2.7797208,-3.528838,5.7236557,1.1631846,0.7591046,1.6674656,2.265039,0.566168,-0.15665923,-0.4468621,-0.24635875,-3.9887795,0.33687744,2.9495788,1.3566571,0.97179073,-0.24857786,3.285378,-1.1214719,-3.8759687,-1.5787945,-2.7021143,-1.291425,2.3939424,0.09140213,-2.155877,-0.39009947,-0.6981389,1.2382045,2.4670923,0.4672011,-2.1993012,-0.9373603,-0.76320016,0.7366232,1.885535,-3.2957423,-3.7335749,-3.549045,-3.8620574
AGCAGCCCAGTGGGAT-1,-4.9177876,-1.5335195,-2.9255865,0.7024825,-0.30340955,-0.38773662,1.2572943,-0.06796178,2.6147287,-1.6377943,-0.014607183,-0.021476015,-0.13157868,0.3355835,0.06894113,-1.033545,0.11389326,-1.2072655,-0.6621056,-1.5689943,0.5860714,0.045417015,0.056420233,-1.3594948,1.0399857,-0.22153738,-0.32588193,0.88628376,-0.9497322,2.3894026,0.4158002,1.389666,-0.6745079,0.6585063,0.17477457,0.5487423,1.405998,-1.0599985,1.9327359,0.30234253,-0.41678703,0.04591984,-0.13973325,0.7992371,-0.15614538,0.28024748,2.130059,-0.41696736,2.2515326,2.4346726
AGCAGCCTCTCTGAGA-1,-7.8574553,0.99741447,-3.860034,-0.15500753,-1.1478521,-2.3854005,4.5852857,3.233505,2.5039413,-1.128967,0.70668596,-0.54098237,0.46178374,-0.6704816,-0.52504045,-0.9200022,0.58451486,-0.22722408,-1.564444,0.26009324,-1.4165136,2.215051,1.9735509,0.31970835,1.6006943,-0.93444043,-1.3803983,-0.18591693,-1.2963746,-2.80446,-1.3688806,-0.24394357,-3.9139013,2.3141508,0.3646983,-4.486956,0.20819846,-0.70175767,-2.3197885,0.40109277,-1.7351435,2.2154057,-2.4894862,-2.2586026,-0.544131,2.1219864,0.852733,-3.0906312,0.92248297,1.1208245
AGCATACCACCACCAG-1,-3.2333639,-2.1470587,3.1665976,3.2298956,-2.984386,-0.104545906,-0.040894575,-1.049044,-0.6418958,1.3498251,0.44357872,0.76197374,2.6678436,-2.6371074,4.371754,1.712038,1.9754977,-1.7626675,-0.42526898,1.2143742,-0.11352804,0.80597186,0.200935,0.46237943,-1.5369813,-1.4023556,1.5803992,-0.70923346,0.41859984,-0.19493154,-0.16511536,0.9241376,-0.5312459,1.3682275,0.6688687,0.22607018,1.4343903,-1.5514942,-0.6728788,1.9611841,2.0182874,-1.0887588,1.6119658,-0.33179674,-0.3242001,1.9135947,-0.44487762,-1.6603897,-0.18864536,-0.41646492
AGCGGTCGTCCGACGT-1,-2.68608,-1.8059075,1.8194885,4.33843,-3.7823977,0.9689457,-0.4026036,-0.24073619,0.082671754,2.0295715,-1.377236,1.3431252,0.83932984,-1.1361809,1.6891929,3.057006,-0.27725455,0.7158668,-0.784861,-0.8437056,2.689148,0.11469541,-0.9547782,-1.0616642,-2.0706773,0.91973895,-0.20222832,-1.3060058,-0.99134016,0.42782137,1.4033294,-0.09779867,0.54027206,0.070861176,-0.14219932,0.88213843,-0.3634657,-0.30087897,0.03530562,0.53664994,1.5526793,-1.4648578,-1.0480087,-0.9424659,-0.39616922,0.44604692,-0.78725344,-0.8051723,-0.64324105,-0.48569512
AGCGTATAGTGGAGTC-1,-5.7269483,-1.63128,-0.6920173,1.4031274,-1.9391706,-1.360092,2.063431,1.6116958,-2.2579148,1.991903,-1.3327314,0.051576063,0.4031898,-0.36568478,-1.1839503,-2.2041633,1.1622787,-0.19265606,1.1563432,1.9628996,1.3280598,-1.9839687,2.733003,1.6837789,0.90437454,1.0313166,-1.2497494,1.2496475,1.1684914,0.24211392,0.09195027,0.3206732,-0.16985853,0.2810448,0.4558768,-2.833705,0.46455878,1.4738948,-0.9552765,0.75733584,0.94987875,0.9068871,1.40407,-0.18078437,-1.8302898,-0.649363,-1.0039848,-1.0856669,-0.1976752,0.019982403
AGCGTATCAGTCAGCC-1,-3.988301,-0.90008074,-1.0691172,0.5786203,-0.92172587,0.83142,-0.47875237,-1.8847829,1.3155313,-0.85489714,0.3261043,0.46294895,-0.5638693,-2.826232,1.1004504,-1.450155,1.8785665,0.9100178,-0.9424299,-0.46424797,-0.33241764,-1.6694996,0.70493555,0.9195075,-1.9336135,1.1303432,1.9582852,-1.1150622,-2.0189989,1.8392427,-0.7828194,0.62293404,-0.5626977,1.4034646,1.2520593,1.2604028,-1.3421787,-1.3247827,-0.91965085,-0.08842836,-0.7244996,-0.83912766,1.0197287,-0.84608215,2.401624,3.1149437,2.3412693,0.6846668,2.4785542,1.6265429
AGCGTATGTCAAAGCG-1,-4.1593924,-3.6915097,-1.5275663,3.1583178,-4.490757,-0.78070307,1.5041053,0.8652561,-1.0141519,2.1711977,-0.41666928,-0.035387255,0.049917504,-0.9082208,-0.86101884,0.930324,0.059285913,0.9393972,-0.42083982,0.69558597,0.590213,0.61932456,1.1177119,0.943156,2.5964308,0.6537155,-0.26423338,-0.2862999,-0.48748714,1.0506825,-1.1622458,-0.304075,1.255653,0.7163685,0.55955327,0.10254718,-0.25601962,-2.4378316,0.07830454,0.0038692325,0.82568145,0.2690737,1.1825378,-2.3136907,-1.5221534,0.98751915,-0.7619476,-2.88833,0.9677703,-2.4465394
AGCGTCGGTTAAAGAC-1,-2.2299752,-2.372046,-1.255245,0.7613837,-0.7330043,-0.03524144,-1.6209489,-2.627388,1.3288118,-0.17113043,-0.2608608,0.2958814,1.1505765,-1.5169048,1.0345645,-0.4567245,-0.78729695,0.0366552,-0.342133,-1.7582369,0.60885686,0.23249431,-0.6442847,-2.144259,0.74509716,1.775255,0.7199275,-0.8397514,-0.18532495,1.1495363,-0.11648146,-0.8867067,0.4655194,-0.056062568,0.9974724,2.1313837,-1.3805044,-0.8899924,-0.6902714,-0.74365264,1.2530594,-1.5024424,1.2125996,0.40109864,-0.11929895,0.9298799,1.1240805,-0.59015095,-0.49193493,-0.12233602
AGCGTCGGTTGTACAC-1,-4.3326817,-3.1301618,-2.240575,2.2833521,-3.1143398,-0.650138,0.5065146,0.5312661,1.0423446,0.20306721,0.5599987,-1.6211195,-1.6091127,-0.8353296,2.3616157,-1.3002437,0.1429517,0.3850447,-0.42151827,0.9597443,0.7947398,0.865771,-1.8548689,-0.4226604,-0.6493092,-0.9203949,-1.330969,-1.9862174,0.44791883,0.9382567,-1.000171,0.20063551,1.0234393,0.31459746,1.6768938,-0.2624622,-1.7714034,1.1755531,-0.6172311,-1.1615976,-0.17986055,0.14420463,1.9975195,-2.7665942,2.2361758,-0.53987217,-2.316546,-1.3613116,0.49108747,-1.2488418
AGCTCTCAGCGATAGC-1,-0.59678584,-3.4236643,-4.739947,2.0752587,-0.3210202,1.3189589,-3.5211973,-6.0189962,2.8373878,-2.8413374,-1.8899051,0.9131055,0.31906873,2.3429968,-1.0536057,-0.12391857,-0.3658623,-0.10047,-1.8655102,0.39054155,1.7049181,-0.1861027,-1.3232533,0.53637415,-2.724722,-2.0581205,3.9460793,0.12561636,0.02515955,2.553351,1.0332806,0.7520061,-0.04630937,-2.777004,-1.0722806,-3.4300067,-2.5749197,1.2314335,0.48262927,-0.093220845,-0.30903518,-3.0807953,0.12739113,-3.6714792,1.1424677,-2.1125445,-3.65134,-0.49454063,-1.1634216,-2.3169248
AGCTTGATCCGATATG-1,-6.4576726,-0.054710746,-1.3679209,0.83407944,-2.1609383,-1.6632288,0.92795515,2.6595607,-0.33768624,-0.27171013,-0.8312467,-0.9257011,-0.17144166,-1.5648412,-1.821465,0.18619117,0.46221137,-0.66661423,0.63768756,-2.2940814,-0.08109491,1.4222666,0.013967585,1.5316541,0.18080011,-0.34665972,-0.28757465,1.2938921,1.3057175,3.685497,1.7450793,0.7944003,0.6566935,-2.2981877,-0.748141,1.5126535,-1.0056866,-0.04350299,-0.09337709,-0.48344287,-3.5484276,1.2693716,-3.897009,-2.7429178,-2.3483474,2.29078,0.90362126,0.5417179,-0.7430149,0.025938105
AGGCCACGTACGCTGC-1,-2.5286295,-0.86621475,2.188807,2.6823688,-1.42981,1.7019514,0.562035,0.27965882,0.24820465,1.1516883,0.9859306,0.4353579,1.1875979,0.83498204,1.4572359,1.3562434,0.96490794,-1.7484206,-0.64417946,-1.9179183,-0.14330035,1.2935811,0.068854354,-2.4985003,-2.0776641,-0.17477255,1.4430107,-0.18045594,-0.38722938,0.0958363,1.1323271,0.8272441,-0.96542466,-1.4838086,1.8998965,1.1325824,0.2041289,-0.20636046,-1.05503,-0.13157833,0.2661668,-0.6751448,1.9109918,1.8254359,-0.68303263,0.7407639,0.1817966,1.1401376,1.2351357,-1.2387607
AGGCCACTCGTAGGAG-1,-5.391746,-1.0143633,1.3751011,3.6329694,-3.0737736,-0.8415073,2.4977322,2.1673265,-1.2669265,1.7684393,-1.3937745,-0.54514635,-0.71694547,-1.3552545,-0.57911634,0.17743324,-0.63669497,1.1927942,-0.82331413,1.9896649,2.1347334,0.16779687,-0.6877134,-2.378709,-0.24134071,1.0650195,0.77326846,-0.4879068,1.6471509,1.0959992,0.10507259,-1.8017282,0.28797796,0.40667948,0.6623413,0.8111891,1.4997116,0.67020214,-1.0270493,0.5057535,0.039722446,0.15653212,0.434276,-0.19625789,-1.4236627,1.6354628,0.108948514,2.0760307,-0.036297597,-1.0984092
AGGCCGTAGTACGCCC-1,-3.0689747,-2.450764,-3.1833434,-0.56106955,1.7166758,-0.37854487,-1.1366478,-2.755132,2.2175868,-2.1718411,1.2305284,0.9403629,-1.6468377,0.43778422,0.56012315,-0.61939746,0.5556051,0.63481414,-1.222545,-1.0083064,0.47126114,-2.35287,0.17606384,2.0464575,-0.11428502,1.2507062,-0.34758186,0.058435492,-0.63667625,-0.4473554,-1.1456729,0.19731039,-0.95443976,-0.91864747,-0.4021239,-2.2316086,1.8854539,0.65576845,0.291114,-0.6366568,-1.4863945,0.48348856,1.1254479,-0.78422636,0.3101128,-0.6052587,0.12266327,-0.26836368,0.8942365,0.35184905
AGGCCGTCAGTCGTGC-1,-4.0867257,-2.7570007,-2.9700058,3.2359185,-2.5927594,0.1696896,0.8275053,0.46266374,0.9894756,0.6900689,-0.25305024,0.15835811,-1.7954798,-1.1189427,-0.53327894,-1.4656867,-0.10736554,-0.5762851,-0.61132807,0.07478695,1.2189332,1.2290121,0.5442402,0.7982066,2.974893,-0.40992245,-0.0056157997,1.1924827,0.26513967,1.4665967,-0.36032218,-1.1637702,0.5928429,0.27382085,0.7047422,-0.5146194,-1.5957328,-0.9557886,-2.1559532,-0.3430811,1.5398309,1.9275774,-0.053679675,-0.84570414,-0.6116023,0.29773462,-0.8040092,0.5866116,0.18133841,-0.7990182
AGGCCGTGTCAGCTAT-1,-3.6107981,-2.828486,-2.141682,0.49308062,-1.0100247,-0.5650261,-0.95518196,-0.07622882,0.32141033,-0.3704063,-0.23836817,0.83709633,-0.522893,1.2022957,-0.4396235,-1.137419,0.35456944,-0.44998607,0.73060906,-0.9460663,0.32393342,-0.36860746,-0.40585917,0.6082268,0.58936554,-0.91540176,-2.0084693,-0.45564255,-0.39892215,0.16968372,-0.11541102,0.43048546,1.0550368,0.08665685,-1.9118807,0.3384912,0.27573168,-1.1164126,-0.9084594,-0.8364667,1.7688667,-2.0297437,0.6323816,0.0786103,-1.3588656,1.5298647,0.045563072,0.115715005,-0.7510784,0.35554966
AGGCCGTGTCGCATAT-1,-1.7260214,-1.4957705,-1.6881846,-1.4965384,3.2892354,-0.6275841,-0.3464948,-1.7288283,3.1827915,-2.6193743,-0.06011972,0.14446217,-0.7086594,1.5192461,0.9178202,-0.56198275,0.8248478,0.46381494,-1.4393097,-1.2749041,-0.00054266705,-1.3722949,-0.067808285,-2.0396025,-1.9678184,0.62356347,0.26301005,-0.913627,-1.3282764,1.2214053,0.048591882,-0.05024063,-1.9576712,0.057005305,-0.3264932,-0.2590586,-0.6196574,0.034513257,0.3067712,2.5129495,0.52944106,-0.4839107,-0.37289605,2.173108,-0.7063212,-1.6181982,1.0841815,0.5110882,0.35825363,0.32419762
AGGCCGTTCGGACAAG-1,-4.0517826,-1.1489962,-2.956903,-0.91443473,0.8786578,-1.2067053,-0.18608592,-3.31007,1.7243885,-0.91680545,-1.7310052,1.6879213,0.9421707,-0.11242437,0.14525658,-0.99393475,1.0580227,0.051630773,-1.5043095,-0.123359844,-0.13816968,-1.0430202,-0.56241643,-0.9042016,-0.76569295,0.5616543,-0.23521951,0.63825107,0.03820369,1.586784,-0.2827253,-1.5776812,0.3357678,0.26790327,-0.22776502,-1.860342,0.9993337,0.08443244,-0.24026696,0.31680006,0.042301457,0.66348016,0.6767562,-0.654681,-0.9161887,0.47596,-1.379212,0.85842466,1.1823895,-0.4440684
AGGGAGTGTTAAAGAC-1,-4.3399353,-2.1244888,1.5121634,4.40543,-2.3890374,0.8762434,1.2938443,0.54395276,0.3281383,0.7149114,0.39767817,-0.46242782,-1.8339946,-1.23798,-0.14371742,1.2215389,-2.3020904,0.116786435,0.7012051,0.5576965,0.3519304,1.7791578,-0.28378177,1.3088864,0.37845176,0.19177869,0.05156034,-0.89399767,-0.90631133,2.0426195,0.45733634,0.8967179,0.9781926,0.28495014,0.3909213,0.99499136,1.1254749,-0.95050377,-1.6973513,-0.664838,1.8254751,-0.95063096,-1.8860152,0.6155153,-0.2888059,0.988128,-1.6445996,-4.488177,0.7874606,3.0364578
AGGTCATCATTCCTGC-1,-4.9616747,-1.9942576,-1.5637388,1.7105082,0.38568726,-1.4856738,0.14216863,-0.5655836,0.8925174,0.03318714,1.0653877,-0.6279325,0.07312141,-0.4157316,0.07379759,-1.12838,0.4612058,-1.5165327,-2.0352855,-1.3002789,-2.3177574,-2.3440456,-0.31288648,0.81579196,-0.44290718,0.1527629,0.5207183,0.25811765,0.44084328,-0.65144014,-0.06903464,0.19908412,0.99569947,0.21678282,-1.09166,-0.4424003,0.5686458,0.5310316,-3.0527246,-2.082115,-0.65172917,-0.57209116,-0.07663897,-0.94506276,2.054662,2.3932824,0.49470985,1.0015811,0.2641704,0.429703
AGGTCCGCAAGCTGTT-1,-4.0875306,-0.7543201,5.3685627,4.740863,-2.365551,1.7746124,1.3342152,0.4825129,-0.34932745,0.40887412,-0.8266445,0.7859034,0.8714955,0.5211914,2.2848296,0.73394156,1.7853762,-1.4150066,1.6258316,-0.0906182,-0.080976635,-1.3308508,-1.6752782,-0.72373194,-1.1018142,-0.11872263,1.0838709,-0.120800786,-1.3207015,-1.2299905,0.778313,-0.31812608,-0.54720473,1.4271029,0.13346478,1.0493853,-0.69368,-0.8372448,-1.5195208,-0.48613945,1.9231648,-0.58385134,-1.4728091,-0.30761585,2.4651444,2.0541465,0.12152728,1.8410128,1.1645534,1.8283983
AGGTCCGGTTAAGGGC-1,-2.0966508,-2.3068533,-3.734567,-1.2798196,1.6713135,-0.60196656,-2.0105166,-3.4683027,3.2407224,-1.8626963,-0.9927284,0.9794215,0.16300215,1.0705184,-0.081319116,-0.7888352,1.1716075,1.4822786,-1.8673755,-1.3096032,0.4297555,-1.710823,0.5149184,0.23000638,-1.3592024,0.9835646,0.9282105,-0.23225786,-1.4246746,0.47474965,-0.35683757,0.47058856,-1.8270924,0.9007616,1.8294942,-1.98869,-0.51174945,-0.81081635,0.40560114,0.6751301,-0.61308825,-1.1802255,-0.01948801,0.6734531,-0.91534615,-1.1490083,-1.3543537,0.026780115,0.14295739,0.69013655
AGTAGTCAGAGTACCG-1,-5.410178,-0.8302534,0.4602678,3.5159698,-3.1027575,-1.2672453,1.403622,2.8206728,-2.0510683,3.0981855,-0.27573273,-0.73039323,-0.29424635,-0.07413904,1.3528134,0.016319908,0.32364938,0.17076954,-0.66231,0.065865755,1.3155715,2.0272055,-0.99534947,-1.4830793,0.8492278,0.40893596,0.11620678,0.3661397,1.2141197,-0.17726764,0.065187715,-0.8802581,0.28801206,0.15206331,1.0772845,2.6141865,-0.6956595,0.70033306,-0.12853894,-1.2169807,-0.1611007,0.8904421,1.855146,-0.98921704,-1.8087589,-1.3314294,-1.026655,0.15322798,-0.52680683,2.4244015
AGTCTTTAGACGCACA-1,-4.5837817,-1.4920316,2.4002779,2.1093752,-3.699837,0.09970468,1.5542648,1.0728719,0.2879346,0.1859422,-0.4383745,1.0701616,2.2228012,-0.109214045,0.8680265,0.429868,1.3157656,-0.1644664,-0.31352812,-1.5349617,-0.74177825,-0.16161355,-0.40717247,0.56973535,-0.073664226,-1.1908563,1.3432002,1.437214,0.7875448,-0.86611396,1.7423592,0.20317999,-0.7596904,1.1575234,0.81293964,-0.62589025,1.1297394,0.64074486,-2.0108569,-1.3150785,0.50666404,-1.1650683,-1.4153059,0.56835425,0.049827747,-0.22123407,0.47203004,0.2810174,-2.0891159,0.009566751
AGTCTTTAGTGGTAAT-1,-5.607042,0.61913866,-0.625246,1.1717906,-3.2036881,0.8758384,3.2500005,5.0468736,1.1155006,-0.15551178,-0.97809035,-0.21622854,0.22019598,-0.4781683,1.5469345,0.31252143,0.08984246,-1.3687763,-0.49948645,0.15921895,2.3184018,1.3259351,1.2681583,-2.7571197,2.0451336,-2.276994,-1.8887056,0.4604654,0.028618474,-2.4923987,0.29872468,-1.7091777,1.1690854,-0.56581277,1.176949,-0.58624333,0.75722754,0.89895856,-2.028066,0.027963372,0.0809672,-2.0879996,-1.1457951,-4.760601,-3.5405476,-6.338649,2.7921803,-1.1643414,-0.98560405,2.1504061
AGTCTTTAGTTGTAGA-1,-4.5109115,-1.2296923,1.8303983,1.3597382,-1.8737501,0.29844952,0.8156944,-0.011774484,1.0063356,-0.26019815,-1.4547514,1.9325777,2.6038992,-1.9676118,-0.035092276,0.43150702,0.360841,-0.048118375,0.24192835,0.4119856,-2.310951,0.4855606,-2.1002254,0.46816602,0.10960438,-0.70631576,0.37757754,1.9728036,-0.3726749,-1.3821703,0.44291538,-0.965673,-0.83416945,0.024337966,0.07498745,-0.420985,-0.30151019,-0.102031134,0.18390726,1.5276132,2.1658201,-1.4133517,1.6670247,0.37012267,1.9801084,1.0873917,3.2688963,-3.0108879,-0.8155447,-0.16037521
AGTCTTTTCGCGGATC-1,-6.377098,-1.9370334,-4.3379455,-2.5312026,1.2397902,-0.23939008,-0.90090775,-0.96775764,1.9150101,-4.0517526,-1.6742125,0.6889359,-4.184085,1.5412158,0.5976021,-1.4032048,-1.9513848,1.8945049,1.4862341,-1.749342,-1.5132996,1.8132582,-0.6479744,-1.0861856,0.32853675,0.92602324,-3.099219,0.6636423,-1.273397,0.73747754,0.08582621,2.1454365,0.27872363,-2.4479704,-1.5973911,-0.094484866,0.4743385,-0.32305732,1.5739127,0.058097556,-2.0333188,1.1222486,1.2625474,-1.6345323,-1.612644,-0.45421302,0.5115865,1.0263739,-0.6104661,-0.88084084
AGTCTTTTCTTCCTTC-1,-4.766295,-1.4556949,-1.7301182,2.406869,-0.66263705,-1.2089374,1.1815704,1.273362,0.7226207,0.8975652,1.4506787,0.102786705,-1.3202577,-0.4839136,-0.94601065,0.27916068,-1.6593263,0.62402284,1.0787902,-0.95086765,1.8112736,0.20256484,1.4005485,-0.39091665,-0.09174299,1.8371065,-1.333178,0.5052614,0.5502043,2.018193,-0.47895524,2.7376072,0.84296876,-1.9311893,0.5227522,0.5982264,-0.3507279,1.3177358,0.123864256,0.21296418,-1.834047,2.3241885,2.3861728,1.9528394,-1.8580364,-1.0638893,0.50512755,1.1840981,0.18329972,1.7671925
AGTGAGGCAATGCCAT-1,-5.962603,-1.3818748,-6.5717554,-2.0699053,2.0710633,6.255943,0.9031212,-3.0668857,2.9595466,-13.35846,-3.899203,0.7170423,-5.3671193,6.069268,3.3195026,1.2972254,1.6652287,-5.9249268,1.7395571,14.022457,0.3995381,-11.393558,-0.512552,-0.17265697,3.666893,-4.8993096,-4.599494,-0.12327504,10.165853,-1.2882205,-5.691881,-12.519029,5.809091,-17.242191,8.432008,1.2764161,27.310682,2.1631606,-9.210712,-8.957733,14.893551,-0.2674041,-7.7126975,-0.45559734,9.93733,-9.865382,2.685071,-0.95619434,6.8459735,5.947106
AGTGTCAAGTCAAGCG-1,-4.4612727,-2.4047134,0.5243973,3.111884,-3.0296543,-1.1001004,-0.25610933,0.95055324,-0.13922082,-0.07638017,0.4931715,0.0191399,0.86787236,-1.1251123,-0.75999385,0.59033716,-0.13352695,-0.3276851,0.24536724,-0.5014243,0.33877975,-0.15019916,-0.3081372,0.12478133,-0.7998772,1.3698163,0.4787359,-2.0878458,-0.21841858,0.29028738,2.0310237,-1.3754488,0.7535813,0.46929088,0.3314814,2.3375392,-0.70636857,1.1594372,2.1604655,-1.9645513,1.8248602,-0.06311609,1.0986773,-1.1351316,-1.2212766,-0.18206172,0.46717143,1.1320832,-1.2898189,-0.17874335
AGTTGGTGTACATCCA-1,-5.483952,-1.6645218,-1.1834126,1.4727806,-2.7293286,0.26488683,0.47633025,-0.26630354,1.5145811,-0.48208982,0.37521082,-2.4935565,1.5540863,-1.5417147,-2.406794,-0.57052684,-0.92043585,-0.2625082,-1.0391667,-0.19531897,-0.074431896,1.3791782,-0.042466387,-2.6088119,0.797498,0.16633378,2.3052764,-0.16079484,-0.92767453,1.337762,1.2941111,-1.5878979,1.7077165,1.9620289,0.8616192,1.6457615,0.0003991878,0.59239286,0.11350818,-1.2172904,1.292169,-0.5242103,-0.49639073,-0.33143732,1.6790029,-0.9440173,-0.052665785,-1.1804852,0.8346619,1.5675255
AGTTGGTGTCTGGAGA-1,-5.311331,-2.3299005,-1.9938086,1.6753504,-2.1376345,0.39800364,0.6064064,2.150213,1.2945578,-1.3601393,-1.1564578,1.5041473,-0.68669224,1.7063764,0.8220201,-1.5811214,1.4647181,-0.27515286,-0.27827516,-1.6510354,-0.38729727,0.48143786,1.2295566,0.80423003,-1.4971364,1.4259785,0.26206118,1.7067033,-1.4702066,1.0303152,0.5041974,0.22106418,2.0371726,-0.014791576,0.27026528,-0.19183783,0.12424702,1.1085064,-1.6792994,-2.4988291,-0.004261398,2.1165283,-0.5834392,-2.56108,-0.25511345,0.17041078,-1.9380645,0.0069503733,1.0581806,-0.13465367
ATAACGCAGTCGCCGT-1,-4.376011,1.4122902,0.20017202,0.44390061,0.17265122,-1.5456024,2.4256346,1.6535207,0.84205216,-2.4058893,-0.5383117,-0.15678333,0.41394052,-0.7894192,-1.2246448,-2.9446132,0.7527587,1.0351276,-0.98904145,-0.9610277,-0.47130895,-0.56330067,2.095601,-0.6536575,-2.4169428,0.05570305,2.619017,-1.4059757,-0.3269072,-0.0021409239,0.8786846,0.55389416,0.5660306,1.3601401,-1.6294928,-3.1375403,1.8900399,-0.70230734,2.4417768,1.4147753,0.9015871,-0.78454095,-1.2978773,1.9386985,2.4890935,-2.0398667,-0.74066854,2.5908115,3.7508225,4.379154
ATAACGCCAGCGAACA-1,-5.5729475,-0.2778407,0.2190214,4.979235,-2.5727668,-1.473304,1.0243846,3.005902,-0.08353271,2.045325,0.23804796,-1.3798844,-2.333651,-2.0632117,-0.26296318,-0.7883293,1.0370916,-1.3160795,-0.12436809,1.2658345,0.83491546,-0.68222266,0.3386322,0.5340862,1.0617876,0.36430952,-0.94281834,0.474715,-1.4889592,1.568665,-0.019865055,1.999353,1.8809439,-1.1698849,1.1076658,-0.720122,-1.2225301,0.10332064,-0.15636422,0.22072084,0.24987584,1.4387546,0.24526723,-3.3917556,-2.7289615,-1.7933046,1.0109645,0.67453104,-0.37278113,2.1740487
ATAACGCTCTGCAAGT-1,-4.9344535,-0.07220494,-3.3335147,-0.45494744,0.3128813,-2.0514235,-1.5755963,1.3593556,1.0850233,-2.6785545,-0.55554205,0.29589438,1.2822559,0.64286363,0.30632734,-1.041654,0.37789148,1.231237,-0.7616456,0.17289741,0.7971901,-0.4952458,-0.834795,-0.014824877,1.5181723,-0.6525113,-0.51315475,0.79040676,-1.4394658,-1.4978842,-1.71237,1.1647065,-0.392006,-1.4911509,-0.5544955,-4.164717,1.5940956,2.0349014,-0.46666762,-0.4719849,-0.7588623,0.726346,-2.082115,0.39317605,2.4757223,-0.14723858,-0.43764246,1.3860832,1.4897618,2.122425
ATAAGAGTCTCGAGTA-1,-3.6696403,-1.5790015,-2.525687,0.12380005,0.7757545,-0.43075964,-0.6148759,-0.5568832,2.3606954,-2.240825,-0.34555238,0.31921425,-0.8756839,-0.28109387,1.3530698,-1.0939084,-0.20831603,0.09721549,-1.2973061,-1.3144267,-0.6765025,-0.16468038,2.6856704,-0.9692028,-0.60044515,-0.4285555,-0.93684644,-0.4450532,1.030183,1.2341849,-1.42524,1.1475712,-0.29928815,-1.5540825,0.0293486,0.17561948,-1.6339579,-1.8760892,-2.0104632,-0.38009918,-1.3547423,-0.89272845,-0.23766692,-0.43913448,-0.03499828,-1.4251593,-1.1824445,0.27031678,1.6635591,1.3340816
ATAGACCGTCGTCTTC-1,-4.980996,5.533357,-18.085472,-9.260153,-1.8738434,45.598667,-1.7782289,11.17423,-2.4540572,10.783352,1.5089504,3.847453,-1.8310614,-0.5656187,1.3187412,-1.0528169,0.82941717,-0.30185172,-1.5100101,-2.0529182,-1.2687268,0.7431077,-1.8173982,2.5731783,-3.91916,-2.2465196,7.396987,3.5644405,2.6858408,0.009249164,-1.3381007,6.755932,-4.539911,3.2446008,3.448506,-0.7758271,-9.523938,3.734543,3.6275043,-5.51196,9.478366,15.073537,-9.864696,17.302519,1.7985762,-1.0679026,-6.2966695,-4.63924,-12.812138,15.326144
ATCACGAAGTGTGGCA-1,-4.947268,-2.0425756,-0.5418817,2.0200915,-2.0124211,-1.2379539,0.3680113,1.3728652,-0.02056052,1.5589075,-0.4002203,-0.49327004,0.32836193,0.92854375,0.37585402,0.25736845,0.8417004,0.986365,-0.7495772,-0.089909375,-0.51723653,-0.22784236,0.33267373,1.8753752,-1.4633441,-0.4493212,-0.63985705,1.3137212,0.34223133,0.15061565,-0.39135134,-0.5718227,2.1507013,-0.4697937,0.72553146,-1.3228362,0.21634445,-0.7409822,1.9087427,-0.12977651,-2.4368305,-0.09804149,1.4890088,-2.9645119,-0.2754568,1.2107219,1.758798,-0.7205868,0.80742013,0.51285124
ATCCGAAGTGTCTGAT-1,-4.605557,-1.7664548,-0.20414701,0.5959419,-1.7914975,-0.49187857,-0.60610276,-0.45720208,1.0010722,-0.84804434,-1.1531491,0.57008994,0.17290147,-1.1804025,1.9950095,0.43422878,0.24758387,-1.1424369,-1.3447589,-0.93946046,-0.6082675,0.014424337,-0.1477134,0.34700462,0.039830472,-1.7315366,-1.0740083,0.630117,-1.0799809,-0.69291466,-0.3640785,3.4775035,-1.2805632,1.1216595,-0.021368016,2.4578967,2.682392,2.0456793,0.33323583,-0.56048393,0.7358131,-1.194205,1.4293127,-0.23322985,0.7813704,3.2779632,-2.6836967,-2.4797435,3.189149,0.4576156
ATCCGAAGTTCCCGAG-1,-4.413638,-3.371545,-1.4831368,1.9214249,-3.015502,0.22598623,-0.7004282,0.9943494,-0.16132966,-0.1560564,-0.8647372,0.73388,0.14789565,-0.8558165,-0.10408181,-1.7823125,-0.7976413,-0.9657728,0.72021025,0.5061378,0.73674494,1.9937398,0.5179491,-2.547397,0.37713715,1.1498791,-0.038234837,-0.2881417,0.6402676,0.27967298,-0.89641553,1.2991192,-2.722911,-0.4209458,0.5889806,1.3997624,-0.8454905,-0.43383887,3.193889,0.7605129,0.27158102,1.3402115,0.46067855,0.34213653,-0.12785982,0.56339645,-0.88047254,-0.21183382,0.8212154,-1.1332773
ATCCGAATCCGAACGC-1,-7.0766406,-3.0934696,-1.4493543,1.9680158,-2.6468768,-0.71617687,1.0320458,1.6165074,0.093012705,-0.59880817,0.36111236,-0.09038183,-0.16271335,-0.986189,-0.2212217,-0.8294547,-0.06055728,-0.93696886,0.75416183,-1.9313011,1.1773288,-0.80461645,-0.45027602,-3.7424762,2.4251976,1.2695917,0.92908627,-1.1298044,0.063372836,0.37001434,-1.1816435,-0.96805525,-0.1229205,-0.38679665,-2.5463054,2.8548326,-1.3418002,-2.2857792,0.043433417,-0.98943913,0.704421,0.007915579,2.0309558,-0.77701366,0.13240682,-0.3700604,1.6070203,-1.1337926,0.0063358773,1.4270204
ATCGAGTGTAGGAGTC-1,-4.172758,-3.155024,-2.1634102,1.014072,-1.8002553,-0.6129967,-0.86111057,-1.9793965,-0.47218576,0.07294328,-0.77249277,0.98508483,-0.34667543,-1.2059491,-1.6041957,-0.70233023,-0.0795892,0.18169798,-0.07156711,-2.020893,2.0525954,-0.7044903,0.11473616,-1.0529734,-0.020141218,1.9370437,0.35528672,-0.7684746,0.7100988,1.1045284,-0.8801769,-0.51073885,0.596295,-1.7025038,0.19937408,0.82335836,-0.6721797,0.340078,-0.067069165,-2.1180172,0.11595011,1.0345279,0.35827047,-1.7736762,0.9032324,0.09953714,-0.2429894,-0.47058633,-1.6964791,-0.08479492
ATCGAGTTCGAGAGCA-1,-1.7801386,-1.2937,4.5823054,1.7908415,-1.8352479,1.2355593,-2.701757,-0.6198415,1.2309096,-0.4137259,0.9004343,0.0154682845,1.937298,-0.019182073,4.193125,3.746372,0.18171413,-2.5965111,1.126981,2.8223474,-0.9062735,-2.4021037,1.3522542,0.5789495,-2.8544877,4.0637603,1.5123837,2.2622666,2.2978873,0.2618655,4.2842956,-2.0136049,-2.1690907,-2.7628543,-4.107742,0.14226434,-0.3126125,1.6832414,3.097441,-0.6357023,2.4741998,-2.5594542,1.5322795,2.3388908,3.0997171,-3.6294458,1.971335,-5.2606454,-5.8144436,2.783617
ATCTACTAGACAAGCC-1,-4.643492,-0.4190889,3.9258013,2.2356663,-1.6345005,0.64634895,-0.1849674,1.3039985,0.8297196,0.5750699,1.6893338,-0.279344,0.9363225,-0.8515578,0.9023969,3.2252789,0.3949538,-1.4617577,2.715491,0.58871365,1.4085249,2.1231856,1.0721352,-2.3598046,-1.9038769,-0.7876853,1.5832984,-0.82210946,2.7656367,-1.3837,2.039857,-1.2765604,0.0002997546,1.8450907,2.0630212,2.620221,-1.209163,-0.42180613,0.23653622,-1.4477307,0.94076926,-2.1961937,-0.93043584,1.9717852,0.707005,-0.048867468,0.3108253,-1.5537385,1.7978461,-1.0874965
ATCTACTGTACCTACA-1,-4.2918835,-2.593339,-1.9267104,0.28685752,-1.4075338,-0.863523,0.72788316,0.08296827,1.3653072,-1.1796348,-0.052960806,0.50029385,-1.1253995,-0.24060869,-0.31836835,-0.77167267,-0.34237045,0.2573803,1.1128616,-1.6753786,-1.7986652,-0.91284937,1.2910229,-0.50135267,0.17872503,0.010775279,-0.14057736,0.93447185,-0.042555574,0.29592708,0.09087803,2.3774705,-0.40857008,-1.3144385,0.6606396,-0.88875306,0.87077844,-0.21074893,1.4106175,-0.55464363,0.2986928,-1.1341962,-0.26300597,0.9147633,0.14659642,0.29574937,-0.16943252,0.24606262,0.023764543,0.44010302
ATCTACTTCTTCATGT-1,-5.7675905,-0.37747583,0.700365,1.5879507,-1.9513068,-0.7612129,1.825017,1.5135267,0.31975925,-0.71986395,-0.929191,-0.58977157,-1.6785738,-2.1470838,0.4037818,-1.135354,0.37901163,0.9594041,0.28519922,-0.43372753,2.6531382,-1.1312028,-1.5956339,-3.0526173,-0.88863516,-0.16811141,-0.2392484,-0.059556276,-1.3174698,1.1191556,0.28849313,0.7074918,0.75207394,1.0266813,-0.3575163,1.3357158,-1.2304647,-0.4383083,0.44171116,-0.2746411,-0.26343757,-0.6301483,-0.36705288,2.0961642,0.9303221,0.09398575,-0.17500924,1.8617669,-1.5592796,3.3589764
ATCTGCCGTTGGTGGA-1,-4.1763096,-2.8548293,-1.2243837,4.373752,-2.2735293,-0.40940702,1.2204797,-0.49088764,1.0734284,1.5457102,-0.08576537,0.9608464,1.7426364,-0.9278221,-1.043879,-0.54769075,0.38365823,0.23860613,-1.6579663,-0.3255983,-0.52527183,-0.23068853,0.050246194,-1.9655414,-0.7263,-1.4782571,2.130797,-0.92466486,-1.7962055,0.7288114,1.0731846,-0.93844223,0.7412891,-1.0074545,0.3600306,1.7634542,-0.96923745,-0.29973066,-0.69251573,-0.06520497,-0.64243627,-0.10694798,0.03885486,-0.062850244,0.053928085,-0.16168793,-1.1613435,3.0160089,-0.31962106,1.0708169
ATCTGCCTCACGAAGG-1,-3.4251359,-1.1885245,-2.2949276,1.845377,-0.4380904,1.1921347,-0.16570307,-1.8995883,1.6745261,-0.49730092,0.42594612,1.3717309,1.2282923,0.5958446,-0.23866381,0.29851052,-0.049044706,-0.3007414,-0.5688064,-0.033574138,-0.42801988,-1.0651362,-0.73880184,0.20585845,-0.07390469,-1.3267351,-0.5114725,0.35326752,-0.39123473,-0.82910526,0.06428408,-0.71808475,0.77205825,-1.6820064,-1.3320662,-0.42362183,1.1759602,2.2089384,-3.0356348,-0.42361534,1.0497416,0.10756865,-1.9500066,0.36230585,-0.10322972,-0.20401789,-0.95713055,-0.6027845,0.6314715,-0.31109813
ATGAGGGTCGTTACAG-1,-4.389819,-1.2593411,0.7640928,1.7201767,-0.6117205,-0.836387,1.255797,1.30001,0.94142157,-0.5410993,-1.4298092,-0.21510336,0.6816252,-1.2933568,-1.6300716,-0.16607396,-1.1112784,1.0019459,-2.0436404,-1.0698746,1.6724339,-1.2575116,-0.09903123,0.65302855,0.17768638,1.5491531,-1.1359264,-1.7180185,-1.1848836,-0.53539693,0.36945885,-0.28242677,-0.30356708,-0.56775355,0.4329157,1.1164923,0.8517327,-0.45380032,0.7220849,-0.99042046,1.8598047,0.9383299,0.45045117,-1.7094636,0.06445818,-0.04330981,2.788672,1.7035998,0.70411927,1.1356279
ATGAGGGTCTTTCCTC-1,-2.4819229,-1.5162623,-2.432959,-1.8137134,1.3789597,-0.6497764,0.9701372,-1.7085592,4.014902,-2.3094475,2.4594107,-0.9282084,0.17610233,-0.2516265,-1.1310781,-0.66579443,-0.23201406,-0.8835146,0.014931018,-2.4329789,2.3759024,1.5856148,0.010503179,-1.3554978,-1.3648866,1.7488681,0.180857,-0.298825,0.82313836,2.9882705,-0.07847236,0.0444995,-1.3958008,-1.8328326,0.06848009,-1.6788367,0.6105696,-0.40771624,-0.45124823,3.0036352,1.2748319,2.093926,-1.9398882,-0.5693614,2.3238125,0.27588052,-1.095774,-0.7801731,-0.090647034,-3.2494087
ATGGGAGAGATTACCC-1,-4.655713,-2.444091,-1.4932952,2.7685947,-2.8297055,-1.387353,0.71301794,0.98685265,0.9210676,-0.6116107,-0.42644727,0.87967235,-0.21776253,2.2606456,0.38556036,-1.0074342,1.4137304,-0.72589725,-2.0031319,0.9944702,1.8811162,0.015551009,-0.98924816,1.847334,0.38278437,-0.045764983,0.7333971,2.1936846,0.6796531,-1.1715454,-1.3566874,-0.27155432,0.27304825,0.79985994,-0.043626945,-0.16764617,-0.9232161,0.052524354,-0.28033096,-0.69381565,-1.0929049,1.3202012,-1.821193,-0.69611174,2.6431932,-0.5926457,0.5447092,0.6658907,2.6224375,0.8451987
ATGGGAGCAGGTCCAC-1,-4.579302,-3.5371504,-1.7699854,3.29597,-1.8573997,0.23787627,1.7128162,1.2067096,0.31338453,0.11288268,0.84917116,-0.13002422,-0.084959075,0.72233015,-1.5982652,1.1153183,-1.3222505,0.6498138,-0.24315509,-2.1191292,-2.1720164,0.99777097,0.9506771,2.6077106,2.5388484,1.021697,-0.020524891,2.4546494,0.41264763,1.7593529,-1.8611892,-0.36315563,-1.6915406,-0.2666948,-2.9018273,-1.1101519,-0.2650092,-0.7974997,-1.1887296,3.220345,0.06366372,2.7950969,0.6649465,-2.0624242,0.12913108,-0.35824463,-0.04088229,2.9126441,-0.049775653,0.7718229
ATGGGAGGTAGCACGA-1,-3.6276565,-2.2870378,4.059664,3.8908565,-5.114196,1.1078092,-0.10944012,1.6233224,1.0928918,0.65414405,1.9443027,0.33334672,3.7274368,1.1350244,2.0529544,2.4610548,1.7591925,-2.165245,0.016626561,0.42454252,0.41427776,0.057985757,1.3025812,0.1707016,-1.4554332,-0.66070265,0.98582,0.47551173,1.9678054,-0.34796506,0.07729053,-1.223995,0.8876133,1.8207867,0.484156,-1.1910875,-1.6492989,0.93865037,-1.7490163,-0.6675437,1.227315,1.6825119,-1.7624904,-1.315151,2.896307,0.11377662,0.96078557,-1.7818885,0.39037445,-1.0928992
ATGGGAGGTATCACCA-1,-4.149826,-2.4045594,3.4362264,3.646161,-2.8085375,2.0551758,0.3753199,-0.63886714,1.9809324,-0.95767725,0.5424928,0.50624406,2.1688056,-2.5447562,3.5355864,1.7943878,0.9777469,-2.6361392,0.15455829,0.24602187,-1.7570868,0.596822,1.7492192,-0.4155807,-2.523962,0.6772102,-0.8961131,-0.4920368,1.5803999,-1.3683633,0.20572414,-0.92794794,1.4375342,0.17967063,1.0856113,1.3790872,-1.2726825,1.1924009,-0.25562322,0.9342391,1.0240871,-1.2243737,-0.04832703,0.2010736,-2.236666,-0.7958684,-1.2279626,0.48632106,-0.28710678,-1.035679
ATGTGTGTCACGCGGT-1,-2.8433263,-1.8095915,-4.4942183,-2.5847263,3.2419646,-0.10886724,-0.561567,-3.7373838,2.8727005,-3.4257696,1.3116034,-0.5056958,-0.19524308,2.182174,-0.8405534,1.1286467,-1.1421015,0.31339508,1.0184754,-0.67786866,0.8506543,-1.660096,-1.1605275,-0.23752218,-0.7618591,2.2033603,-0.3354595,-1.8576287,-0.306719,0.3862701,-0.43012792,2.4535532,-1.4563686,-2.1607413,-2.1441324,-1.1070977,-1.2443049,0.22759919,-0.8560448,-1.1526816,0.28529486,0.43133152,-0.34623948,1.0496742,-0.4775747,0.26749903,-0.0176172,1.1311845,-0.3240697,-1.4980139
ATTACTCCACGGTAGA-1,-2.5396745,-2.7127507,-2.5517023,-0.019144775,0.09887781,0.8809752,-0.984757,-1.9610381,2.6021554,-1.9031005,0.65961486,1.2993656,0.47123906,1.9638021,-1.1595056,-0.49748904,0.5280042,0.25529918,0.14145248,0.11264692,0.037299417,-0.6576768,0.706151,-0.6623362,-0.24784683,-1.3038651,0.92193174,-0.57666683,-0.99569565,0.92114735,-0.49415874,0.5731657,-1.0164695,-1.0098491,0.20701139,0.61715066,-0.15035588,0.2859561,-0.39256293,-0.9625995,-0.26555246,-0.5117578,-1.2000306,0.76073843,0.80583197,-0.8239937,-1.6287413,-0.5345313,-0.10940861,-1.5957865
ATTATCCAGCTAACTC-1,-6.765417,-1.0333784,-1.4629071,1.3367385,-2.1305733,-1.859171,1.0951598,2.200372,-2.6936064,1.2228205,0.4477616,0.53692156,-1.6791705,-0.78560394,-1.5744379,-0.1880508,-0.85353994,-0.15657206,-0.5867264,0.02244411,-0.8813736,1.4307727,2.81702,-1.3498467,1.4956675,1.1852655,-0.3309022,-2.4255505,0.9099894,0.65676737,-3.580215,-1.2435747,1.0358912,-0.9183089,0.1620049,4.050597,0.44931966,-0.11913364,2.0876453,-0.1712623,-1.7642342,1.5121775,0.19078417,-0.543404,-0.6139203,-4.6231866,0.9830138,-2.7123103,-1.2062465,1.3631555
ATTATCCTCTGTGCAA-1,-8.5704155,-0.47121197,1.0674578,1.9516199,-2.5133905,-2.4004807,1.7556591,3.201255,-2.4483833,-0.2715354,1.0308374,-0.118729584,-2.1050131,0.93033886,4.5573773,-0.49362963,-0.34333262,1.4621419,-1.3195306,0.6866471,-0.7446196,1.8086114,-0.61446303,2.830456,3.0080836,1.4345746,2.2097414,2.2379925,2.6953266,0.739063,0.68184453,-0.5173594,0.2878241,-0.10881095,-5.3232484,5.1305246,1.8400165,1.7083105,-1.6112474,0.82907164,-0.36718103,-2.4000676,-1.9350059,4.038783,2.7961636,5.2293754,3.7100885,-7.0750656,-0.9697008,1.5157334
ATTCTACGTATTCGTG-1,-5.3693814,-1.313272,-2.7915356,1.5469394,-3.1919286,-1.4674844,2.0798905,1.5139674,0.06259877,0.58811903,0.3273998,1.093502,-2.3951137,-0.13032725,-1.8959647,-1.7253563,-1.3612294,0.2603237,1.5470085,1.4273812,-0.85475284,-0.5312043,1.7152966,4.217671,3.6772552,-0.8568,-0.52384925,0.55696,-1.6611513,1.7015761,-3.1585488,-0.14073595,2.6834912,3.2428694,1.2974435,0.38913333,1.882463,-0.9409333,-0.9900215,1.431558,-2.4985418,1.4811653,-0.8945909,-0.61217016,-0.61120135,-0.21923603,0.6443064,-1.1797528,-4.187945,0.60533285
ATTGGACCATCCGTGG-1,-4.0146265,-1.9637384,2.7530484,3.7943008,-3.1924198,-0.35536423,0.09932141,1.271993,0.3116839,0.9480174,1.0356265,0.18532339,0.324647,-0.43799123,0.49143076,-1.0319773,0.7214898,-0.20003988,-0.3463744,0.26664203,0.28111985,0.51681,-0.6651146,1.7982738,-1.489758,-1.1774489,-1.0913197,1.7929691,0.89816755,-0.6228447,0.8248899,0.45016953,-1.1143118,0.40887955,1.357984,1.451309,-0.8343159,-0.95247203,0.37501675,1.4867455,-1.0470876,-0.60133326,1.1021945,-0.8672125,-1.7200843,0.4517049,-0.53438663,0.23263703,-0.05986694,-1.0700798
ATTGGTGAGCAGACTG-1,-3.3856373,-1.6423326,-2.3925216,-0.9152356,1.4728638,-0.5186145,-0.65426785,-1.1590449,1.5036907,-2.0214663,-0.64223534,0.3522405,-1.0309396,0.7462856,-0.5126172,-1.0052465,0.55168295,0.89489853,-0.8407123,-0.76421446,0.16241051,0.13766244,0.09907698,0.83074,0.7757499,-0.72097653,0.46146062,1.1069778,-1.8775884,1.0415882,-1.5808698,1.436699,0.44064063,0.24955352,0.85118604,-0.27750993,-0.29456443,0.35471177,2.0313044,0.48250055,-0.9274084,-1.0484757,-1.4932786,0.69491124,0.5389731,0.78650296,0.77234703,-0.13549574,-0.44792527,1.6729205
ATTTCTGCAGGTTTCA-1,-5.787465,-2.3377824,0.9418006,3.1111717,-2.0656714,-1.8033744,2.906618,4.6927514,-0.36921918,2.2925727,-0.31925234,-1.2798243,-0.5312314,1.7873455,3.7986212,1.1149734,2.123643,-0.07509275,2.209346,-1.3179561,-2.617035,-0.40373948,0.27505916,-0.11193897,0.7513872,0.1419775,0.2199516,0.63239247,3.0059044,0.20861237,-2.8019903,3.750799,-0.13251892,-2.1893241,-0.62082225,3.9796705,-1.730441,-1.3931918,-0.048545852,1.2584373,-1.2321593,-0.022118045,1.4708583,-0.9262537,-2.613129,4.8225274,-1.567887,1.9386644,-1.852307,-2.4258018
CAACCTCCACGCATCG-1,-4.7631927,-2.3077414,-0.50346184,3.2007139,-2.5745375,0.81397337,1.2185608,1.276944,-0.031807397,0.70004475,-0.2337543,0.33581886,-0.31377622,0.4589138,-1.4365174,-0.44383776,0.15872042,-0.4400191,1.7641346,0.57131606,2.086956,0.06008154,-0.3586623,-0.6494581,0.24826738,2.120783,-0.5027668,-1.5935274,0.10119896,0.024631647,-0.49028602,0.5295814,-0.0063939723,0.0759056,-0.13626437,0.9718233,0.19445413,-0.047928877,-0.5510378,0.40687013,0.2421886,0.9065554,-2.2611468,-1.4434022,-0.13974129,0.64879215,-1.1238079,1.4189134,-1.9582193,-0.7781299
CAACTAGGTCTGCCAG-1,-6.4428725,-0.91756433,0.017157048,2.3883257,-3.2556505,-0.53757495,1.2370255,0.4590947,-0.46200797,0.44961596,-0.71054316,-0.029569749,2.0178568,-1.4883358,0.550629,-0.318361,2.2833326,-0.998098,-0.37455732,1.1173673,-0.44734016,1.7949991,-0.6569654,-0.5859972,-0.9377831,-0.37579897,0.43561405,0.47361264,-0.20647751,-0.42679796,-0.5427466,-0.43168506,0.71887404,-1.3017101,0.93337715,-0.35041445,-1.5232846,0.46260765,-0.62542653,1.2634779,0.7490204,-1.3009436,0.20399307,0.94211143,0.6025834,0.34922677,1.4156518,1.6627387,-1.1714238,-0.07446295
CAAGATCCAAGACGTG-1,-3.5853782,-2.2126372,-3.0388327,-1.3041645,0.25831372,-0.4800506,-0.70653903,-2.0370944,3.4020436,-1.7076561,1.3490969,1.0607823,0.44442078,-0.592712,-0.47135523,-0.27421016,0.8369262,0.9247835,-0.6292048,-0.7041352,-0.44413385,-0.38536885,0.15908508,-2.08104,-1.841248,0.80029565,0.74514467,-0.9054764,-1.5357795,1.0173072,0.2400571,-1.0371381,-0.48938224,-1.5112671,1.2725099,-1.6227944,-2.2847366,-2.0695384,0.30908215,-0.457325,0.2897147,-1.6847498,-0.39610264,0.09039264,1.2021902,-1.2823397,0.4633445,-1.9757224,-0.8173427,-0.97420406
CAAGATCGTATATGAG-1,0.13205244,1.9126471,6.0138826,0.5833953,-0.3113338,1.9992733,0.6261837,0.5678794,2.7351859,-0.83905613,-0.4086239,0.58932227,1.6458926,0.19466282,1.2459922,0.67679554,1.3418047,-1.9202876,0.33848572,-1.3355026,1.429952,0.40415314,1.2559345,-0.7813993,-2.598647,-0.8953925,2.301257,-1.1590505,1.032958,0.9682941,-0.26005673,-1.0931864,-0.23877023,0.49916232,1.3168409,0.026755314,0.2843968,-0.085960105,1.86241,3.6199691,0.30328208,-0.8882475,-0.36568514,1.282354,0.8836334,-1.9304124,1.6264666,-0.573508,2.6344287,1.2913511
CAAGATCGTTGTACAC-1,-7.336981,-0.35858262,-3.3286037,-2.2174816,2.142303,-1.0379854,3.1001465,-2.2209804,2.8330352,-4.412719,-1.1949763,0.82882625,-1.4922074,0.75105613,-0.35926175,-0.065099865,1.0821044,2.1377418,0.027939277,-1.3123816,0.0005559744,1.6944654,-1.3886988,-1.0534124,1.8049787,-1.085139,-2.1744595,0.015851572,-1.4192817,-1.2646488,0.18536068,0.95984167,-0.8296415,-3.0132763,-0.9037122,2.458252,1.555428,3.5795581,-3.162472,0.5977378,-0.90617204,1.1280972,0.5937581,0.20393628,-0.30661127,-0.89265335,-0.5672093,1.9122665,-1.3139231,3.842338
CAAGATCTCACGCATA-1,-3.3088813,-0.0685989,3.2588906,2.7738519,-2.815329,0.84893525,0.15970671,-0.77100635,0.2704959,1.5303372,-0.68286824,-0.3517747,0.64408976,-0.090073876,0.5946705,1.337825,-1.0240101,-0.42560953,0.3671493,-0.10387674,-0.29544538,-0.5429641,-1.3445861,-1.3976204,-0.52721715,-0.02561607,0.85432917,0.4153626,0.19294152,0.022132767,2.3048594,-0.9028211,-1.3296299,-0.10478484,1.738975,1.5459487,1.5748581,0.65516824,-1.3767034,-0.13996404,-0.8904281,0.8158893,1.0788985,0.30305073,3.2711685,1.8027029,0.3712294,-0.3614526,0.8140766,0.58271176
CAAGGCCAGACCGGAT-1,-3.9681826,-2.405529,-3.1648917,-0.30732885,0.34585238,-0.3893715,-0.883816,-3.4456556,2.6271524,-1.3646809,-0.34857303,0.23822321,0.9514405,3.5552576,-0.5535914,-0.94887406,2.7458894,1.2257843,0.062030923,-1.9665945,-0.7573204,-0.24079892,-0.04250693,0.46079868,-0.23446906,1.6485606,0.0060483473,0.15691157,-0.28199106,2.6785522,-1.3052324,0.54646844,0.92522854,-0.46814337,0.4379315,0.5412513,-0.77593815,-1.0138255,-1.1647891,-0.5193887,-1.8723062,-0.66559416,-1.0838299,0.29230496,1.4792594,0.013199186,1.4625398,1.2221932,2.9443796,0.41794285
CAAGGCCAGTTCGCAT-1,-6.055374,-0.35261944,-0.41057244,2.582383,-3.020673,-0.74893534,3.3852818,3.4611268,-0.7282805,-0.4908924,-0.11702612,0.24320872,-0.2846856,-0.97275543,-1.681525,0.31523675,-0.776134,-1.2362349,-0.04712826,0.79180956,0.5078631,-1.1333182,1.966549,1.0678059,0.8790949,-1.8849621,-0.85391927,-0.060375378,1.4888244,1.3455733,-0.63501585,-0.66334844,0.47934964,0.73081326,1.3115275,-1.162959,0.8986513,1.6848912,-0.3683919,-1.7246739,-0.12053687,0.9823743,2.82726,-1.7678384,-1.9424915,-0.21724698,-1.3654065,-1.2431256,0.84697604,-1.2443581
CAAGGCCGTCGCGAAA-1,-3.2111766,-1.7459974,-0.40328172,2.778662,-1.4082322,-0.9019781,0.47091413,1.0516695,-0.82488704,0.6586699,-0.42180166,2.5757198,1.4890165,1.3563495,-1.3306882,-0.4892048,1.0439208,-1.3533803,-0.6305991,0.31539068,-0.1681616,-1.1526393,1.8687547,0.045620188,0.3241091,1.0372611,0.11812592,1.4772311,1.3185816,1.4491513,-0.5989984,0.051559404,-2.2411644,-2.7680387,-0.5651868,1.1875672,0.552158,0.6973564,1.3788446,-2.4809103,0.23163679,2.333966,3.3308206,0.23294117,-1.230584,0.14236374,-1.5181589,-1.3109993,1.6307751,-1.1999433
CAAGTTGGTCATGCCG-1,-4.883551,-2.1608226,-1.3417491,2.7335515,-1.8395591,0.047366682,1.1875613,-0.8810139,1.5277747,0.32696185,1.2317275,0.4185876,-0.7271568,-1.4982835,0.20926173,-1.7504026,-0.35068172,0.70911264,0.68360156,-0.006446941,1.4717908,0.0071625123,0.2878727,-0.9328672,-0.08209825,1.6565255,1.7102225,0.9114222,0.68831635,-0.16619048,-0.52039665,0.6264908,0.45797706,0.04642489,-2.0217137,-0.15313481,-1.238921,0.31852332,-0.62820876,-1.3842573,0.024621556,1.2229573,0.659316,-0.62094057,1.4072602,0.98674107,-1.1268699,-1.4384758,1.0374596,-1.7246346
CACAAACAGTACATGA-1,-6.7687883,0.06230881,-3.343377,0.45210242,-0.73366094,-1.1474127,0.46942663,1.5547932,1.0987078,0.086639464,-0.40465212,0.32503498,-0.96833277,-0.3758315,-0.9606089,-1.485727,-0.94778013,1.8304931,1.3776121,-1.7588767,-0.5758409,0.8345757,-1.3847576,0.19564238,1.4933646,-1.0649203,0.56095684,0.09384469,-0.64949906,-1.3665262,-0.19656831,1.4112369,0.31630492,-0.37838358,-1.670075,-0.015738323,-0.625964,0.87540644,0.9294703,0.12177715,-1.3402232,1.5412236,0.26369366,-1.2189399,0.29687342,-0.08787658,3.027773,0.5057928,-1.5411321,0.7301461
CACAAACCACTTCGAA-1,-5.299842,-0.88270855,0.43348548,2.4238915,-3.8837144,-0.9451598,0.6108434,1.262212,-1.0476205,1.2004914,-1.3911942,-1.053346,-1.1132274,-0.23647279,-1.6819438,-1.2809274,-0.12208311,-0.45405456,0.8608641,1.1126583,2.5124674,1.0034174,-2.051267,-2.8169646,0.33316287,2.6900055,1.9756634,-0.69863784,1.5926007,2.7853405,0.16879177,-1.0566039,0.75158596,-0.80404776,1.5617082,0.3007264,-0.7514664,-0.34692574,-0.3710957,0.722636,2.5428333,-0.6163437,1.2852504,-0.97176796,-0.16542546,-1.8164098,0.7383562,-0.10219,-0.4654288,0.37271556
CACAAACGTCCGAGTC-1,-3.8745096,-0.92320406,-2.2524774,-1.0672385,2.373483,-0.946376,-0.33904544,-0.4097739,3.514644,-2.2940109,0.59083015,0.16780783,0.2674158,1.1680092,0.10303756,0.18716852,0.6960609,0.898903,-0.4202525,-2.5123675,-1.0481426,-1.527804,0.69457537,-0.55912745,-3.3666224,1.6894766,0.40320137,0.14266598,-0.5251873,1.0041678,-0.09027748,0.52994514,-0.0340534,-0.61109257,0.925077,0.238713,-1.4436104,1.0356617,0.6251167,0.44262737,-0.8460668,-0.3085818,0.0037180344,0.9177949,1.1180363,-0.999409,1.6578549,-1.2670629,-1.1078752,1.1204634
CACACAAAGTTGTAGA-1,-4.726095,-1.1958921,-2.9136748,-1.7204541,1.7643892,-0.37929106,0.07261166,-1.9290147,2.5425024,-2.7012699,-0.6484717,0.7233463,0.41350648,1.2194175,0.07696282,0.9914787,-0.15238416,-0.145736,0.46915293,0.034058206,-3.3899744,-0.9514748,1.6806445,0.21427019,0.3718942,-0.08548327,-0.077932484,0.63176674,-0.8248678,-0.33723003,-1.2413648,-0.13066119,-1.7905545,0.30901462,0.82388294,-0.8893892,1.5433145,-1.1633991,-1.6214567,-0.992604,-0.42552906,-0.23910928,0.45799837,0.9460929,0.6483008,0.20128892,-0.39026815,-0.0322046,1.0463827,0.22954191
CACAGGCCACAAGTAA-1,-1.4324692,-1.5100379,1.1026354,1.6827567,-0.769052,-0.074540615,0.45307755,-1.8175794,2.0276973,0.09828206,0.40879878,0.57252204,1.7317542,-0.4714785,1.5200827,0.05696544,1.101536,-0.70282286,0.40077618,-0.113341354,0.47654006,-1.0228058,0.95912045,-0.64534086,-2.5525386,-0.8799369,3.8094113,-1.1642555,-0.9885409,1.530212,1.120934,0.47034073,-0.058114424,0.048071817,-1.7569392,0.30346438,-1.6404445,0.6946137,0.74938446,0.115999855,1.1109056,1.3685594,2.1938784,0.9660604,0.3835833,0.5851561,0.1370295,0.42428318,0.47962964,-1.2179363
CACAGTACAGCTCGCA-1,-4.601111,-0.01798511,-6.321347,-4.8388743,1.8835739,4.261485,-0.21196938,-1.5138595,4.8158402,-6.0877867,-0.24065511,0.9646695,-0.07478331,2.5685816,0.9294449,2.5881915,-1.0096891,0.3990594,-2.2893555,3.2165563,-0.14222068,0.6125488,-1.5394803,2.1090844,-0.75974315,0.6463357,3.3609746,-0.43646273,0.9204181,-3.0273194,0.2771599,0.27894187,-1.0476124,-0.29876035,1.2265712,-4.189535,-1.1715662,3.0341687,1.9852326,0.961164,-0.56327134,-0.6523311,2.3451772,-2.4460475,-1.1508282,-1.8420737,1.9031968,-1.1169978,0.6739092,-2.8193505
CACATAGCAGCCTATA-1,-5.4205933,-1.3249118,-3.6202998,-0.22536434,1.4306189,-0.5370847,2.270648,-0.9300326,3.7424266,-3.787456,-0.7808453,0.11326951,1.4215496,-1.1046844,1.0659992,-0.108097024,0.695376,0.1683593,0.3850625,-2.2461796,-1.192172,-1.4120814,0.39700451,0.11988549,1.0660735,-0.3366444,-0.31655854,1.0076675,-0.69114476,1.1331173,-0.21474856,3.618453,0.31111893,0.38969484,0.45115936,0.9005872,0.2801465,-0.07967694,0.55549246,2.2236197,-1.1585768,-0.422189,1.0820946,-0.4736083,-0.40298933,0.6914398,0.31062782,0.42948315,0.1404526,-2.2890742
CACATAGTCCAGTATG-1,-3.7695203,0.9720069,0.83204895,2.2814355,-3.858081,1.099262,-1.4334668,0.32144612,0.4438381,1.4742556,0.95665735,-0.7798345,2.713446,0.2695116,1.6844267,3.1347404,0.8528878,-0.6155782,0.28541234,0.49750698,-1.6532005,-1.8428,0.09346751,-0.037416924,-0.6095091,0.9580113,-1.013407,-0.3109543,-0.17358823,-0.97331154,-0.5330011,0.18731287,0.48610735,2.9667652,0.8790794,-0.58595216,0.82657146,0.97438306,-1.6968912,1.1968712,1.8113909,0.0021021545,-0.49461484,2.6805155,-0.7220802,0.58539176,2.0988662,0.27734128,2.2309575,0.26037902
CACATTTCAAGACACG-1,-4.8726864,-1.8973383,0.9124069,3.2231762,-2.487219,-0.0008291141,1.6529628,2.1282418,0.52277863,0.09895623,0.24688552,0.8266013,0.50394523,-2.1986542,-0.64536506,0.019564742,-1.2130189,2.02884,-1.2943468,0.7539057,0.59790033,1.2715734,-1.7524012,-0.6366827,0.40123844,1.4326168,-2.9987485,0.100103036,0.024674317,1.8727729,0.6329247,-0.34966007,1.1444383,0.10462263,2.2281969,1.3176476,-2.289343,-0.300818,-0.6238334,-1.1556628,-0.2947516,0.84079903,0.07336318,-2.7737863,-0.24999905,-1.722362,0.02447456,2.0660226,-0.23263314,-1.4050598
CACATTTGTTGATTGC-1,-3.8603256,-0.08242749,-2.4581752,-2.0024748,2.3842897,-1.9462916,-2.5811093,-3.6079726,4.0721226,-2.5602133,0.20769453,1.9997255,2.2004046,-0.71509194,1.6977816,-0.6040949,2.567849,2.7702403,1.809988,-2.0080965,0.5431105,-0.19293359,2.0872905,0.048137747,0.23999271,0.8841214,1.1170154,-0.33251804,-2.2386253,-0.12817626,0.60349494,-0.30821484,-0.78412735,-0.65730196,3.408312,-0.8521632,0.09774268,-0.59997874,-2.6709855,1.5221167,-0.53111583,-0.3087349,0.7139735,1.5574967,2.0731022,-0.49077693,-2.9857807,0.8582378,-2.4060674,0.51095635
CACCACTCATGTAAGA-1,-4.3322015,-1.2010324,0.9404279,0.10755761,-0.09439294,1.7694184,0.45698237,-0.8394859,1.4090855,-0.53209084,1.0758972,1.3535281,3.1578271,-0.9733994,2.7371945,1.7673861,-1.029812,-1.3322966,-1.279086,-0.87386125,-0.69079536,-0.111463666,-0.75838464,-1.8982635,-0.7224592,-1.1607425,1.4128798,-1.3341113,-0.46931925,-0.8839067,0.53875417,0.3810818,-0.6495546,-0.101721086,-2.2107477,-0.9195572,-0.56496906,-0.69237834,-2.204073,1.3883349,0.111085676,-2.41565,0.10659917,0.05328475,1.4725778,1.4702561,2.1511893,0.5824347,-2.0013087,1.2524698
CACCTTGCAATGACCT-1,-2.8762105,-1.0322553,1.7254392,3.3857286,-3.5054576,1.1922798,0.014628285,1.1816342,0.60669786,0.34836274,0.88719314,2.7031078,-0.27697483,-2.9168508,0.59223527,0.93108624,-0.00014951217,-1.4293952,0.3559027,-3.2092264,0.37715447,0.21843764,-1.0530028,-1.20675,-0.4456467,1.3404462,1.2481748,1.010985,0.1466325,-0.90341,2.2147005,1.6272955,-0.24579602,-0.7909409,0.37782422,2.799969,1.2909473,-0.56048834,1.9347634,-0.37441167,-2.135974,-0.43504518,0.035639133,-0.7019644,-2.3953571,-1.2814106,-0.89126873,2.5125031,-1.9828609,-0.29827502
CACCTTGTCTCAAACG-1,-3.3983111,-1.1922694,-3.3562815,-1.0317851,1.528149,-1.4144771,-0.20436406,-0.4370138,2.9585848,-1.9169893,0.19527157,2.8177426,-0.9331637,1.7542241,0.16377434,-1.7153808,0.156378,1.5973004,-0.6728982,-2.1309369,0.33515695,0.8373266,-0.22457424,-0.13618982,0.3077873,-0.70906895,0.41058427,-0.22262333,-1.5521219,1.4662732,-1.7957222,1.3942485,-1.620244,-0.6664347,0.13816108,1.1086136,0.21484134,-0.07607426,1.1659285,0.4381179,-0.6045439,1.2254802,-1.1841786,-0.24302071,0.89136577,0.8384743,-0.80726135,-0.39830902,0.02933246,1.5634578
CACTCCAAGTACGTAA-1,-5.630032,-1.6920552,-3.2837133,-0.29286876,-0.29184812,-0.86594063,1.022496,-1.6989722,1.0752087,-1.5986212,-1.5488575,0.49871174,-1.7223483,0.40894568,-0.8217853,-0.8841023,-0.08678831,1.8957684,-0.7046914,0.17634387,-1.387592,-0.5843191,-1.3122,-0.53717357,0.92801505,-1.4190804,0.48999128,0.35414717,-1.9254719,1.632953,-0.93435574,1.7364607,-1.549851,-1.8369207,-0.99787,0.43709573,0.71780074,0.59273803,-0.22564614,0.6254758,-0.663922,-1.0349166,1.4997501,2.4699585,0.671994,-0.32268348,0.09378469,-0.16455512,0.09051643,0.7187145
CACTCCATCTTAGCCC-1,-5.13355,6.1921916,12.145118,2.5186765,-1.9170038,3.6160493,4.05144,0.540161,2.064531,-3.4273098,0.47916672,-0.117897615,0.31379336,0.07679242,2.7573397,-0.55066884,-0.37466902,0.23031642,0.9673139,-2.094898,-4.140533,-0.3474115,-0.056914743,-1.4566888,-1.3297288,0.92226636,-1.4035459,3.3122082,2.0772645,-3.3273237,1.5478867,1.1876801,-1.2229474,0.4047595,0.1711483,2.9421744,-0.07914701,-2.4073825,-0.27160278,0.4748077,-0.69744027,-2.89646,-3.1474018,0.33481964,-0.08923645,2.9600072,-2.3981621,0.8371209,-0.15757808,0.7184303
CAGAATCTCCCAACGG-1,-3.069118,-2.0981276,3.8336072,3.1620588,-3.3361628,1.6431915,1.668238,0.76620615,0.52396953,0.05437555,1.2939651,1.7184838,0.1534977,-0.8428323,-0.48903462,0.64389086,0.04229291,-0.8159542,1.0174471,0.7043443,-0.54450774,-1.5945483,0.11716932,-0.460744,-0.6177523,-0.7712722,1.5209019,-0.5409322,-1.0468786,-3.4447253,0.015578683,-1.402042,-0.7846753,-0.62680286,-1.2482383,0.25172445,-1.6455792,0.47113615,-0.48381004,-1.341972,-1.1488672,0.30782145,-0.09601829,0.5510638,2.0592299,2.0599806,0.8565478,-1.1874944,-0.9525264,-2.0079775
CAGAATCTCTGGTGTA-1,-1.5577236,-2.2493205,-2.7358446,-0.23126099,1.3134139,0.5062168,-0.65063983,-0.6483854,2.0383406,-2.144494,-0.3664193,1.5349833,-2.0541925,1.6399639,-0.4658565,-1.6614182,0.014355459,0.6243028,0.5591571,-0.92931116,1.5093764,-0.85275775,1.1607848,0.2925644,-1.2770901,-0.59904695,-0.02704416,0.2191624,0.17136717,0.29396594,-1.2788886,1.1987805,0.07883823,-0.6665501,-0.71854264,0.08995725,-0.1905255,0.43831477,1.1591265,0.7668772,0.48956075,1.835845,-1.1214719,0.31488425,-1.0885748,-0.6455936,-0.80607814,0.86162007,1.1652066,1.3054368
CAGAGAGGTGCATCTA-1,-6.399746,3.219452,-15.523744,-5.738205,-1.3099742,34.916832,-0.52085066,9.321081,-2.2862182,4.467337,-2.0405,0.8300217,-1.2554667,-0.3959805,-2.8832848,-4.6094685,-0.69236964,3.765877,-1.8973093,-1.819264,1.0101991,-1.0233014,6.8816156,-1.5849625,-3.4985957,4.6829143,0.8073635,-3.152028,-6.9000726,-13.056124,-2.9861238,-16.026342,13.590019,6.9487205,-16.432137,6.5166698,1.8561465,-26.394,-6.3418365,3.3329391,-17.232998,-16.671612,6.0511007,-10.269052,16.111403,-8.074374,-5.3839817,-4.1457677,-9.508286,-2.4730248
CAGATCACAGGTGGAT-1,-4.870428,-3.7419186,-1.6624435,3.054555,-2.5261629,-0.9298914,1.4577183,0.4803498,0.68638474,0.5693585,0.8181515,0.8773753,-0.09623829,-2.0519967,-0.21040627,0.28235233,-0.4745576,-1.4824983,0.88857967,0.2835662,-0.03577095,0.86447006,1.2996778,-0.77972716,-0.7853833,2.112982,0.014517187,1.000347,0.5632987,1.6736925,-0.6399362,3.381212,1.586232,-1.1722722,-0.37958813,-0.23273668,-0.682343,-1.340304,-2.107831,0.21841073,0.38804978,0.5531435,-2.0538242,2.2043495,-0.95229757,-0.49857637,-1.2964904,0.805886,-1.7766632,-0.26680955
CAGATCAGTAAGTTCC-1,-0.6893703,-1.7198513,4.5316024,5.239925,-2.9376438,1.9017597,-0.79050314,-1.7769047,0.34896997,0.72559506,0.53055257,1.0547168,1.6784528,-1.0484695,0.65478796,1.336389,0.52647376,-2.103409,1.1784359,-0.281338,-0.66749704,-1.5281135,-0.46763924,-1.4766945,-1.7260423,-0.86542344,-0.11469071,-1.0346063,0.9136972,0.10051609,0.8096197,-1.0355902,-0.35889608,0.28939226,0.322366,1.1455783,-0.41510892,-0.103745155,-0.8619118,-0.14447236,1.4444946,-0.19824141,0.46493372,-0.24009478,0.32760912,-0.67042434,0.8742311,0.09215407,0.6989912,-1.4270972
CAGCCGAAGTGAAGTT-1,-4.258096,-1.8829303,0.82209104,0.7602229,-0.41688156,-0.55709237,0.65945834,-0.30368435,1.724024,-0.48851314,0.48381025,-0.4183519,2.5083566,-1.0004344,2.0735688,1.3886672,1.5190439,-1.8480159,-0.56595796,-0.7853714,-0.15454435,0.80531985,-0.51626897,-1.4386849,-1.3173742,-1.4973216,0.30170733,1.296274,1.1709716,-1.3658509,0.80652845,-0.6743301,0.114412054,1.2190835,-0.1927819,-0.510266,-0.73826635,1.0899493,-2.6092455,-1.234388,0.5288205,-1.8824689,0.2536861,1.6291109,1.8731456,0.9077357,-1.1486061,0.6171013,1.6251311,-0.5933967
CAGCCGAGTAGGCTGA-1,-2.1031003,-3.124484,-0.89093536,1.3351787,-0.28533274,-1.190741,-1.1977774,-1.7088404,0.5547723,-0.13801652,0.04698096,-0.5628241,0.3367144,-1.0906221,-0.6287607,-0.09939449,-0.35887653,1.1605437,0.17919363,-0.9307292,-0.2538645,-0.8293628,-0.27484772,0.028702289,-0.4228832,0.2699652,0.59215,0.19267793,0.0006610489,0.92056286,-1.1822842,0.569495,-0.96181846,0.19364904,-1.3088425,-0.53122705,-1.6406269,0.2887583,-1.144912,-0.2787401,0.37273625,0.30903774,0.13870624,0.7125025,1.4323959,-0.22477774,0.615638,1.2846336,-0.6963182,-0.33189753
CAGCCGATCCACTGGG-1,-4.46118,-0.22947359,-0.9467797,2.6598063,-2.3316429,0.21865916,1.1524665,0.34670007,-0.2407462,1.8282627,-1.13296,-2.0976,2.9569602,-0.78338647,-1.3041948,-0.97171897,1.0399277,-0.5139167,0.20577206,-0.20875429,0.6143543,0.2291205,-1.1734844,2.5165803,0.39144343,-0.41620174,0.87008834,1.6479323,0.17558157,0.77115256,-0.18159217,-0.16759449,1.2196358,3.1268208,-0.57167834,-2.4256573,0.06506158,-0.18509507,-1.5366611,0.28191346,-2.3139424,0.9113923,-0.9122409,1.5345594,-0.26459998,0.6126049,-2.091259,0.98033005,-1.0873669,2.875647
CAGCGACAGACATAAC-1,-4.173672,-4.1758924,-0.7360253,5.238633,-5.4662185,-0.12726541,0.15587455,0.29615983,-1.9612759,3.1265628,-1.6288611,-0.053567052,0.9363949,-0.73788404,-0.6613755,1.5498166,-1.8966914,-0.22910282,-1.7033614,1.836932,-0.87031275,-0.85455596,0.0696243,2.552612,3.3438168,2.2884173,-0.20793208,0.29595125,-0.35688683,-1.1930506,-2.1077924,-2.46698,0.15538688,0.8978533,3.1439207,1.335162,-0.95565456,-0.73648256,1.8134671,0.4001558,-0.32056704,2.1770837,-2.3814735,-3.83808,1.7687192,1.2496039,-1.2242174,3.2283895,-3.2598622,-3.8352222
CAGCGACCAAGCGCTC-1,-3.7423408,-2.3934739,-0.48240757,1.5124067,-2.715848,-1.2030501,0.39630735,0.668411,-0.053664647,-1.0204347,0.3238443,0.945682,0.017913377,0.07049832,1.4307477,0.38094428,-0.26958025,0.16892083,-0.53525007,-0.5830799,-0.081058346,-0.39689893,1.0516768,-0.30737296,-0.5627476,-1.6587965,0.06549227,1.1003015,1.0548363,-0.36184022,-0.30661497,0.42914897,0.42041028,0.47042796,-1.8310655,-0.32119858,-0.9384717,-0.15683974,-0.5434582,0.29772997,-1.5111873,-1.5380839,-0.68574816,0.06549943,0.80014366,0.7949704,-0.75423723,-1.8863331,0.014654386,-0.10665681
CAGCGACGTCACCCAG-1,-5.4752364,1.9279712,-5.5678043,-3.3409114,1.0752966,3.3644955,1.6932591,1.4921865,4.6096168,-11.016361,-0.5762022,-1.306031,0.98384386,8.822218,0.9318809,8.538086,-4.4807296,-2.6656008,1.3425857,12.113319,3.6566024,3.2879539,0.23291053,5.319286,-0.99132484,-6.7011495,-0.139169,-4.67964,7.9265547,-2.4512188,0.9042049,1.3389347,0.33385006,5.3329463,1.2615373,3.9640987,-12.787033,3.9053087,5.9128385,2.2587342,-2.1701374,3.906674,3.243377,-2.5631275,-11.385474,2.9014528,-3.0349665,7.6781187,-3.6921837,0.7259182
CAGCTGGCAACTGCGC-1,-7.7131057,5.850791,-21.365253,-7.663201,0.7344761,42.16895,1.2290057,9.664816,-4.1285706,4.796537,-2.0324233,10.0071335,-5.1333995,0.50173056,-1.5728033,1.7152385,1.2009326,-4.2176247,2.6494868,-6.4062586,-13.08832,-20.22927,-7.6535163,-16.983438,22.74496,-20.939768,-15.753675,5.2115164,13.584813,20.824432,20.739094,11.148565,-5.4121413,20.886461,12.412787,-3.0322897,4.709152,-2.7064886,5.709183,-1.9240385,0.30575985,-2.6177392,6.55743,-5.5683384,2.4274948,-1.8816878,2.118209,1.7692755,-0.8712522,-1.8627777
CAGGTGCAGACAGAGA-1,-3.5823488,-2.6241848,-4.635729,-2.07653,2.089389,0.7408669,-1.2924097,-4.8497567,4.02055,-3.2841141,0.6077924,1.1509185,0.32616797,1.1677431,-0.37650365,-0.29867813,0.32733214,0.46314812,-1.8253204,0.47566447,0.6505354,-1.3497343,-0.52595204,0.6872187,-1.9551003,1.0748256,1.1524825,0.10204063,-0.8671303,-1.9434632,-0.30095813,1.4224232,-2.4173038,1.7707357,-0.5596937,-2.4492302,-0.12827314,0.16257654,2.3517776,-0.6718554,1.3879265,-1.3911879,0.06728164,-2.256649,-3.1170728,-0.062039018,-1.4283754,-0.447143,1.014867,-1.5803432
CAGGTGCAGGCAAAGA-1,-4.121814,-0.18476863,6.3478503,2.3298488,-3.7148592,1.1806482,0.20661262,1.8429998,0.50637,0.83523065,2.0699787,-0.08822065,1.6935029,-2.2685375,3.1835854,1.8097668,-0.44336638,-1.9454819,1.1709247,-0.49497,-1.323014,-1.671637,-1.7040044,1.4705323,-0.21461771,1.8659055,2.5154352,-0.58032185,1.1448071,-3.2403162,2.0830762,-1.0821003,1.073603,0.7978988,1.2118518,0.5165012,1.2890804,1.3774227,0.096314535,-2.7503765,2.275484,-1.4701549,0.014080734,0.29592395,-1.045736,0.46926367,0.1024441,-1.3933676,1.1578919,-1.0977846
CAGGTGCCAGATAATG-1,-3.926262,-2.820878,0.8121466,3.5703154,-3.8621542,-0.05360949,1.1170067,0.9483807,-1.114417,0.16424964,-2.4500837,0.5259176,-1.1648749,-0.5136064,-0.13276039,-0.6945667,-0.89341885,2.593644,1.8521657,1.2130681,1.4937539,-0.6600385,-0.8824697,-1.2707044,0.88050956,1.683888,-0.50260955,-1.6271781,-1.5733441,0.40688074,-0.317148,-0.6558814,1.1630435,0.6714565,-0.14583175,-0.19210532,-1.4276938,1.1103051,1.0458511,-3.02613,-0.08055609,1.4621873,-0.48823017,-0.67988074,-1.5607356,-1.3110486,1.2013967,0.08279006,-1.8667289,4.1054697
CAGTAACCACTAGTAC-1,-4.6805663,-1.960334,-1.3584557,2.3692443,-1.933756,0.60337347,2.2800674,-0.89218664,-1.3662846,0.7998187,-1.6720735,2.0579612,0.33399525,1.0338709,0.066189766,-0.6016073,0.63466376,1.9693079,1.7515144,-0.41886666,-0.717665,-1.3042248,1.1924711,3.5046005,-0.4329166,2.214119,-1.7860719,-0.48383626,-0.93716437,0.80299556,-1.6187571,0.57724154,-0.254815,-0.35489905,-0.8930445,1.5613889,0.4298918,-1.5967764,3.2349281,-0.14157155,-0.18532057,2.7494833,-2.0017738,-1.3691072,0.017508013,0.1116736,-1.7900648,0.20857243,-2.6183856,-2.3127136
CAGTAACTCCGTCATC-1,-6.980974,-0.91009986,-0.8927487,2.0868275,-2.3065557,0.56063527,2.14363,2.4019337,0.022748625,0.100974865,-0.53622943,-2.3560376,-1.392387,-1.2120912,1.4048249,3.1087925,0.9027955,-1.0361267,-2.537705,1.3410399,1.4294788,-1.2198521,1.7545052,-2.681109,-2.4946287,3.498529,2.3873677,0.49267718,2.6013565,1.1703258,3.2768993,0.9543534,1.5889994,2.9086502,-2.692239,0.66027087,-1.362283,-2.505754,-0.26818115,1.1368655,-0.18247156,-0.89367473,-2.2844515,-0.39570484,1.899668,-0.9068305,-1.3233798,-0.93935645,-1.9585298,1.8501663
CAGTCCTAGATCCTGT-1,-6.8730764,-3.472982,-3.6337123,1.4031308,-0.9089148,1.8531922,2.7219229,-0.0044545447,1.6474,-2.4993875,1.4372476,2.2932022,-4.3576956,1.5990442,-1.3888924,-0.6414216,-1.0659868,-0.29396284,0.4649683,-1.2314183,0.054994214,-1.1166025,-0.46644253,-0.50769687,0.5832081,1.1006227,-3.1138155,1.7358453,-0.7752727,2.5998561,-1.8473397,0.675619,3.2800453,0.672004,-3.1012468,2.394411,1.5416499,0.6973184,-1.7070347,2.9155612,0.71044666,2.6108048,0.1493979,0.46535704,-0.6811847,1.2136613,1.7545979,0.71756506,0.4429718,-0.7599215
CATATGGCACTGTTAG-1,-5.8262587,-2.1816905,-1.4119734,0.82515144,-0.5796448,-0.9255229,0.49267545,1.20119,1.1047465,-0.68024504,-0.52285033,-0.519305,0.41456717,-0.7760549,-0.13698423,-0.025530014,0.33946624,0.7993004,-0.5080215,1.4132898,-1.2225795,-1.2409096,-0.8808741,-1.5139855,-0.9651976,0.22554944,0.84085715,-0.73671824,-0.07160659,0.8991089,-1.4595895,1.3106533,-0.21635471,-0.7649288,-0.7339314,2.409714,-0.058999605,0.43504515,-0.65231025,-0.6572701,0.9573957,-0.16142279,-1.5572394,1.246554,0.088956006,0.68548864,-0.3693658,0.05179491,-0.5175825,-2.6221583
CATATGGTCCCGGATG-1,-4.3318853,-2.0350745,-0.09942195,1.2578925,-1.5791636,-0.5881934,2.4903631,-0.5291307,0.27386725,0.14636998,1.1676916,0.7234651,-0.25423348,0.10673731,1.7172625,0.33857316,0.5602184,0.2881159,-0.459073,-1.1435938,-1.0051817,-3.4682748,1.5640801,-0.039092515,-1.0364078,1.6740512,1.9267044,1.8815756,1.3320538,1.3115941,-0.4828234,-0.31242308,0.66109663,0.066674404,-1.8851999,-0.6805874,-1.4336826,-0.17920001,-0.17051417,0.5693223,1.9458979,-1.8136369,-0.40976316,-2.4617417,0.7544165,1.1947132,-0.53869426,3.3606668,1.021053,0.3139303
CATATTCAGCTAACAA-1,-3.8649478,0.7355684,6.5848503,1.7132657,-2.2352946,2.0220072,-1.7310251,1.0112747,-0.69509614,-0.403381,-1.8922548,-0.76496667,3.8272924,-0.5925718,4.7000265,4.072312,1.7763402,-3.2992568,2.9798129,2.205541,-0.36569762,-1.1835763,1.9727069,1.9247693,-3.1128194,-1.2459203,2.074617,-3.1816332,4.205932,-1.1164457,2.3235965,-1.3851162,0.04349835,1.4991411,2.3954275,-0.5154854,1.2035251,0.28744093,0.19474073,1.2284623,-0.53752106,-1.3902433,-0.70615906,-0.6028283,0.23418386,-0.12153711,3.0965865,-3.3946605,-1.0118988,0.35756195
CATATTCAGTGTCCCG-1,9.305771,-1.2094626,-1.2525451,1.559908,-0.43738574,-0.13899735,0.39175642,0.60884064,2.3098316,0.041609496,-0.08290453,0.9618472,-0.8698845,-0.3729248,0.3816195,0.08387837,-0.26776555,1.0077834,1.0185436,-0.18491578,-0.40289935,-1.6084261,0.044045247,0.61255944,-1.2006255,0.8228325,0.22154531,-0.38693836,0.009794686,0.7088506,-0.6154287,0.5526063,-0.15238829,-0.15791798,-0.48613444,-0.3344949,-0.086790256,0.18798827,-0.23282471,0.6845113,-0.053601835,0.21232067,-0.09474818,-0.26993364,-0.10585855,0.49687162,-0.38644165,0.07858988,-0.20725302,-0.35057068
CATCCACGTCGAGTTT-1,-5.394918,0.058327653,-3.4362643,-3.2522058,0.5779074,-0.9290092,1.2685839,-0.4367932,2.0463107,-2.4607687,1.6710397,0.7213283,1.3060038,3.679418,0.23654515,-1.399546,-1.036943,-1.9872166,-0.002088171,-2.1413343,-0.8148256,0.09989097,1.4050401,2.173994,-0.09399051,0.43382016,-2.770556,2.1238706,-2.724634,-1.9734724,-2.369765,0.7371128,-0.9900465,-1.2210536,0.11051928,-0.20822011,-0.75793356,1.3970774,2.5920517,-2.8178349,-2.464166,0.77487415,-1.3080608,0.32648993,-2.4727745,0.55017054,2.8913956,-1.9262007,-1.1344928,1.8286903
CATCCACGTTCACCTC-1,-2.6101267,-1.0195055,2.6166217,3.6670563,-2.1001673,-0.31622073,0.1736635,0.12681372,-1.050088,0.37821257,-0.20412646,0.87056,-1.4860058,-0.23061998,2.0439234,0.482914,-0.68794453,0.35352966,-0.52124965,-0.73069644,-0.3595266,-0.87707573,-0.13913812,0.97023094,-0.66516393,0.8790356,1.5050745,-0.8574041,0.09897128,1.2741803,-0.3267764,-0.18484981,-1.5313777,-1.129402,-0.29407036,1.2101328,0.0980676,-1.1867781,0.3428287,1.6716554,-0.16943385,-0.2631464,0.17397542,-1.0566925,0.32821238,0.9600013,-0.68046474,0.56908095,0.019027429,1.1865771
CATCGAATCCACGACG-1,-5.9707127,-1.6973033,-1.5735337,2.116792,-1.1612854,-1.6064092,2.2691202,3.3444996,0.96430975,0.965361,-0.08535058,-1.0299689,-0.3305259,0.115709394,-0.16207273,-0.12797338,0.40394178,0.46412894,1.3510662,-1.1816956,-1.765136,0.5848297,1.1582586,0.48475528,-1.0892804,0.0067457194,0.52540934,-0.20682533,0.25418168,-0.17496061,0.68564796,0.00056130544,-0.7264481,-1.9694731,-0.28472197,1.6725212,0.79320467,2.0482376,0.8693088,-1.2989287,-1.7954929,1.02098,1.4693365,0.5482727,0.40440878,-1.5314467,0.5443537,3.2358975,-2.876619,-0.2413836
CATCGGGAGGACGAAA-1,-3.2958503,53.57882,-24.35916,99.71858,75.70916,1.1677033,0.86171997,10.566003,-3.7217047,-1.2826929,-0.37838295,-1.6667999,1.4778299,0.58566254,3.900657,-2.3254557,-2.6359248,-1.4368956,1.023098,0.040453807,-1.1695633,-0.13904944,1.139578,1.0919073,-0.75666744,1.2883397,-0.6632226,0.72584873,-0.7498263,-0.73988384,0.718836,0.9006944,-0.57260555,-0.18932194,-0.78161514,-1.7662032,0.0744659,-0.30544475,0.058422305,-1.4684168,-0.6028369,-1.1469722,0.13043101,0.5260485,-0.31309837,0.20285591,-0.4145078,-1.4618309,-0.6291721,-0.23569359
CATGACAAGAGGTACC-1,-4.948348,-2.3094125,-0.74082077,2.5572417,-3.3773313,-1.0216916,1.1488929,1.1924679,-1.1532356,3.0174477,-0.20822152,0.15509275,1.4197416,0.403608,-0.7723681,1.0551486,0.7222082,1.5839337,0.4567521,1.3593166,-0.45377916,0.9002872,0.1086577,0.91897845,0.025758326,-0.17312542,-1.3301541,-0.06895667,0.20545794,-1.2385055,-0.6416112,-0.13853715,0.4419165,0.95223707,0.07586536,0.80610144,0.70612067,1.3038758,0.05519241,-1.308062,-0.38046154,0.039866157,2.0224283,-1.1178993,-1.4735857,0.17853929,-1.4607776,0.8760925,-0.6615941,-2.904925
CATGACACAATGGATA-1,-4.236619,-2.6110086,0.40548736,1.909486,-2.5083745,-1.0534406,0.49640003,0.83648175,-0.29025683,-0.09734751,-0.2087818,-0.033882365,-1.2653966,-1.7237648,1.3269387,-0.1735806,-0.11851881,0.20436089,-0.11001563,-1.3605543,-0.54496825,-0.49739882,-0.5375341,0.8173134,-0.40942237,2.778498,1.6316884,1.3182294,-0.12914848,1.7288811,1.1155372,0.54425627,-0.8958115,1.3395113,-1.8154489,-1.1806033,-0.5308711,-1.9215117,1.1107898,-0.2935484,1.0091577,-0.67788583,-0.3153362,0.6293499,0.5041557,-0.48099968,1.1409451,1.876142,0.40688378,0.32355613
CATGCCTTCTGACCTC-1,-4.7395773,2.778957,12.159161,3.7722638,-3.3558147,4.77227,1.2914952,-1.776483,1.6335365,-5.29311,-1.5984584,-1.2335125,0.8206743,-0.9599141,-0.12361604,-1.146964,1.2361494,2.051738,0.89028084,-1.6967214,-2.3183143,-0.56545824,-2.328916,-1.1541944,-0.46057412,0.66479605,-1.8819153,4.0715475,0.425773,-3.022607,0.35371083,-0.5994867,-0.37008598,2.7892957,0.5469956,0.35573202,-0.7839163,2.3239508,-0.24862409,-0.7130278,-1.5501033,-0.5060688,-3.9918897,1.1436118,-2.087935,0.021833468,-2.3909779,2.2454596,-0.44162458,-0.34440428
CATTATCAGCAGACTG-1,-4.3547,-1.1965017,1.8679713,3.1921618,-1.7173262,1.3997601,0.22444195,-1.0312676,0.6066396,1.0796299,1.091473,-1.4682752,1.4575015,-0.8328081,0.8739814,0.7998765,0.2068589,-2.4044478,1.6437339,-1.5335059,0.35673967,-0.39257637,-0.36474594,1.9434296,-0.78549504,-2.5144997,3.4877393,-1.497216,-0.77506244,-1.0464534,1.5470526,-1.6266253,-1.9455377,-1.005387,-1.2444346,0.58531314,-3.2870579,-1.6526288,-0.8520564,0.5779065,-0.5445951,-2.4905899,-0.16857073,0.9023906,1.6788665,0.13077565,1.2212715,1.2512252,-1.0030792,0.92591494
CATTATCGTTCACGGC-1,-3.100426,-1.3224423,-0.42364943,0.5158899,-0.27154037,-0.84141815,-0.7274132,0.020376112,1.6417849,-0.43597218,0.52184206,-1.2096901,-0.7880146,-1.1481453,-2.2266333,-1.6317471,1.5081096,0.19647677,0.9824247,-0.14251995,2.6970844,0.9930128,-0.8458779,-2.9312973,-2.8467197,1.0764654,0.07136748,0.4141568,0.8910675,3.1677608,0.8419011,-0.7697537,0.08154338,-0.2332421,0.33403832,-1.0424,-2.4039319,0.7709012,-1.3677528,2.9216073,0.49008977,1.1096263,1.0465007,0.020413563,3.140709,-0.3726805,1.7324774,-1.4846368,-0.8253905,0.40732586
CATTCGCCATGCAACT-1,-5.14416,-0.9938127,-0.38922554,1.7759622,-3.027346,-0.21616027,0.5899488,1.2816815,0.12986441,-0.98847115,0.5691442,-0.30421552,-0.63931775,-3.0518787,-0.34903622,-1.1642044,1.5331333,0.98669827,-1.5772136,1.9877441,0.7560517,0.684726,-0.89029825,-0.24610065,-1.4468071,-1.7611624,-0.7005574,0.12337322,-1.3496556,-0.9652682,-0.1513268,-1.5301348,0.6776254,-0.040056378,0.41272002,-1.3090189,-2.1958423,0.39466643,-0.04129228,-0.5080498,0.78574836,0.5044643,0.12515932,0.776999,-0.06717923,0.092963465,-1.5260408,1.7153907,1.8241792,0.058674484
CATTCGCGTAGAGCTG-1,-4.885028,-3.227326,-2.5101204,1.0485957,-1.8409244,-1.0997428,-0.48330668,0.28730798,-0.63700247,1.8383721,-0.298386,0.39879066,-0.5312558,0.67792225,-0.81261927,-1.3053887,-2.2939305,1.7514191,0.3194368,0.17316394,1.0700084,-0.67920715,0.19525473,-0.6074157,-1.786952,0.5244288,-0.5499576,-0.69386286,1.6382258,1.6937702,-0.8892422,1.1033384,1.2796781,-0.72700673,-0.67693067,-0.14672363,-0.38061905,-1.1529489,-1.1402552,0.044941243,1.3214425,-0.6068635,-0.662938,-1.4078511,-0.6346264,-0.0072629675,2.1310651,0.6316615,0.6487452,0.24829789
CATTCGCTCGTCGTTC-1,-4.2180247,-1.4664025,-4.206952,-1.8604941,2.0422022,0.12194326,-0.8105007,-3.4965043,3.0555913,-2.05505,-1.5201721,1.0244709,0.8500988,0.005506868,1.0543321,0.0056125144,1.9902446,2.371089,-0.500137,-1.6658033,0.30341506,-2.585893,3.1450014,-0.8246445,0.5693992,1.206622,0.43114203,-0.69704854,-0.49178773,1.8000046,0.28791735,-0.33262867,-2.277824,0.039267316,2.0170794,0.11591076,-0.32710198,-1.0630656,-0.32837918,-1.3853774,-0.24934165,-0.9674052,-1.3584837,0.12219713,-1.4019451,-0.27456123,-1.6295927,-0.16620876,-0.16105996,-0.8024031
CCAATCCCAGCCTTGG-1,-4.8853574,-1.2315987,0.12925996,3.63243,-1.693703,-1.2941653,2.9028852,0.17477594,-0.66239786,0.0897186,1.7120527,1.8493748,-1.2728027,-1.911242,-0.010396029,-0.666897,1.0134617,-0.51519436,-0.57280535,-0.5102991,0.72816765,0.10830311,-0.4110468,1.2635797,0.9924642,-0.4658751,0.42941585,0.0797279,0.23753898,0.52556884,1.2476599,0.18855655,-1.872263,0.7438142,-2.3286345,0.5057658,-1.0914102,1.4126534,-0.98288196,-2.8619325,1.5702994,0.31406143,-0.6928488,0.9565308,2.1536944,-2.381239,-0.6985958,1.170914,1.2685307,1.1145896
CCAATCCGTTAAGATG-1,-2.4013577,-1.5482404,2.6532612,1.9910817,-3.6581848,0.41917256,0.48714063,1.9496555,1.0076383,0.3299224,3.2625296,-0.32752073,1.1323123,-0.36829656,0.9350114,1.0462466,1.1084247,-1.5125147,1.5615002,-0.25870353,2.5515847,-0.93006474,-0.95920515,0.47899958,-1.7436343,-1.6005707,0.022005145,0.7155535,1.5121561,-0.96652853,0.19974868,-0.47800228,0.8181074,1.245875,-0.1867202,-1.5851729,-0.4185042,-0.32580355,-1.0086948,-1.5103693,0.7262201,-1.1894686,2.368495,1.0766631,1.2818252,0.80614847,-0.119566634,-0.53753483,0.6945887,0.29427683
CCAATCCTCCGTACAA-1,-4.411177,-1.4660205,-0.3470205,2.5422106,-3.147496,-0.46641284,0.52659863,1.2084512,0.15758167,-0.1495125,-1.2005738,0.2601395,-4.0669293,0.7184166,1.4920822,-1.1687565,1.6101985,1.368533,1.0115612,1.1494186,-1.271626,0.3466252,-1.3590109,1.5190864,0.8889239,0.5642875,-1.7104926,1.1125308,-1.5393598,1.9466015,-0.61386734,2.1558902,-0.2402022,0.59291184,-0.98304677,-1.0391532,1.34908,-2.0829885,-0.0059478073,2.0596733,-2.8428562,2.7570405,-1.6364875,1.4530406,-1.0994003,-1.97847,-1.9301814,1.4981711,-2.068331,0.880228
CCACCTAAGCTCCTCT-1,-6.6669254,0.14820994,-1.2953049,1.9332801,-2.4367445,-1.8955928,0.94130385,1.2276415,0.45989072,-0.84661746,0.27473935,0.18435377,-1.0567468,-1.6161971,-0.22684954,0.16307727,-0.4041897,0.08744288,-1.3886443,-1.867782,-1.3838999,2.444589,-0.16538064,1.6729461,2.077671,-1.2040321,-1.0375236,0.6918151,-1.8867565,-1.2463304,-0.5654778,1.3500882,-0.56434876,-0.16560099,0.31925815,0.8818162,-0.59850615,0.30960944,-0.32072654,0.96448225,-4.177408,1.3543888,-2.452544,1.3423896,-0.40839753,-0.6181278,2.0404599,2.9172497,-1.3918474,0.050932754
CCACCTACACCGCTAG-1,-5.468294,-0.17839396,-0.43493468,1.3129222,-1.7652086,-0.62098336,0.7065598,1.4072222,1.8833998,-0.58714885,-0.2805992,-0.14917158,-0.012492773,-1.0388068,-0.45698604,1.2667903,-0.78577566,0.18857068,0.37533793,-0.7687395,-1.5229391,-1.0679563,0.9752569,2.0649102,0.072138846,-0.5875201,-0.9019557,1.8430746,-1.0599165,-0.30622506,-0.66925293,0.29833287,0.589418,1.4309583,0.83243513,-0.9721546,0.6959378,-0.9842517,3.347747,1.4836317,0.01897207,0.1318999,0.1089536,0.0023089994,-0.4251958,-0.9853008,-0.6041277,-0.7353537,-0.8323405,-0.58441
CCACCTACATGGATGG-1,-2.2434716,-2.4193208,2.8026295,3.0379922,-2.3475807,0.85172826,-0.17303815,0.2551669,0.32903337,-0.47150502,1.8945487,0.2685865,1.3945657,-0.16949046,1.7812234,2.5458415,0.97700346,-1.4920706,1.1845776,-1.57547,0.779907,0.06571223,0.24370857,1.2418033,-1.1401075,0.071675666,0.92923886,-0.8083572,-0.43781936,-1.1517158,1.6610175,-0.54867965,0.027538208,1.4828734,-0.36994645,0.32793507,0.48651603,-1.5424316,0.5654353,-0.056690853,-0.34579962,-1.4627686,1.3086905,2.0210097,0.09101802,0.3204427,0.9327068,-0.8425616,-0.084155716,-1.3378501
CCACCTAGTATCAGTC-1,-4.4818134,-2.1064541,-0.28461814,2.2714877,-4.087591,-0.11167563,1.8196634,1.9577943,-1.3524705,1.476996,-1.0271695,-0.5290102,-1.2916092,-0.891827,0.9740808,0.78217983,-0.11311421,-0.29385236,-1.3040044,1.0616254,2.7132823,-0.5487388,1.196273,0.12839954,0.77563787,1.2478288,1.633382,1.4359027,1.9373089,-0.520107,-0.4986978,1.00337,0.8892938,0.29787442,1.2918369,-1.0082457,-1.1301645,-1.7425976,4.349499,-0.2929964,0.49400836,0.5165695,1.6736177,-0.11219313,-2.9436324,0.24506669,-1.7641727,-1.0732414,0.634606,-0.15145606
CCACGGACAGCTGCTG-1,-1.8862673,-1.9715796,-1.8653352,-0.0375346,0.016791876,-0.12781893,0.7519071,-1.5775406,2.4627268,-1.3096918,1.5931661,0.27694255,-0.8437246,0.72367275,0.28854075,0.24149282,-0.08852309,-0.67673117,1.5099763,-2.4775856,-0.055662718,0.33593357,1.6126984,0.66988933,-0.69742227,0.25045657,-0.4764465,0.9702432,-0.66356874,-1.0558612,-0.008199904,-0.23552166,-0.36645785,-0.4984602,-0.9314208,-0.54667795,-1.4829026,0.92615753,0.095950104,-0.6297722,0.53011525,-1.998263,-0.9715695,0.8525167,0.22934324,-0.25337315,1.0046291,0.029705636,-0.9092198,2.082899
CCACTACAGACAGGCT-1,-7.1026516,0.58920795,-2.9290926,-0.45737085,-0.5949834,-1.2593071,1.7701492,0.81330836,1.1026101,-1.6747277,-0.3168379,-0.8179445,0.24708852,0.111635566,0.38602197,-2.6694598,-0.44062227,0.47533724,0.6540591,-0.38990885,0.4717115,0.94340146,2.218746,-0.06552376,1.1348506,1.9552771,-0.2719862,2.3118632,-1.098567,-0.275729,1.8469034,0.3619095,-0.043614402,-0.7280988,1.1756694,-0.61236113,-0.27299285,0.72038573,-1.1183604,-0.72712207,0.60231227,-1.0414876,-0.38754413,0.9401869,-1.7778795,-1.6034591,2.5040078,0.11761231,-0.6200903,-1.5406797
CCACTACGTTATCGGT-1,-9.968703,3.112591,-1.3340412,-3.233873,-0.10000102,-2.6625762,5.1758747,5.069209,-0.82925886,-1.8270733,0.96741396,-0.5815631,0.65408957,-1.830738,0.9503763,-4.3548565,4.7290473,2.286502,0.30231777,-0.65729016,-4.8736753,-2.9866805,1.8754615,-0.037885625,4.911712,-1.1916909,-1.5233095,-2.9938903,-2.8984349,-3.2547083,2.4199631,-0.93160415,1.1964266,1.1651965,-4.357908,2.5748475,1.9567614,0.31370914,1.5740297,3.953091,-3.8531477,-0.5943974,8.729759,-0.39525348,-0.3666838,1.9141034,1.6572148,-2.9779425,4.6504087,-6.4836464
CCACTACTCAAACGGG-1,-4.706974,-0.9384082,-0.137317,-0.108454056,-0.18744965,-1.1603715,0.72345,0.82371616,-0.38515043,-0.96844095,-0.86918986,0.82134813,2.0371192,-0.2547029,1.2411286,2.162289,1.271085,-0.3547993,-1.0457684,-1.5265056,-2.544371,-1.7811584,0.1439029,2.845362,-0.20967406,-1.1326838,0.33986762,1.3645474,-0.86879295,-2.7355978,2.0011733,-2.0528498,-1.2809224,2.2719126,1.0550414,-2.7953327,1.135037,2.6893244,0.8617231,0.8321278,-0.37219268,-0.2980183,-2.0078104,0.4280723,-0.1815998,-0.18790703,-0.5218979,1.1119416,-0.2824316,-1.7712356
CCACTACTCTCCAGGG-1,-5.6858044,0.9373717,-0.4724924,5.038327,-3.5093453,-2.4908354,2.2816572,1.0886087,-1.7078967,3.8617883,-1.2102729,0.19863287,-0.904077,-1.4056764,-1.2746667,1.4199597,1.3105909,0.7869744,-1.1137346,0.8298312,1.6289597,-0.8938864,0.78097063,-1.6416014,-1.1552055,0.11897782,-1.7588185,1.0000615,1.4349287,-0.188642,0.9821875,-0.7947751,3.1495562,-0.6995999,-0.91629016,-2.086134,-0.5055381,-0.95516294,2.3995836,-0.22036278,0.3633161,-2.699259,-0.67055976,-3.0714953,-1.5345057,-0.8360312,-0.46510926,0.2048131,-0.8718633,3.240839
CCAGCGAAGTCCATAC-1,-5.876648,-2.2327378,1.8101846,4.472491,-5.1192718,-0.60217255,3.0881774,3.8696988,-1.3153257,2.8965275,-2.6382527,-3.6915872,0.046578083,1.3342401,0.013424374,2.4899206,0.5358971,1.1215847,0.5310727,1.7241702,0.32044917,0.96198237,-1.1542554,1.2107106,-0.64742476,1.3678064,-1.2038255,2.8699677,1.9331267,0.76458305,0.96231794,0.9463024,1.076967,-1.7589283,1.9941783,0.024484029,-2.2782547,-0.8805874,2.8171155,0.41564462,2.8642833,1.1896899,-0.35341728,-1.2976128,0.62596786,1.4381927,0.065729335,1.9350684,-3.29439,-0.76224244
CCATGTCAGTCCAGGA-1,10.463604,1.0020425,-0.38304615,-1.119885,-0.31760737,0.9635667,1.9476241,2.8837678,2.4743955,-1.4345641,-0.3458658,0.74817187,0.07613101,-1.5861944,1.0262685,1.0847365,1.1482716,0.4171851,0.7070343,-0.4542585,-0.21320234,-1.0168325,1.000169,-1.4738835,0.30498198,0.44018468,0.30032918,1.5354325,0.5350698,1.8750216,-0.7700796,-0.44191843,-0.56807905,0.63016737,-0.577961,1.0427825,-0.009383626,1.0937308,-0.821351,0.13879608,0.28204998,-0.8234477,0.2848927,-0.22728933,-0.53304076,1.6387465,0.7235124,0.5887331,-1.1825109,-0.5358081
CCATGTCCAGTTCCCT-1,-3.5515954,-2.1810899,0.81736845,-0.0043546595,-0.58407235,-0.05993186,-1.5736156,-0.9113544,2.4724848,-0.37063417,1.1035062,0.9088826,-0.6515643,-1.84235,4.3498907,2.099783,0.19100738,-1.1614858,-1.7360454,-3.9831278,-3.5189817,-0.25743997,0.72429425,0.5003865,-3.298377,-2.205822,-1.7753159,-0.40609184,-3.0396705,0.89125204,0.36626333,1.0046054,-2.8949819,-1.6173679,-0.6524408,3.2643988,-0.91178507,1.592229,-4.9917507,2.8982031,-2.4805207,-0.22340088,-1.0627072,-2.181658,-0.66886854,-2.0123208,-0.7189994,3.1122274,-1.8399268,0.61115855
CCATGTCGTTATTCTC-1,-2.3503091,-1.0967745,0.88155913,1.0097328,-1.1914022,0.7886193,-1.1090146,-1.811821,1.7000544,1.2913015,1.2405912,0.25893366,2.855165,-0.69874895,-0.35069484,1.3421912,0.7054196,-1.275952,0.39751637,-0.5261444,0.24656244,1.6931006,0.033705264,-1.6129498,-1.6795886,-0.044924077,2.2690582,-0.2668722,-1.9823582,1.1886573,0.6662584,0.20061903,-2.0850794,-1.0615082,1.9502692,1.6706245,-0.6882487,0.61250913,-1.4065582,-0.56397635,0.47372112,-1.1161859,-2.0440562,1.4147207,2.1479092,0.26946285,-0.6870587,0.95943075,-0.06380402,-1.9454024
CCATTCGCACATGGGA-1,-4.2514324,-0.94634753,1.8176774,2.0826304,-3.4017048,1.9571661,-0.45132643,0.6997761,0.4217759,-1.7896632,0.52756864,1.1272069,1.703248,0.701359,2.010521,5.290552,-0.8187543,-1.1032623,-1.7050635,-1.7515254,-0.8083705,0.29332873,-0.22709683,-1.8793476,0.09834182,-0.30357483,0.91182494,0.6456111,0.146591,0.71335554,0.6517586,1.6020179,0.22935058,-0.70866877,-0.72453254,2.118018,-1.66434,-2.9351082,-0.04630295,0.3446693,0.72312534,-1.7455888,0.6773219,0.22951744,-1.6082926,0.23366082,-0.59677297,-0.83390003,1.6390476,-2.0249722
CCATTCGCAGATCCAT-1,-6.0480638,-1.7614809,-1.2785623,0.4490657,-1.813635,-0.21326478,2.376017,2.7710772,0.35158607,0.13176183,-0.33780456,-1.5472124,1.5257498,-0.72121346,-1.3706442,0.47159365,-0.7317694,-0.3736782,-0.48394448,-0.41027182,0.9701286,0.18648857,-0.643316,-1.5080746,0.7480113,0.1098974,2.2207937,-1.0064915,1.1521858,-0.050964136,-0.60514414,-0.79958296,-0.43674082,-1.195297,0.016596563,0.9927886,-1.8729943,1.627843,1.216402,-0.08057901,1.8676399,-0.867758,2.6989849,0.061836056,0.08116928,0.40967467,0.8704203,0.84561723,-0.88233125,-0.2691253
CCCAATCTCATAGCAC-1,-3.4097986,-2.944175,0.28478336,1.9966861,-2.7072225,-1.6417207,0.56405973,0.9896845,-1.1932138,0.88165367,-0.7910008,2.1366339,-1.2061183,0.38049787,-1.1220942,-0.9176278,0.53113735,-1.3009448,-0.13807388,-0.31260374,0.16100684,0.42103335,0.30620384,2.206631,0.17732796,1.1283602,0.3071209,1.9126022,-0.4801639,-1.0087448,-0.5772871,0.33578387,1.7091048,1.7450699,0.42777938,-0.5449157,-1.2090224,0.61000234,0.73647356,-0.3224905,-0.44833434,0.7656875,-0.4838867,0.3707939,-0.69164616,0.34941986,-0.73201716,1.44819,0.073580705,2.0344625
CCCAGTTGTTAAGACA-1,-5.445581,-1.9738421,-1.7553115,1.2065812,-1.0916923,-0.7421436,0.25756803,-1.3709412,1.3536073,-0.7199993,-0.56558585,-1.0211458,-0.66948825,0.31016892,0.22192355,-0.72603875,0.33155215,0.63514614,0.18758464,-0.20071699,-2.0472953,0.26529184,0.67776716,1.1912296,1.4101319,1.670045,-1.0565361,-1.0822937,-1.1952412,-0.21866594,-2.4964957,0.71936065,-0.0574444,0.44106704,0.97354805,-0.4705246,-1.7192647,1.2646464,-2.377819,-1.5587796,1.366617,-0.6819787,-2.14163,1.9613702,1.716976,-0.8312741,-3.7699714,0.06499281,-1.1788418,-2.3189476
CCCATACAGGAGTCTG-1,-5.2042513,7.9638915,-16.664513,-9.666337,1.4867332,44.42151,-1.0551168,9.131945,-6.7161474,10.8754635,-1.128009,-0.66630894,4.278445,-4.7615232,4.0683947,-3.5191958,-0.5553688,6.959992,-4.742503,5.72151,11.040995,17.65781,-0.78683,8.346766,-12.233133,20.030607,12.678417,-5.884851,5.130446,1.6059358,-11.840693,6.1390553,-11.518289,4.155804,11.837741,0.036964558,12.148441,18.719599,5.6441584,-2.394003,-11.593657,-16.513988,8.216605,-4.9249864,-1.5824077,12.079309,2.5092032,12.077451,-2.263429,6.059353
CCCTCCTAGCCTCGTG-1,-2.2865608,-2.6008835,5.4960303,3.3518581,-2.5622473,0.89647555,-1.1304606,-2.6843941,-0.56374973,-0.58336395,1.3534288,1.7179193,0.30791533,-0.81294066,2.7694352,1.7176249,0.34844497,-1.7454313,1.4641864,0.5627316,0.38632217,0.5754315,0.23561583,0.64441407,-1.59073,-1.0542643,1.7441463,-0.68727785,0.673804,2.088325,0.055973835,0.2100178,-1.0441301,-0.9807576,-0.4956656,0.7868794,-0.725308,-1.8705121,1.7663672,0.11867916,1.101812,-0.1313344,0.23888929,0.31380832,1.8748665,-0.3224555,-0.9366025,1.2700663,-0.92870855,-2.8226333
CCCTCCTCAATGGAGC-1,-3.5904052,-1.7966608,0.6075627,2.0901175,-2.8195727,0.01616321,0.42562002,0.24279824,0.6198388,0.6836423,0.250031,-0.0994688,-0.22010057,-0.048602458,1.3384869,-0.413802,-0.13991496,-0.245403,2.2031562,-0.47055748,1.4422959,-0.37773576,0.07116608,-0.7033253,-1.3504722,0.95922434,1.3798352,0.5472556,-1.1933666,0.24620244,-0.54146534,1.2454661,1.319923,0.8859457,-1.1509705,-0.23281792,-1.6935284,0.254456,0.12925859,-1.2770905,1.7203897,0.31397867,0.85443765,1.2320503,-0.55063945,-0.11707986,2.2663424,1.7933179,0.34987894,-1.4134792
CCGGGATTCAAGGCTT-1,-4.6681542,-3.248599,-0.19191493,2.9174669,-3.1603713,-0.9574219,0.20951518,1.1269746,-0.18558988,0.4983628,-1.2926549,0.14610116,-0.8558606,-1.7867244,-1.5677204,0.78727883,0.40658596,0.01945225,2.1709476,2.250908,0.43823013,1.5383872,0.7782442,0.2366602,0.5226448,-0.14260897,-0.39173484,-0.5414695,-0.5476145,-0.3713814,-1.4290675,-0.6262679,-0.41200864,-0.27442935,1.5818367,-0.7045884,-1.6541361,-0.32035962,-0.25456002,-1.6219622,0.13812457,2.227906,-0.12943685,0.6327995,-0.56719977,0.038433444,1.1104193,-0.2304226,0.981462,1.2757156
CCGGGATTCTACGAGT-1,-7.073535,-1.5828863,-2.4450989,1.020962,-3.3576736,-0.11054769,2.5746675,2.4312325,0.17985848,0.16575472,-0.3703828,-0.9888275,-2.7388568,-0.629354,-1.8504914,-0.12640478,1.0050509,2.395431,-1.5641763,0.69591856,2.320924,-1.1933936,0.1426204,-2.4304292,0.7860162,0.53481555,-3.0078034,-1.2645445,2.6786513,0.9296766,0.49975926,-1.0663888,2.418632,-3.4535346,-0.2817865,0.40215623,-0.63438106,-0.91075045,1.2498521,2.0569875,0.43586504,-4.6240807,0.9140649,-1.5623863,0.3160512,0.63106894,1.8755875,1.770896,-1.325666,-0.47563678
CCGGGATTCTCGTATT-1,-7.0311365,-1.8860481,-1.4863116,4.8307486,-5.0851927,-2.9824257,3.0063422,5.2202144,-1.6782688,0.8076414,-1.1172317,0.2693719,1.9869909,-1.4517584,-0.2877592,-2.2055144,-0.8596437,-1.1702914,0.23791611,1.7724328,2.3299298,-0.32585678,-0.8771986,1.3156749,2.268163,-0.62703574,-0.9293035,-0.5671188,-0.8823116,-1.5556313,-2.2358124,-4.4876003,1.3953617,0.046103235,2.4787533,0.7475205,-0.85324395,0.66148674,-1.809383,-3.5359998,-0.51961476,2.1940486,-4.028169,-0.79438823,-1.2041658,-2.8687499,-2.7256343,0.9696315,2.572769,2.613287
CCGGTAGAGTACATGA-1,-1.0635501,-0.7337465,-3.43237,-0.24476288,3.0402944,0.12338674,-4.5876822,-3.5918431,4.114636,-1.4794418,-0.8082803,2.5564785,1.7326729,0.71981317,0.07429478,0.78214324,1.1874177,3.4145226,0.47635552,-2.5194805,1.1810129,-1.2540598,-0.14792302,-0.48163944,-0.45241442,-0.08076589,1.21591,0.15876277,-0.64046663,1.0265192,0.11870981,-1.3789241,-1.1384611,-1.0773438,1.9487697,-2.0615306,-1.2007391,-0.60402817,0.24440551,0.102670185,0.07985356,1.032177,1.3022467,0.16995424,-1.5894533,-1.057575,-0.8679833,0.22269866,-0.094772294,-0.033195674
CCGGTAGTCTGAGTGT-1,-2.6627762,-1.826411,-1.9689523,0.5312797,-0.86916286,0.2305664,-0.8830558,-0.86311144,1.0967758,0.22601198,-0.043125678,0.25848868,-0.51699966,0.63462204,-1.4836754,-0.5984625,-0.62667274,-0.17902164,-0.6177178,-1.4935799,-0.16825987,0.14783087,0.0838956,0.25283563,-1.2094482,-0.58967626,0.1268295,0.3289534,-1.6222007,0.19621578,-0.803402,0.18278736,-0.6110924,0.22877581,-0.22406745,-0.2249493,0.88672173,0.31360707,0.43804595,0.12528643,-1.7097077,0.49651438,-0.50349635,-0.24972643,0.0056762123,0.8247437,0.23768932,1.5192226,0.43241414,0.7632706
CCGTGGACAGAAGCAC-1,-2.537592,-1.642945,1.1132835,3.137109,-2.7327526,-0.35007682,-0.7458174,0.09458775,-0.7990823,2.20223,-0.9746963,-1.0543296,0.93127847,-1.024926,0.5212458,-0.2213072,0.7723157,0.10264267,0.48524418,1.4029485,-0.32161275,-1.3742177,-0.7331255,0.3436833,0.12681831,0.24113153,1.4899164,-1.5313087,1.0099976,0.19823837,-0.41150853,0.5255016,-0.53153986,1.7055389,0.004639383,0.2698414,0.3069473,-0.58853763,-0.25998855,1.6918509,1.9377956,0.3785497,-1.2672492,0.02926434,-0.7148987,-0.67559326,-1.5593731,0.51148957,0.03547478,-2.5043075
CCGTTCACACAGCGTC-1,-2.3390129,4.761851,9.177117,2.72164,-2.0871751,3.2119007,-0.50118524,-0.2845998,2.3526366,-4.7149854,-1.3273735,0.58418703,-0.3849682,-0.19497687,-0.71882683,-0.8400232,-0.14328033,0.4232452,0.40961054,-2.7264662,1.168378,-1.0070028,0.65565133,1.6604896,1.1610122,-0.33284467,0.033044446,2.4921868,-0.788191,-0.33569056,-0.36664632,-0.9170272,0.8679454,2.9419546,0.8589152,-0.2706844,-1.1658703,2.2824333,1.1109278,0.21145503,-1.0717111,0.9320841,-0.04970442,0.43513057,1.5852977,0.326109,0.33383867,-0.506445,-0.033326443,-0.34649318
CCTACACGTTTGTTGG-1,-4.694485,-1.4247789,0.8361739,4.1399217,-4.0818605,-0.9257623,0.49758548,0.8068145,0.17968987,0.65917194,0.077161826,-0.28288943,-0.1883932,-1.0316193,-1.1505728,-0.09452575,-1.0315282,1.064724,0.19668838,-0.046780523,1.0594993,0.114306115,-0.83865994,-0.1863299,-1.5166553,2.142222,-0.65173924,-0.88252604,0.1816353,0.7017533,-0.7896648,1.2861435,0.44954094,-1.755818,0.011242047,2.8685634,-0.49532968,-0.45383573,-0.21907873,0.45076358,0.70135003,-1.2932185,0.32744268,0.59554666,-1.2517633,0.17909402,0.5323681,0.36608538,0.86637527,1.3359513
CCTACACTCGTACGGC-1,-8.155016,-1.5287813,0.07394761,1.325484,-4.0659556,-1.6370842,3.7261107,4.264542,-0.31294614,0.15461965,-0.13264917,0.14738327,-1.015692,-1.0494205,1.4390916,0.31807283,-1.0392711,1.6075407,2.0191085,-0.9475197,-0.38019314,1.4251984,0.8259883,1.2702855,-0.76870114,-1.8921766,-3.5912142,-0.46301287,-0.118561745,1.3499045,0.60984296,1.8502183,0.16926195,1.1490824,0.25882566,0.9681958,1.3792585,-0.9223568,-3.42301,-1.5083807,0.40163746,-0.30890962,1.1853443,-1.7977155,0.7854923,2.9013722,-0.36216834,1.9945483,-0.6569358,1.8028508
CCTACCAAGGATATAC-1,-1.94692,-1.3715848,-3.9551368,-2.0545998,1.343345,-0.48898885,-0.6934062,-3.0422072,2.612001,-2.7918012,0.18963085,2.7047887,-0.85736126,1.0460904,0.9627162,-0.39555085,0.051238284,1.7283514,0.16654353,-3.0916073,-0.23340997,-1.6011693,-0.09707097,-1.1667851,-0.15696603,1.1533864,0.46748805,1.0917104,-2.4228773,0.9914102,-0.20114209,-0.5003336,-0.24657975,-0.15874423,0.14806893,-1.6107397,0.20482928,0.6693613,-0.84594077,-1.2154028,-1.4635702,1.0932839,1.5629299,0.19729064,-0.5508346,-0.94785815,-2.2288089,0.40732595,0.17137666,-0.5119239
CCTACCAAGGTAGCTG-1,-3.4684882,-0.96356964,-0.14068599,-0.59305614,-0.23295581,-0.677852,0.47805232,0.70891976,0.34520108,0.7313062,-1.2092935,0.65048283,1.9151745,-0.6000075,0.9235477,0.104112,0.004228904,2.0747705,-1.331323,-2.022801,-1.7301862,2.1201446,-0.101515025,0.8526369,1.7661742,-0.0060062106,0.7593919,1.4565829,-1.456203,-2.6458175,-0.7394313,2.3121285,-0.37819195,-0.2664025,-0.50919944,-3.6041963,2.1117127,0.4031919,-0.20755051,0.4667849,-0.37490922,1.1114503,0.108046,0.6591568,0.16287111,-0.31281722,1.8265809,1.3203962,0.5735165,-1.31512
CCTAGCTAGTTCGCAT-1,-3.5602443,-1.517961,1.777718,2.1441624,-1.7282745,-0.7508182,0.43704474,-0.024666121,0.28034493,-0.08776558,1.3487973,0.5964694,-0.03463092,-0.9258502,2.5883942,-1.3099843,-0.046233263,-0.13122214,-1.2698047,-1.6135445,-0.77046776,-0.12591031,-0.6456015,-0.24409084,0.11906009,0.80756444,1.3083594,-0.6821261,1.8767475,0.98321944,-0.33701977,-0.261702,-0.010421018,0.7361834,-1.5928705,1.6725943,-0.7577549,0.49526453,-0.16384482,-0.7829507,0.27735004,0.49102202,0.4073902,3.286269,0.55406404,0.78683484,-1.986785,1.4411964,1.7789263,0.30951792
CCTAGCTGTAAGGGCT-1,-3.471022,-2.768246,0.42497402,2.8504548,-2.3638406,1.9458385,-0.46757674,-0.7082387,0.13874418,0.65007097,-0.59179753,0.9047785,0.34803408,-0.54773396,-1.4140704,-0.28441536,0.55390775,-0.036526103,-0.824198,0.9130264,-0.8163969,-0.25389794,-0.6489163,0.98406535,0.85741854,0.20342876,0.5048968,-0.6475095,-1.1207913,-0.62848055,1.2906122,-0.6646101,0.7678465,0.38074008,-0.18400934,-2.5095918,1.0978035,-0.0035097408,1.7714131,1.2162716,-0.21692343,0.45065084,0.39515117,-0.86565894,0.16254604,0.007151697,-0.19423115,-0.39523026,-0.25613093,-0.11873947
CCTCAGTTCCTTTCTC-1,-7.212951,-1.5563062,-0.51815873,2.411484,-2.1607583,-0.9411974,2.2393203,1.4276856,0.5018802,-1.1603483,1.4262298,1.358267,-1.4735909,-1.2430966,1.9402987,-0.51887375,-0.64302444,1.1487631,-0.5615977,-0.05705774,0.026011571,1.9387685,-0.46368653,0.0656598,0.70192254,0.9474328,-1.3634799,0.88371813,0.31819928,1.5000118,0.5330669,0.009053537,1.2478929,-2.2874572,1.3720895,1.2755704,-1.6556216,1.0661379,0.45681864,0.44691855,1.7514842,-0.8663499,1.0981154,-1.1691988,-1.6108751,-1.794674,0.27150315,-1.9178562,-1.7615123,1.0969118
CCTCAGTTCTGCGTAA-1,-5.1962576,-0.08361206,-3.3921142,2.2308898,-3.3341787,-0.50654685,1.1398511,0.8154779,0.6291742,-1.2956613,-1.6545165,-1.6894695,0.74411815,-1.0618656,-0.5360124,-1.5194312,-0.8044277,-0.9096742,-2.0815134,1.7241268,1.6192791,3.0430348,-0.92021954,-0.8218202,1.158056,0.89604807,-2.8447917,1.9471946,-0.22402379,1.3905941,-1.2314091,0.45809484,1.0075346,0.8013934,3.124718,0.9146504,0.97099394,-0.8407897,-0.5880571,-0.10891366,-0.06841552,-0.9539998,-0.103878215,-1.742639,2.0939808,-1.4870467,-2.3925478,0.45272952,-2.3722568,-0.70231926
CCTTACGGTCGAGTTT-1,-3.9596992,-0.7544412,-1.6590204,2.0876203,-2.2305696,0.3992521,-0.1734932,2.2760253,-0.110270835,0.9295661,0.46498212,-0.634652,-0.5657001,-1.7630609,-1.4028872,0.023450904,0.8825351,1.0202657,0.37285855,1.5261668,-1.9487679,0.38180962,-0.68400043,1.9699907,0.24507008,0.5117781,0.5776153,0.06670743,1.5967652,-0.22010674,-1.7848035,2.5557787,0.51326835,1.2123846,-0.31811553,-1.3174887,0.07469123,-3.1034825,-0.5230743,2.4799542,-1.1287745,0.5136761,-3.373682,-2.610152,1.8318208,-0.15415812,-1.7858922,-2.2886312,0.32290763,-0.41492492
CCTTACGTCGTGACAT-1,-5.219328,-2.925721,-0.8919839,4.039672,-4.050064,-1.8308814,1.8684397,1.7904595,0.117917225,1.2215838,-1.5683665,-0.4067726,0.02903018,0.48947486,-2.074638,0.52123046,0.36245888,-0.43100616,-0.7584187,0.8523177,1.8710735,-0.25739664,1.6762359,0.42891237,0.46838936,0.69888836,-1.1856229,0.8329858,0.16129941,0.33126232,-0.16993648,-1.2551496,0.0037633402,-1.2614182,0.77308154,-0.49460658,0.50646275,-0.44128117,1.2197256,-0.44943988,1.5739616,-0.35641643,1.9273808,-1.4017276,-0.2172455,0.64254683,0.023107514,1.2652715,-1.2486752,-0.4265682
CCTTCCCAGCGAAGGG-1,-3.8534565,-0.9052704,-3.7070801,-0.92796636,2.1598103,-1.296586,-0.16194181,-1.5452503,3.4227073,-3.2881415,1.4423162,1.0088274,-0.4596283,2.9757845,-0.23934714,0.53617555,-0.31617236,-0.5555329,-1.4201373,-0.7036925,-1.4910316,-0.446251,-0.7146257,-0.28706867,-1.5996585,0.81108,-0.75303465,0.96352863,-3.0227435,-0.12376716,-1.0356923,0.72662336,-0.49092522,1.3296794,-0.42870957,-0.7713821,-2.2062159,0.44751292,-0.17928785,0.35389906,-1.2543864,0.31438455,-0.5434253,0.8947347,1.0132904,-0.61238927,0.6211895,0.39435902,2.2369306,-1.464174
CCTTTCTAGAAACGCC-1,-5.5676837,-2.4731905,1.0805986,3.0467677,-4.1793666,-0.69124746,0.5374655,2.7283413,-0.36098346,0.40792066,-0.06955629,0.05069129,-0.31997755,0.3335667,1.0155934,0.7521512,0.66822714,0.72878796,-1.0511472,0.13835691,-1.1945541,-1.3219994,1.0739002,-0.5398692,0.047536924,-1.8067602,-0.87450665,1.2021477,1.208784,0.002203304,-1.4628984,-0.39441508,-1.5001771,0.26944682,-0.15882628,0.7687144,-0.3775813,0.6746247,-2.175923,0.79687744,-0.06499523,-1.0934591,-0.08339975,0.694009,1.9385551,1.5536767,-2.1641495,-0.3974164,0.7578415,0.5478992
CCTTTCTCATGACGGA-1,-4.1592474,-2.6177456,1.3370795,2.8608649,-3.7320614,-0.69595885,0.99501854,0.7416199,0.108645625,0.6930502,1.5813755,0.8749739,0.13504642,1.1305077,-0.15864411,0.027514009,-0.40792778,-0.5298338,-0.3398967,0.34116948,3.33224,-1.2107599,0.74464226,-0.22078075,-0.4681474,0.045155834,1.2113186,0.34013566,1.4484788,0.06460432,-0.8357133,0.43828163,0.60243565,0.31430364,-0.45221242,-0.5973276,0.09423025,0.8028552,-0.38873237,-1.1538824,1.7692618,-0.12522604,1.3650082,0.7428051,0.8195539,-1.1581568,-1.1308818,-1.4848576,1.0368224,0.742513
CGAACATCACCCAGTG-1,-4.0515933,-1.7388581,-0.6648189,2.4302146,-2.63718,0.58116704,0.12223034,1.4758898,0.024979629,2.2083771,0.863738,-0.24353509,-0.589771,-1.0135233,0.06991108,-0.6725725,0.78681195,0.06748686,1.2759483,-0.82844454,0.7833755,0.25505576,0.25527653,0.12830994,0.42058632,-1.2085277,-2.2242353,-0.86359566,1.3574396,0.1860133,-0.33375806,0.17234913,1.5839531,0.16978507,0.90431505,0.9305366,-0.012246688,1.1111227,-1.1486536,-0.11591246,-0.9953876,-0.6548246,-0.70679325,-0.5628034,0.58614343,-0.409808,-1.1172043,-1.7991636,-0.34745026,0.048039593
CGACCTTAGTGTACCT-1,-5.92745,0.06292626,-0.10161419,1.085173,-1.0774972,-0.7878717,0.37491894,3.0350816,-1.4323691,0.8396778,-0.9804826,-1.5973296,-0.46553838,0.076568894,0.48534057,0.50377375,-1.1446896,0.055182293,0.8394455,-1.6042954,-0.4280012,0.51356107,0.12279201,1.5287129,1.4613945,0.9600087,-1.2483149,-0.16617541,-0.38691726,-2.0936377,-0.7187457,-0.14938658,-1.3474774,0.47375706,0.6319437,-0.5166609,0.8397498,1.2115036,-0.520402,-1.0210449,0.14972062,-1.4064653,-0.8575074,-0.68453896,1.1486276,-0.34011638,0.036325157,0.46510717,0.09722752,-1.2326167
CGACTTCCAGCGATCC-1,-4.7771144,-1.1615994,-8.49038,-1.5135494,4.032287,3.485533,0.36380643,-4.2014155,5.2892246,-6.2718267,-2.0369318,-0.9204442,-2.5253193,4.7436395,-0.01710652,-1.1513846,-0.6374079,-0.09446343,-2.4319022,5.555661,-0.6685958,-0.12728341,-3.545714,3.775059,-1.4297911,1.3607415,1.3405266,-0.6556216,-0.20032476,-1.5472001,-1.1522306,0.7412791,0.75595737,-1.7116129,-0.07898788,-1.4632648,2.0918143,-1.2525036,0.86745006,0.83325726,-0.3447725,-2.3063288,3.0430694,1.765019,-5.1362286,-1.032923,0.44844106,-3.9774315,-3.158224,-2.827206
CGAGAAGAGCCAGTTT-1,-4.9951224,-1.0537165,-6.3747272,-2.2188246,0.7566272,5.3025517,1.3136642,-1.4943662,2.1649036,-7.5345263,-1.9499353,-0.6371748,-0.24268454,3.005532,-2.306763,4.3243327,-4.846481,-7.459128,0.28139615,12.543762,0.74329436,2.667693,-3.8902104,1.3143659,2.0414221,4.722105,8.727934,-3.0361838,6.808246,-3.9221203,1.3535252,0.34188086,6.7015395,7.9581513,-5.0175476,0.77388996,5.2786694,2.9515932,-0.9004823,-3.0036423,0.39166376,-3.8701186,-0.47262058,1.9836186,4.3397574,-0.83007085,-6.9877977,-9.278367,-10.427002,4.4875207
CGAGCCAAGGATCGCA-1,-8.322543,-0.10112482,-9.807008,-4.3601,3.9717965,4.0807996,0.725484,-2.4470904,6.8303385,-14.037535,-2.9242127,-1.8164545,-1.4705095,7.0442953,0.6863279,2.2141473,-2.5292866,-4.109743,-2.220563,12.2460165,1.1054568,-2.182413,-5.1570177,-1.0967594,-3.2031834,-1.7853278,4.1019053,1.5799099,3.2553742,-4.506446,0.7869774,1.4315443,-1.5878912,4.2543764,-1.2098701,-2.1604533,2.246665,-0.73780525,-1.9207549,0.2770257,-1.2259307,1.1498293,0.35153562,2.2403986,-0.06594765,0.66751117,-3.0045893,-1.8288652,-0.20308504,-4.098268
CGATGTAAGATCGATA-1,-3.8940675,-1.36298,-3.2585444,-0.42259353,-0.41352394,-1.131744,0.43669635,-2.0356712,1.4701371,1.3298501,0.9255088,0.53756267,-0.4834903,1.7778085,-0.19966622,-0.5115529,0.78989786,0.2629471,1.0562196,-0.77284515,-0.100432225,-0.61199075,-1.8465883,-1.9408695,0.01770767,0.05744749,0.836256,-0.8078487,-1.9231629,1.4612536,-2.3227828,0.34768072,0.9256836,-0.5614994,-0.515919,-1.982555,-1.015099,0.23138992,-0.39401054,-0.3103991,0.9425732,-0.84002984,-0.18731064,0.83728737,-0.73512363,-0.36793277,0.26310036,0.6790961,-0.32669023,0.28836474
CGATGTAAGCGATTCT-1,-3.1976821,-2.2007174,-3.2099006,0.6349036,-0.21170324,0.21047452,-0.4831016,-2.9025624,1.5400839,-2.1417372,0.053819105,1.4682779,-1.7079179,0.60127324,0.7207034,-1.1998198,-0.72479784,0.8971976,-0.57064265,-2.7647796,1.231558,-0.14201216,1.1771903,-0.700884,-1.0712376,-0.5469901,-0.18945315,0.1799229,0.07512486,0.0019440098,0.40071896,1.7127893,-0.2891359,-0.060483675,-1.9480071,-2.2785854,-0.5661469,0.4035431,-2.062865,0.548905,-0.9186355,-0.558481,-1.2878001,0.38154793,0.6083395,-0.16492651,-1.8220576,-0.46203595,-1.9760035,1.3104753
CGATGTACATTCCTGC-1,-5.7031794,-0.43597272,-1.0066227,-1.8349322,0.1468222,-2.5095222,1.1217163,3.8249698,0.051424544,-2.3811848,0.6023651,0.49656218,0.6808454,0.8835092,-0.7650999,0.3021659,-0.6227341,1.1469028,0.7013628,1.767908,-6.640714,1.38218,-1.7128059,2.516276,1.3120606,0.9411601,1.5601808,3.5890806,-1.5097175,-0.609499,-0.87631583,2.9238334,-0.56489486,2.502227,-2.3626032,-0.30948707,5.7683206,0.94492906,4.035407,3.864115,-0.68425727,-1.428747,-3.4456885,3.4425542,0.016422259,-3.8572447,-0.34605426,2.565844,-2.8108022,5.633323
CGCCAAGAGGGCTCTC-1,-6.384719,-2.319651,-1.4861027,3.4231472,-3.853787,-2.112113,0.33359793,1.8970598,0.039576147,0.8854349,-2.285506,-1.8674182,-0.37629,-0.50777787,-0.82225263,-0.6961993,0.9040424,0.2594331,0.285842,2.6451716,0.09352514,1.0936891,0.4119351,-1.3154901,1.9017749,1.4732455,0.17088775,0.7006727,-0.61786485,0.87400067,-1.2602726,1.606951,1.3215122,-0.12810762,1.6139308,-0.3576634,-0.5854309,-0.13806649,-0.39937478,0.10223946,-1.5402805,-0.7917314,-2.454312,1.5037944,-0.052416272,-2.8650358,0.20964912,1.9343581,0.03945997,-0.13300481
CGCCAAGTCATAGCAC-1,-4.7540574,-1.9602995,-2.3833694,4.171779,-3.7108045,-1.1532174,1.2513803,0.31763846,0.29545158,0.77467644,-0.7423494,0.43158948,-2.43002,0.71489996,-1.2317425,0.58222127,0.6941279,1.0039738,1.4675438,0.7741183,-0.26943874,1.8205452,-0.37472484,-1.5642362,1.480777,-2.0108526,-0.87385005,0.8941733,0.30561367,0.8680112,-2.0974967,-1.3238415,-0.25662744,-0.839151,-2.0258927,-0.16624068,-1.1010512,0.37447155,-1.0221827,-1.2831519,-1.6889418,3.0283432,0.09069953,0.5581874,-0.7891444,0.263626,-0.6848801,-0.7954234,1.0012062,1.2947156
CGCCAAGTCTTCGAGA-1,-4.411576,-1.9249619,-2.8119416,0.32830128,-0.51554966,0.42983478,0.7489264,-0.26983187,1.2987112,-0.6015976,0.15061873,2.2572885,-0.2567379,-0.135838,1.0536097,-0.30810508,0.9466707,1.386854,0.997179,-1.0129465,0.4145187,-2.6314397,-1.1321167,-2.121418,-0.4990428,-1.2311577,1.0164678,0.16562927,-2.1071188,1.6706759,-0.7055716,1.2204478,-1.0927756,0.089803554,-0.84280163,0.6947011,-0.6243649,0.5289301,-0.88076955,-0.644761,-0.24179304,-1.2377005,0.22384752,0.4954608,0.26353878,-1.2692448,-0.10292995,1.3877776,-0.97323424,-1.7888691
CGCGGTAAGGCCATAG-1,-1.6315755,-2.5216515,-3.8486218,-0.8291334,1.0374016,0.81938607,-2.869976,-2.810477,3.012121,-1.1158376,-0.7499747,0.22394365,1.0016282,0.46589765,0.29477775,0.7858764,1.1787605,1.1126902,-0.9965953,-0.80689406,0.36438835,0.11672386,0.52967113,0.47984204,-0.8591533,1.2238449,0.38990134,0.61911166,-1.5745828,-1.9339967,-0.24189371,-0.31617928,-1.4100548,1.2648783,0.121231124,-2.258729,0.2731486,1.6611627,1.0618768,0.14208119,-0.20145254,-0.33146653,0.40898955,-0.64522123,-0.38554457,0.3423492,0.7636348,-0.98565364,0.21334404,-0.3515402
CGCGGTAAGTCGTTTG-1,-3.5249133,-1.322696,-1.1392167,1.5485867,-1.6173851,-0.47205466,0.38463196,-1.4267762,0.69629973,0.46814436,0.047310777,0.070295714,-1.4459319,1.2707307,-2.0230567,-0.29637742,-0.23238811,-1.3262022,1.0273206,-1.413697,0.6498746,-0.86930937,0.14771904,0.040440902,0.20235725,0.64649993,-0.52724886,3.062623,-0.3626247,2.2012138,0.41621235,1.0827417,1.0739707,-0.7345428,-1.4426644,-0.088762276,-0.09648018,-0.87309754,1.3965913,-0.49121484,-0.7224279,0.20396288,-0.97925764,0.79189,0.013886802,-0.30638817,0.80600584,0.20420606,0.520019,-0.51317024
CGCGTTTAGAAACCTA-1,-5.34634,-2.4437497,0.82547337,2.648046,-2.400778,0.3460754,1.3083749,1.9167763,-0.13700299,0.5515353,-0.014680725,0.8723021,-0.33338445,0.5237717,0.32439867,0.87387425,0.81765074,-0.05470644,0.96640736,0.5004185,-0.55605435,-1.8450878,0.44984886,-1.4420288,-0.49886602,-0.9487384,-0.43324962,1.7155379,-0.7850374,-1.3018478,-1.2881757,-0.61060816,-1.0251913,1.3481255,0.4622698,0.42957306,0.10218021,0.26284376,-1.1418885,0.33941975,0.07948057,-0.5510413,0.75624144,3.3195782,-1.0907776,2.0647318,0.17118898,1.020044,1.7261866,-0.85081834
CGCTATCCAGATGGCA-1,-0.3939083,-3.3791776,0.26399893,1.7414848,-1.6985685,0.7290806,-4.8235765,-2.8100145,1.0610477,0.60751545,1.2197876,2.0839994,1.5040427,-0.008247103,1.0193789,0.18619442,-0.20556194,-0.25412297,1.7789129,-3.4264443,-0.23822217,-0.21599929,2.790989,0.6199096,-0.58779657,-1.3767152,0.4579582,-5.958246,-5.6729474,0.7693056,-2.2095256,2.0711353,-0.21023792,-1.443747,0.77793163,-2.2221086,3.817802,-0.74346066,-5.249222,0.5178044,4.9569955,-0.53158617,-7.2236075,-9.865884,-2.7340605,10.326587,4.8850436,0.92650265,-0.99013776,-3.31896
CGCTGGAAGAAGGTTT-1,-5.6036534,-2.0090086,-0.3651671,2.4485497,-1.6646334,-0.6985593,3.3678777,0.045539215,-0.09858325,1.6748066,0.2827225,-0.5048609,-0.40312442,-0.9723955,-0.5160479,-0.0975448,-1.3117223,-0.47541025,2.6435397,-0.55304533,0.95236087,1.3553225,-0.84018075,-1.3755511,2.300661,3.0940833,-2.0980594,0.38656688,0.7531313,0.85828483,-1.7040583,-2.051948,2.3453083,-0.59080315,-0.48859873,-0.2783265,0.5456395,0.97195166,-0.7166682,3.0102186,2.5333047,0.21009368,-0.2714174,-1.3649906,1.3713946,2.9539115,0.32789353,0.4689071,3.814252,-3.1114202
CGCTGGAAGCTAGTTC-1,-4.996351,-1.3565842,0.3511886,1.9362752,-1.2188964,-1.2809503,0.38068545,1.0819764,-0.017875012,0.7934544,0.62632257,-0.3985293,1.2783347,-0.068496265,-0.92674786,-1.6486915,0.5375912,-1.1438335,0.61769724,-0.7139336,1.004991,-0.7253708,1.6225328,-1.7149107,-1.6975428,0.09791492,-0.115540445,-0.38551703,0.68216026,-0.18910842,0.64584553,0.9700335,-0.6865917,1.6799519,-0.501915,-0.3132488,-0.60406494,0.4957018,0.6453189,-0.8592397,-0.3836146,-0.2969625,-0.75222844,2.0261178,0.64179116,1.6327115,-0.75434524,0.6648238,1.4125985,1.6624465
CGCTGGACACCCTATC-1,-5.7269053,-1.3756096,-3.0109115,1.0143157,1.2751038,-0.53267515,1.911014,0.53138053,-0.33855495,-1.6458625,-0.28024584,0.9019391,-4.940177,-0.34856555,1.385843,-0.0109198,-1.1395522,0.5014268,1.0778394,-3.5112062,0.110273466,2.0386386,0.49904495,0.547424,2.1452928,-0.16953264,0.621883,2.7363725,-0.96373105,2.171124,-1.8583636,-0.6531021,2.8914638,-0.56984633,2.7231762,1.4700776,0.6945507,0.46567702,2.6691108,0.40861642,-3.9844625,0.85466594,-3.1484714,0.1846546,-0.45185414,-0.22447011,3.547558,-1.5666435,-3.5572824,-2.253202
CGCTTCAGTTATGCGT-1,-4.6058607,-0.5615,-0.018500872,1.821241,-0.85042685,-0.099520005,0.32039213,1.4202665,-0.19880927,1.0082545,-0.05977625,-0.77571535,0.2566568,-1.6621628,0.17881118,-1.0241958,1.2019131,0.6124609,1.0049436,0.9397102,-1.5895095,2.4121275,1.3053793,1.2696322,0.31910065,-0.89896524,-1.3034713,1.0738326,-1.8736604,1.6844544,-1.7416484,-0.17170948,1.0792898,-0.0007665029,0.10578271,0.38121948,0.21726955,1.329036,-3.0783567,0.24841398,-0.64921796,-0.9360284,-2.4262648,0.31322375,0.8009032,2.0437868,0.32835832,0.5171828,0.79603565,0.989144
CGCTTCATCGCCTGTT-1,-3.7315564,-0.79421186,0.69367546,1.0300413,-1.714729,-0.49643314,0.51671076,0.6155286,0.7169282,0.45825648,1.6559994,-0.64906764,0.68251216,-0.8488095,0.5414718,-0.1929459,1.7548965,0.090097666,1.5106581,-0.61644936,-1.3153191,-1.980304,1.917338,0.079169475,0.4780353,-0.4750516,-0.004502524,-0.9545191,-0.121366724,-1.1109333,-0.4982735,0.72128236,-0.6326139,1.0677313,0.62629145,3.2516854,-0.67423177,0.114473514,0.74987674,1.5277405,1.166998,-1.6852195,0.7834766,2.2911017,-0.48617607,1.2559297,1.5384079,-0.26590517,0.52400327,-0.76162267
CGGACACCAAACCTAC-1,-2.8384597,-0.6637045,-2.2780893,-1.385167,1.7652384,0.54634017,-2.6578956,-3.0603259,3.1372106,-1.3360866,1.4750586,0.7569305,-0.5477587,-0.68297976,0.4811725,-0.3503974,1.180325,2.6020048,-0.5774468,-1.9267322,-0.98096174,-0.6590204,0.09568689,-1.0897417,-1.507962,1.1322346,0.9465503,-0.5891742,0.059550166,2.1473572,-0.28146335,0.24201366,0.4217708,-0.39122075,0.89919794,-0.3204962,-0.4627672,-0.65734005,-1.1153953,1.0600891,-2.503921,0.24084112,-0.95333886,2.182405,-0.71664935,-0.9818628,0.9546026,-0.9167938,-1.0759972,-1.3640003
CGGACACCAGCGTTCG-1,-1.4609586,-0.18846022,-0.14703296,-0.34083456,0.6058494,-0.39999822,0.72273856,0.77518946,2.287461,1.2326118,-0.0551707,-1.5327944,1.2438965,-0.8094265,-1.283798,-0.6866829,0.53952295,0.20028558,-2.7378469,-0.7717634,-0.18562181,0.20031244,1.2472141,-2.0672905,-1.9346875,1.5456036,-1.462722,-0.62003136,1.6872907,1.5194983,-1.8975962,-1.8358861,0.17694992,1.4047546,1.4481082,-1.0977836,-0.7181396,0.87983745,1.1084139,4.1281514,1.9157199,-0.47204554,-0.40835193,1.4466552,1.484469,-2.94138,0.14824463,-2.5792682,2.0064147,-1.0165182
CGGACGTTCTTAGCCC-1,-5.6156497,-1.0434488,-3.2279754,0.7344643,-0.062234443,-1.6444863,1.0458542,1.1013509,-0.66381663,0.4994331,0.60003334,0.6349641,-1.2247431,-0.751892,1.6045784,0.12652977,-0.22702125,-0.54801446,-2.4611442,-2.2990851,0.46557903,2.9165118,0.7031917,-1.9268414,1.0705928,0.13806921,0.057348896,2.3105907,-0.5536095,2.46715,-0.06243845,0.33231288,1.3190808,-0.39902496,2.1401005,1.9007797,-0.45055187,0.3803797,-3.1271183,0.10110232,1.3345903,-4.191108,2.2051551,-1.7518961,-0.9420181,0.7135062,-3.2631125,0.39940366,-1.1532271,-1.987227
CGGACTGAGTCAAGCG-1,-4.5081034,-1.5708573,-1.7636777,0.08179641,-0.7379816,-0.44366822,0.7761712,0.16895649,1.5578607,-0.635874,-0.62564963,1.1942309,0.17074415,0.19793165,-0.4638022,-0.6063085,1.2378844,1.227317,0.030984936,-1.1300765,-0.10761487,-1.009434,-0.46917084,-1.8139075,-0.14105019,0.88277644,-1.5072224,0.5464262,1.0996878,1.0650625,2.0861702,-0.19462997,0.5183347,0.7998077,0.1084908,-0.25337747,-0.17140017,0.82926255,-0.097537346,0.2563411,0.7753619,0.5615902,0.99498296,0.45638645,-2.08092,0.4816282,1.8949528,-1.123715,0.6262087,0.8532905
CGGACTGCATAAAGGT-1,-2.0960927,-1.5300506,-0.47493613,2.8487551,-4.1208534,0.3152211,-1.2934574,-1.1209061,-2.4687884,3.1348107,0.7218688,2.2884488,0.19580773,-0.40732107,-0.6425678,-0.16511387,-1.4900491,-0.29630926,-1.9498198,0.676941,2.995524,-0.20172678,2.2038395,-1.9122167,1.0248575,-0.6037529,-0.23421298,0.8998998,-0.83799076,-1.4114505,-1.0289565,-0.71219665,0.32485202,-2.308224,-0.37202823,-0.56906414,1.6484078,-1.9230286,-1.8480941,-1.8874111,3.2036695,3.3346097,-3.1086478,-3.275429,-4.0867686,4.151173,-2.6352346,-0.3448713,0.28707024,-0.5645759
CGGAGCTTCTGCGGCA-1,-5.1084414,-1.0239348,-5.675304,-3.2309308,1.8951027,1.0521673,1.1631577,-2.8134086,5.514692,-6.3371096,0.3534991,0.13119248,-0.35106966,1.1611211,-0.45830196,-0.42936265,-1.162035,-0.6385549,-2.6406424,1.6288656,-0.56933635,-0.8215143,-1.6933198,2.2830944,-1.816578,1.3171029,1.7331198,0.40334678,-0.75885314,0.2969563,-2.982022,1.6550664,-0.9596734,0.7619015,-0.90982217,-0.32859358,-1.0908655,0.20684771,2.0105317,1.9361526,0.36947715,-0.37608787,1.9652947,-2.2456586,-2.5387712,-2.4303832,-0.7285737,-2.3624542,0.42467108,-0.04066009
CGGAGTCAGATGTCGG-1,-5.433741,-1.245403,-7.891636,-3.1283195,2.776374,2.3321984,0.9963698,-6.436476,4.3509135,-7.5367,-2.0641267,0.46890023,-1.4608583,4.1271024,-1.5213791,4.0897727,-3.5468981,-1.8717614,-1.7632983,5.980986,1.7823759,0.3753984,-4.328582,2.9280703,-1.3929081,3.0958867,1.0501571,-1.3511202,1.5989523,-1.7765172,-0.0640293,0.66675025,-3.3844872,3.2595005,-0.027129088,-0.14181496,0.8096792,0.58622426,3.875755,1.7024626,2.021569,1.6995894,0.7674353,-0.9673537,-2.17741,0.7850805,-5.2392983,0.35367328,-2.2036273,-2.8562965
CGGAGTCTCCTTGGTC-1,-3.4376392,-1.7045971,-3.0006244,-0.69749874,1.224382,-0.60392106,-0.46530432,-0.7560482,3.2319014,-5.0144334,1.8435793,0.8585485,-1.4638484,1.3304065,1.3049586,0.07512891,0.75324595,0.1353017,-1.4218215,-0.21599425,-0.52053994,-1.3647411,-0.73386484,0.03208703,-1.3231201,0.8962688,0.5760003,-0.10502328,0.4625477,0.49183074,-1.7437617,-0.13749059,0.33903304,-1.3385715,-1.2598342,-1.39731,-0.15230107,1.3336724,1.55621,1.7188897,0.7350157,-1.8944914,-1.079442,-0.16145994,1.7958397,1.9862332,-1.0240223,1.4614874,1.8981185,-0.26052997
CGGCTAGAGATCGGGT-1,-5.305797,-2.4306939,-0.028113317,2.7879908,-3.79995,-1.5626491,0.47418258,2.752846,0.6087646,1.5350542,-0.48367178,-0.8545542,1.0482787,0.1166061,-2.676478,0.047833003,-0.8512945,1.25873,0.32941845,0.77129024,0.8451645,0.2720604,1.7138593,0.29358602,0.35933486,0.9079032,-0.09870227,-0.0092025995,0.44881403,-1.8240895,-0.57616806,0.9652505,-0.5837605,0.4651912,2.0758069,0.13751109,0.85228205,-0.4108484,0.49912554,-0.16583708,0.7365908,1.3763787,-1.7660034,-0.76340204,3.4049015,0.7044031,0.6437128,0.98201543,1.8603162,-3.5254912
CGGGTCATCCGTACAA-1,-4.6968727,-2.6705117,2.2108915,3.681717,-2.8653286,-0.27439028,-0.080651514,0.15614392,-1.0544834,2.625673,-0.16364226,0.2160933,0.65295684,-0.31774762,0.33035642,0.39102492,0.2236541,-1.6998601,0.24626839,0.31786788,-0.022406405,0.028645279,-0.8223433,-1.2477413,-1.6340163,-1.1358324,-1.3678507,-0.6049469,1.4481394,1.1565386,0.734084,1.2191467,0.8083994,0.3004915,0.077118844,1.0040457,0.10050047,-0.06492979,0.8428519,-1.7243035,1.023195,-1.6504244,2.120654,0.8811116,-1.9962736,0.07734571,0.9349444,1.7528756,0.34238788,-0.90007216
CGGGTCATCGGATGGA-1,-5.583193,-1.0278486,-8.268552,-3.209339,4.149589,2.837467,-3.9543376,-4.830687,5.435953,-6.306249,-1.0505452,-1.4179544,-1.7462548,3.3644047,-0.9115348,1.6715255,-2.2452655,-0.26588932,-1.1941535,3.3422477,1.8248566,-4.091991,-4.360296,3.912131,-2.9749515,1.6419246,1.1370931,0.6665645,0.46178243,-0.9510476,0.2528143,0.08447968,-1.8780648,-0.5382286,0.17959568,-5.9787126,-1.4934797,0.9741087,4.065139,1.2219199,0.63045293,-3.6807528,0.6108429,-7.469378,-4.4566374,-2.1178439,-0.7328813,-4.678611,0.7126285,-2.9623687
CGGTTAATCGTAGGAG-1,-3.820427,-2.9021876,-4.2144914,0.08160011,-0.85388184,0.23401307,-0.6045435,-1.7588599,1.1063514,-0.33662695,-0.47491193,0.39221388,-0.35460886,1.6516241,-1.586595,-0.18654294,-0.3583738,0.71591085,-0.7351795,-0.3307408,-2.6983392,-0.51428264,1.187708,0.5653293,0.23371024,-1.0427476,-0.6800773,2.1237938,-1.8050935,0.08738236,-1.083079,-0.7006889,-1.1040987,0.01069846,-1.3175815,-1.8283596,-0.035706133,0.5249579,0.012333353,0.7149883,-0.55185354,1.2626523,0.6243189,0.44936493,0.2289756,1.2843395,-1.4548724,-1.7474668,1.7460631,1.2323178
CGTAGGCGTGAGGGAG-1,-4.0398846,-2.0879354,-0.80906475,3.0359085,-3.581748,-1.3782744,0.22948016,0.17164402,-0.056051295,0.9404233,-1.7847769,0.007247339,1.6783322,0.06757104,-2.4210606,-0.45431584,-0.8037686,-0.39079118,0.058793064,1.7559528,0.25141355,-1.5563353,1.0652429,0.034520075,-1.3323871,-1.1650206,-1.7071837,-0.9036126,-2.126145,0.18554531,0.32193762,-0.38013825,2.522866,-0.33531654,3.2654374,-3.5413454,0.2700493,-1.1033268,-0.3961843,-0.24029079,0.18425082,0.5833166,-1.0501597,-1.1620959,-2.0136693,-0.008848224,1.8224546,3.1682289,0.15849978,-1.425448
CGTCACTGTCAGAGGT-1,-5.33956,-3.1187806,-1.5518348,2.9426813,-2.401211,-0.23339732,2.3473673,0.6712368,-0.8004385,-0.5388083,-0.34227222,0.62378407,-0.60129565,-0.7101819,-0.21209519,0.7863722,-1.1937002,1.4875524,0.4434399,0.2636136,-1.873922,0.87287176,-0.6576769,0.5453045,2.192167,-0.25372478,-0.13214363,-0.30482045,0.3242622,0.51270103,-4.066388,0.94157463,0.636051,-1.276059,-0.037235472,-0.2508405,-0.18361446,-2.1451297,1.476009,-1.6380776,1.5036291,-0.5813214,-0.29648045,-0.7537066,-0.24857824,-0.28062248,0.932842,3.0343256,2.2222164,-1.2080269
CGTCACTGTTTAGCTG-1,-6.5229673,-2.1574175,-2.111673,0.71076244,-2.0358455,-1.1489203,2.1654303,0.03306218,0.6149616,-0.09312919,-0.14971325,-0.6951502,-2.275474,-0.36978844,-0.40586072,-1.1563139,0.052913044,2.2358382,-0.69743955,0.44490436,-1.6022094,2.301466,-0.089203134,0.5080912,1.162521,1.2075094,-0.6209248,-0.72995746,-1.1509118,0.66161627,-0.3936238,1.6051354,1.7517161,-0.7714704,-1.1143513,-1.2372842,-0.27583167,-1.680634,-0.1544028,0.51203144,-1.3558967,0.8351975,0.5900204,-0.36030874,-1.3375154,1.0795008,-0.35641983,-0.97053343,0.9532157,-0.14081056
CGTCACTTCCAGATCA-1,-4.795707,-3.0875401,-0.99230075,2.3368886,-1.7225912,-1.5058353,-0.4078676,1.3267502,0.8078957,0.22126187,0.10015734,0.029855097,-0.29771763,-0.8903564,0.9954856,1.0474569,-0.80550057,0.1609988,-0.53856,-0.5962588,-0.009618387,0.60978854,-1.1413391,2.1534505,0.594955,-0.5548422,0.16829447,1.3085392,-1.3551273,-1.3381592,-0.2292887,-0.16881214,-0.060159642,0.780494,-0.32231703,-1.081733,0.56029123,0.7447758,-0.46663478,0.9996282,0.39102113,-1.1399342,0.27903146,-0.3330454,0.5402357,1.1697277,-1.152208,0.097482994,0.44139433,-1.5136497
CGTCTACAGTTTGCGT-1,-4.4242787,-2.2498045,-2.117766,1.4343389,-0.48872197,-0.2562295,-0.077815585,-0.03768379,1.995265,-1.0084863,-0.7572823,0.25765,-0.3072591,1.6762224,-0.71422607,-0.29205266,-0.29598677,0.50267994,-1.2765148,-1.2986118,-0.20907983,0.27566043,0.80639285,0.8323226,0.71635836,1.9249119,-0.5448778,0.4841424,-0.42022473,0.20491071,-0.3132191,0.7870746,-1.4262476,0.5387278,-1.2807245,-0.4599257,0.70066655,-0.6734066,-0.2746571,0.3011871,-0.7572668,-0.7741896,-2.5249104,0.70415175,-0.32748607,0.5036916,1.2705632,-1.1620607,0.26045126,0.124476515
CGTGAGCCAATGTTGC-1,-0.95751286,-2.2195544,1.8676478,0.9222227,-0.63346535,0.078625955,-1.077188,-1.3704497,0.9335713,0.68607277,0.5818379,0.62647873,0.8197399,-0.7932864,1.8491094,-0.16577737,0.6490957,-2.122557,1.3363147,-1.5905069,-0.9963488,-2.7221754,1.886807,-0.66293865,-0.62832296,-0.7094513,0.7114879,0.26808238,1.2236836,-0.40921447,1.1994835,1.1247933,-1.5125406,0.8946832,-1.3596138,1.0545561,1.1716845,-0.4159574,-0.52383393,0.83792806,-0.32774195,-0.37308776,-0.089300334,0.8910179,-1.7208809,1.8005629,-0.2649458,0.696388,0.0049500247,-1.372263
CGTGTAATCATCGATG-1,-2.5123043,-1.357452,-3.055047,-0.57707465,2.0472152,-1.9608775,1.035778,-0.87472546,3.64981,-2.2725885,0.9046011,-0.8826459,-1.3627172,1.5965347,0.027877836,-0.07147196,0.93266004,0.15857545,-0.10022542,-0.7699463,2.2771206,0.7844248,0.3350198,-3.012393,-0.44945002,1.6783899,1.4111403,-0.39623296,-1.2870498,0.58360505,-0.0022613131,0.9054276,-0.3870895,-1.0979847,0.0040311594,-0.87517214,0.19401605,1.3413985,-0.1419659,1.3551778,1.7593356,-2.0931752,-3.0052624,0.17132546,1.4077221,-4.7447405,-0.8235182,0.57963705,2.3127687,2.3764641
CGTGTCTGTACAGACG-1,-5.600866,-1.0216684,-3.1154943,-0.42502022,0.074617565,-0.90306634,0.55121714,-0.89499545,2.1826274,-2.3734438,-1.9275621,-0.5787655,-0.20617503,3.5267975,-1.5093585,-0.5259794,0.41918513,1.2260205,-1.4226401,0.35611746,1.2270176,0.080446266,0.21612266,2.770132,-0.96347106,1.7211493,-1.325059,1.4045852,-3.507771,-0.3752039,-1.3474803,1.478559,-1.9921428,1.0817381,0.98744893,-3.0412126,-1.1883305,1.2226776,-0.8697792,1.4721266,-0.76824117,-0.46497908,-2.1020827,-0.64344746,0.8173885,1.4251776,-2.1352859,1.2133942,0.65871173,1.9597745
CGTTAGACAAGGGTCA-1,-4.04211,-0.26820612,1.1107807,0.6969541,-1.5922459,-1.0390686,-0.4111943,1.1275388,0.1256016,0.9758249,-0.60584795,-0.6992002,-0.25724077,1.7507994,0.020073593,-1.3869407,1.1336701,-0.24246794,-2.0062213,-0.21334404,0.9511116,-0.11128983,0.27212563,-0.8138306,0.76818365,1.4108183,0.13011119,-0.28048518,0.4036651,2.7533953,-1.5231867,-0.07794129,1.5932698,0.38337564,0.8591507,-0.68826634,-0.2672384,0.85493255,1.3152843,0.074365325,1.0963594,1.5097882,0.6018202,0.7974997,1.102437,-0.42455864,0.090995334,-1.5354341,2.3874152,0.3570292
CGTTAGAGTAAGGATT-1,-3.9265306,-1.2241821,1.2679229,3.9134824,-3.831568,-0.07166324,0.9108133,0.90438294,0.42248002,0.19970399,-1.903892,1.7431765,-0.49808404,-1.6886503,0.21616706,4.266753,-0.26169172,-0.40967226,1.1689826,-0.8456249,1.6901481,-0.8858929,0.16309805,0.11626395,-1.8667593,0.8513383,3.065093,-0.79919004,1.4553632,-1.0216583,3.7275476,-1.7935605,1.0874064,-0.8949247,-0.12599283,2.430218,-2.0386949,2.1219482,-1.1051913,-1.6669778,-0.4978649,0.116773464,0.64200866,-1.1120907,1.2013226,-1.0673622,-1.2194713,-0.73905724,-1.2850413,0.66839796
CGTTAGATCCACTCCA-1,-6.0491223,-1.3573229,-3.0206337,0.92088276,-0.024827696,-0.630987,1.6126966,-0.27610317,-0.15930438,-0.55668056,-1.1074148,0.9920641,-1.6161134,-0.9966825,-1.2542429,-1.0735615,1.0445473,1.7000386,0.7474341,-2.4564455,1.4126009,-1.157402,0.6598996,1.4974452,-0.14741693,0.15202747,1.0738947,1.6426647,-0.10390807,0.26527414,-1.0454789,1.6669188,0.9595794,0.34814838,0.13234311,-1.9929475,-0.9252072,-0.08639492,0.624409,-1.2861477,-1.2153006,-1.0135884,0.73214495,-2.4176338,-0.04407016,-1.0764228,1.5489012,-0.6026522,1.7087884,1.8611705
CGTTCTGAGCCCGAAA-1,-5.801439,-0.22459367,-2.15009,-0.8473,0.011492187,-2.5779548,-0.41187865,0.17108355,0.87212145,-1.8972723,0.6809146,-0.34550527,1.7616307,2.0388849,-1.1235366,-0.75001276,1.9132692,-0.48385972,0.64252377,-0.3102774,-2.7750916,-1.5634288,3.1876214,-0.46128055,-1.2155395,-1.3321244,-0.44427705,0.6566762,-2.3682706,-0.35587052,0.029031895,1.046841,-1.7690486,1.3037583,0.9494284,-0.5614952,1.9890709,1.7278422,-2.0398664,-2.537398,-2.5602875,-0.30503255,-1.4501553,1.3053869,-1.8619446,2.1675942,2.875778,-0.82949233,1.258461,-0.3716451
CGTTCTGGTCCTGCTT-1,-5.205954,-0.4177785,0.7394196,2.0247085,-1.6610501,-1.0967447,0.8916732,-0.099755235,0.89106333,-0.39761445,0.7263149,1.008727,1.4254035,-0.33699077,-0.23497283,0.4156476,-1.6300101,-0.09596525,0.3171828,-2.7590418,-0.64448464,1.4587945,-1.2120055,-1.5102247,-0.49123114,-0.86827195,0.012236281,-0.0826721,-0.09761741,-0.11252229,-0.19198753,1.5929774,0.7194428,-0.5943612,-0.90454835,0.47286937,-0.912811,-0.3463591,-0.3757417,0.48188636,-0.06648224,0.32658556,1.3081595,0.1825566,1.1523318,-0.5350968,-0.8383696,0.7499712,1.4663134,0.035303447
CGTTGGGCATTGGCGC-1,-3.3391354,-1.7339272,0.41240433,1.8814119,-2.6494915,-0.5990625,-0.2947454,0.08801564,0.6204542,0.26794302,2.2277718,-0.49244696,-0.020002149,-1.3720013,1.3105739,0.29554135,0.48418486,0.8912853,-0.72757345,-0.87699515,0.90108424,1.6411729,-0.6835147,-1.2575955,-1.044873,0.23002033,1.9585353,-0.40737858,2.3477216,-0.19330567,-0.015427304,1.4486911,1.5980258,0.32323852,-0.2777423,1.8292897,0.41673067,0.93151224,-1.1196898,-2.5857327,0.368744,-0.8053819,0.33588952,-0.3560499,1.3506917,2.2790036,-2.516962,0.28611857,-0.5607201,-2.3683853
CGTTGGGGTATCACCA-1,-4.222253,-1.3987179,-0.7133753,3.1211,-4.173739,-0.1590437,1.1831682,1.1336925,-0.086176224,1.0924511,0.0008086338,-0.5615475,-0.41653153,0.0859864,-0.5451155,-2.063606,1.0079868,-1.9074452,-1.0330583,0.37565878,0.45836782,-0.057933636,1.428461,0.38469303,0.2503963,1.7230949,-0.6190176,0.9315792,1.1637596,0.6324964,0.25909153,-1.3156414,1.5738612,-0.094389826,-1.6429161,0.11745432,-1.1177684,-2.315644,0.1767737,-0.08013315,0.65753937,1.2428194,-0.89955574,-2.777767,-1.5119306,-0.065811604,-3.440427,-3.063781,-0.5087342,3.3955731
CGTTGGGTCACCGTAA-1,-2.5790765,-2.788255,-0.5131891,1.842991,-2.0689473,0.17215385,-0.37370062,0.21463437,-0.22762692,0.8025449,0.93966436,0.62804765,0.9373345,-0.7539789,-1.2505599,0.5042742,0.06561818,-0.8558305,0.27663904,-1.0898684,0.9618603,-0.12609687,0.71242696,-1.5585692,0.58352745,0.8296705,-0.7911899,-0.48406702,-0.820112,0.14168939,-0.5771025,0.14792576,-0.38942227,-0.7106248,-1.8491006,1.387744,-1.5456955,-1.4297231,0.8282734,-0.90874094,0.35895926,-1.268542,-0.69010895,0.38377616,0.37011576,0.64941734,0.290273,1.2419866,0.2065506,0.6204455
CTAACTTCAGCCACCA-1,-4.6692195,-2.4500577,-3.0161595,0.54569614,1.2352521,-1.0697069,-0.014871935,-2.400959,1.0864396,-2.0786355,0.48245746,-0.34522924,-0.05717104,0.7853153,1.2473724,1.6664269,-1.3619399,0.35987115,1.0180174,-0.281444,-1.6240089,0.77001774,1.2698168,-0.9441888,1.3114401,-1.7535522,3.190035,1.1175482,-1.4721872,0.06671093,0.1513175,-0.6853247,-0.755943,2.3269181,-4.544874,-3.31115,2.4004319,-0.21031068,-2.106618,-3.535829,2.6008646,0.5810081,2.503853,1.5780708,2.6607988,1.5396185,-1.4094156,2.5651238,-1.4571153,-3.026005
CTAAGACAGAAACCAT-1,-6.4904566,-1.4636464,0.1303282,1.9309882,-2.3220596,-1.5514308,2.2348542,2.133314,-0.059976913,0.93417275,-1.3790385,0.44395295,0.47878894,-0.42164168,-0.6396801,1.1685017,0.80425304,-0.7758855,0.4311314,-1.089719,0.7060593,0.6660279,0.124156564,-1.649704,0.3973974,1.8419737,3.7058399,-1.6252856,1.0861388,-0.44169343,0.56434643,0.4999639,-0.010601309,-1.6011791,-1.4070144,0.88234353,-0.1571395,0.83290166,-1.6523635,-0.8728498,2.1781867,0.6995182,0.37672958,3.732289,-1.0206455,-0.16103053,-0.77142006,-1.2655946,-2.3671927,-1.7261763
CTAAGACCAATTGCTG-1,-5.3601313,2.3480098,-1.3653654,-2.8036268,1.3097262,-1.9338697,1.467484,3.9838462,1.7908076,-0.6541504,-1.6598814,-2.02308,2.9160573,0.45360184,0.2511532,-1.4319369,2.2298625,0.84348047,-3.2617893,-0.4228043,-0.9965561,1.5668876,3.017307,0.7665647,-0.8122471,-0.030419555,-2.4277332,1.7286688,-2.2422335,-2.062534,-0.7984186,0.13933787,2.9620354,3.8858943,-0.7539921,-0.2593241,0.52679706,4.7250366,2.647352,5.320567,1.5599458,-1.5122534,-0.033092123,1.5995524,-5.550134,-5.930989,1.8769706,0.73288465,-1.8548725,0.80721647
CTAAGACTCAAACCAC-1,-4.3034987,1.7346313,6.129827,2.2523255,-2.010972,2.7369368,0.03330358,-1.0711101,1.0574914,-0.55231845,1.6308774,-0.67812026,2.5944552,-0.5394489,1.2633545,0.65027916,0.25263533,-2.7874053,0.59246415,-1.9964986,-0.3166802,-2.9796467,-0.24467947,-0.46228993,-0.79864997,-2.0559433,2.147271,-0.53437024,-0.19876862,-2.1170475,2.619789,0.24060734,-2.5989919,1.3336548,0.7601327,2.0792606,-0.78154105,1.9144793,0.2808914,-2.5143218,1.8519479,0.8733883,2.111368,1.4636576,3.242446,-0.51724756,2.8067086,0.3616039,-0.17490354,-0.793801
CTAAGACTCGAATGGG-1,-3.6969984,-2.7645206,0.45361096,2.9319055,-2.7567081,0.52658814,-0.6569558,0.8889899,-0.495325,1.0797621,0.9544792,-0.8004118,-0.73486876,-0.14730859,-0.19903946,1.21935,-0.061161093,-0.50012636,2.1501052,-0.9124531,0.80263096,-1.467742,0.6712159,1.063534,-1.4759446,2.1534832,2.707179,1.9279505,-2.624435,0.85793823,-0.81470674,-1.2069412,-0.045040455,1.4704155,-0.65395385,-0.033075806,-1.430679,0.6878732,-1.4729434,1.2744453,2.808052,-1.199115,-1.5862339,0.08237911,2.3308575,3.0355723,0.16004845,-1.0789554,-0.09195352,-2.3402255
CTAATGGGTATAGTAG-1,-5.5052958,-0.85869277,-3.0477924,-0.17682914,0.72951555,-0.26868472,0.11577302,0.87153137,2.4801075,-2.9413085,-0.78451663,0.6495525,0.6455751,0.7964363,-0.13837713,-0.9417154,-0.39667782,0.5877383,-0.90316147,-0.073987946,-0.92653793,0.9111029,-0.9825654,-1.2180862,-1.3609852,1.0101734,0.9686752,-0.2597811,-1.6349766,-0.0013896968,-2.4514046,0.24158002,-0.14189678,-0.8161208,-0.28147736,-1.7952822,1.8224889,-0.093294874,0.5992679,0.9074326,0.9236816,-0.08581713,-0.7153781,-0.37150013,0.40236828,1.0850375,1.622177,-2.8558888,-2.3329315,0.2720469
CTAATGGTCAGCGATT-1,-3.0007308,-1.1692786,-3.6568465,-1.631995,1.4543152,-0.3305985,0.12024916,-2.0937095,1.6346443,-1.6795291,0.88738805,0.9887197,0.13126607,1.3222035,-0.73142266,-0.6797127,0.97796834,2.4744456,-0.99955666,-0.67635477,-0.5338928,-0.058546636,-0.54065984,0.418006,-0.82065946,0.35798952,0.13968533,0.41451448,-2.4491198,1.7633098,0.4271388,1.0256481,-1.3255733,1.1922243,-1.2557324,-1.4496661,-0.28811365,1.4834067,0.7645432,0.23096944,-0.8680773,-1.3347698,-0.9147306,0.3063575,-0.5053498,-0.007581743,-0.58103603,1.2370434,1.6979849,-0.06521309
CTAATGGTCCTCATTA-1,-5.394534,-1.398468,0.8497424,3.0298336,-3.750376,-0.4189334,1.8060282,0.9457371,0.8734905,-0.24321547,2.2247965,-0.9390409,-1.4365509,-1.5205837,-2.0738575,-2.4760027,1.4605978,-0.24052319,1.3063567,0.6653436,3.3984601,1.9459653,0.62426394,-0.7387757,-0.028258698,-1.3650291,-2.884795,1.1432264,0.25402415,-1.2754655,1.0989653,-1.4403931,-0.3565361,-1.0999947,-0.3954397,-0.6599616,-3.237562,0.36723584,0.51852995,2.3080845,-0.9482585,1.2176441,-0.9209934,-0.77074844,-0.16348357,-1.7582827,0.13534546,2.853888,-0.4085538,1.8733593
CTACACCAGTGGTAAT-1,-5.9421716,-1.3698531,1.1682584,3.363943,-3.5512197,-0.6535816,2.7758508,2.6454072,0.08755547,0.9408829,0.91907054,-0.8678399,1.0366652,-2.5161836,0.041036054,-1.1666822,0.04449093,-0.17964526,-1.1130152,0.19812828,2.0311038,1.0988238,0.04002719,-1.0775183,-0.59083605,0.729411,0.91625065,-2.1569655,1.0312105,-0.38023806,1.977678,-1.4860034,0.62628955,0.02943162,1.3947808,1.4492103,-0.917984,0.24841627,-0.37981302,-1.7061926,0.590208,-1.7512372,-2.04443,-0.67657727,-3.0774484,-1.7689613,1.147937,-0.20075443,-0.49795574,-0.3955631
CTACACCAGTTGTCGT-1,-4.4450645,-1.306488,-0.32114065,2.7203476,-2.9077103,0.97741294,2.0963867,0.95798314,0.5489851,1.4729954,0.8753184,0.23212335,-0.75904554,0.23657836,-0.16711427,1.5984527,-0.87142235,1.7285076,2.818585,-0.116047606,2.6094441,1.2135817,-0.053052012,-0.46885994,1.8792675,1.2109578,0.6501847,0.51287544,2.5494702,1.8247449,-0.29825276,0.3107955,1.5493506,-0.18444194,0.07402323,0.12048607,-0.31318486,-0.90489244,2.5424154,0.7497803,-2.597007,1.1060047,-0.6753102,-2.5304794,-1.0294584,0.015056886,-0.14894213,-2.7112541,1.0040411,0.99088234
CTACACCCATCTCCCA-1,-2.9747372,-0.53615105,-1.4554148,-0.0032252911,-0.013494989,-0.739908,0.5605303,0.6176732,0.82601243,0.8875272,-0.0127782915,0.48792556,-1.4584605,-0.08588313,-0.7261188,-0.0339741,0.4682215,-0.29718435,1.0426754,-1.2153753,1.2928863,0.45172215,0.06606735,-0.4886991,1.7452118,0.32124954,-0.9435447,-0.9311984,-0.064776406,2.4510493,-0.8397614,0.75457835,0.82551813,-1.0526621,1.2519873,-0.4528679,3.0082555,0.054182127,2.634029,1.4127765,-0.38192415,-0.060799234,-0.6664787,0.6047534,-0.37378576,-0.36966237,1.662693,0.96338594,0.76242596,0.5356636
CTACCCATCACATACG-1,-2.638379,0.32972658,6.293417,1.9105031,-1.7023048,1.8375207,-0.90083975,0.20584941,1.226933,-1.020278,-0.50197005,1.6670933,1.6576263,-1.1740776,3.5954664,1.6817981,1.9430664,-2.4202526,-0.9392047,1.3999034,-0.29718196,0.07762462,0.4882621,-0.75166935,-0.58481926,-2.1719995,2.1534257,0.6279725,-0.19461735,-0.41213018,0.7518135,1.8495072,0.5531277,0.01738909,-0.50184625,2.1552813,0.3256119,-0.6729562,-2.0369058,-0.74659145,0.40190968,-2.8220048,0.5518206,2.3046103,0.5029997,0.5907056,0.9540798,1.1754216,0.42658782,0.7049774
CTACGTCCATGAACCT-1,-3.4503875,-1.8816656,-0.23149595,2.515853,-2.244251,-1.1076385,-0.19210756,0.64261544,1.107733,-1.0981971,1.0874788,1.9113978,-0.29164818,-1.5336319,3.6611156,0.37754914,0.015249232,-2.4988825,-0.52666974,-2.240251,0.8734656,-1.406364,-1.36479,-1.5168004,-2.031396,-1.4582025,-0.33561203,1.876821,-2.5180771,0.5495597,2.0797248,0.19377747,-1.6498268,-1.0450871,-0.5904776,1.4585171,-0.23654762,0.79380184,-1.2479324,2.7326639,-0.7621871,1.6546067,0.04509958,-1.4205452,0.11707982,0.38446066,-0.08535018,0.8775644,-0.42245814,-0.5087399
CTACGTCGTAACGACG-1,-5.1574802,-1.8491532,-0.58220977,1.8001847,-2.5286908,-0.9359774,0.059178174,1.5082817,0.94563085,-0.3065399,0.25178388,-1.3231311,-0.52587485,0.6584385,-0.093533374,-1.0576906,1.5590028,0.3050193,-1.2691921,-0.63979644,-1.4175229,-1.7816116,0.31460422,0.42995277,-0.8951489,-0.6446382,-1.9181651,1.7998865,-0.7175356,-1.1727306,-1.2140296,1.2360755,-0.79161805,-0.8083626,-0.92600137,-0.2210184,-0.6143284,1.1457705,0.40793902,0.009367959,-1.1842619,0.15812857,1.1812364,-0.9773277,0.4490215,0.6093534,-0.24942258,0.17032704,-0.9718923,1.1254125
CTAGAGTAGTGTCTCA-1,-2.7279315,3.4054608,12.88609,3.402651,-2.193208,4.6829863,-0.43560967,-2.4194474,1.1310027,-4.92106,-2.2456534,1.361505,-0.156499,0.7482454,-3.7301388,-1.6434531,1.0890615,1.7422919,0.06987143,-1.6006489,-1.10013,0.9741296,-0.5357535,0.5913837,-1.5505507,0.7778628,-0.43423936,0.93695647,0.39753193,1.5441056,0.86309737,0.60202307,-0.7983066,1.475788,-1.3202399,-2.0286148,0.4689805,1.0850148,-0.04279138,-3.4253504,-0.14075911,0.5522748,-0.7675118,-0.95107543,-0.5830402,2.6985273,-0.18880907,-0.66840506,-0.2793794,2.2613695
CTAGCCTCAATCTACG-1,-6.981677,0.18939199,-3.1526496,0.8482726,-4.544623,-1.273434,2.061419,-0.033911757,-1.1637824,0.028557554,-0.03217357,-0.87964046,-1.9817798,-0.9750647,-1.2685105,-2.0006723,-3.0363145,2.610706,0.4872331,-0.031006962,-0.59593576,3.0664246,0.81314075,1.5166386,1.0439713,-0.91488045,-1.0584613,0.23070678,-0.7642587,2.3017626,-3.556596,0.723464,2.7318816,1.1008285,-0.3941109,0.75919044,0.99073595,-0.3046523,0.8355438,1.5135248,-1.5145693,2.5612414,-1.2005798,0.38937843,3.533212,0.74566454,-1.7026262,1.41157,-0.25718915,0.48687962
CTAGCCTTCACTCCTG-1,-3.5062606,-0.53863186,1.2468634,1.5840373,-1.257114,-0.42327914,-0.6701871,-0.13672176,-0.3958771,0.42594668,0.85319257,0.52085096,-0.05923116,-0.061566573,1.8631533,0.08679001,-0.8563229,0.60082406,-0.176829,0.12542853,0.008625556,0.11951204,-0.73518133,-0.08854284,-0.4780599,-1.1272477,-0.15766487,0.32217842,-1.1195809,-0.105720125,-1.2250407,1.3450601,0.43749285,0.7928584,0.8327468,-0.21659924,1.0127895,0.2716175,-1.5129138,-0.62319475,-0.96241814,0.33100924,0.5020195,-0.4719172,-0.93886924,0.24811764,-0.84056205,0.78142494,1.3840806,2.1587033
CTAGTGACATCGATGT-1,-4.9478517,-2.0899277,-5.0362525,-3.5771399,3.482057,0.16536677,-0.8857888,-3.3655243,3.9757817,-3.8382092,-0.6574655,2.1252346,0.42592677,1.8711096,-0.060672212,-0.1835297,0.14002733,2.2981777,-1.0226775,-0.2166892,-0.4357803,-0.33095717,-0.9484048,-1.201336,-0.8133502,2.351204,0.96282166,0.2150554,-1.0993924,0.4612736,1.4576201,0.025011616,-1.2291228,1.6078166,-2.1800585,-1.458034,-1.0429703,-0.08582331,0.8452465,-1.254691,2.3678057,1.5450068,1.8104954,-1.9745606,1.2224803,-1.7550284,-0.2762755,-3.6419039,-1.4255145,-1.3582479
CTAGTGAGTTGTGGCC-1,-1.9353406,-2.6248465,4.266392,3.2543318,-2.7109535,1.4734477,-0.19816907,-0.22619045,0.013971505,1.3949554,0.4149286,1.5681084,0.89303714,0.74474573,1.7332737,1.1951144,-0.04596146,-1.4879297,0.18712932,0.4722856,-0.13071527,0.85446453,-0.59245586,-0.16569787,-1.3249946,-1.3825343,-1.67468,-0.22429588,0.2142074,-0.23736463,-0.23915923,-0.22518945,0.6869392,0.0645199,-0.33859357,0.23037598,1.5288159,-1.6912161,-0.38134626,0.3765701,0.65196145,1.0011725,0.8310636,-0.6862327,-3.2667904,0.7010829,-1.7346562,-0.37978858,-0.7134401,0.15125528
CTCACACCAGATCTGT-1,-4.3556705,-0.34366688,-3.0132887,-2.1301587,1.7044507,-0.12654687,0.9803577,-2.627101,2.6093698,-2.8339536,-0.62544763,2.4855258,0.400463,0.83813757,0.56708676,0.41245028,-0.7539887,0.7216541,-1.5804894,0.20782009,0.6040527,-0.58335817,-2.020728,-0.98548186,1.2405194,2.4732122,0.5341545,-0.21717866,-1.9883637,0.052643903,-0.42493087,0.5636577,-1.596492,-0.63784844,-0.8942207,-2.5866203,-0.20007463,-1.1687334,-0.92922455,1.0062547,-0.7779949,0.23615547,1.6574674,0.39762083,0.37944543,0.8139928,0.22898461,-0.6011141,-0.9226533,-2.1615634
CTCATTATCGGTCTAA-1,-3.6254194,-1.4964474,-0.73902726,0.73936254,-1.0351231,-1.7028043,0.6045027,-0.38753903,-0.16989563,-0.9022479,1.2019956,1.8722608,-0.66027474,0.79543316,-0.6802804,-0.018932134,-1.6934882,1.2758744,-1.3838145,-1.2688982,-0.25938207,-0.08726812,0.29064968,1.2748585,-0.003626772,1.0072206,-0.0066014878,0.8648407,-1.2368557,-0.36120084,-1.6148701,1.3892522,-1.653372,-0.82219154,0.9598718,0.9815624,1.443208,-0.86871696,2.374618,2.87379,0.35578543,0.775793,-1.4354347,0.2286419,1.1982553,-1.479232,-1.8652374,0.7381796,-0.14187148,0.9392579
CTCCTAGAGACCTAGG-1,-3.306644,-1.9892259,-2.7083473,-0.6379101,1.0088153,-0.1367671,-0.8879949,-1.9627979,2.0181613,-2.0406315,-0.62461406,2.3097441,0.72228307,1.1441722,-1.1918203,-0.25235036,1.0453347,-0.411281,-0.30454013,-0.5937987,-0.6247655,-1.839553,0.415431,-0.4486918,0.50299114,0.29206988,-0.19310702,0.70630115,-0.73512775,1.0451419,0.79088193,0.42002633,-0.9388931,0.8649554,1.3849905,-1.0137725,-1.189214,-0.47097754,0.14234291,-0.24386673,0.019028125,0.32912403,0.85647297,1.641823,-0.59378,-0.19755518,1.1069461,-0.5013694,-0.5907834,-1.6957787
CTCGAGGAGTGAAGAG-1,-4.1053634,-2.2613256,-1.4416794,2.235357,-2.243256,-1.4974593,0.8041295,0.85142434,-0.7131266,1.7606518,0.82723814,0.5212577,-1.481882,1.1620418,-2.902848,-2.0274663,-0.42172274,1.5748217,1.2913092,0.19832307,1.9801165,-0.96873635,0.8552819,0.42334035,2.2641807,0.7208832,-1.9533958,0.40716156,-0.63531595,1.4703089,0.031114152,-0.08578421,1.9707736,0.71165466,-0.43185747,-0.124707945,-0.2737167,1.9048349,0.10495514,-0.80547947,-0.1839746,0.8620384,-0.8455106,0.02433942,-0.7150689,-0.45101357,-0.1666507,1.1458677,-1.1352547,0.059221666
CTCGGAGAGTGTGGCA-1,-4.607534,-2.1378603,-2.5844398,0.47869173,-1.2755837,-1.754612,0.3469513,0.04535501,-0.09632973,1.1459547,-0.687363,0.11358703,-0.31386927,1.1684747,0.03534561,-0.88653654,0.29816833,0.16733772,0.11108898,-1.1016287,-1.9465222,0.32666597,-0.47431135,-1.0813588,0.69954646,0.46860152,0.8444399,0.09039251,-0.102579966,0.16682605,-0.0022134325,0.37517262,0.40080565,2.2075346,-0.8515999,-0.8951376,0.86340666,0.17796841,-0.32682368,-0.122698344,-0.22311902,-0.73878574,-0.99523985,0.2839671,0.32421973,1.4618944,2.1625028,-0.3534924,0.882341,0.42073932
CTCGGGAAGACCTAGG-1,-3.3059494,-3.0796494,-3.500226,0.5842997,-0.55009395,0.15929936,-0.24714997,-1.7375145,1.4761133,-1.5388571,0.62191,0.016555391,0.15819526,0.8550116,-1.3573624,0.13222967,0.7606901,-1.3726064,-1.0218345,-0.4658443,0.6404395,-0.2616426,-0.6246197,-0.5036347,-0.047990855,-0.04225467,-1.8294972,0.43113732,-2.5507429,1.5877442,0.39614555,-0.8501118,-0.5175984,-1.4466009,-1.4320349,-0.84099096,1.2176075,-0.51623297,-1.6033729,0.5980191,0.19629334,1.1587992,2.0257883,0.30255505,1.9781663,0.2382646,0.16917607,0.93585944,-0.87919587,-0.30916882
CTCGGGAAGCTGATAA-1,-7.001336,2.3014448,-2.4400263,1.0931567,-3.2587888,1.0317339,0.7302618,2.831866,-0.63750786,1.2969558,-1.1833515,-2.6498418,-0.17122519,-1.6727711,-4.44234,-2.0452697,1.4984729,3.207916,1.9276377,4.790085,4.258444,1.4854819,-2.2364619,-1.7549989,2.1111906,1.7824566,-0.034530316,-1.7910298,0.7445518,3.6990445,-0.465708,0.94227016,2.4654632,-2.7852898,4.641096,-0.51620376,-1.7503005,-0.28886476,0.58843404,0.061855786,-3.279042,3.450234,-3.4890602,-2.8336978,-0.08044843,-1.683479,2.3476,1.5865394,0.8851439,-1.8888481
CTCGTACAGACCTAGG-1,-3.1908097,-0.7549046,-2.6604617,0.22303857,1.1726339,-0.64946866,-1.06111,-1.1733152,4.199161,-2.0867548,-0.20727126,0.15557066,-0.120151915,-0.9861338,-0.23144437,0.5325797,0.24678858,2.0703242,0.77289176,-1.0814539,0.47523233,-1.6601264,0.59852827,1.1684394,-0.9911634,-0.35142398,0.1193587,0.6123524,-1.7647345,0.17433602,-0.0676479,0.83799016,-1.1201711,-0.1426861,1.3112111,-1.3559064,0.6985825,0.8119399,-0.71186167,-0.020583255,-1.6602744,-0.20263463,-0.1674227,0.7609112,-0.15696831,-1.4101914,0.9456963,0.49182117,-0.39189902,1.5375844
CTCGTACGTTGTCTTT-1,-5.5857015,-1.5812389,-1.0616283,1.1174501,-2.0234244,-0.63461107,1.4001085,2.7648466,-0.045314543,0.57886946,-0.42583692,-1.1205647,-0.9236178,-0.5763471,1.3898779,0.87572193,1.0647483,1.4898903,0.55547553,-0.29924768,-1.4323514,-0.3704377,-1.211572,-0.76574916,0.27464485,1.1269888,0.33135775,-0.10727411,-1.3439821,-0.04887513,-1.3997505,0.20673047,1.6977881,-0.5374578,-0.22969078,-0.55578506,0.4230953,-3.5677836,1.0383079,-0.61768705,-0.39986965,-1.1685132,-1.5277696,-0.27129146,0.98071444,0.45519242,-1.322189,-0.46072662,0.65142804,1.4710093
CTCTGGTAGATCGGGT-1,-3.2066755,-2.632953,1.0172974,3.0435166,-2.8880005,-0.07200263,-0.3195054,1.2093507,0.4386068,0.8817528,-0.08756594,-0.9825257,1.144704,-1.1867344,0.38597423,0.7831028,2.0609696,-0.79983133,0.7054274,-1.8224951,0.49487248,0.054405045,-2.3985944,0.83643407,1.0224267,0.28290522,0.48928073,-0.42419893,-0.14012632,-1.164978,0.008974254,-0.66082215,0.25671932,1.2069288,0.24681336,2.1256301,-1.5904611,0.694757,-0.8910913,-1.0661484,-0.8801665,-1.9008913,0.4559112,-0.45306778,1.0566006,0.9731184,-2.007704,0.5712347,2.9790914,-0.0961669
CTCTGGTAGTTGAGAT-1,-2.9640636,-1.6738601,-2.519114,-0.7930795,1.327149,-0.7316291,-0.32494077,-2.8042512,3.1162658,-2.382139,0.50031936,1.1136438,-1.302928,0.46417874,1.0076126,-0.7917466,0.5769587,0.6995919,1.2765375,0.066101596,-0.2967701,-1.6397754,-0.14010452,0.67757463,-1.8524107,0.6327928,-0.52093226,0.3621033,-0.003034918,2.8957925,0.11937515,0.18741937,-0.5628428,-0.5305347,-1.0056628,-0.88345516,-0.43328157,1.384763,0.12801607,-1.1915579,-1.2867193,0.1090343,-2.1556582,0.004005585,-0.08546587,-0.23342133,-0.75704664,-0.15651502,-1.3994379,0.80911034
CTGAAACAGCCGGTAA-1,-5.1625233,0.38551146,0.08337355,1.8488033,-2.7702053,-0.7004212,1.2146739,2.3138444,0.12584043,0.22887146,0.076555625,0.38029918,-0.6840022,0.5476823,-2.1820104,-0.7579578,-1.1268296,1.4556028,0.693228,-0.19159468,3.2136593,-0.28529927,-0.41348594,-2.8443666,-1.1247231,1.6909239,1.1595765,1.5041479,1.0664196,-0.44656625,-1.4045813,0.38096124,-0.39445105,-1.7706244,0.0028529963,3.4859574,-2.3904006,1.2645314,1.2594666,0.31587988,-0.15580265,0.019946288,1.9771292,-0.3194498,0.08403388,0.6500042,-0.43273365,0.4937365,-2.1278255,0.48168012
CTGAAACCATGCCCGA-1,-4.6518536,-0.32909405,4.214621,1.937071,-1.1631297,0.8908574,0.6106638,0.31518543,0.29864627,-0.46230495,2.012433,0.2982353,1.021763,-2.0073152,1.7881135,1.5951675,0.72992206,-1.6254125,0.61310416,1.0768875,0.31220976,-0.938752,-1.2058536,-0.71234715,-1.4074751,-0.136613,1.5369585,-0.99170834,0.44937426,0.5743127,1.0481445,0.12538901,1.7265493,0.52216303,-0.59471107,-0.5090153,1.3227564,0.006762635,0.39767617,-0.6269528,1.9315038,-3.0790462,0.13758208,-0.10395059,0.12153988,-2.1275897,-0.61915416,1.3434867,-1.0616643,0.0051879655
CTGAAACTCAAACCAC-1,-5.309152,-0.92557585,-2.3652492,-1.196673,0.2524833,0.18701155,1.0412941,0.24768189,2.1808228,-2.484753,1.2467539,1.7043306,-0.49596933,-0.7116745,-0.2025714,-0.21705261,-0.1121733,0.54750335,-1.0839536,-0.12133934,1.3429905,-1.3715044,0.7372621,-2.376263,-1.5252404,0.19566022,1.7636334,0.9001122,-0.63446194,0.105463244,1.1154267,1.3926934,-0.7922681,-1.2390894,0.5201003,-0.6206054,-1.556406,-1.1799775,-1.3021694,-2.4260974,1.022177,0.07042141,-0.27211896,-0.76818067,-0.3164514,-2.1764452,0.22105062,-0.5732673,0.68266284,-1.0896076
CTGAAGTCAAACTGCT-1,-5.2233243,-2.0487285,-2.1895108,3.2131221,-2.9646256,-0.86540276,-0.25172624,3.0508432,1.0504144,0.8429652,-1.3595048,-1.6456128,0.48982784,0.29929146,-1.7147688,-0.53776205,-0.2153417,0.15348999,0.09080822,0.124529235,0.09835375,0.06042277,0.1440823,2.743411,1.7469555,-0.37934896,-1.2654825,-0.70789164,-1.7344015,-1.414223,-1.8346173,0.087231494,1.2027882,-1.4229681,1.4310795,-2.125855,-0.90969104,-0.5215873,-2.0723946,0.7371558,1.9820832,1.2938745,-0.11937485,-1.8158538,0.15806806,0.12231537,1.2147793,1.5999248,2.0989313,-0.52209824
CTGAAGTTCGCTGATA-1,-2.978747,1.0454726,-6.1171927,-4.7764907,5.002704,1.5306542,1.808584,-1.259394,6.201779,-7.3620276,-1.9903601,-0.7946682,-2.0358121,4.615685,-0.9470437,1.2715236,0.4598689,-1.2491777,-1.1045413,3.4240952,1.6050891,0.6635285,-1.5076104,2.5734522,-4.4019823,0.24453095,-0.5520288,-1.8976952,0.9788346,2.142269,0.30447567,-0.36424425,-0.58080786,2.0817013,0.3428612,-1.3004669,-4.026186,0.18000084,5.4450045,4.2260675,4.8110294,-1.3090732,-1.6702455,0.1590502,-1.8586874,-3.3698914,-1.0569661,-4.2683916,3.3029113,0.3484507
CTGAAGTTCTGATTCT-1,-3.7698033,-1.2871625,-4.954951,-3.640738,2.0140772,-0.7259775,-1.4182887,-3.3366873,3.4796867,-4.03047,-0.67373914,0.77846897,1.7237041,2.475193,1.348315,0.3400501,1.6763316,2.7791178,-0.4629408,-0.12674735,0.3151257,-1.6641394,0.6733804,-1.8932551,0.96279866,1.4256308,-0.8076191,0.07626695,-0.6053599,-1.5796175,1.7992215,0.8473178,-0.08166525,0.051232543,1.4914305,-1.8753761,0.7332613,0.46238253,1.4632701,-0.35136518,-0.095426336,-0.3686625,0.19390368,-1.3730171,-0.13272233,1.1346197,-2.1641693,-0.82119733,0.758057,-1.0485992
CTGATAGAGTCGTACT-1,-3.0261977,0.8793313,1.6760662,0.95713454,-1.1502929,-0.16988127,0.83519125,1.7444397,1.1680655,0.26245946,-1.6262977,-1.9733179,2.8310037,-0.6050343,-2.2077415,-0.17196168,-0.609349,0.2280971,-0.9106816,0.47123966,-0.64743274,-0.08021538,0.36714998,-1.310449,-1.7510347,-1.4605665,1.3919091,0.18796435,-0.6720099,0.8417407,-0.9066872,0.565106,0.18672839,1.9528883,0.4248435,-1.2796956,0.93363345,-1.7129307,2.0114944,0.5977115,1.2943962,-1.6800065,-2.3170803,0.70739174,-0.8950353,-0.8257288,-1.1464671,0.2215785,-1.3430674,2.564768
CTGATCCAGGTGCACA-1,-6.247566,-1.8816842,1.1874958,1.3490518,-2.4041378,-1.0808429,-0.4041415,0.5596997,0.592906,0.020933436,-0.9286145,1.1879607,1.1253918,-1.4722093,2.2828677,0.4654505,1.1607946,0.45354223,0.33556426,-1.1035259,-1.7979581,0.35365203,0.6178295,-0.3024752,-0.81338185,0.52377194,1.4409559,-0.31194195,2.575968,-1.0275813,0.4061769,-0.6650306,-0.18311915,2.5667257,-2.0768254,-0.75698423,-0.028330268,2.8603594,0.093256816,-1.6078424,0.65293556,0.08854185,-0.9868961,0.90174544,-1.2341483,0.7704173,0.21177666,-2.1916373,-1.4695646,-0.47106707
CTGGTCTGTACATGTC-1,-6.3112917,-1.3194695,-2.4696245,2.3710217,-1.1530529,-1.4203346,2.4858902,1.1414335,0.3810228,-1.3252492,-1.770877,1.7082101,-0.51148105,-0.71854365,-0.4171372,-0.6560167,-0.67750514,0.7490777,0.68783426,0.4884909,0.61925256,-0.17095932,0.65483624,-1.0639917,1.214619,-0.23864442,1.0850164,-0.38389948,-0.5711535,0.27084994,1.1356549,-1.4053038,-0.38429317,-0.4775366,-0.49934042,-0.32532063,-0.69379103,1.3762066,1.2630504,-1.6272908,0.006518256,0.7123113,2.6983562,0.020173661,0.03568264,-0.48637733,0.66266555,2.8687491,-1.7634559,-1.3776599
CTTAGGAGTTCACCTC-1,-3.8978012,-1.1636478,1.7084994,0.99958664,-1.4861248,-0.37036487,1.1817803,1.6058135,-0.46614733,-1.3496467,0.3142806,2.2106633,0.28376195,-0.7324561,0.5395894,-1.2571342,0.9153391,0.617106,-0.5896348,-1.5919082,-1.3124416,1.2242645,0.19579615,-1.7163616,-0.6025159,-0.14813714,0.3566389,0.36431673,-0.29918724,-0.34476164,0.5467094,2.0815253,1.334317,-0.7174665,1.3437515,-0.591435,0.41220978,0.4295279,-2.1726487,-0.8997252,-0.618167,1.3996959,1.1131496,-0.5297599,0.3954518,0.30270815,1.2248466,-1.4862958,0.4827984,-0.15202822
CTTAGGATCGTCGTTC-1,-2.9757712,-1.3763433,3.3441079,2.5693529,-2.4447746,1.5722122,0.37034735,-0.7574552,2.2715304,0.11989061,1.4358327,1.7022172,3.0714073,-1.2872967,0.72010046,2.50211,1.521286,-2.209657,0.5219496,-0.25729308,1.2102177,-1.9650531,-0.70363736,-1.3004056,-3.158249,-0.28448266,0.96124226,-1.0075533,-0.42329141,-1.2289419,2.493091,0.7221763,-2.1699846,0.75993353,0.07111358,1.5993539,-1.3723633,-0.38239038,-0.9984889,-0.94704986,-0.100130826,0.063451834,0.56299454,1.5098035,1.0759444,0.11693128,0.27103397,0.18117023,-1.1725619,0.7503907
CTTCTCTAGGTAAACT-1,-5.603655,0.2042192,-0.7604823,-0.7462143,-1.2984202,-0.66239834,2.2991455,-0.077752784,0.56759596,-1.1922663,-0.020491727,-0.5462079,-1.2444199,-1.7923012,-1.2836045,-0.33528307,0.47834435,0.99803764,0.1807107,2.2774372,1.0957206,0.91413385,-1.9403391,-0.37179515,-1.5116495,0.30865055,0.48247778,0.7713073,-1.2061052,0.7453384,1.7871975,1.3174043,1.7259786,-3.8278236,-0.1441978,-0.03226428,1.3072989,1.7595228,-0.18212974,0.28378522,2.9925032,-2.3003902,1.8720261,2.2005734,2.6025727,-1.6642643,0.7118513,2.7215307,-0.6671813,-3.234612
CTTCTCTGTACCGTAT-1,-3.325863,-1.2171538,-1.393841,-0.9370608,0.9356152,-0.81982076,0.23835243,-0.9336875,2.055048,-0.6774741,1.5727472,1.6206175,1.0886538,-0.058245484,1.0901237,-0.07678279,1.7294831,1.3316323,0.8430172,-2.9320621,-0.769549,0.3736463,1.1657144,-1.0907887,-0.73705584,0.12344349,-0.50194865,-0.14151439,-0.15504107,0.50932884,0.20269072,-0.74183935,-1.390342,-0.12864558,1.3436489,0.8182959,0.12592492,0.94914144,-0.566705,0.1656129,-0.088457234,0.87422454,2.2719805,1.5997264,-0.69405097,-0.2890944,0.54132116,-0.19248787,-0.09115583,0.13897549
CTTCTCTGTCTTCGTC-1,-6.435355,-0.5419436,-0.2379974,1.6310139,-2.284691,-2.0210648,4.807148,2.5776012,0.07151128,0.6871163,1.7720202,-0.34217244,0.7772195,-1.7534103,-0.08244329,-0.5885282,-0.53953767,3.028033,-0.45132187,0.2873468,-0.9033138,0.5003905,0.43634066,4.282209,2.2959185,0.25312465,-2.5324159,1.7250816,-2.6495438,-0.9818968,-1.099619,-1.3161418,0.077894926,-0.4247342,4.095936,1.6389138,-0.9825311,2.3124235,-0.57157737,1.5979066,-3.1141896,-0.759659,-0.91502535,1.9046932,-0.34189734,0.56945926,-2.6214876,3.1954505,-1.9117502,-1.1659547
CTTGGCTCACATGTGT-1,-6.4523115,-0.18762954,-0.3203234,1.5689092,-1.649936,-0.052129436,0.10202737,1.2048728,2.8684216,-1.3357686,0.16028276,-1.4022517,2.9062717,-0.5121843,0.013066982,0.15692952,0.8265105,0.089386284,1.0880158,-1.8324246,-1.1717657,-0.9712719,2.9466343,-1.1300039,-0.042935655,-1.4964745,1.9389163,-0.58409286,-1.24885,-0.62975955,0.07745635,-1.5643197,-1.0513853,-0.36917278,-0.36388865,-0.052387744,-0.12823954,0.7776148,-3.1389964,-3.8893268,0.26876977,-0.7445067,-0.03163174,-0.6827306,1.7622241,0.07067984,-0.576109,1.4121801,0.72124463,1.5198379
CTTTGCGCAAGTAATG-1,-5.1648364,-1.0746031,2.857711,3.646453,-4.392431,-0.3405927,5.4588566,0.33346027,-0.059656944,0.42446437,0.80237705,1.0705938,2.0456688,0.4024706,0.5988175,0.4702277,0.65168446,-1.0349525,0.59396607,-0.817155,1.3548399,-0.44512057,1.3961948,-1.0092283,0.21390674,-0.4754596,0.5721526,1.0995162,-0.5785699,1.0993901,-1.2677813,-0.343547,0.18454589,1.6491842,0.18675794,1.6275285,0.6077517,-0.5821328,-1.8853295,0.84629047,3.3276992,-0.8839308,0.7867791,-0.7263033,1.0616645,4.5173407,1.3810227,1.392023,1.0157746,0.07623789
CTTTGCGTCATGCAAC-1,-0.35784125,-3.588703,-4.2842917,-0.37739018,2.6582372,-0.17467727,-3.0432777,-4.8546386,3.5103369,-2.6123638,-0.74628794,2.6213062,1.6868829,2.7862744,-0.9421184,1.005769,-1.3756286,0.12715729,-1.3397976,1.7074844,-0.5818104,0.60206634,0.28820345,0.1662213,-1.1852164,-1.2190137,2.1998324,0.43223763,1.8636065,-1.288771,-1.0656172,2.8413172,-3.1310177,-0.11230168,1.4330469,-1.0731404,-0.36533985,-3.9376385,4.6202793,0.079025626,4.414637,-3.4434075,-1.6090894,-3.1434264,-5.0496106,-3.205794,-3.4584494,-2.8534117,3.363179,0.9964686
CTTTGCGTCTAACGGT-1,-6.8980813,-1.3394511,-0.7192888,2.628051,-5.5859413,-1.1933634,1.3679988,2.279317,0.21028166,0.40426025,-1.2537994,-1.1670303,-0.20880711,-1.9907727,-2.0699859,-1.086577,-0.49964482,0.72515506,0.21893306,0.17895658,1.0726657,1.1618229,1.2077032,-0.3566994,0.5168227,1.8452649,-0.2355541,-2.441679,1.3597646,0.7554875,-0.5107075,0.6422704,2.607536,-0.33824039,1.1096141,1.2871233,-0.3729404,-0.48142692,-1.8088276,-3.2121313,-0.39537153,-0.7048918,1.557044,-0.2512611,0.1158323,-2.441765,-0.8851386,-2.2712274,1.2054464,-0.9808894
GAAACTCAGAGGACGG-1,-0.5545528,0.072303236,6.0465083,2.5795207,-2.3147466,2.8589025,-1.2169737,-1.9975609,0.6769147,2.0578277,1.0712515,2.3264031,2.1096883,-0.8842924,2.9221687,1.2350053,0.2065134,-0.4764598,-0.71927947,1.306432,0.51772034,-0.87319744,-0.50787467,0.7751036,-1.5309994,0.28259215,-0.20720677,0.0952309,-0.026230842,-1.6154987,-0.464884,1.4777604,-1.3208345,0.96748334,-1.9522533,1.2878189,1.3637279,0.90309936,-0.2527492,-1.4127953,-0.104716755,0.5294578,0.13440323,-0.6478527,1.2767131,-0.45299897,-1.046892,0.7450708,0.38834295,0.9254896
GAAACTCCATGCCCGA-1,-4.7613544,-2.3679764,-3.1206934,-0.55317074,1.3221189,-0.91013914,1.3085686,-0.7857875,0.87117195,-1.8669946,-1.6485122,2.5460627,-1.5862362,-0.101766974,0.6213161,-0.33740792,0.23981114,0.18601842,0.37677637,-0.536916,-0.2060776,-1.3859552,0.42638132,-0.6968715,-0.14203642,-0.5417048,0.19293779,-0.6581212,-1.5155787,0.87550527,-0.7519406,1.1903449,0.13449885,-0.15763508,-1.8103236,-0.3180608,1.1346527,-0.008952815,-0.8305888,1.1051598,-1.0029398,-0.46758667,0.4060317,-0.09689797,-0.4038226,0.35952988,-0.5633195,1.2210613,0.71493477,0.202352
GAAACTCGTCGTCTTC-1,-2.9333916,-2.7937865,-0.3408093,1.3734872,-0.89902645,1.6759797,-0.08771348,0.04749236,1.4955726,-0.3719673,0.5261343,1.4494742,-1.9968513,-1.1396368,1.2032776,-0.40792587,-0.9959254,0.7390945,-1.2345953,-0.5570787,0.9396531,-0.9201491,-0.77013326,0.6049546,-0.5276893,-0.42921618,-0.719542,0.93560475,0.53296554,-0.4600639,0.09006625,-0.18094198,1.533302,-2.1700215,-2.4661922,0.32265875,-0.44168252,-0.43290043,-0.9072939,-0.51253176,0.07109859,-1.9293878,-1.4745301,-1.1731664,-0.70518637,-1.8288907,-2.1395698,-0.07457901,-0.09660103,1.3789372
GAACATCTCAGATAAG-1,-2.390583,-1.8371733,3.1727464,2.4493628,-1.4419888,-0.05542955,0.19215022,-0.7896559,0.7791761,1.1208386,0.47748923,-0.17709905,1.7964203,1.2784038,2.9495466,0.85811365,2.0519724,-1.2193505,-1.4227154,-1.171833,2.3633595,-1.8494602,0.3114842,0.73290646,-0.036657464,-1.2121497,2.2714972,-1.0284281,0.32535818,-1.1658624,1.5084754,0.3460948,0.47252285,-0.6420813,0.34452242,0.9824255,0.46254593,0.9072096,-0.6524406,-1.0203203,1.8106239,-1.1920809,0.2577173,0.4496598,0.7564941,0.78094757,2.008884,-1.5997382,0.5100388,0.8563815
GAACATCTCCAAGTAC-1,-6.6054435,-0.6120721,-5.7247567,-0.12888888,-0.781335,-0.4051749,2.2799366,-1.0673281,2.9706998,-2.9388037,-0.990435,2.7493784,-2.0111034,0.5984466,1.4934323,-1.7845397,-0.15857257,-0.048737224,-0.37141335,-1.7124251,-0.43285206,1.0718267,-0.016993761,0.1636305,1.6392003,-1.5955824,-1.1492109,0.80062497,1.1552393,0.68082994,0.1824061,1.2634827,-0.7928104,-1.3851304,-2.1488228,-0.76287144,-2.2609098,0.4572032,-0.44577786,-0.8074638,-2.6954086,-0.8987328,1.0201039,-1.8290143,-0.22804432,-0.10408099,0.7225015,1.6370482,-1.7787354,-0.59147716
GAACCTAAGAGACTTA-1,-4.8817735,-1.870236,-0.35383558,3.1574717,-0.9923691,-1.1547164,-0.5027239,1.4422387,0.15839854,1.0659069,-0.14709213,0.19698136,1.3915746,-0.04582794,0.06432034,0.18529122,-0.021609517,0.59306186,1.0731899,-0.21298566,-1.1865155,-0.39776516,-1.5709351,0.31435654,-0.75142306,0.7048183,1.5905908,1.8537886,1.7737818,-1.4494039,3.7407823,0.23213911,1.1515044,0.61373484,-2.3494391,0.26105112,-0.9374353,-0.0965835,-0.054361906,-1.1167583,0.25318196,-1.4796278,0.17960724,0.6219581,0.6462894,-2.527913,-0.852579,1.2593338,0.68367565,0.6990254
GAACCTAAGTAATCCC-1,-5.6304603,-0.9234168,1.4462705,1.9925851,-3.2755847,-0.44294676,2.7397842,2.8527114,-1.2718292,-1.1787289,1.1352053,0.31618464,1.6980807,-2.3366675,1.1795822,-0.7616464,0.9372939,-1.2328312,-1.0705087,-0.36203367,1.8223486,0.046660926,-0.6136697,-0.6876342,-1.7947673,0.33378997,0.005668412,-0.113841414,2.588916,-2.053992,1.6917502,-0.39191166,-0.7776787,0.91436356,0.50468874,-0.5429906,-0.8262995,-1.9335452,-0.07854928,2.2179172,3.0655622,-0.2796963,2.4869833,1.4556135,-0.05430306,-3.757196,-1.6517322,0.9036338,1.6324663,-0.3988801
GAACCTATCAGCTTAG-1,-5.9338326,-0.8643669,-1.7476628,1.5724636,-4.603314,-2.3083653,2.0553808,5.2976155,-1.6674489,1.3939468,-1.5462158,-0.6027638,0.79689604,0.2445758,-0.26528335,-0.54045045,1.792365,-0.05532137,0.013912092,2.1759427,-0.87269604,-0.6966124,1.0110061,2.555858,1.7687533,1.3543949,0.7966236,4.9949145,-2.025081,-0.79937273,-1.5172691,-3.644672,-1.0736289,0.35305998,2.1703997,-1.0222884,1.9286728,2.3950944,1.8887285,-0.17547813,-1.040919,3.4860516,1.5555617,-2.4206018,0.03895533,1.6484066,-0.45344284,1.4940552,-0.5900772,-1.9250295
GAAGCAGAGTGGTCCC-1,-5.9949307,-1.9810607,-2.6815126,0.5014299,-2.3638093,1.7414023,2.6909592,1.1798856,0.12079145,1.6302203,0.09636997,0.8916375,0.43287295,0.12873766,-1.0073766,-1.7967113,-0.25520864,0.46286866,-0.34840378,-0.5269869,1.0561665,-0.15934226,-1.8202895,-0.56056726,1.6005846,0.69919497,0.039484266,1.0341009,-0.91354203,-1.9315566,-0.28062764,0.3201201,1.2069353,-1.3259948,0.47478822,-2.369047,-1.1331468,-1.241759,-1.3561897,0.3355373,-1.9307739,0.41991377,-0.0050520725,1.0773076,0.5199296,-0.03109444,0.028116709,-0.8212632,0.4980572,1.0892713
GAATAAGTCACTGGGC-1,-5.2419667,-1.4174254,-1.3424156,1.7029107,-1.4551063,0.8240907,1.3871394,1.3515421,0.6433808,0.23975727,0.832979,2.532043,2.1067739,-1.9414876,-0.85668325,-0.87404585,1.5832157,-0.75537413,0.324839,0.53261405,-0.19588408,0.74518555,0.06781069,-1.4643265,-0.5742129,0.14119318,-0.764897,0.57989615,-0.09274723,-2.2443273,-1.3538558,0.4162651,-0.4535904,-1.8874862,-0.016407618,1.8185449,-1.8743033,-1.4888077,-0.42542186,1.578302,0.021697793,0.19537356,-2.0951395,0.35630992,2.424386,-0.9394525,-1.5360318,0.64585716,-1.2065775,-0.16246647
GACACGCTCAACTCTT-1,-5.4821744,-2.5807276,-4.3378024,-0.35385934,0.48391774,-0.7253435,0.37212077,-0.28605723,1.5435181,-2.5354035,-0.15172185,0.9331406,-2.0650442,0.89709395,-1.2468065,-0.82956773,-0.51261324,-0.6950147,1.3284004,0.36209002,-0.67919797,0.5222426,-1.3041252,0.30095148,0.37825665,0.11329454,-1.6986169,0.85522115,-0.3648808,0.7931663,-1.9288843,1.2476274,-1.0248796,-0.46278137,-2.4156275,1.2692077,0.57362306,-1.0846348,-1.055408,-0.75159085,-1.2109053,-0.76802003,0.3632195,-1.337225,-0.6338136,-1.0621953,1.3278483,-0.7587222,0.3736902,1.9046755
GACAGAGAGACTAAGT-1,-5.593273,-0.42977524,-0.6179906,1.0526009,-2.9664977,-2.6338606,1.8945334,1.7675886,-0.46950045,1.6286733,-1.2993121,-1.666486,0.52694684,1.1341342,-0.66730076,-0.8085649,-0.58079517,1.1941723,0.5989399,0.33988994,-0.67951304,0.48670897,1.1454692,3.9438486,1.6060553,-0.55290776,-1.5404614,3.2875874,-1.6915123,-2.7063265,-0.9809551,0.81736803,-1.2495465,0.926617,1.9096495,-2.6410112,0.6161779,1.1161757,0.5867248,0.7500436,-0.83347255,0.79504365,-1.106827,-0.51936525,-1.6921729,0.48652324,-1.0485077,0.178881,-1.8277609,-1.7691618
GACAGAGAGACTTTCG-1,-2.8301442,-1.5847496,3.5287006,3.1048667,-3.1248286,0.07643976,0.118283734,-0.7761852,0.67565036,-0.01601303,-0.33515722,2.3921652,3.3187208,-1.4381902,3.6521587,2.3559875,-0.094521165,-1.2192738,-1.5834068,-1.6143006,-0.14435066,-0.24791582,-1.2740403,-1.1679052,-1.8931013,1.9714658,1.931203,0.2960698,-0.3487185,-0.37005708,1.9402211,-1.9955148,0.03239803,1.3214117,-0.2528471,1.0294371,0.5787808,2.1351604,-0.42869464,0.71249145,0.99860525,-0.79602987,0.1828124,-0.1657827,1.5857624,2.022495,0.6236038,-1.3907053,-0.07720919,-0.9434455
GACAGAGCACTAGTAC-1,-5.851126,-1.8622069,-2.3555179,0.5307568,-0.38257822,-1.4520947,0.2060965,0.16985728,1.1513807,0.011484155,-1.1353695,-1.4868673,1.1838994,1.7545725,-1.0867966,-0.39899537,0.7481567,0.75708103,0.19972666,-0.14367071,0.4124676,1.4471749,0.34693757,-0.7255959,0.5000705,2.3828669,0.7536026,1.3462473,-0.44268757,-2.592484,0.49258605,0.46743438,1.0508763,1.0105034,-1.4235643,-1.0805653,1.4498881,0.8350338,-0.48517895,-1.1471196,-1.0001516,-1.0577185,-0.36397633,1.2129046,1.1549245,0.4523335,0.044047784,-2.2665238,-0.38452557,-2.4783754
GACAGAGGTGTCAATC-1,-5.365459,-1.8196284,-1.0085995,4.021658,-4.2270017,0.1968191,1.1235671,1.2763795,-1.5722092,1.3419647,-0.19132516,0.2157899,-0.3582252,-0.32222727,-3.7316775,0.8301841,-2.21216,2.1319273,-0.75269204,2.105004,3.6045687,-5.247479e-07,0.586175,-3.8384306,0.5896175,0.5088067,0.4158599,-0.6246898,0.07868602,1.9850242,-0.8470625,0.7544993,1.479523,-2.2143483,3.1580951,1.2037076,0.7158714,0.35160717,2.2768433,-1.0695794,-0.31858107,0.8111375,1.7004868,-1.4147412,-1.898145,-0.5447627,-0.061988536,-0.14935029,-0.6678179,-2.1463099
GACAGAGTCCTTTACA-1,-8.034539,-0.1514419,-4.216992,-3.9678001,0.68427795,0.73912406,1.5523566,-1.0862507,2.4766152,-5.347633,-3.1082165,2.0832963,-2.7898462,2.6397305,2.0947342,-1.50417,-0.62768245,1.477833,0.9001303,-4.066369,-3.3591952,5.4366636,-1.6604991,-0.077944435,1.9325204,-4.683311,-1.3857356,-1.2061865,-5.489171,-0.38731718,1.8979212,-0.63577473,-3.8262193,-8.098139,-10.528661,1.6586541,-6.434069,3.0151696,-2.7915251,0.5283652,-4.7304068,5.211609,3.1930935,3.1107078,0.02864892,7.4892616,12.74397,-5.5932193,-4.921522,-3.813469
GACCAATCAGTGGAGT-1,-6.257148,-2.0725038,-0.65156263,2.9403872,-2.8466966,-0.6695176,-0.18486714,0.7029449,-0.07953215,1.956274,-0.8916255,-0.02124925,-0.72109884,0.7321239,-0.80433536,-0.47927892,-0.95496124,0.19530359,0.8935304,-0.11104075,-0.034096316,-0.92925626,-0.68304074,-1.5573002,-0.6349273,1.1491104,-0.16740763,0.37422308,0.7000925,-0.2878459,-0.39361754,1.5686657,2.074784,-1.4178696,-0.50329924,0.49044427,0.38986057,-1.3324822,0.8255723,0.7867172,1.6688641,-0.22205946,-0.6911465,1.3456913,-0.90001404,-0.26082677,-0.9905428,0.59792525,-0.72205055,0.60686743
GACCTGGAGTGAAGTT-1,-3.7871518,-2.353683,0.9909021,1.9953245,-2.2615118,-0.7754849,0.62811667,-1.0143664,0.80846244,0.23724514,-1.9796777,-0.091561556,1.1390324,0.103653565,0.73640764,1.5038067,1.1979856,0.6770671,-1.9294457,0.26273897,0.11519607,-2.2627947,0.5274572,1.1708478,0.29488194,1.5518652,0.4742173,0.2512408,-0.43963867,-0.25767317,-0.4332394,-2.2854924,-0.76493484,1.4458444,-0.33000296,-2.042548,0.22025907,-0.0453498,-0.22391306,-1.1476158,-1.0737392,-0.9992032,-0.8490956,0.22223563,-0.65992534,-0.37970623,0.2076389,0.5647204,0.3396724,1.8697379
GACCTGGGTTTAGCTG-1,-6.855308,0.5229016,-1.6210958,0.38047463,-1.2700557,-1.1719733,-0.51304454,2.7656856,0.2722292,-0.11563093,-1.4062024,0.13048522,1.3219523,-0.23576881,-0.9384382,1.2038665,0.989843,0.8736987,0.3684149,-0.96261895,-4.106949,0.9547113,0.72605944,1.6230365,2.2354531,-1.5259743,-1.9607015,0.08473175,-3.199156,-2.2593281,-2.3561547,-0.29448906,-0.89939547,0.091314815,1.0190688,-4.993174,0.1587103,0.82171583,1.0025288,-0.999995,-1.363972,-0.7742081,-0.3262824,-0.72898036,-0.46698943,-0.902935,2.3032491,2.5019352,-0.6785661,-0.09282221
GACCTGGTCTACCTGC-1,-4.6207175,-1.387794,-2.6127608,-1.5567194,0.6016005,-1.2534308,-0.19744621,-0.8467695,1.8988458,-2.8070273,-0.3654284,1.3992689,-1.7108285,0.18152945,0.80601406,-0.9342182,-0.84794474,1.0416116,-0.016915368,-0.94784963,-1.5075046,0.003151386,-0.32660714,0.36397332,-0.86585444,0.45476404,0.2046545,0.2548186,0.57558477,1.1470615,-1.0359501,-0.015207794,0.46904084,-2.4545798,-1.169732,0.38876334,1.1331501,0.18872777,1.7443812,0.088384055,-0.08284878,-0.83317214,-1.2464745,2.236993,-1.2507123,-1.72998,1.3109432,-0.748568,0.9817835,-0.329103
GACGCGTAGTTGAGAT-1,-3.7183802,-0.544397,-2.8711605,-2.4213796,2.6210468,-1.001384,-2.1640031,-3.1169581,4.409459,-2.6692803,-0.3376585,-1.0548664,3.6963603,1.4665798,-0.36988527,0.26199868,3.1744127,3.2478464,-0.74276584,-2.3818245,-0.70689774,-1.657567,3.0609887,-1.4118127,-0.72197986,-0.27305782,1.2467062,0.31542027,-1.7091295,-0.24547559,1.2079408,-1.7029734,-1.3998526,-1.2102516,4.221497,-1.7453839,-0.44510165,-0.4038142,1.70496,-1.273719,0.019904193,1.3084478,0.45153138,-0.29096454,-0.42356136,-1.9616091,-2.1469657,-0.50047797,-1.6994507,1.1691915
GACGGCTTCACAATGC-1,-2.4702075,-2.129526,3.7142322,2.8070397,-2.175698,0.5794915,-0.568258,-1.0161465,-0.5648487,2.3550632,1.4062346,0.52385753,0.41332486,-0.39024457,1.7208581,1.3041263,0.035985157,-1.5773636,0.7389311,1.0058706,0.43638918,-0.22503512,-0.6069844,-2.467445,-2.2048957,0.4544259,-0.37555587,0.34720132,0.7923493,-0.3765554,0.6319341,-0.022683145,-0.9535475,-0.015504975,-0.68116444,0.39162654,-0.8562161,-1.2836916,1.1602191,1.4191624,0.74865717,-1.0127418,0.20607197,1.1562667,-0.16598147,0.37613663,0.6386618,1.2487617,0.08754034,0.530414
GACGTGCCAGTAAGAT-1,-6.059923,-2.13786,1.2883173,3.750492,-5.4838543,-0.6067207,1.4939859,2.1702867,-1.0740489,1.8088216,-1.4222649,-1.8966193,0.61153775,1.1440792,-2.344475,-0.5762085,-0.5305677,0.13248716,0.091408946,2.7820277,3.5086434,-0.35113803,0.8332146,-1.6816088,1.0934618,1.0803933,-0.26385903,2.3503702,1.7588134,-0.89520633,-0.08222028,-0.96023315,0.5520684,-0.14487056,2.3159788,-0.22365566,0.66820884,-1.5661008,-0.39318562,-0.52232826,-1.0212715,-2.2329063,-1.4218633,-0.5301925,-1.0325041,-1.2524816,-0.3624226,0.6760392,0.73926765,3.107014
GACGTGCGTTAAGATG-1,-7.150931,-2.7071843,-2.070749,2.9869235,-4.58782,-0.192516,1.1438447,4.0539265,1.1664985,1.4866638,-0.9691161,-1.3328761,0.8544679,-0.5827725,-2.2710326,-0.53471935,0.33091772,-0.7695374,-1.4268925,1.1586128,0.28807053,0.1473214,-0.44800612,-1.6808865,1.3983889,-1.2157124,-1.0658395,-0.18207623,-0.78654814,-0.8788582,1.7266937,-0.90598965,-0.09937712,3.5708537,0.11223567,1.2546973,-0.51707006,-2.2482498,1.2009189,-0.8554616,1.744404,-1.5973641,0.72286755,-3.1535163,-0.5327611,-1.3339558,0.9642253,-3.4286847,-0.31993726,0.64902854
GACGTGCTCCAAAGTC-1,-3.531405,0.5379529,4.732905,3.3960583,-2.8704817,2.3616872,0.8487266,-1.0441635,-0.18241967,1.4514651,0.49266016,0.28210315,1.5945092,-1.731461,0.5560996,0.66691035,-0.74935263,-0.21152973,2.1211514,1.1140971,0.73298734,1.4254524,-1.3620604,-0.41766798,-0.8558508,-1.2293421,2.2782807,-0.3955326,0.9742672,-0.94513786,0.2830198,2.2946856,0.96434575,-2.2904634,3.2069976,-1.9517059,-1.5154376,0.55914944,-0.010023174,0.9206161,-0.7297836,0.82037294,-1.9979492,0.43359667,1.1147099,-0.29732496,0.095859595,1.9897094,0.54063874,-0.6484163
GACGTTAAGGATGTAT-1,-4.895151,-1.5207628,-2.7589333,1.0607431,0.20824018,-1.2925701,0.0026503762,-0.46668917,1.7169067,-1.011033,-1.0036637,-0.2644325,-0.66011757,-0.8081548,1.1155877,-0.26444885,0.28686076,-0.46052885,0.17051697,0.4384023,-0.38759688,-1.1258911,-0.6901761,0.6398882,-0.068913795,-1.7176951,-0.010745896,0.0072862827,-1.7147021,-0.012634026,0.85213363,-0.28530583,-0.3278511,-1.8621818,-0.9416578,-1.740101,0.18253772,0.8486509,0.5645455,-1.9377882,-2.393326,0.440128,-2.1384726,-1.585054,0.5717518,0.23572196,-2.2356477,-0.3164325,0.847256,1.1902559
GACGTTAGTGAGGGTT-1,-4.722683,-2.5940866,-2.5480416,1.1801636,0.10520883,-1.183526,1.5550085,-1.7548438,1.9769258,-1.3106041,0.1900598,1.5031062,-1.434424,0.6183674,-1.6034517,-0.17520848,-0.4657042,-0.718314,-0.31451073,-1.3193796,0.1329571,-0.5254478,-2.0883803,1.0978259,-1.3629332,1.1975672,-1.7958078,-0.6195959,-0.5031796,1.5500205,-0.8169563,0.60779685,1.1805779,0.93458647,0.093908355,1.0876155,0.09010738,-0.27470574,1.1330976,-1.4491667,1.3377522,1.065789,-0.4679667,1.8897017,-0.04966237,-1.6593858,0.9700256,-0.42548466,-2.5835354,0.62703496
GACTACAAGTCACGCC-1,-3.7824492,-2.4658155,-1.1641555,0.86404234,-1.7059984,-0.11568445,0.40760672,1.495041,-0.1492197,1.0606135,0.018682322,0.49225536,0.32854617,-1.1617539,0.19108926,-1.3010905,-0.14412782,-0.8535753,0.025293699,0.4436448,-1.2333975,-0.094436035,0.06891946,-1.3099318,0.93098354,-0.008109987,2.1721323,-0.4651295,-1.4964316,-0.98179543,-0.0085947085,0.1322365,0.75494236,-0.6451593,-0.49098825,0.41088083,-0.6735452,1.553984,-0.9624011,0.8221144,-1.5644238,-0.24704847,-0.90982527,1.0790668,1.4531107,-1.4130005,-1.7792037,-0.62170607,-0.63327605,-1.3941069
GACTACACAGGCAGTA-1,-4.6034207,-2.3033447,-0.39738694,1.0376973,-2.9539325,-2.3440554,4.029085,1.4530841,0.67391044,-1.9331479,-0.09328376,2.146775,1.0726051,-0.60630083,4.3316207,2.8109362,0.5129031,3.5860991,0.15337834,-1.376639,-5.9929395,0.34923145,2.7346785,1.0924056,-2.1435273,2.3737369,8.023598,-2.8292487,1.6101383,1.6659908,-0.51123434,2.2989798,3.7801023,-0.049381606,-2.5598536,-3.7329688,5.3123455,0.8814064,3.9128184,4.8193846,1.8250202,0.4913288,0.539732,9.896178,-1.6969975,3.2674153,10.131518,-8.894301,-5.582636,3.477155
GACTACAGTAAGGATT-1,-5.7531514,-1.4477206,-0.8443187,1.4184512,-2.1579175,-1.0190881,2.0398846,2.5544255,0.2213747,-0.33750466,-1.3669022,0.31953272,0.043672804,-0.5609323,-0.024763038,-0.20825997,0.1588386,0.0067332927,-0.75172895,-0.31322187,-1.0256854,-0.035072085,2.4961421,0.80515265,0.5354038,0.073061064,0.45867395,-0.96583194,0.2899738,-2.088401,1.0704632,0.11894631,1.3884183,3.3878074,0.44393396,2.1894622,0.1188599,1.3761026,0.32327482,0.5343469,-1.0991018,-1.9501371,2.2472708,0.3457494,0.7846078,-1.7723567,-0.5477539,-1.8803335,0.18535234,-0.33120573
GACTGCGCAGGGAGAG-1,-5.3683968,-2.4815986,-3.939343,1.2843027,0.3936889,-0.08098012,-1.325178,-0.5150179,2.184464,-1.1788465,-1.9032632,0.786718,-0.5861451,0.53549963,-3.0830033,-0.05886066,-0.5432137,0.41881347,-0.33881426,-1.0950387,-1.4925461,-0.87382483,-0.56729233,0.53333396,1.2448395,-0.52509356,-3.294984,-0.24542688,-1.1638385,-0.1789377,0.39119676,0.29318053,-1.0832547,-0.45593044,-1.8913565,-2.199764,-0.66723734,0.7092029,0.5248726,1.4841741,-3.1209593,0.18585014,-0.49379963,-0.300261,2.5311756,1.2589923,1.2299489,-2.0782163,-0.58797383,1.7363865
GAGCAGAAGGCTAGGT-1,-4.8328648,-2.5190587,-1.7490588,4.260476,-3.503379,0.20761111,0.67494136,-0.56703824,-0.59270704,0.11667255,-0.6429518,1.0606325,-1.851371,-0.27821016,-0.9125227,1.3833854,-1.4140129,-0.8508816,-1.8456831,-0.25593722,1.4354396,-0.47241953,-0.6150738,0.34476092,0.99714804,1.1184969,-0.6211444,0.6440918,0.5911805,0.8385678,-0.7894991,-0.20751373,1.9662758,-1.0182093,0.3393379,1.0299495,-0.6794933,-0.4852326,0.56153995,0.6170335,1.2196118,0.025042068,-1.1036553,-0.1648692,0.44599098,0.46619856,-0.90402806,-1.0930003,0.06956003,0.6745155
GAGCAGACAAGGCTCC-1,-8.856238,-1.3129517,0.054751463,0.7825902,-3.3424196,-1.7935624,7.8451056,6.5289645,-2.8636696,0.9528699,1.0699334,-4.098088,-1.7710801,0.812384,2.782543,0.42264763,0.2453896,4.217108,-1.7615472,0.5768388,-2.3871627,-1.4150623,8.585568,2.722679,5.7232227,-2.079886,-2.3085275,-5.4877095,-4.234523,3.055949,-6.2783656,-3.2397397,2.2936518,-1.8441234,-0.4701165,5.0262184,10.994833,-4.0151806,8.515435,-0.5202431,3.7411234,5.860004,19.147284,-7.1134615,-14.493411,7.9176517,-6.2739716,-12.059703,6.3857017,-2.617252
GAGGTGAGTGTAACGG-1,-1.837316,-2.3639567,-0.20840223,4.2655087,-4.275271,0.84593564,-0.57545644,0.7232139,0.2968558,1.0280536,-0.591514,-0.5023446,2.3630586,0.53303325,-2.7105055,1.4679333,-1.1935769,0.06921833,-0.57384044,1.4223125,-1.1132085,-0.5438104,1.125569,3.5897264,2.887155,1.4040314,3.127254,1.0441839,0.025793126,0.0031189946,0.48765475,0.19744597,2.1998477,-0.9734511,1.8292737,-1.7363968,1.4110774,-1.6432806,0.9920958,-0.008364732,0.25775078,-0.15328467,0.4485417,-1.3113168,-0.7675618,1.9588629,-1.6352715,-2.4131856,-3.2781014,-1.2900596
GAGGTGATCTTGACGA-1,-4.4925637,-2.1052587,-2.9115317,1.3499683,-0.5567358,-1.0792934,-0.36813998,0.22248884,0.65712345,0.9140006,1.0681678,-0.087443024,0.50501895,1.1953226,-2.5431569,-0.31548136,-0.54604185,0.9162386,-0.37658593,0.070787355,-0.7271578,-0.51497847,0.71153235,-0.7361892,-0.3274137,0.99452615,-0.031528495,-0.7495223,-1.2090755,-1.324498,-0.197876,0.9888114,-0.6115475,0.4431394,0.101867266,-2.9039485,0.94239867,0.47482508,1.0161604,1.2498281,-1.4062437,1.4251188,0.61727685,0.045957103,0.7207536,1.5695705,0.8979924,0.18554412,0.8063597,1.2642044
GAGTCCGGTTCCATGA-1,-3.8552492,-2.7352605,-3.7478998,0.97164077,-1.4371015,-0.8937844,-0.01715974,-0.2702765,1.3167958,-2.1723652,-0.8095248,-0.53700584,0.51321715,1.4287183,-0.60990304,-0.56021625,1.7976955,-0.44546673,-0.23486228,-0.10288235,-1.3547367,-1.3373249,0.57684326,1.8281206,0.9743164,-1.5405321,-1.3139153,1.4046537,-0.5743704,-0.31435907,-2.0431833,-0.93368727,1.305027,2.6721764,-2.608261,-1.2780151,0.1466809,0.105982065,0.91565984,-0.8654506,-1.501024,1.3080776,-0.43591586,0.48008823,-2.1098135,2.0717132,0.88885164,-1.3032752,1.1304024,-0.39490673
GATCAGTGTCAGAAGC-1,-9.314445,-0.5040826,0.24049136,2.9780967,-2.450884,-1.5503484,8.413988,6.8378263,-2.9280238,0.89762616,-0.25786045,-0.21436158,-0.9915276,-2.0679073,-3.453871,-2.850018,0.389325,-0.079463184,1.2075446,1.8556051,1.8260269,0.6002215,-5.6019754,4.615955,0.7393706,0.022619741,3.1774738,7.3040934,-4.374947,-0.9885905,0.60763687,-7.7847095,-3.7445126,-1.1569095,9.090898,6.4270563,6.049026,-1.9303265,5.66062,3.7900987,-12.231054,1.5490129,-9.461488,22.583254,-6.7967095,-8.37369,12.293051,4.7844124,0.38009214,-19.661633
GATCGCGCACGAAACG-1,-2.7106366,-1.9178863,-1.1704106,-0.124900736,1.0248425,-1.6693513,-0.8933381,-1.4540904,2.0064373,-0.834614,-1.0434579,0.6617928,0.046120796,-0.03465494,0.39194542,-0.57153225,0.43290713,1.6901994,-0.966055,-0.660458,-0.48806405,-0.23285349,-0.0035529458,-1.6331863,-1.3605747,-0.8542257,0.21959366,0.34580308,-1.9373466,0.013211716,-0.39898446,0.8310512,1.0856334,1.1187142,-0.38619703,-0.82428813,-0.2423947,-0.23139422,1.3503584,-0.8191759,0.8056018,-0.6412825,-0.7586554,0.48872095,0.26205304,-0.27758217,0.41542447,0.22442836,-0.4498316,1.9524083
GATCGCGGTGACGCCT-1,-3.6433592,-2.9149373,-2.0859847,2.1722908,-1.5978113,0.24608591,0.006290302,0.6754809,0.47724307,0.006065462,-0.566659,-0.42486408,-0.9716077,-0.28177392,-0.653324,0.41264772,-1.6328664,1.1645334,-0.33076856,-0.2817495,1.952918,0.8728888,-1.6443505,-1.976338,-0.14965197,2.2194173,0.9876672,-2.055759,0.5306475,0.8587551,2.2310288,-0.46062467,-0.04110818,-0.1789061,-0.35055205,1.5785003,-1.3037983,0.88564646,-1.661583,0.21179523,-0.49031773,0.88808906,1.0351818,-0.69996744,1.3194617,-1.2495414,1.1820188,-0.19900574,3.0119178,0.5649791
GATCGCGTCTATGTGG-1,-0.59404457,1.3665696,7.538092,2.9357147,-2.4192226,2.9186578,0.6971732,-2.6850078,0.34946725,-1.5902159,-0.09942905,1.0620196,0.083765864,0.21592006,-0.9985643,0.16705064,-0.88246334,1.1114923,-0.88010734,-0.66501594,0.7143517,0.94903755,0.87957096,0.51979136,-1.486684,1.6623467,0.22741309,1.5800997,1.2700528,-0.62474465,0.87323123,-0.85182965,-0.34201348,0.35317424,-1.54428,-1.6443783,0.12948993,0.39454082,1.7787985,-1.546597,1.5917271,-0.14579868,-1.8795209,-0.7681009,-1.3805429,0.47605696,-0.275012,-0.29597625,0.07043666,2.657016
GATCGTATCGGATGTT-1,-2.7213163,-3.124323,-3.0546815,0.76693344,0.42420644,0.39894462,-0.58014035,-2.1212924,2.864916,-1.9203879,0.044042014,1.2396573,-0.75727904,1.4811511,-1.0134342,1.1449654,-1.2591727,0.058714982,-1.2410781,-0.8717892,1.661241,0.4797123,-0.23548949,-0.931939,-1.4961101,1.1870209,-1.2017624,-0.2923728,0.64991546,-0.1072488,-0.18017966,-0.012289087,0.7399628,1.0112815,0.2676731,0.06564578,-1.8721529,-1.1996421,0.18997614,-0.66869324,-0.082283705,-0.6086254,-0.27543554,1.3945318,-0.9308751,-0.31883037,0.29868042,-0.46397364,1.3461869,-0.90700126
GATCTAGCACATGACT-1,-5.122298,-1.7023575,-7.3523297,-2.8900113,3.1356804,2.93329,-0.27966315,-4.5039563,5.7265697,-8.446141,0.74110883,1.379271,-3.0088687,3.3838058,0.21654023,0.80831355,-2.1309533,-2.0374408,-2.7463386,4.1417103,1.3084565,-0.69432485,-3.6804833,1.9024968,-1.7762699,1.4136322,2.6071165,-1.161159,-1.4205449,-1.0946201,-2.3382285,2.6587079,-1.0753788,1.2852926,-0.5036741,-2.2233248,0.055490803,0.6586351,6.7094827,0.24832647,0.554108,-3.8581321,3.497852,-1.1762831,-1.3951012,0.8831249,-2.0203066,-0.37712756,2.7938614,-2.5261202
GATGAAACACCCATGG-1,-4.1972127,-1.7206012,-1.1406981,1.9144589,-4.367698,0.90837425,0.63838935,2.0355668,-1.523728,2.242196,-1.1558182,-2.7660117,1.357675,1.1748734,-2.1040611,-0.22717686,2.5446687,-0.5156923,-3.0272715,2.7235742,0.31214583,0.6681874,3.4539955,1.6605372,-1.8883456,-0.41038775,-0.40177527,2.8360221,-0.34456143,0.2544645,-1.3696703,-1.5400671,-0.029973747,3.5210738,3.4871655,-1.8030072,-2.0429673,0.7478083,0.43847963,-0.6369104,-0.9694567,-0.3037554,0.6980431,-0.37872252,-0.3915357,-1.3755636,-0.3069762,-1.9961066,1.5456368,-1.0595869
GATGAAAGTACTTCTT-1,-2.3977535,1.4606432,5.3546004,2.2793484,0.23866501,1.2375304,0.44020975,2.212484,2.2132134,-0.6321346,0.8753446,0.54652804,3.807425,3.2722316,1.9169431,1.6770803,1.8085468,-1.2951831,-1.5267324,-1.3940282,-1.567563,-1.261324,-0.3700693,-1.8457891,-0.61377126,-1.286663,0.84299606,-1.2709949,2.1445155,-1.0924243,0.7428131,0.4959416,-2.5967488,-1.6973468,0.37779754,0.25004166,-0.5355682,0.525707,-2.3578858,0.25464413,1.2873956,-3.4006557,0.62314934,-1.7754557,1.3909998,2.381908,-1.5258315,-0.87866193,0.66176414,-1.1976322
GATGAGGAGCGTCAAG-1,-1.0698625,-1.8512026,-1.7197893,0.50243527,-1.2697673,-0.051927324,-1.8310511,-1.6712171,2.981316,-0.39246047,-0.110207684,1.0202144,1.2720798,-0.7670982,-0.49995664,-0.42104235,0.4670276,-0.14292687,1.2709268,-1.8556648,1.1866701,-0.685009,0.8317279,-0.70057553,0.5645919,-0.76196766,1.5847096,-1.058489,-1.2362564,0.6882046,0.87537706,1.0310525,-0.75546336,0.4098262,-0.5369593,-0.021257194,-0.15822962,1.6739299,-1.2094387,-0.17575371,-0.42644632,0.4202211,1.2055762,1.7052376,0.562217,-0.3130346,-0.46096465,0.13456865,1.4908365,-1.8965479
GATGAGGAGTACTTGC-1,-2.6807215,-1.5005997,-3.701505,-1.407309,3.1947107,-0.8623025,-1.4834055,-2.9275532,1.633195,-1.0610718,0.49780712,0.2503544,0.3109338,1.0638195,0.5129942,-0.014887727,0.78114355,2.1490812,-1.2654477,-0.35417938,-0.30318776,-3.8572543,0.56785923,-0.0045286235,-0.5266226,1.6887977,-1.2384491,1.2067139,-1.0209793,0.8615989,1.194538,-0.14934443,-0.874715,0.21744871,1.1935308,-3.0769143,0.35486716,0.9218531,-0.30385315,-0.796489,0.6887588,0.23397093,-0.29265422,-1.2055146,-0.9093662,-0.1640968,-0.7668763,-0.8775398,-0.1824543,-1.0038209
GATGCTACAGCATACT-1,-4.291842,-1.8144629,0.39527705,2.4369204,-3.6399086,-0.28544748,-0.23632151,1.235548,-0.63192904,1.5192071,1.7158005,0.748499,0.6114103,0.13380015,0.61021245,-0.17800748,0.14003639,-0.8793176,-0.79813874,-0.84592944,-1.6812131,0.050604545,-1.8758082,1.3641149,-0.5516657,0.02204489,1.3526225,1.4446564,0.10133089,-0.40928528,-0.07694924,0.3388589,-2.3781517,-0.41724116,-1.0640838,1.0289764,-1.029885,-1.7210718,-0.50704014,0.38319084,1.2650337,-0.44667816,-0.18817465,0.042118352,0.52211654,1.2916123,1.836023,-1.6015486,-1.5189203,-0.5663168
GATTCAGCACTTAAGC-1,-2.2700994,0.4040036,1.3000748,1.97752,0.29907355,-1.0356534,0.6005287,0.5295136,0.58752596,-0.30393112,-0.4310754,1.0445173,-1.6970524,-0.79138666,1.3181143,0.3828471,-1.367904,2.1789303,-1.0576864,-0.9477245,1.7872521,-0.7888268,0.9319421,1.7026184,-0.7459326,-0.20253858,-0.9980111,-0.56777865,1.6074643,-0.016964175,-0.50920206,-0.7955101,0.56540954,1.5875363,-0.14140688,-1.7667824,0.7674199,0.18544258,2.2135344,0.4876701,-0.0256142,-1.6759329,-2.8365726,-0.035220828,-1.2980561,0.36960894,0.0024422412,-0.74874157,1.6559298,2.3027673
GCAAACTTCGTCACGG-1,-3.7764146,-2.1921403,0.9013066,2.55323,-2.637685,-0.5999967,0.8550323,0.9863833,-0.4363637,0.6855006,-0.56526893,1.5605587,0.9564478,-0.5907688,-0.53606534,0.9829011,-1.1390382,0.37961867,0.772583,-0.54737115,0.6223251,0.6492141,-0.99331486,0.7670983,0.91292125,0.76485616,-0.016286427,0.85322434,1.0151561,-0.6215098,-1.3365374,-0.111326806,0.25852025,-0.2577384,0.2957267,-0.3820377,1.9329867,0.39214256,1.038267,0.0423283,1.4601747,0.6011927,-0.5208693,-0.17559436,0.21663457,0.5286629,-2.1663888,0.15966876,-1.7089795,0.06778374
GCAATCACACCTTGTC-1,-5.0647254,-2.0522509,-1.4889951,2.032441,-1.2263125,-0.93933004,1.638614,-0.42034784,-0.17934676,-1.0563229,-0.6797267,0.8642576,-1.735155,-3.4774058,-1.5267408,-0.97277147,-0.36189353,0.35548168,-0.79419297,-0.09495855,-0.20814553,1.7196614,-0.42825776,-0.77975667,0.43406186,0.010035011,-0.44336444,0.7642895,-0.3296298,-0.1936182,-0.58811784,0.51686084,-0.52731776,-2.3428981,-1.4479582,0.35454047,-0.1356549,1.1695473,-1.0832947,0.65756965,-1.4807981,1.8442012,0.44526792,-1.761924,-1.0657569,-1.8800598,1.0408448,-0.5963761,-1.974643,0.011521844
GCACATATCTCGCATC-1,-7.165504,2.8718483,-17.509464,-5.3756514,-1.5195693,38.11593,3.5285318,6.59491,-7.234235,5.2937975,-3.7104764,2.275626,-4.2495337,-3.5020435,3.7572095,-2.848818,-0.48945233,7.6296325,12.982565,3.7409112,-7.0558763,-6.95704,-6.7371254,3.0612833,-5.7961793,-16.324808,-7.219842,-9.001984,-9.680961,-8.208148,8.259467,-11.754112,24.542393,-26.021759,2.79635,-7.1909347,-19.129906,16.292973,8.596756,7.39575,1.6005422,-7.4910274,-7.1765723,4.344422,1.9371498,14.030072,-6.3096695,-2.0541842,8.090861,-6.0043983
GCACTCTAGACGCTTT-1,-4.2680464,0.19180307,-0.38247034,0.29917535,-1.685304,-1.5239536,0.9967058,3.2910752,1.5680627,0.036138278,-1.2296498,0.15796933,0.9784592,-1.1133727,-1.6693797,-0.13929786,0.5884535,0.15527137,-0.16557325,1.0688729,-0.21325207,-0.11151039,0.35769728,0.7838665,0.7676924,-0.29714563,-0.9815101,0.6537705,1.1754375,0.1582315,-1.6183664,0.2712175,0.007885273,1.9745932,1.6281481,-0.9338322,-0.7643803,0.56281716,1.4860643,4.8425245,-0.03273215,-0.4122286,-2.482353,1.3850539,1.4221019,-2.2293963,-0.15986338,-0.42693517,1.1444081,1.1231546
GCACTCTAGAGCTGGT-1,-7.1590047,-2.4877658,-2.4945686,2.659897,-3.5644102,-1.4700732,3.0118194,2.9708593,0.09549749,1.7290425,-2.414303,-2.5147138,-0.19969869,-1.5950358,1.5534811,1.7200186,-0.6613836,2.5910206,-3.3999577,1.9162451,-1.9197003,-2.3213098,0.35603437,-2.323836,1.6984528,0.48035008,-2.1431406,-2.5709593,0.39697745,0.8008869,-0.49094605,-2.384602,1.6409723,-2.2621937,-0.94960046,0.15401673,-0.47857577,-2.3088326,0.76955605,1.4141518,1.6040182,0.25891677,2.757765,-1.6897413,-5.8469305,0.5416427,1.7652456,-1.8653227,-2.0974684,1.5442728
GCACTCTAGTGCCAGA-1,-1.9748966,-2.0621715,-1.4603665,0.187113,-0.21726917,-0.22626975,-0.9534944,-2.0955977,1.7300568,-0.84822094,0.48312265,0.34286252,-0.42765367,1.056908,-0.7839787,-0.9574443,0.2792354,0.994934,-0.6217318,-1.0275728,-0.075993605,-0.42482752,0.09212468,-0.43046105,-0.31926075,0.06250121,0.5726,0.7098062,-1.5452602,-0.82569194,0.32501677,1.3507814,0.09279992,0.012339204,0.033119228,0.7915248,0.15776904,-0.39027232,1.4486177,0.35269007,-0.07881477,0.085348025,-2.5985816,0.11087548,-0.770578,-0.7646793,-0.001177784,0.049723174,-0.16212507,-0.005520068
GCACTCTCATGCCTTC-1,-5.1049557,-0.9914967,2.8934991,1.1043884,-1.8352833,0.82430863,1.2473456,1.2475513,-0.24915323,-0.7103234,0.33620533,0.54164195,1.7841154,-2.5929656,2.1630218,-0.018406682,-0.0543763,-1.4309306,0.7386293,-1.7258531,-0.81691664,-0.34912834,-0.6453694,-1.1962528,-1.233422,-0.94115186,5.0123954,-2.0074546,0.36518788,-2.357693,1.9956311,-0.94931483,-1.4482162,-0.7843191,-1.6279571,3.4093611,-2.6240222,2.427523,1.5251521,-2.0573807,-0.99162894,0.4376854,0.51392543,2.1885586,0.69323486,1.3288368,-0.005674912,0.49215126,1.4547912,-0.35556036
GCAGCCACATTACGAC-1,-5.8098793,-2.6917205,-0.6354826,3.771985,-4.198014,-1.575203,0.10643428,1.8673706,-1.9539639,2.2138612,-0.86546177,-0.80937266,-0.0549558,-1.4240953,-0.52154654,-1.1800025,0.101055615,-0.33777976,-0.18476103,1.4010803,3.6966825,1.2891442,-2.1259546,-1.3773024,1.5799164,1.2489252,-1.3487548,1.8817935,2.1218445,0.8178714,-1.3678646,-0.25328144,1.7687434,-0.97353816,2.0376282,1.645148,-0.45912316,-1.3626859,0.83379483,0.0459971,-1.357953,-0.69067574,1.3165625,-0.19069967,-0.54398596,-0.28765652,-1.4257841,-0.8708245,0.47063854,1.0968525
GCAGTTAAGTGTTTGC-1,-5.5081286,-1.3492173,-5.0055685,-2.049874,1.3660506,-0.093623675,-0.85585314,-0.347971,2.8594744,-3.1027114,0.20405088,0.56684273,-0.86176944,1.6856081,0.36853886,0.006384492,-1.0451146,0.28433987,-0.465796,0.9298025,1.5306195,-0.72899497,-0.52690226,0.16293108,-0.5988104,0.758524,-0.58495116,1.696258,-2.0974464,0.9530043,-1.7627667,1.3134096,0.47635493,0.3118095,-0.047258016,1.3852897,0.27508643,-0.13911906,-1.8523445,-1.5149106,-1.21881,0.0597341,0.94565713,1.437408,-0.07856201,-1.7379205,3.0287657,2.5504363,2.7793224,-0.08992578
GCATGATTCAACCAAC-1,-3.8277218,-2.3589027,-0.14727597,0.55438596,-0.8057503,-0.8764708,0.3767349,0.6639629,0.616645,-1.8134534,-0.13026458,-0.87611485,-1.145305,-0.2936457,1.5211302,-0.9722498,0.97967225,0.40137866,2.1562579,-1.1221107,-1.3454796,-0.10107747,-1.0857942,-3.663577,-0.52656615,-1.8819469,-0.7287437,-1.8070202,-0.99323523,1.6074928,-1.4162079,1.9630017,-3.8882542,-1.2389946,-2.4622781,-1.7617878,-1.1125587,-1.4594799,1.0267558,3.0124266,-2.8227954,-2.1478014,0.003208897,0.5840534,2.6700127,-0.7361172,-0.2232106,-0.68154347,-1.015489,3.0280066
GCATGCGAGCGATTCT-1,-5.112192,-2.4533195,-0.80679476,1.1048827,-1.6051177,-0.9149411,1.0693483,0.55367625,0.16793805,-0.5339739,0.6005943,0.05991594,-0.66995853,1.6314546,-0.9054604,-1.3169637,0.53437424,0.8352084,0.05981306,-0.16310239,0.088551246,-0.1437085,-1.1417236,-0.10844426,1.1316317,-0.61245537,-0.19528705,2.392724,0.6655268,1.1251849,-0.65587,1.7941804,-0.48292506,0.07232875,-0.4988063,-0.31791005,-0.6719437,-1.0457027,-0.3594736,-0.056208134,-0.23680364,0.33469427,0.47724023,-1.3309674,0.48862305,-1.2689453,-1.0593445,1.2514141,1.3218688,1.0236037
GCATGCGAGTGACATA-1,-3.6389978,-2.4151428,-1.9840909,0.5984002,-0.17196691,-0.5823705,0.9784421,-0.099035904,0.5000881,-0.7128528,0.78423744,-0.53288186,0.90278345,1.4896176,-1.5547297,-0.22575657,1.1388106,-0.252758,-0.1034005,-0.9140372,-0.75424975,-1.4313871,0.9294067,1.2554687,0.26276276,1.2041738,-1.3460027,0.38302585,0.57855827,-0.6639557,-1.2153094,0.3390095,-0.73517203,1.614586,-1.2520769,-1.9485048,-0.15277359,-0.26787186,0.70626765,0.42626488,-2.277226,0.75343275,-2.1658115,-2.9111576,-0.9217558,2.193157,-0.66087425,1.5651567,2.5240717,1.0680488
GCATGCGGTATCACCA-1,-4.4505157,0.4389629,-0.6355035,-1.2514145,-1.1179273,-2.4978316,0.018414551,2.8217833,2.282356,0.558679,0.018616566,-1.3538542,5.6784024,0.6242486,1.8203217,1.2142328,1.5917078,1.5427833,-5.010501,-1.4915298,-2.994199,-1.3732055,2.0754154,1.8032289,-0.7461479,1.4026082,-2.5120864,0.80008346,-0.9173846,0.33642152,-2.161495,-1.9203266,2.026151,2.791062,3.1765835,-2.0388353,1.557256,1.0865612,0.3882894,4.170754,1.7494622,0.9017638,1.7026645,0.39376682,-1.4423847,-3.997487,1.0344098,-0.9485825,-3.6916168,0.99697167
GCATGCGTCGCATGGC-1,-1.9864646,-0.4823948,4.7398634,1.6390281,-1.726456,1.3161669,-0.40227324,-2.147599,1.2228104,0.04593642,0.7905732,1.1598791,3.034354,-0.65039974,1.0518138,1.9856015,-0.37263307,0.98912925,0.6496901,0.7384472,-0.61404526,0.197893,-1.7607446,-0.36159277,-1.0862011,-0.17283183,1.5953102,0.28716204,0.33972907,-0.81799614,0.37412542,-0.9330471,-1.3551487,1.1249,0.35375807,-1.0007275,-2.0220802,0.5048992,-0.33867213,-0.40808287,-0.86812574,-0.20445037,0.600219,1.3084551,1.6265975,-1.1801805,-0.22813737,1.5445571,0.5637975,-2.1496155
GCATGCGTCGTTACAG-1,-3.9621408,-2.9152377,-3.3759747,1.6637449,-2.1782002,-0.18349221,1.2194726,-1.3989617,1.7419945,-0.77939373,-1.6252565,1.0011221,-1.1618397,0.30744737,-1.0142384,-0.97841567,-0.07616489,0.0079429895,-0.2685122,1.162299,-1.2260092,-0.43500808,0.34501973,0.51163733,0.84950244,-0.28440595,-0.9095221,1.1288013,-0.21194504,0.12376521,-0.4613709,-0.21600367,0.44097137,0.26010463,-1.5280405,-2.530909,1.9481947,1.6504216,-0.82842594,-0.69646436,0.62398434,1.0118599,1.7815845,1.973574,0.45187366,1.0796554,-0.7329035,-0.43607518,-0.54254025,0.2985684
GCATGTAAGACCCACC-1,-4.05215,0.8418015,-1.2244052,0.02461738,-0.13629128,0.3674139,1.3839333,3.1186485,0.43791196,-0.27071482,-1.4428595,-0.9223804,1.9395142,-0.2983963,-0.6008706,-0.61535835,-0.13179453,1.026825,-1.3133439,-0.59488153,1.8776456,1.3751371,0.69258714,0.28011698,-0.96303874,2.5198467,-1.3570276,-0.18274449,0.604789,2.5560331,-0.93382806,2.1491897,3.7742438,0.8031438,-0.030719826,-0.29145947,0.43192738,-0.3705051,4.176437,3.6430209,2.2942004,0.943545,-0.4806244,-2.7096667,-2.901081,-1.0114859,1.8700986,-3.2316778,0.19107506,0.48639998
GCATGTAAGCCCTAAT-1,-5.530992,-0.9574207,-1.6603615,2.3276436,-3.594304,-0.81296986,2.7408793,1.8073328,0.46007755,0.226597,-0.90749884,-1.031977,0.11017169,1.2027731,-0.275718,-1.5290246,-0.11025841,0.9038518,-2.3503888,1.0540855,1.00821,0.37941596,1.3830359,-1.7455045,2.9473758,0.18847808,-0.78438634,0.2282703,0.39513004,-0.26117212,-2.4193773,-0.1947342,1.5593798,-1.1836177,0.62992364,0.18465097,-1.8879615,1.3058919,-0.56059134,-1.3191406,-0.23809445,-2.2266681,-0.9386809,1.7495862,-0.8178117,-3.3807626,3.2470486,-2.137569,-2.5523384,2.6011083
GCATGTAAGTGGTCCC-1,-11.678112,8.649501,-6.222776,-9.812028,3.8748958,1.8524638,6.8487487,4.260256,3.0668423,-14.506334,-5.7623863,-11.108967,9.176519,-4.067525,1.8873416,0.16795543,7.633622,2.6214213,-9.437793,2.481959,-6.09768,-9.93506,8.741403,-0.4723941,-7.121761,3.7029703,-6.0306244,-1.0602762,-5.342301,-12.973574,1.5910264,-4.4199033,-2.5721147,-0.9944237,7.0453305,1.6663266,-6.8725553,1.1656892,6.805325,-11.901632,-4.436737,-4.8596206,4.5877895,-12.954592,1.8561246,-8.762821,22.893036,10.61179,12.816724,6.443325
GCATGTACACGAGAGT-1,-5.1315126,-0.6455245,-2.9320714,2.076571,-2.041869,-0.24998112,3.0460613,-1.3586669,0.39374688,-1.7530895,-0.76067734,1.333341,-0.31798437,2.947343,-2.0560057,-2.1939552,-0.3894359,-0.57048154,-0.35113907,1.930918,1.3822389,0.11128263,-1.6226995,-0.024246344,2.7569509,-2.5951946,-3.1096416,-0.010128603,-1.5780002,0.35252383,0.056153763,0.65456706,-1.2224827,-1.0857203,-1.2510138,-0.42893025,0.8398881,0.016479878,0.10522255,-1.1011882,-2.4948711,0.21847445,-4.4908714,-1.2415578,2.9063604,0.9204863,-1.3326821,-2.4391305,-2.3610315,1.5167667
GCATGTAGTACAGACG-1,-4.7908945,-2.190822,-0.9053938,-0.022872718,-0.47621116,-1.2236322,1.3585255,-0.42727646,-0.06728299,-0.37336046,0.6123616,0.3370936,-0.94553316,-1.3587885,-0.6769656,-0.24203283,-1.1230425,0.19631365,2.5102572,-0.18146527,-0.39492503,0.64779,-0.8704481,-0.010993799,0.44848418,-0.41519248,-0.95939,2.941574,1.3599029,-2.0311894,-0.93284523,2.1488347,-0.45189476,-1.0767516,-2.5001929,0.120231375,0.42098302,-1.6601672,1.4792259,-1.224665,1.0553733,-0.4491403,-1.2704229,-0.019576212,2.8087935,-0.95648545,-1.8533858,0.1814669,1.8468202,0.2742465
GCATGTAGTTACGACT-1,-4.4032135,-3.1171193,-3.2460349,-0.70957017,-0.45251673,0.24685143,0.9099734,-0.54849213,1.850744,-0.44060588,-0.4311401,0.5909669,-1.2160724,0.5622377,0.10809542,-1.0226038,-0.2985806,0.8529637,-1.3920103,-0.008925846,-1.2903928,-2.3018274,1.7123845,-0.11570238,1.57711,0.4847382,0.55000675,-0.77574694,0.2740738,-0.22287871,-1.6944208,2.186205,-0.6080678,-0.49199975,-1.685218,1.0895776,-1.9635742,-0.33401117,-1.6185999,-1.4787514,-0.5542227,0.89341563,1.1134756,1.3440619,0.5629229,2.3476517,-3.9600303,0.006037998,1.2173473,-1.7854252
GCCAAATGTGGACGAT-1,-4.1006784,-2.505096,0.7524455,3.08414,-3.4590364,0.55755603,1.1666881,0.330762,-0.084590174,0.92604506,-0.11518547,-0.17721027,0.35399392,-0.7706149,-0.42696372,-0.34198675,-0.5510208,-1.2162817,1.1428486,-0.46474174,0.32841903,0.76206446,-0.87638,-1.1050242,0.10409507,0.8204025,0.08547075,-1.1122125,1.0642328,-0.4326869,0.5830959,0.3125941,-0.1444699,-1.2507584,0.7472788,-0.059706885,0.3502899,0.20606272,1.082759,0.20660089,0.46782812,0.44525254,1.6677568,-2.0990212,-0.6895947,-0.49374416,0.4099373,-1.2500374,-0.6700991,-1.7925746
GCGACCAGTAAATACG-1,-2.7338388,0.16637535,5.8219543,3.6471508,-2.453436,2.210648,-1.6414567,-1.0268457,1.4047269,0.6768136,0.81155336,1.9727871,1.6570705,-0.7451899,3.31999,0.26118606,1.2913098,-3.8074462,-0.83777386,-1.1261375,-0.6429611,-0.97156996,0.29637477,-0.51205945,-0.6923153,-2.0310721,2.0887437,0.10576835,0.42535746,-1.1650248,1.5352473,-0.09205658,-0.32299978,0.7726261,-1.7778221,0.05659581,-0.3962879,-0.27851558,-0.89178777,0.9683671,0.7461909,1.6603668,0.1321056,-0.27077615,-1.2730292,2.1691687,3.2261865,-1.4096402,1.7330735,-0.44781426
GCGAGAACATGGTCAT-1,-4.5326777,-2.1461477,-3.7606082,-1.0820054,0.8166402,0.22750404,-1.1365609,-2.923959,1.3937168,-2.524286,-0.5825775,0.40387025,-1.364961,0.7436263,-0.81772316,0.53393596,0.0007859463,-0.66804725,-1.0148796,0.3371747,-1.1108454,-1.5209788,-2.1180003,0.051953107,1.73127,-1.0079802,-0.6847608,1.579499,-2.0264308,1.6965886,-2.3275073,-0.35938257,1.6442647,-2.0445101,-0.15281504,-0.047532227,3.0228455,-1.6381747,-0.48226774,0.7573154,0.3129343,-1.4379148,2.1248147,-1.4277076,1.0030663,0.8721246,-0.59030527,-0.7069343,1.116536,2.4096239
GCGCAACAGACTGGGT-1,-1.7617733,-1.9109439,-3.0634398,0.35949528,0.63935786,-0.7953667,-0.6598323,-1.1331859,1.688547,-0.7202933,-0.25544226,0.7537878,0.26674575,0.7975156,-0.62799704,-0.41943145,0.36928996,1.0105282,-2.6718135,-1.6537604,0.34879988,-1.3296943,0.36458263,0.54535866,-0.7760346,0.013423712,0.032068018,0.4201352,-1.841632,1.149201,0.07256744,0.34330127,-1.7883857,-1.0580227,-0.5514737,-1.2056065,-1.3016021,-0.68521297,0.23710594,-0.29482293,1.1949326,-0.4630287,-0.29674983,1.230414,1.0834007,-0.6241565,-0.2526648,1.3143291,-0.44254515,-0.80525684
GCGCCAAAGAAGATTC-1,-2.1888304,-1.7656758,1.3295151,3.0664256,-1.9663247,-0.45583454,0.011158855,-1.2850468,0.63212544,1.6428372,-0.23043525,0.022956572,2.0151343,-0.45596597,0.19647755,-0.3953072,-0.18389952,-1.6787815,-1.4890212,-0.17481144,0.046715926,-1.4753742,-0.104436696,0.41755396,-2.6393216,-0.36038733,1.7217593,-1.9111454,0.43083087,0.9629318,-0.30987194,0.4959402,-0.20221832,0.7399511,1.5608492,1.789307,0.56863534,-1.48469,-0.5042547,0.97300535,2.316568,1.0545126,-1.9001763,2.3283083,0.15825309,0.40491244,-0.77469754,1.494833,-2.3358376,-1.4311486
GCGCCAATCTTTAGTC-1,-5.247553,-1.8026147,-0.802846,-0.25775853,-0.5070379,-1.2347863,0.81513983,-1.745615,-0.061539825,-0.16468404,0.578743,1.4877262,0.13405603,0.46886507,1.0222684,-0.034919824,-0.19906682,-0.6839391,-0.15430045,-1.5873588,1.2521828,-0.36999673,-0.06689495,-0.012068943,-2.6651988,1.0289556,0.15445498,0.948619,1.4690039,-0.30297872,0.809284,1.179455,-1.5162488,0.073299766,0.70048636,0.9541708,-1.1222471,0.8541113,-0.8081739,0.6816306,2.1904023,-0.945401,-1.3515742,-0.8682427,-0.7513293,0.27213043,-0.5556471,-2.6132092,-1.2528813,1.1447828
GCGCGATGTATAAACG-1,-6.292412,-2.5632625,-1.117852,2.7116218,-0.6372966,0.3044117,1.7406368,0.010380836,2.0808713,-1.3985041,1.3426647,-0.053045277,1.297549,-0.24753779,1.1992633,0.44841966,-1.0030751,0.7545605,1.3666866,-0.1856309,-6.2496862,-1.8415334,-0.55424875,0.26753283,-0.023443295,-4.4491544,-2.1440387,-1.188966,-1.2478842,-1.142981,-1.7589029,0.581328,-2.5309234,1.6467913,-4.220233,-0.9967137,4.835485,1.2329487,-4.733584,2.3403342,-1.3235601,3.3400004,2.6465058,2.8655746,1.4778804,1.8741782,2.3842742,1.0633091,2.722389,2.841158
GCTCCTAGTGTGGCTC-1,-3.4524462,-2.07192,-0.7045193,3.7603726,-2.423533,-1.8624369,0.5019382,0.15840292,-0.12790617,1.1790833,1.1053772,1.2238275,-1.312785,-1.5374867,-0.012617325,-0.825372,1.1642815,0.50388753,0.8787731,0.29996863,0.017141672,-0.9470665,0.0119243,-0.7117225,1.7030084,0.7050351,0.5200845,-0.6617754,0.10164573,0.48648837,-3.0967994,-0.005447771,-0.9312518,1.4587237,0.40126875,1.5088995,0.9456228,-1.4376135,1.200251,0.2312489,-0.33734813,0.97344303,-1.4317725,-1.2963488,-0.8143538,2.674777,0.5094498,-0.020352047,0.7302113,-1.2952764
GCTCTGTGTTACGGAG-1,-6.1426005,0.6162417,-7.3540635,-2.1362298,3.6160011,2.8826122,1.5258166,-3.08767,5.4191446,-10.266547,-0.7421574,-0.25701603,0.9624048,7.5985136,-2.1582086,1.3854413,-2.8428423,-8.374172,0.012364329,11.471168,-1.2779903,0.4388131,-6.4754705,2.1786747,-0.75429684,-1.0286516,3.4324558,-2.8202984,4.4609375,-5.408556,3.568071,2.7457924,-0.9899783,7.5735908,-3.8856351,2.5280023,-5.047203,-0.93651646,0.8631148,-0.22887723,-1.8745323,4.501959,5.3506637,1.056693,-4.4219403,-0.70625365,-0.64863294,5.0479736,5.428341,-2.10062
GGAAAGCAGAGAACAG-1,-5.138122,-1.3286684,0.4482405,3.9205143,-3.1588318,-0.4203883,-0.50844485,1.0678823,-0.80925155,3.4599888,1.463934,0.010186918,-0.13846098,1.8587358,-2.673443,1.0692946,0.4488985,-0.40504435,-0.8576024,-0.6359354,-1.0162933,-0.69721866,-0.83927554,0.08226417,2.0720508,1.4827762,0.055145897,1.0435843,-1.342435,0.22168498,0.72858757,-1.9043901,-0.95187676,0.34363127,0.48002064,1.0456872,-2.046026,-0.4820553,1.9302739,1.9408611,-1.8867227,2.6787865,2.7366927,-3.6457944,1.8682235,1.6329315,-3.2737594,-1.969114,0.6970632,1.3761612
GGAAAGCAGATGGGTC-1,-2.2769423,-2.845382,-3.1846519,-0.054479074,1.6207227,-0.3855806,-1.2200539,-2.8096297,3.1311872,-1.4686712,0.9433518,2.3849285,-0.6245415,1.3079109,-0.13032499,0.2799168,0.24731274,-0.19179514,-1.3699654,0.34477597,0.40783605,-0.63131416,-1.7466637,-0.20221886,-1.8546174,1.000763,1.3713468,-0.32224536,0.5435428,-0.020202633,-0.8138778,2.2759385,0.30251607,0.18820399,-0.39357316,-0.6182407,-2.082047,-0.56649595,0.35429776,-0.85719305,0.7358459,-0.54018015,0.7775472,0.19320273,0.14150438,-0.17972542,-1.0758438,0.0303065,-0.076972425,-0.08586037
GGAACTTAGCCACCTG-1,-0.3529599,-1.2726939,-3.6025627,-0.5575257,0.4919955,0.67921716,-1.9425595,-4.058548,2.2285714,0.12807576,-0.10084511,0.7029186,1.5055592,1.6931286,-0.6553573,-1.3636296,0.8164499,0.32605112,-0.8360995,-0.0720537,1.2542695,-1.218322,0.08531882,0.09510099,-1.35831,1.0284672,0.5966209,-0.10532155,-0.8654855,-0.13864203,0.6802773,-0.94407916,-0.5769749,0.08742249,1.5945144,-1.9066824,-1.2823306,0.8729322,2.0208392,0.6952415,-0.6262516,0.17048198,0.7602381,-1.2965444,-0.7587018,-1.0856923,-1.2277389,-1.3020753,0.4774305,-0.51131135
GGAACTTGTCAGAATA-1,-1.9655992,1.1307728,6.2032895,0.93410057,-1.8267289,1.4890536,-0.002511103,-0.22515179,1.6004446,-0.87028635,2.833162,1.5602744,1.2560551,0.029724397,1.5801163,0.17627914,0.78759736,-1.0927279,1.1498023,-1.3563706,-1.0649617,-0.019285005,-0.13064225,1.9859881,-1.1443751,-1.7843833,1.5944086,1.1955787,1.033452,0.4883103,0.84091145,0.14681847,-0.21196109,-0.47091392,1.0213774,-0.20706901,-0.4992303,0.8567769,-0.55030847,0.25215563,-1.1519188,-2.3208518,-0.9092509,-0.7459604,-0.97253555,-0.13329625,0.30402732,0.3830688,-0.68082535,-2.0443156
GGAACTTTCTGAGTGT-1,-6.867045,0.30148095,-6.5119095,-1.6880869,2.5735557,4.4604383,4.028672,-2.302065,6.373293,-12.303698,-2.9098835,0.60888016,-1.2951351,10.8911705,0.05349397,5.235058,-5.56445,-7.4960775,2.0081942,12.300274,1.5835756,3.780742,0.61079407,7.5146112,0.68466413,-1.8361143,-0.88834435,-2.503487,3.3181977,-9.936341,-1.4160359,5.6691604,3.0023732,5.80493,2.445411,8.130061,-1.6378046,-4.3982577,-4.2172594,4.5972385,4.307927,4.941195,-4.319108,3.4152906,4.448272,7.8628826,-6.561125,9.60211,7.2427893,-0.87644106
GGAATAAAGGTAGCTG-1,-4.512114,-1.5207521,1.4274186,2.478203,-1.117425,-0.42671165,2.164193,1.1225811,0.004941233,-0.8291912,-1.7819146,2.5245764,-0.7704996,-0.016575621,-0.9022497,-0.13100806,-0.46260768,-0.442344,-0.21203569,-1.938183,1.9618349,-0.17537522,-1.4288604,-0.7365233,0.98553723,1.6324294,-1.507339,0.83096665,1.4067945,0.6812612,0.41014734,0.40732452,4.416081,0.026203265,-0.3747383,3.1415179,0.74319947,-0.052600533,1.2410516,-0.13707687,-0.42576888,0.20511147,-0.30070505,-0.87874323,-2.487959,0.48610732,0.30597606,2.3389075,-1.7905213,-0.31237793
GGAATAAAGTTATCGC-1,-4.554584,-1.526155,2.8155355,1.9574713,-1.6919699,0.042616233,0.75430983,0.65962523,0.16184334,0.4463773,0.76091325,0.52010983,0.44431198,-0.058008622,0.67580277,0.6816684,0.81487495,-1.3603756,1.7831172,-0.6163071,-0.33176708,0.20460586,-2.7846494,0.31125,-0.11195051,-0.29335108,3.3771574,-0.2625827,0.6798165,0.95404506,0.3938765,0.012467421,-2.5951798,0.62896615,-1.055482,2.2303202,-1.2116809,-0.9633151,-0.81615937,1.0271566,-0.59879994,-0.94967914,0.81946075,1.3388747,0.7632875,1.238741,-0.76920986,0.40973535,0.55243486,0.37152228
GGACAAGCACCACGTG-1,-3.815585,-2.0912828,-1.6477381,1.2449963,-1.2266331,0.32858145,1.1345098,-1.2421131,0.34308714,0.5233427,-0.78616756,2.5202794,-0.06865696,-0.55706346,-1.7023872,-1.7509483,-0.1523331,-0.74903256,-0.085976996,-0.33039975,-1.3787154,0.07855077,0.3252339,0.40425625,-1.0756078,-0.9402913,-1.3364527,1.0233679,0.41530582,-0.18436754,-1.2558988,-0.8317576,0.47630244,-0.58352315,-2.7505958,-0.37899664,0.87829065,-0.3514239,0.15254468,0.54096705,-1.6182697,-0.09166767,0.25512013,0.68370974,0.48507652,1.064552,-0.656139,0.34020507,0.6151717,0.40615928
GGACAAGTCTTTAGGG-1,-1.3094233,-0.39547586,5.9740267,3.1460204,-1.9098425,2.9251554,-0.2981401,-1.680022,0.8841341,-0.7311964,1.8024518,1.4136982,1.0407813,-0.7894252,1.5966376,1.4113585,-0.18562163,-1.8366567,0.2757887,-0.66721237,-1.6119689,0.5514528,-0.6826046,-0.38169813,-0.75196916,-1.275231,1.0964068,-0.6724228,0.31329334,-0.062700905,0.24263749,-0.20341973,0.73044825,-0.09838618,1.375543,0.48131743,-1.4376343,0.59617025,-1.2357342,-0.6588801,0.2740444,-1.0168263,-0.03844,-0.37322727,0.8223291,-0.7064696,-0.30591813,-0.5011031,-0.47939372,-0.21813126
GGACATTAGCCAGAAC-1,-4.18977,-3.0293784,0.92829984,2.4895425,-2.6179364,-1.0954143,0.57856226,0.91391885,0.042694498,1.2423149,1.4991304,-1.557287,-1.373759,-0.071757086,0.4608413,-0.05483706,0.6625127,-2.33922,1.0187756,-0.7695186,1.5585895,2.522122,0.05639108,-0.047523048,0.086147755,-0.755436,1.0002916,0.61263037,0.07218511,-1.5712765,0.36751488,-1.2225382,-0.19683848,1.838822,0.8614697,-0.014469017,0.24819231,-0.5045635,1.1438959,-0.6870906,1.3442616,-1.3096963,0.8526387,1.3466641,-0.5544364,0.596152,0.48058283,1.1967741,-0.82117206,-0.26212093
GGACATTGTAGCTGCC-1,-5.6936107,-1.113643,1.4683452,4.220149,-3.9757895,-0.95920813,1.5921766,1.9234515,0.726944,0.34850997,-0.8555278,-0.5776212,1.6374218,-1.9538331,1.0695564,1.0784854,0.023741765,-1.4529926,1.0555837,1.6430844,1.2136353,-1.0565012,1.0220486,-0.003778025,-0.38561457,-0.18993026,-0.2767971,-0.26836184,0.44191694,-1.086061,-0.2802389,0.13205665,-1.0238712,-0.6308006,1.4609619,-1.0328951,1.6504859,-2.0852509,0.72355545,-1.2371625,0.2940439,-0.069468275,0.32727727,0.44108316,-1.0721356,3.2852042,1.3701705,-0.6141446,-1.1738038,0.6257781
GGACATTTCAGTTAGC-1,-1.8106709,0.30192065,-3.4353783,-1.571674,2.6402273,-0.9056471,-2.6505647,-1.4462181,4.1378317,-1.2825975,-0.06917575,0.4031804,3.4797914,0.46706524,0.64520365,-0.7260183,2.6388786,2.5619726,-1.2748866,-1.400838,0.53645414,-1.5195031,1.9875792,-0.44799483,-0.89222836,1.9581147,0.25672635,-0.17748606,0.13638948,0.6584844,0.9986286,-0.69800156,-0.54986215,-0.2788188,3.5188458,-0.8988726,-0.41175237,-0.83661926,0.43229726,1.4867651,0.982544,1.2744088,0.2722539,1.4733645,0.04176688,-0.25502914,-0.33229917,-0.7085708,1.2098835,0.23809868
GGACATTTCGTCACGG-1,0.9533413,0.3408917,2.5951538,1.3842782,0.3096566,1.4845217,0.1071504,-1.0580328,1.0985333,-0.15059847,1.3971206,2.3904212,2.249923,-1.2593857,1.846281,1.1949817,-0.6301985,-1.8815873,1.2920735,-0.85236055,1.5752846,-0.51630014,0.24106374,-1.4355516,-2.1759963,-1.7292924,1.2331655,0.098892465,0.5742272,1.2296271,1.226958,0.7764937,-0.24203433,1.1490843,-0.34531948,0.5997006,0.20009612,-0.68461424,-1.8554065,1.8280135,1.2191662,-1.7062458,-0.13010117,0.22632098,-1.3058553,-0.78993124,-0.6746929,1.7811377,1.0003394,-1.5651525
GGAGCAAAGACTACAA-1,-9.629553,1.7998523,-9.391445,-4.6177554,2.9487708,1.7686403,0.19136819,-1.0547305,5.16958,-11.516605,-4.302793,1.1879146,-0.15081249,7.036013,-1.5088933,6.3838515,-0.53334045,-6.898404,-0.038284376,9.693364,0.21424797,1.3588712,-3.4904292,5.489673,4.2335277,1.9676763,1.4700028,0.51463103,1.2901742,-6.237765,0.28890124,-3.2390666,-3.540167,4.6833763,4.4659734,-4.464802,-1.4831729,-2.6537752,-1.0111828,2.3357222,3.4375005,-2.2464926,-2.222114,0.097670786,1.2445724,1.9354154,-6.3350816,2.4641535,5.441055,-7.44219
GGAGCAAGTATCTGCA-1,-7.9708,0.079360604,-8.403817,-3.969758,3.1065974,4.4836597,2.6089907,-1.161529,7.921479,-11.417716,-1.8354585,-3.3015661,-1.548655,9.799135,-2.3147144,4.433959,-3.9699159,-5.625962,1.6387994,10.22494,-1.3048311,1.9143009,-2.769451,1.5170076,-2.14689,-5.5427074,-1.4123263,-7.8057656,-0.936003,-1.3514551,6.443316,0.75846356,0.020605411,-3.080204,-3.9859645,5.5915885,-5.5512624,-0.14417045,-5.064966,-0.11228245,0.7168597,-0.3634025,-5.612393,-5.7250123,-4.5095153,1.9247198,9.259091,-10.554512,-5.3317857,7.9909353
GGAGCAATCTGCTGTC-1,-4.638967,-2.18054,-0.43573537,0.80037534,-1.1605071,-0.27665243,0.7485776,-0.010321134,0.021556804,0.29499552,2.2140455,2.9810913,-0.41516665,-0.6511794,-0.3378438,-0.4902976,-0.88667464,1.3535296,-1.8682023,0.14651014,0.9114746,-2.0198681,-0.6814216,-0.5642552,2.0310981,1.1411697,0.7179218,-0.29329225,0.83026946,1.1248678,0.22531237,0.36959434,-1.7409341,-0.59130204,-0.78855014,0.8690819,-0.391591,-0.16856387,0.54110295,-1.241722,-0.15952969,0.6253649,-0.9941063,-0.58149487,1.2841426,0.52356416,-0.9637549,-0.41319102,-1.2558941,-1.5449424
GGATGTTCAAGCGTAG-1,-5.9779625,-0.6635176,0.04731924,2.1452708,-2.239461,-0.25177416,1.2217668,2.571338,0.01659259,1.7504115,-1.6989216,-1.0363275,0.6733256,-0.31381118,-0.24219942,0.16374871,0.6352117,1.0934145,-0.90269357,0.26139587,0.14206329,-0.89483756,0.06376109,-1.5882485,0.4644287,0.80888814,-0.3245085,0.5457233,-0.57774127,-0.15169658,-1.0089169,0.12654889,1.0076611,1.0203379,1.7409056,-0.05115119,-0.02272296,-1.5201334,-0.13701491,1.0043308,-0.69399446,0.19476268,-0.8938836,-0.1362913,1.1088651,0.40132377,1.1247826,-0.8105902,-0.7388308,-1.5072447
GGATGTTCAATGGTCT-1,-6.0449023,-1.6191438,-2.0196755,1.8054637,-1.0309943,0.25808036,1.0799794,0.70175695,-0.9019565,-0.33165544,-1.1669841,-0.072326794,-2.043965,0.61836696,-0.74691546,-0.650265,0.63147026,0.055598002,0.66218483,0.6318786,3.0494337,1.0188831,-1.1259468,-1.4908894,-0.49585065,3.0572371,-0.36538985,2.0008664,0.5395425,2.2042131,0.78742146,-0.30013904,2.8646784,-0.41329202,0.7707791,2.381627,-0.069279484,-0.52846223,-0.05829172,0.7425586,1.7276515,-0.97895354,-0.3405584,-0.27949062,-1.1368171,-3.3709466,0.26984748,-2.863209,-0.8976321,1.5304565
GGATGTTTCTTATCTG-1,-7.6483717,1.5802127,-1.5003601,-1.5135968,-2.802684,-2.378097,2.4167879,1.5750848,2.0358813,-0.7279617,-1.7467766,-2.4640694,2.9805872,0.2893746,0.88150483,1.6880769,0.74995154,0.23172255,-1.3737955,2.7338269,-1.2854844,-0.7618961,1.1705692,1.789318,-0.41192698,-0.027657257,-3.4672413,2.2732341,-1.9759009,-3.6275606,0.5366672,-0.35272983,-0.2853914,2.0824513,0.458414,-4.2727356,-0.21212982,-2.4983726,0.6542695,4.138801,2.954055,0.6960617,0.728123,-0.24365899,0.7372661,0.7462985,-0.32163215,1.1609981,-4.195011,-3.269572
GGCAATTGTAAATGTG-1,-7.408334,-1.6710155,-2.1687548,4.4478674,-2.6154683,-0.11333307,2.0077398,1.7300292,0.23369202,-0.19130842,-0.93957764,-0.6412125,-0.96382284,0.5794999,-1.2559081,-1.3652047,1.2860118,0.4539537,-0.08014648,0.48480093,1.2345842,0.34725076,0.82446414,-0.7332187,-0.7761871,-2.073735,0.52841735,-0.1857599,-0.16234118,-0.10383266,-0.22653218,1.0081264,1.1313576,0.15388486,1.6649829,-1.9301684,-2.6933987,1.9687954,-0.9774055,0.2401931,-0.47563526,1.3676413,1.7934428,-0.88778776,0.43906894,-1.4453377,0.76230276,1.3720118,1.6692195,4.2109356
GGCGACTCATGATCCA-1,-6.2339096,-0.2656613,-7.712681,-2.8673944,-0.05802782,5.4684424,2.8548963,-2.6633723,6.0094314,-24.75461,-2.5681689,2.164192,-12.486601,2.8615634,13.528173,18.755291,0.15965468,-25.09134,22.177591,-15.23185,4.5956545,36.85502,37.999443,-1.1620868,17.615301,0.17229536,1.121373,1.1913743,0.27993992,7.4196153,6.7363343,-6.886862,5.470329,-0.42731217,5.921777,-2.6259556,0.22137487,2.4155786,4.4100842,0.5497471,-0.33880386,-3.1937935,-4.1406918,-1.3123341,3.2656758,-1.6390045,3.079262,-1.1466302,-0.75387114,0.7231976
GGCGACTGTTCCACAA-1,-5.3453975,-1.0895287,-1.1758959,2.9589097,-2.589205,-0.06848716,2.4858227,0.7809804,0.5840688,0.4501629,-1.8760632,-3.4062147,0.14330697,1.7141204,-0.14683269,-1.6741838,0.66037285,2.360762,-1.0649437,0.86068225,-0.31919488,-0.17621593,0.48110533,-0.9318769,2.6919198,2.0412805,0.85163385,-0.6022473,-0.3962388,-0.58828235,0.099413045,-0.1850004,1.3590051,0.7475979,1.2192435,-2.284211,0.06763276,-0.5248122,0.47449544,-1.1281943,-1.3784564,1.3930212,-0.7466034,-3.1027946,1.2935485,-0.5967343,0.5940463,-1.7051581,0.15690228,-4.663424
GGCGTGTCATATACCG-1,-3.398699,-1.1066816,3.5392118,3.4602838,-2.4159963,0.39481676,-0.8090785,1.2449014,-0.085577875,1.7586521,1.9660501,0.8237302,1.5680891,1.3979338,-0.32342193,1.7752893,1.4604455,-1.9488406,-0.94082797,-0.12954438,-0.13558005,-0.82935566,0.107711375,3.2385898,1.3457513,-0.6791717,2.6863165,0.13182914,0.6401395,0.59711075,3.0451458,-1.8464856,-0.3896931,0.38079503,0.15574454,0.19711116,1.2837839,-1.1037174,-0.15381154,1.3952461,2.5908318,-0.13170092,-0.44833592,3.0838733,2.6246974,1.214666,0.80070394,1.1225171,1.4805733,-2.4340594
GGCTCGAAGTGATCGG-1,-3.3308828,-2.928616,-1.7914604,0.54309595,0.35124993,-0.5519267,-1.3562272,-1.5911176,-0.8255575,-0.19101837,-0.56648034,-0.008519974,-2.5398357,0.8557895,-1.4388046,-0.4712699,1.0171204,1.5562092,-1.2492596,-2.0547183,0.08129304,-0.025611034,-1.5434561,0.25106755,0.017451094,1.1390724,-2.084605,-0.15415217,-0.65167934,0.54008925,-0.08264611,-0.06148644,1.1092783,0.41017267,-0.48356006,1.8697095,-0.00050335424,-0.81321055,1.1238314,-2.5200603,-0.25939324,1.6444255,-0.91059464,0.1908132,0.15032257,-1.0053378,-2.3480997,0.811227,1.0770242,-1.1350275
GGCTCGAGTGGCGAAT-1,-3.7560992,-2.4588683,-1.5369776,1.834723,-1.0733514,-0.16663486,0.81943893,-1.0706191,2.8462617,-1.6995704,0.23742515,1.0682255,-0.08485201,0.27332556,-0.83044595,-1.3031739,-0.41524935,0.6199918,0.8167845,-1.6725669,1.3701979,0.0640938,0.9090858,0.8136612,-0.8297807,-1.4118992,1.2003767,-1.4704982,0.99831206,2.49341,-0.75500983,1.0326715,0.09789025,-0.06299183,-2.0929472,-1.5102625,0.048332464,-1.4096271,1.4785241,0.27265015,0.17500833,-0.8035975,-0.35695967,-0.88888985,0.6617395,-0.24046187,0.14436899,0.28982437,0.103432626,1.8395921
GGCTCGATCAAGGTAA-1,-2.701745,-0.60228086,-1.9176979,1.3720036,0.028770944,-2.025546,-0.5526206,-0.20286639,1.6804318,0.0058730748,1.61171,-0.51684624,-0.19201827,0.17216215,-0.77576566,1.0523965,2.0609756,1.4827658,-1.5746903,-0.47422963,-0.7970076,-0.7838394,0.3682775,1.5239258,0.3492101,-1.6318096,-0.6686332,0.8627755,-1.700811,-0.074334875,-0.9537337,1.3408257,-1.3894988,0.6092197,-1.9644649,-3.2360802,0.8114878,1.6770806,0.630219,3.3137307,-0.18764667,-0.1944237,-0.110168934,-1.1932778,1.5188681,0.9775483,-1.6522541,0.2706225,-1.0703607,0.5267988
GGCTCGATCACAAACC-1,-3.6758194,-1.7963432,-3.012813,-1.3031826,2.026308,-0.78887707,0.123616576,-2.6796033,1.1494539,-2.2321637,1.9562756,0.5190075,-1.1394134,1.1213505,-0.6902093,-0.62212634,-1.7821044,0.11725241,-1.3223771,-0.0022027958,0.29728723,-0.1112589,-0.57832015,1.4522583,-0.948632,0.40177485,1.1086864,-0.22970231,0.5248091,0.7285629,-0.3766076,2.2241855,-0.65796113,0.06553967,-0.31506327,0.07339563,0.77617675,0.45296684,-0.6952721,-1.1995069,-0.35964304,1.3812597,-0.26903418,0.72907776,0.5219567,-0.49883717,-0.5287572,-0.042677976,-0.14115989,0.44269994
GGCTGGTGTGCGCTTG-1,-4.142807,-2.1555657,-2.920654,-0.6276004,1.2949234,-0.19974639,0.25764593,-1.0888722,1.8974758,-2.134715,-0.29138243,0.054083005,-0.80389637,1.2918242,-1.120395,-0.28740522,-0.34192908,-0.45261163,-0.054591224,-0.63789153,-0.0023601018,-1.8044313,1.8937033,0.40955627,0.35928938,-1.9260868,-0.22839572,1.3141384,0.18782596,1.5160015,-0.27011514,0.23107152,-0.8655717,-0.15027766,0.7425872,0.6391478,-0.095460884,1.7288777,1.2516192,-0.26066422,-2.5250156,1.1109403,1.1686317,-0.96895045,-0.6747015,-1.5623493,-0.09264431,-0.3746562,0.08355262,-0.6495324
GGGACCTCATCGGAAG-1,-4.8978667,-3.4402106,-2.4731646,2.6836038,-2.9316556,0.33206126,0.14899062,0.8371825,0.3502871,-1.3932905,0.7853016,0.9192256,-0.7464105,-1.7915094,-0.16456318,0.56842846,-0.79220855,-1.5364729,-0.88278335,-0.7880502,-0.79073447,0.2605785,-1.1053665,0.7707046,1.1318703,0.63613904,0.02227708,-0.63740957,-1.1311879,1.174271,-1.6681869,0.46782663,-0.1254045,-1.1369957,1.0369741,2.0011349,1.7935512,-1.8485975,1.266901,-0.91172683,-0.18834369,0.3801208,1.3533247,-1.7353204,-2.606738,0.07095326,1.2445779,1.1286201,-0.037457947,1.3521458
GGGAGATAGTGCCAGA-1,-4.0660625,-1.7294269,-1.7492142,-0.72566736,0.15203439,-0.22884712,0.20955046,-0.46586958,0.6150513,-1.9084675,0.5256863,0.8731048,1.1277465,0.9153034,1.341104,0.07126462,1.2487744,-0.29053694,0.54191643,-1.062414,-0.020743268,0.102437906,-1.0688121,-0.8957371,-1.114658,-0.15403503,0.3222347,0.79034865,-0.62882423,0.45144153,-0.22644244,-0.017924795,-1.5151689,0.13603285,0.77568495,3.804546,-0.7546953,-1.4354056,0.16224071,-2.3883045,-0.027305963,-1.7138022,-0.2878001,-0.81765157,-1.4578763,1.398289,-0.2743711,1.8306177,1.3121359,-2.0728934
GGGATGAGTAAAGTCA-1,-7.1818037,-0.28777122,-2.1602018,2.2771137,-2.3185446,-2.506795,1.556147,2.577201,0.834126,-0.092916414,-0.5298718,-1.3671387,1.1539432,-0.8361574,0.66757125,-2.8352776,0.7306394,-0.9396428,-0.9017037,-0.059183296,0.80606467,-0.9392407,-0.8944025,-1.0598155,1.2329804,0.31160286,0.13621478,-0.13046683,0.7127922,2.00315,-0.6635279,-0.080768265,-1.301956,-0.8758293,0.61244154,0.87005424,-0.55168355,-0.4393199,-1.2004243,-1.290668,1.5792891,-0.00291604,-0.63137394,-1.9727507,-0.34834588,-1.2664553,1.9456109,-0.20267585,0.22611596,-0.7303167
GGGATGATCAGCCTAA-1,-1.7240529,-1.0048242,0.5059635,0.5342708,0.75381154,0.6854806,-0.9632196,-3.2661617,1.8747292,0.3496523,0.70740134,0.4674199,2.1846428,-0.12453469,-0.07796591,1.1175945,0.530612,0.36638108,-0.0915426,-1.2951535,0.80965924,-0.43359903,-0.19477211,-1.3481151,-1.9145818,0.26966485,1.1458689,-0.30727157,-1.2867322,0.55874276,-0.17885126,-0.3556945,-0.7666242,0.76323956,0.17198808,0.12752075,-0.07942379,-0.24918532,0.7628824,-0.30094206,1.7420683,-0.71271193,0.81940454,1.2926342,0.15866828,-0.1168276,0.574297,0.20968863,0.46843445,-0.5534722
GGGCACTAGTCTTGCA-1,-3.5325303,-1.7686018,-1.2476441,0.41495547,-1.369694,-1.2560745,-0.59645057,-0.9887371,0.8361187,0.6605735,0.8061768,0.3843007,0.17904186,-1.0328543,-0.45385358,0.039797068,-0.07463299,-0.63599706,0.69734436,-1.6112403,1.2553307,2.8467438,0.7719831,-2.695231,-0.21722463,0.651667,0.4461007,-1.2827477,-0.31179377,-0.4553424,0.52734697,1.332062,0.88082576,-0.21624589,2.603576,0.3434304,-0.92655265,-0.2064942,-1.6925428,-0.08495416,-0.2371424,-0.8523553,0.19376914,-0.7919696,1.7295184,0.63628346,-2.103623,-0.121531084,-0.4437101,1.3874472
GGGCATCAGGAGTAGA-1,-2.1844842,-0.7411907,1.2486099,3.2809114,-1.884502,0.60842127,-0.52865684,-0.14501342,0.09268637,0.5375231,-1.5700709,-0.14311461,-0.48313388,-0.3451442,-0.9090613,0.54601073,0.19301152,0.9558399,-0.7930882,-0.36650947,1.108062,0.3129452,-0.6172805,0.40893787,-1.8353467,-0.32853684,0.98814195,-0.52559066,-1.2357875,0.027898807,0.517555,-0.8378521,-0.68296134,0.8568844,0.10007722,0.124553494,0.37953767,-1.2322972,0.9175233,0.33085647,-0.043216996,-1.3118447,0.66897154,-0.04017396,0.44619206,-2.3927267,-0.22467041,-0.8699105,1.276625,1.739101
GGGCATCAGGTGCAAC-1,-3.4696174,-0.36372426,-12.252829,-4.3339972,0.62934893,29.026178,-2.822838,6.4624467,-4.191731,8.172756,-0.28559905,-0.2461159,0.9254721,-2.1607869,0.9274622,-2.2727623,2.598836,1.2685239,-4.190036,-4.714172,1.8037788,3.6360009,5.674604,1.9207804,-6.817813,4.353548,1.1352602,-1.9582529,-1.4157679,-3.8890595,-7.0740123,-10.172133,-2.1503098,-0.48858717,-4.767426,-1.3890405,5.6375117,-7.4724092,-8.215816,-0.35210925,-1.7175908,6.7440386,-3.219388,2.176914,-5.950106,-3.8850484,3.4691792,6.701838,3.3844874,0.19558735
GGGCATCTCTCGAGTA-1,-4.9305186,-1.4585646,-6.243947,-2.2795987,2.8462703,1.3168341,-1.62502,-3.7690063,4.4238186,-5.641624,-1.0592544,0.26911947,0.69918287,0.3968164,-0.70540345,0.22808288,0.035474595,1.695815,-2.334622,1.3262795,1.2260023,-0.9878327,-1.6492689,-0.6233429,-0.9744203,0.7044991,1.1183866,-1.0964596,-1.2130644,0.25028393,-0.3770083,1.1657696,-1.8316716,-1.0857817,0.30444136,-0.73028034,-0.3948408,0.075173,2.173865,0.7147442,-0.29889056,-1.905948,0.22676633,-4.520601,0.26806274,-1.5369151,-2.8496687,-2.8897598,2.5622556,-2.3460395
GGGCATCTCTGCGGCA-1,-3.067738,0.26102984,-0.39010257,0.70175695,-0.25701737,-1.0439645,1.0880635,0.69768965,1.640473,0.18732998,-0.0059031937,-0.63848966,0.64375323,0.5961261,-2.2202969,-0.63504547,1.3991649,-0.32006484,0.24863185,0.72256744,0.9934668,-0.9685277,0.8021448,-1.2281759,-1.4116601,-0.23483416,0.40971822,0.73594445,-0.897441,0.19775546,-0.25562587,-0.5559151,-0.1965883,1.8833803,-0.5044494,0.3511681,-0.1408995,0.24308814,1.7050049,0.18512805,1.5258006,0.8882942,-0.3563255,-0.13127504,0.8038997,-2.5758357,-0.30346817,-1.5602237,0.28494063,0.90212387
GGGTCTGTCTCTGTCG-1,10.745182,0.90767473,0.015150389,0.56076527,0.19527167,-0.27089813,2.9903655,2.3890965,2.2798831,-1.8536662,-0.17321797,0.37090048,-1.2669307,-0.7459131,1.7337422,-0.5050396,0.69626695,0.10051467,1.2044654,-0.35870048,0.0035018628,0.38917574,-0.18758456,0.17273706,-0.22770032,0.3134092,0.33445442,-0.9742616,-0.981808,0.763812,0.24231616,-0.07442274,-1.4477209,0.92816675,-2.035941,0.091276065,-0.1244168,0.20272084,-2.0895038,0.57140535,1.3715141,-1.0146195,0.30704254,0.5432356,0.029206568,1.3427281,-0.2852167,-0.5039902,-0.7277248,-0.6627698
GGTATTGAGGTCGGAT-1,-3.5451324,-2.8493476,-4.040246,1.2354563,-0.7600387,-1.036703,0.48652387,-2.0342433,1.1439247,-1.9544619,0.19732673,1.0774134,-3.3737411,-0.32663843,0.70373946,-0.22636425,-1.8081309,-0.17782226,1.5054461,-0.98203653,-1.7291013,0.011009978,-0.6044671,1.5065069,0.44904462,0.2985313,-1.6921233,2.0489182,-0.29927084,2.2302256,-0.6929454,1.5755215,0.23175529,0.41492033,-1.28042,-0.45200127,-0.48518842,2.0772667,0.77161366,-1.0132384,-1.5196483,1.0115314,-1.7526686,-0.27606773,0.7928326,-0.36321738,-0.8197404,0.99946463,1.4240144,0.940709
GGTATTGAGTGCCAGA-1,-4.853147,-1.4946067,-0.7977064,1.4401823,-0.69977075,-0.38258338,-0.1705783,-0.95277405,-0.5111572,-0.59805757,0.7626481,-0.29164323,-1.7316382,-3.2950566,-0.18682249,0.03997605,-0.11466461,-1.3630657,0.6685143,-0.09042577,0.9462542,0.4684302,-1.3502434,-0.03902609,0.5394443,1.7549111,2.1675966,0.8902623,0.1432794,0.692976,-1.8813442,0.98721576,1.4738977,0.040080905,0.41385928,-0.57722294,-0.25329044,1.9491425,0.55483735,-0.54714435,-1.7707554,-0.9651506,1.3243581,-0.0143385995,0.19231288,-0.1957152,0.05009849,-0.23601747,-0.38411573,0.07116611
GGTATTGCATGAAGTA-1,-3.0865088,-0.93928,-3.2213428,-1.8462915,1.4338111,-0.9660442,-0.5316571,-2.0312498,2.6886241,-1.4784945,-0.78823996,0.61324733,0.049055323,2.2281337,-0.5966413,-0.25760818,0.122691065,-0.37873933,-1.430032,-0.8098415,-1.2441623,-1.3413938,-0.72598445,0.4160672,-0.4114553,-0.15916462,0.78586125,0.41747153,-2.8155508,-0.24098372,1.3354872,-0.5176008,0.49417946,-0.21119322,0.9636823,-2.4873896,-0.15848073,-1.0800954,-1.1445668,0.4647067,-2.179301,-0.22452262,0.65127516,0.7802755,-0.77321523,-0.4393257,1.2581716,-0.7937196,-0.13593914,0.76704884
GGTATTGGTAACGTTC-1,-4.174814,-0.61842847,-3.7298021,0.28437433,0.7612761,-0.73824966,0.8727351,-1.429452,2.8729467,-1.8564789,0.19317292,1.0102168,-0.61578596,-0.23544379,1.5224735,0.017659836,1.242308,0.5950698,-0.29278177,0.07851051,-1.3396827,0.13455054,-0.22123031,-2.6074347,-0.50488484,-0.9757195,1.3472841,0.2606302,0.01082825,2.0134194,-1.1817278,1.8956909,0.060220756,-0.24058788,1.4026293,0.67725796,2.210186,-1.991093,-1.46997,0.2443661,-0.4668397,0.17996705,-1.18459,0.696346,-0.016095612,3.5948648,0.97794145,-2.252049,-2.1007452,-2.3602989
GGTATTGGTGGCCCTA-1,-3.058742,-2.2320247,-0.35456622,0.6955712,-0.91312945,0.5048904,-0.95229834,-1.0972084,1.2204269,0.40655136,-0.12667884,0.84126616,1.5287186,-1.1668892,1.4368248,-0.08921237,0.40683368,-1.7604766,-1.6524919,-1.1883395,-1.7225537,-0.9403269,-0.13290994,-0.18715554,-0.32126147,0.7251804,-0.07179699,0.7591548,-1.1068177,0.82669866,0.36519334,-0.10607407,-0.25631902,0.34268865,-1.0276026,0.77362067,0.39691705,0.786803,-1.77198,0.770542,0.72422737,0.05547549,-0.44680628,-0.98735183,-0.3084955,0.5716697,-1.3281065,0.2387963,-0.5503847,-0.22108094
GGTATTGGTGGTCTCG-1,-5.3206816,-2.3010554,-2.49129,0.63787353,-1.4833578,-0.81714267,2.1173918,0.3277486,3.5530286,-2.3977144,1.4672887,-1.3726201,0.7370678,0.721558,-0.7619609,0.053731807,0.2547771,-1.3121359,-1.7536023,-0.04691879,0.86044306,-1.1563162,-2.121082,-0.9814115,0.9749171,0.28276628,-1.043096,0.17268623,-0.4112617,0.99626684,1.6707078,1.6548364,-1.0102625,-0.68276817,-2.575539,2.0808163,0.57530975,-1.5850726,-0.13839121,0.30890822,-1.7800438,0.022663277,-1.4809861,-0.31529072,2.312339,0.26916802,-0.94539106,2.786262,-0.31881782,-0.09418685
GGTATTGGTTACGCGC-1,-4.293992,-2.7599459,0.9632254,3.9617586,-4.086256,-0.42234808,1.1047227,3.1884506,-1.8526521,0.72026485,-1.1240968,0.93949753,-0.49589705,0.29236472,-0.770769,-0.71165437,-0.031542655,2.8173306,0.48370063,0.014482894,0.99138594,-1.099954,2.2740123,1.6798741,1.1169269,2.3248408,-0.50236565,-0.5471566,1.9564008,1.5845275,-0.9320931,-0.94786316,0.38773355,2.8395567,-1.3646077,0.16440752,1.7008946,-0.16763413,-2.3644454,1.0146964,2.9540849,0.52377266,-0.14571497,-1.2310122,-0.26341608,3.473725,-0.7667682,2.3832233,-2.6237414,0.21439002
GGTATTGGTTTAAGCC-1,-7.9002447,-2.4743807,0.3684939,3.918758,-4.8454137,-1.3134977,2.5665548,4.872937,-2.8186996,1.8455147,3.1043944,0.7409556,-0.9958279,-1.1065339,-1.6066726,-3.1466348,0.8472907,4.529775,1.0385046,4.324029,3.106362,0.99397504,-0.86581254,-5.6517696,1.5252134,2.7304223,-3.69134,-4.0254235,1.9010302,-0.22870855,0.88030034,-4.9953284,3.1584127,-7.987144,1.0634129,1.8518724,-3.203038,2.1680267,7.707749,-10.229579,8.093997,2.0706937,3.083361,-1.6431265,-15.757201,-7.4648023,-0.9520625,-4.587806,-3.263613,11.460434
GGTGAAGAGTACGTAA-1,-2.9166052,-0.43511575,3.6634393,2.3405347,-1.5135678,0.8588494,0.3742001,-0.6300641,0.3607843,-0.5291624,0.20044799,0.75975907,3.4371667,1.0830225,2.9270272,3.5304344,0.81238616,-2.8369482,-0.3783713,-0.9322261,-1.0979085,-1.1645404,0.85673904,2.5130398,-3.1571548,-0.45750257,-0.661899,0.88343906,-0.42563128,-1.04828,1.4866465,-0.19267371,0.3269714,-0.26722845,1.4523534,0.85038173,2.7432828,-0.2166575,1.8297973,-0.22510907,1.7386049,-0.13828659,1.8338583,-0.2878316,1.2448648,1.5996469,-0.27183467,4.6673694,-2.1464298,0.079899594
GGTGAAGCAAGCTGGA-1,-4.3632855,-1.3633102,1.5549086,3.1572888,-2.0876222,-0.02938668,-0.4835992,0.2365888,0.3546647,-0.05680763,-0.25635388,-0.21528383,0.6351426,0.44687173,0.73189694,0.62118566,-0.092428155,-0.6516775,0.4022985,0.6515959,-0.7624426,-0.40399218,-0.4289634,-0.23823372,-1.7207359,-0.33355895,2.046679,-0.9421019,-0.4934071,2.0261974,1.82632,-0.49219248,-1.1798197,0.5303342,-0.63582593,1.9521685,-0.5416203,-0.022953551,0.5480268,-1.1260115,0.021057967,-0.100492164,2.7712502,1.2737697,0.82144773,-1.5075246,-1.4457575,3.2475882,2.0453281,0.94927716
GGTGTTATCGTTTATC-1,-2.9990382,-1.4224242,1.9179571,1.1196103,-0.90856075,-0.41649842,1.0004115,0.3037281,0.20460951,0.64361376,-0.139757,-0.5160479,0.8434908,-1.1479104,-0.26359347,0.8194034,0.00096365175,-0.46636438,-0.44718018,-0.53125495,-0.1206359,-0.07919859,-0.124277785,0.4879544,0.098972306,-1.5136577,0.7679116,-0.028469775,0.30536443,-1.0720065,-1.4076874,-0.05097566,-1.5601987,-0.38132712,0.06573044,0.42933396,0.3580032,-0.11195206,0.8983645,0.015939659,0.85496104,-1.7423912,0.59849274,-0.47921482,-1.1875135,-1.0734924,1.032648,-1.3822279,0.7952652,2.607969
GTAACTGTCCGCGTTT-1,-2.6706119,-1.8088009,-1.9299854,1.9702533,-1.7106138,-1.9401199,-0.043394823,0.4397901,0.65781975,0.9287243,-1.3448948,-1.1299572,-1.0507816,-0.11536624,-0.36504924,1.0981808,-0.19662426,1.162846,-0.9868154,-0.63079524,-1.1714396,1.2105815,3.1944864,2.5411003,-1.2116865,2.8508217,-1.8611552,0.19907206,0.105020806,0.032956097,-2.2482364,-0.343517,0.2815124,0.7593833,3.0383513,-3.0146525,1.0142654,0.70877796,1.3296306,0.049641743,-0.6451599,0.08519798,-2.2287083,0.3202337,1.8530666,2.0880203,1.7418064,-1.9127654,3.972699,0.21333835
GTACGTAGTATATCCG-1,-3.1898696,-0.7758341,-3.402056,-1.0941402,1.2237233,-0.9037124,-1.7599274,-1.6557678,2.6902664,-2.888144,-0.22657786,1.0987117,-2.162688,0.216142,0.4289437,0.19917743,-0.6000832,-0.5449683,-0.26812008,-0.1398685,-0.90039635,-0.025331294,-0.18264765,-0.29543933,0.4724813,0.42720655,0.32140398,-0.22199614,-1.998926,-0.6755355,-1.3954532,1.2473089,-0.08900759,0.34739706,-1.8435845,-2.1492586,0.22944994,-0.8683022,0.10643304,0.024035616,-0.26688176,-0.9206649,-0.71979934,0.9050411,0.41403234,0.8487845,0.31716233,-0.8990446,-0.37261316,0.27131805
GTACTCCAGTACGTTC-1,-4.4280343,-1.1179605,-2.378422,1.1904343,-1.4849542,-0.43237975,1.3761581,-0.32271683,1.4543332,-0.440211,-1.0036639,-1.7285832,-1.0394292,0.32380596,-0.010933952,0.0452687,-0.120474994,1.0894163,2.4294102,-0.049862206,-0.021941308,-2.8243346,1.392113,1.4165527,-1.7821099,1.0255101,-1.4883884,2.9573157,-0.76693785,-1.6928453,-1.4340907,1.7152591,2.507042,-0.2901568,0.40375328,-2.0442886,0.39830208,-2.010022,0.3315706,1.0835342,-0.35324648,-1.1897241,-0.7991204,-1.1735859,0.64011574,0.65197915,1.9951721,1.4791104,-0.18985702,-1.3535194
GTACTCCGTGTTGGGA-1,-5.8682003,-0.37296852,-8.477536,-1.4428892,1.1907129,3.814333,2.1906526,-5.471614,0.5401355,-10.64891,-2.4323714,2.384078,-2.383227,6.2463818,-1.5236756,1.3997712,-4.753153,-4.2321773,-0.5344482,6.7532954,1.0056604,-1.0743546,-9.571268,0.35069662,-0.2883439,-7.6211004,-1.2817258,1.7471981,2.793592,2.4621606,-2.5982678,-5.1668816,6.166361,-17.30225,10.41079,8.973545,29.756487,-0.21561798,1.4143924,2.4973729,-9.997967,1.3989133,1.6038822,3.9372292,-0.62708193,2.0908067,-1.4047042,4.9152656,-7.056652,0.3851047
GTACTCCGTTCTGAAC-1,-4.8191557,0.296144,-1.2919835,0.8208777,-0.73929787,-0.19031784,0.6908747,-0.07724114,1.4523927,-1.44861,-1.1456165,0.77923006,-1.3441952,-0.09533978,0.19174123,-0.751339,-0.54688436,0.52102697,0.74712497,-1.3040398,0.32511902,-0.41527888,0.6120403,-0.84216887,0.5202649,-0.5574003,-1.2862322,0.5854417,-0.28919178,-0.5994931,-1.9197524,-0.033563584,-0.95390207,0.29633543,0.9069187,1.2694296,0.39316994,-0.4208784,0.571132,1.7583052,-1.5060031,-0.6541105,-0.42053244,1.8188906,2.4744604,-2.187327,1.3974465,0.78147817,0.039905187,1.0570157
GTACTTTTCTGAAAGA-1,1.4306471,-0.5508812,5.4859886,1.9184657,-1.0580237,2.2242403,-1.3577368,-2.0575323,0.90376246,-0.7318434,0.6031749,0.5118931,1.2877326,0.26308718,-0.35373297,-0.76842403,1.3256147,-1.2014086,0.20663972,-0.3853788,0.46005592,-0.7512741,-0.8399837,1.4070421,-1.6249602,-0.7279839,0.16571051,-1.7775111,0.010804126,0.17983903,-0.8360416,-1.4508957,0.1902138,0.16477466,-0.8542965,-2.016009,1.6986421,-0.6139867,0.38723975,0.9332605,0.8448325,-0.49259588,-0.56026137,0.055135027,0.99990106,-1.9108739,0.26600504,0.51460963,1.7562519,1.6128047
GTATCTTAGCAGGCTA-1,-6.6222024,-1.2640452,0.42248923,1.7615527,-1.774225,-0.7464137,1.2191504,1.0367136,-1.7487442,-0.076433696,-1.1841836,-0.27972674,0.15914404,-1.6093239,-0.030692387,0.9502627,-0.9371574,-0.24184881,-0.046722643,0.32168967,1.1607742,1.7849327,-2.5821028,-0.83943075,-0.16208637,-0.09796964,-1.137669,-0.5924931,1.228574,-0.9352828,0.03793259,-1.0986667,-0.09085837,2.3049316,0.2205517,2.6535563,-0.59638596,-0.5232187,-1.0924977,0.64055496,0.44505298,1.4004505,0.12572777,0.34611484,0.17698301,-0.59199023,0.6838105,-0.9440267,2.8551831,-1.1030351
GTATCTTCAAGCCTAT-1,-6.220071,-1.4116259,0.06934588,1.4388169,-2.4758945,-1.5778344,1.3585495,2.2478564,-0.14975792,0.41238114,-1.9811507,-0.38598603,1.2072198,1.0642244,0.6540208,-0.69586366,1.5723993,-0.92069227,0.9022293,-0.60601026,-0.93214303,0.533147,-0.84177846,-0.62723327,0.703929,-0.2620717,-0.44363195,-0.76168567,-2.2336419,-0.20435743,0.80111545,-1.289884,-1.3819307,-0.067259915,0.78399783,-0.6902898,0.2230326,0.6003913,-2.8071527,0.04658722,0.9750256,0.53848493,-0.43242413,0.44205186,0.20707819,-0.084649615,-0.026797075,0.6300127,0.46954632,-0.13127007
GTATCTTCATCCGTGG-1,-5.4084587,-1.7492205,-3.2249262,-0.32488883,1.3070004,-1.2845707,0.65344524,-1.1969593,1.0683064,-1.7305747,-0.9286573,0.3506811,-2.6800442,-0.8508086,-0.55166805,-1.73466,-0.50828487,0.28953707,-0.871342,-0.15672179,0.036921438,-0.626724,-0.38275537,-1.6700178,0.7053168,1.7118503,1.0985928,0.15075213,-0.492474,1.0584338,-0.6553472,0.45846143,-1.2297226,-1.0868528,-1.4673413,-0.88922733,0.34977773,1.2008153,-1.2879182,-0.022262033,-1.6071268,2.4706304,-0.779509,-0.46984145,1.668578,-0.14871891,-1.8565336,1.7186244,-0.8650562,-0.60354394
GTATTCTAGGATGTAT-1,-0.8904863,2.9159615,8.296039,2.3420005,-1.5329953,3.760219,0.93678,-2.5816302,1.9284958,-3.2457933,0.09139097,-0.40670493,1.323853,-1.1511338,0.77324843,-0.71508795,1.3799776,0.17106098,-0.659816,-0.74005467,-1.4576467,-1.1788318,-0.05050252,1.6910665,-2.6503649,-0.9533651,1.4893054,0.16447344,-0.5476205,-0.8629571,2.9889002,1.6180431,1.2129108,-0.34573185,0.92420477,1.2557715,1.5166422,1.3947471,0.53873855,1.3082849,-0.029424038,-0.68743116,1.4154888,0.20564368,-2.7643135,0.8952108,0.48160648,-2.3699832,-3.8182685,0.417061
GTATTCTGTAACGCGA-1,-1.0304585,-0.5663536,3.1183329,2.8500745,-2.2792246,0.758363,0.034597028,-0.43832925,0.4174072,1.1104982,0.8169312,-0.5187501,1.3164479,-1.6087575,0.6995564,1.3083239,0.46957025,-2.1148393,-0.3274332,0.768682,0.030914335,-0.098116174,1.302698,0.58294636,-0.99952394,0.24372467,1.2848336,0.24389336,1.6986216,-1.7699429,0.2542501,0.37560162,-1.5392705,0.40386587,1.5752317,0.2479063,-0.1057315,-0.1711129,-0.11059198,0.86040825,-0.8595258,-1.4007106,-0.9262921,-0.97860837,-0.14368685,0.3457812,-1.0274388,-0.5918031,0.8743374,-0.027496738
GTATTCTGTGAAAGAG-1,-1.0002525,5.2730684,11.348636,1.6176966,-1.035715,4.1727333,0.9995687,0.27487633,3.3898883,-3.8504376,-3.0357418,-0.57917047,0.7819461,0.78596735,-1.8179345,-0.39232048,-0.17709713,0.95907843,-0.8667536,-1.9983945,-1.1970602,0.98081976,-0.19422057,-1.8578902,-1.910714,1.3255888,1.027413,-0.6254134,-1.4108447,1.6523823,0.34703073,-0.6284778,-2.4545667,1.9517655,1.2657763,-1.452449,0.88164234,1.5560669,2.3942692,2.138076,2.3316503,0.23648803,-1.2835397,-0.58460706,2.91665,0.44360194,-3.753976,-1.4520861,1.7088637,1.6959145
GTCAAGTAGTGTACGG-1,-4.4379277,-1.6457334,-3.4434078,0.052291382,0.3376253,-0.22301011,0.23951526,-1.8848431,2.6597173,-2.6153529,-0.65817887,0.5111868,-0.89913166,1.0268236,-0.9539408,0.0060553635,-0.1860475,-0.23179653,0.7022093,0.50209504,0.18709794,-1.1693974,0.7026177,-1.04531,-1.036802,1.3511624,-1.337059,1.4288521,-1.2550634,1.7371268,-1.5260814,-0.37886092,0.22393833,-0.7534259,0.1229303,-0.06134098,-0.74355775,0.028482338,1.3473188,-0.6968294,-0.2304391,-0.60401654,0.81798977,-2.5594716,1.6825179,-0.59017605,-0.26439127,1.1824633,0.6250012,1.5798397
GTCAAGTTCGGCGGTT-1,-2.741096,-1.1685716,4.5682425,2.8031425,-2.0369556,2.030918,-0.6843806,-1.7052505,0.8068264,0.1884864,1.3278071,1.8000394,4.4818516,-1.3567964,3.1811357,2.203427,1.1108185,-2.3607435,0.320181,1.7456185,-0.2139429,-0.6176097,-0.1662703,-2.3542578,-1.5888953,-0.5814642,1.6552762,0.07998566,-1.6478547,-1.970664,1.2800984,0.3161276,-0.6415973,0.7344053,-0.74672073,2.155583,-1.7386408,-1.9939325,-1.0918795,-1.2288494,0.25377473,-0.46510053,1.2673042,0.024591012,-1.3880298,2.158312,1.3136137,-0.40994912,1.6429732,-0.38135245
GTCACAAAGCCAGTTT-1,-3.4915338,-3.3761094,0.18311255,4.0898147,-3.7249646,0.08724066,0.22893608,1.5716844,0.6638086,0.9946081,-0.43966657,-0.8331846,1.0861145,-1.3118095,-0.24136612,0.52190423,-1.6502796,1.1733929,-0.3280484,-0.29324463,0.93580794,0.62436354,-1.0308731,0.03003424,0.007848431,-0.16728905,1.1036986,0.9518505,1.4246417,-0.7537907,-0.23618315,1.7273927,0.6960034,-0.6897904,-0.49932295,0.031671952,-0.6013624,0.771357,-1.3009685,1.3583627,3.0560224,-2.094819,1.469202,0.33672607,1.1415055,1.2816187,1.805848,0.012223074,-0.55883336,-1.8197685
GTCACGGAGTCAATAG-1,-2.2196217,-2.734932,1.1993027,2.6584873,-2.43438,0.5558489,-1.045632,-0.34723145,1.009819,0.9920039,1.6751091,0.28356886,2.4910605,-0.71895826,1.474438,1.1056769,2.2483687,-1.8261982,0.11420002,-1.4248811,-1.2009726,-0.8150935,0.039210916,-0.48877987,-1.9832776,0.41488403,2.7554853,0.054272834,0.37827548,-0.80304104,3.09009,-0.43836594,-0.7094394,-1.7651136,1.469505,1.0308698,-1.5728664,-1.4803275,-0.013915728,-1.2477902,-0.98449016,-1.1184777,0.62549,2.0038877,-0.44292805,0.38447964,1.3716646,-0.3123044,-1.0465214,-1.6468288
GTCACGGAGTTGAGAT-1,-4.478187,-1.4604731,-2.331894,1.4485723,0.029394405,-1.6385356,-0.5048231,-0.8411997,1.4326626,-2.5973332,-0.6350297,0.5443239,-1.2290573,-0.96025574,0.24899726,-0.8641055,0.38164726,-0.73875266,-2.0689087,-1.7656705,-1.5203269,-0.07351471,-0.44837508,1.5274384,1.4111259,0.32248217,1.8162678,0.64127445,-1.3780692,1.1840972,-1.6022902,0.09551636,-1.5163043,-1.3403903,0.0030142788,-0.9822449,-0.97053814,-0.095306836,0.28359723,-0.6616663,-1.9569405,0.33911246,-1.5122087,-0.046727426,1.1125176,2.1688046,-2.8905811,-0.7974012,-0.198529,-0.71832633
GTCATTTGTCTCAACA-1,-5.1613483,-1.924219,0.54824746,3.410435,-3.3897998,-0.99210626,1.1224782,2.0508387,-0.34600234,1.0235654,-0.89900655,-0.17357254,-0.50459063,-1.543692,-0.62110794,0.6881444,-1.1852252,0.8674623,-0.44678158,0.68483716,0.6878907,0.16102114,-1.5772204,-2.616869,0.99351597,2.0377643,0.3215274,0.02651242,1.5169896,-0.35213265,0.65860146,-1.3184179,1.3704498,-1.5408984,1.0382082,1.4226307,0.40894848,-2.0173926,1.3785151,1.9084309,0.96198267,-0.62857413,-1.2165449,0.9383394,0.661349,-0.48923412,-0.1889595,0.34671792,-1.561248,0.20763578
GTCCTCAGTCTAGCGC-1,-8.710615,-1.2885548,-0.88972825,-0.347431,-2.9163852,-0.94851214,3.4691536,5.538416,-1.3487861,-1.7224585,2.4264834,-0.61587644,-4.7532835,2.9591072,2.241016,-2.890955,3.4911199,4.0006857,1.0591049,-3.8952413,-1.7531215,-1.0063763,-3.069202,3.7079458,0.7162513,-6.1501384,-0.3202604,-0.44755754,-5.8216124,0.62627476,5.0914173,7.779995,0.54420656,0.69170713,-1.543679,9.172062,1.4109195,-5.840299,1.2867137,0.517059,-6.675481,-7.6467204,-3.2592964,6.647736,-1.9596622,-3.2479608,5.5102806,4.669492,-0.10534899,2.6065488
GTCGGGTCAGGCAGTA-1,-3.9858027,-3.0890985,-0.10559265,2.8003407,-3.2868333,1.5467238,0.86935,0.62597585,-0.52289927,1.1482118,1.8751588,-0.29452518,-1.2042311,0.37517625,-0.94236225,-1.7571218,-0.034100685,-0.7851236,-0.78808856,1.1801593,0.9638378,2.4208586,-0.90733755,-0.5718146,0.6818165,1.2158282,-0.40518203,-0.41891408,1.0074441,0.38802215,-1.222774,-0.59311986,0.14935443,-1.212554,3.6959648,1.2630057,0.93692297,-0.6753324,1.1243426,0.8794766,-1.2211682,-1.412808,0.8270218,-2.8302531,-1.7365516,-1.2977349,0.52049226,-2.2842195,1.0471585,-2.3728852
GTCGGGTGTTGCGTTA-1,-3.3138723,1.3028028,5.522183,2.2187846,-2.1000805,2.8403094,1.1346687,-0.24652942,1.8127066,-1.5050745,-3.187117,-0.79654413,3.9285138,1.0755162,3.1919675,1.0072087,3.5809655,-1.028261,0.69826496,-0.4558969,-4.349284,1.0563616,-1.9267286,0.35814002,-1.82284,-4.7629333,-0.14640456,0.06605366,-1.1804614,-2.061598,3.0352514,-0.5707794,-0.85368645,1.7006712,-0.24516746,-2.442362,4.8642015,-1.6229079,0.60807997,-2.2411864,2.088303,-1.6098835,1.2590224,1.0891856,1.9778407,-1.2917223,1.2731079,-0.57442033,-1.3656169,-4.0700455
GTCGTAAAGCTTTGGT-1,-5.097927,-3.213815,-0.6179126,3.591892,-4.3160915,-0.12123061,-0.41651195,0.92409235,-0.2856383,2.4024513,-1.6917263,0.5924441,-0.60781497,-0.26681903,-1.388913,0.26803836,-0.24549733,-0.039304923,-0.72308165,1.4395456,2.339674,0.39004263,-0.29411757,-1.5026926,0.28678238,1.4165205,-1.3411032,0.7069173,1.2825032,0.27323914,-0.063884914,-0.2661163,-0.17319398,-1.4050163,1.8532792,0.23721723,-0.1397671,-0.7263573,1.0154765,2.831467,1.4036971,-1.1276485,0.50041854,-2.0007458,0.14598082,-0.8171657,-1.8410128,0.043438345,-0.4290275,-2.450429
GTCGTAAAGGGATACC-1,-1.7239456,-2.2312653,-2.5097709,-0.99329734,2.572366,0.14151347,-2.5847442,-3.3313365,3.4669607,-1.6579382,1.0593404,0.70634073,2.910246,-0.31232658,0.6570075,0.57627976,2.9880028,2.416294,1.2644573,-1.1051826,2.5156417,-2.0337613,-0.35875702,-2.4020739,-0.057619147,1.6129389,1.4132942,-1.61939,-0.50159734,0.9249339,0.4281312,-1.6086998,0.18514372,-0.6805943,1.5906365,-0.9710631,-0.85229963,-1.5371461,1.0633099,-0.36541945,0.23127691,0.56268656,1.3730631,1.2601814,-1.3668742,1.0216937,-1.6375892,-0.8780139,-0.61974317,0.3959616
GTCGTAAAGTGCCATT-1,-7.536648,-1.2596921,-1.5385134,-0.42070696,-1.2908604,-1.9531605,4.9404054,2.2000864,-1.7958577,-2.2218168,-1.4528146,-1.3002262,-2.189342,-5.9619517,3.6166058,-0.24708906,-1.427286,0.39395148,2.5915852,-1.211139,-0.016045086,1.5300517,0.30701932,-6.7568026,-0.16976853,-2.168122,-2.0595028,3.1991093,2.6802087,0.30314586,4.946599,-0.22828683,3.3788779,3.3516219,-1.6808668,3.1946437,-3.6348164,2.166317,1.4107646,0.21622437,-15.13474,-1.2222034,-0.40584174,2.2755802,-5.405655,-4.0003457,-14.028278,3.425732,13.412286,2.939588
GTCGTAATCTTCTGGC-1,-3.918992,-0.3551914,-1.8054131,-0.96247596,0.47912112,-1.1746185,1.5159544,1.0263056,1.4651345,-0.6158542,-0.70420855,-0.36018217,-0.66416395,-1.2360517,0.6648354,-3.0036678,-0.58425677,1.1394002,-1.3180792,-1.87948,1.4274224,1.9013879,-0.13001712,-2.2766623,-1.212959,-0.44987214,0.8462861,-0.91969395,1.138115,1.2967209,-0.6724221,-0.12556851,0.8072119,0.17965527,-0.14366704,-0.16957366,0.059928764,-0.3859465,3.432427,4.5176306,1.7357632,-2.3653884,-1.3322241,1.4950688,0.33536562,-1.3863779,0.14241756,-0.026689962,1.434104,2.8830132
GTCGTAATCTTGTCAT-1,-4.5835576,1.3253281,0.8594043,-0.078756265,-0.80729115,-1.6474783,0.23119234,1.9798758,0.37081102,-0.16407253,-1.5387658,-0.7434257,-1.6587235,0.73475885,-0.8373674,-0.018618718,1.5338225,0.40415424,-1.163925,0.3016883,1.0210487,0.9857121,0.63277197,-1.9644796,-0.8380276,-0.8964801,0.46680275,0.19720744,-1.2695789,1.2245075,-1.0676932,0.37528643,0.5808676,2.0422585,0.8103244,-1.0647771,0.56645614,-0.8669884,1.790085,2.2789018,-0.6235036,-1.399577,-2.0706716,1.2414939,0.83490115,-2.7786052,-1.0778751,1.3399292,3.2644281,1.1824151
GTGCAGCAGTGGAGTC-1,-4.8821297,-1.0886955,1.7466303,3.975082,-3.1795483,1.1404682,0.14286695,-0.09943743,-0.22115013,1.7109294,0.1882547,-1.3611202,-0.08526039,-0.076210275,0.03396038,-0.9578471,0.85764146,-0.11659081,-2.6706743,-0.13759844,1.9999673,3.170767,-0.65138155,-0.5890798,0.34854752,0.71583885,-0.5770507,0.3276427,3.775777,1.2980645,-1.4402434,0.849921,1.0300839,-0.20548892,0.65945715,1.6192056,0.9241533,-0.16601416,-0.29201943,0.33231455,3.6383388,2.2138214,0.17032838,-2.9368963,1.4002485,1.2435488,0.3718255,-2.3839772,1.5297773,-2.0081053
GTGCAGCCATGTTGAC-1,8.617017,-0.25152433,-0.13757868,0.8717417,0.33054337,-0.41323936,1.4344102,1.5294499,1.8312957,-0.55210495,-0.09964758,0.004958716,1.1756953,-0.23857781,1.3200144,-0.34209412,0.51165915,-0.67862207,-0.72463924,-0.29055393,0.023274623,-1.5467321,1.261169,-0.17814462,0.5618202,-0.43596527,0.8216176,0.39226303,-0.2750806,-0.7643996,-0.18861802,0.13545507,-0.4625476,0.30941984,-1.0148839,0.056724794,-0.22153091,0.453744,0.58179885,-0.50058943,0.26134932,0.3201585,-1.1072185,0.7915548,0.09122577,0.31124923,-0.5299788,-0.23989968,0.632003,-0.26875648
GTGCATAAGCTGCAAG-1,-2.652098,-0.14878854,5.369232,2.826707,-2.4765458,2.14561,-0.47387394,-1.2898432,1.0430148,-0.44281873,-0.797433,1.3105133,2.693255,-1.3015862,3.1388917,1.179884,3.449345,-2.7733,-0.07438985,-1.1614074,-0.5827919,0.22180735,1.7707013,1.2017769,-2.2477372,-0.9604235,1.8398349,-1.4540712,1.3206223,-1.9044237,0.67157304,-1.2433907,-1.4048913,1.7719631,-0.23303688,-0.66112393,0.7917807,1.9964484,-0.7228055,1.2858046,0.12137123,-3.066883,-0.19481309,1.5707392,-1.384528,3.248813,2.070204,-2.248864,-0.6206173,-2.8533428
GTGCATACAATAGCGG-1,-3.2627814,-3.083992,-1.6357845,1.2030646,-1.2742109,0.5828315,-0.19817562,0.20639144,1.1688358,-0.20836782,-0.57358176,1.034337,-0.13087569,1.2688764,-1.4485402,-1.3278604,0.9815419,-0.7994829,0.053269412,-0.04497685,1.3968933,-0.3515804,-0.33993858,-1.6841662,-0.31258482,-0.337187,1.0315993,1.1362427,-1.2975293,-0.41541368,-0.1882232,1.5689749,0.71294224,0.6543593,-1.8595374,0.946946,0.6050571,-1.385485,-0.5718584,0.70732343,0.42521212,1.2691711,1.4655923,1.0529425,0.51199824,-0.53985244,-0.15142618,-0.3041681,-1.1315862,0.0049648234
GTGCTTCCACGGACAA-1,-5.213945,-0.050280154,-1.7195641,3.1689954,-2.7116303,0.44046953,1.6105887,1.1327877,0.13295503,-0.0055807186,-1.9029572,-0.40751702,0.22507873,-1.0390873,-0.9143784,-1.0953271,-0.04208907,0.1936449,-0.6789706,-0.23266216,1.202858,0.8227561,0.1803824,2.3388364,0.5063191,1.7616875,-2.159227,-0.7870759,0.15623151,0.06003202,-0.65307385,-0.57448196,2.056784,-0.63282335,1.7047374,0.17916392,0.2526987,0.68074876,1.5392044,2.0623586,-0.21807736,-3.6795819,-1.3751695,-2.1742268,-1.682454,-0.42712098,-0.37209246,-0.8870667,-2.3955665,1.2266898
GTGCTTCTCATCACCC-1,-3.9644086,-3.8507967,-2.930004,-0.09308297,0.18519892,-0.71384186,1.3437768,-0.5182396,2.1448722,-3.1006062,-0.3823253,0.33269948,-2.8109317,0.69353724,1.7078863,-1.541542,1.4412814,-0.017583538,-0.082263775,-1.5653383,-1.6493351,-1.2294414,-0.6222335,0.08779085,0.5414727,0.70077926,0.8526308,2.3520784,-0.68766105,0.11237617,0.83426106,-0.30143264,0.4278536,-0.28447434,-0.28396428,0.66307527,0.81498176,-0.7417279,0.78588265,0.121847026,-2.7196925,-0.60760844,-1.5312037,-0.5045423,0.39555582,2.6126761,-2.9958997,1.8650041,-0.664434,0.24967985
GTGCTTCTCCCAACGG-1,-3.4548025,-2.0248473,0.048475847,1.6959751,-0.5029325,0.34297818,0.53658485,0.036961015,-1.3377028,1.2154907,1.5246888,1.2580905,-0.9528254,0.4611643,-0.38082418,-0.3256232,-1.3327366,-0.5915456,1.9211496,-0.984169,-0.10820617,-0.9434393,1.7824336,0.24286146,0.053756487,-0.02425352,0.22254331,-0.22311871,-0.69416934,-0.19839576,-1.0970403,-0.5444087,-1.1574746,0.8110699,0.612423,0.82363886,-2.0164099,-1.747644,1.967934,-1.6476486,-0.026414664,-0.8290608,-0.3819625,0.50310636,-0.9903869,-0.3078267,0.93384,2.01204,1.5050086,-1.3084307
GTGGGTCCATGTAAGA-1,-1.726557,-2.6733248,-2.3463159,3.1985338,-2.1533234,0.05178605,-1.7358601,0.32838205,0.4653454,1.5850848,-1.4972839,-0.31563252,0.394747,0.46739656,-2.0088303,-0.29638225,-0.17350988,-0.16572882,-0.22242215,1.4707934,-0.24113722,0.4356134,1.1760985,2.3637507,-0.29508054,0.5134309,-1.0290055,-0.14732155,-1.1022904,-0.019693073,-1.7967212,-0.026765918,-0.8940527,0.799388,1.6129142,-1.9524933,1.5401237,-1.3622648,1.3757243,1.4262764,1.1877171,-0.4046869,-2.122132,1.3741671,-0.78757936,-0.24146162,-0.322265,-0.8767145,-1.319411,1.992055
GTGTGCGAGGTGCTAG-1,-3.2454875,-2.7601278,-2.441747,0.70367116,-0.7877317,-0.4334552,0.07645578,-1.2976339,0.031572197,-0.32390085,0.7307203,1.6427026,-1.6901293,1.4954237,0.740635,-1.5627813,1.396643,-0.70444643,-1.720081,-0.8727954,0.5362703,-3.6905832,-1.2130387,2.8964655,2.033662,-2.0316944,-0.68494076,2.8480697,-1.5306215,2.0254788,-1.8405757,-0.4997276,0.10969808,-0.20335512,-0.8660308,-1.5214864,5.0768585,1.9549499,-2.6518636,0.086629525,-1.6003098,3.680774,0.13678305,-0.23021163,1.8795202,1.4022133,-0.46182197,0.122859254,-2.0621681,-0.65202785
GTGTGCGGTTACCAGT-1,-5.345675,-1.0673656,-0.49256527,4.4405923,-1.4360944,0.54067504,1.3730284,1.4519063,-0.7101581,2.0057995,2.0158274,-0.25509033,0.21208586,-1.0329528,-2.350295,0.97744197,0.79903287,-1.8570523,0.19495,1.840857,1.5825459,1.8161521,-0.65990645,-3.149358,0.35024595,1.7445682,1.299606,-0.16012393,-0.2679077,1.3155938,-2.2754235,-1.2058406,-0.94851613,-0.44898337,1.0454934,1.2291521,-1.7979789,0.2277658,-1.8745612,-0.08404987,1.3652866,0.96506375,-1.404786,-0.7313663,0.09142532,-0.18478121,1.7427592,-1.1107521,0.625204,-0.7923133
GTTAAGCCACAGTCGC-1,-3.4741662,-3.2306316,0.020732861,5.0673113,-3.7757032,-1.5026217,-0.0023647484,0.5959057,-0.46280083,1.7820635,-0.77864677,-0.12768045,-0.7922154,-1.778095,-0.6957651,-1.5576748,0.8802017,-0.21987791,-0.5102772,2.3668656,2.7606442,2.0350103,-1.1482567,-1.2099696,0.9001061,0.5592432,-0.09383499,0.59339964,0.6446364,-0.13040757,-0.8960785,-0.98876375,1.954401,-0.41352564,1.2321062,0.92180866,-1.6578019,-0.0835298,-0.5209078,0.3959422,1.5025154,-0.18257935,-0.64888245,0.4857013,1.7185551,0.94360733,-0.54644305,1.3235023,0.92352057,0.46031183
GTTACAGAGCACGCCT-1,-6.502775,-2.4160137,-0.1702933,2.2472415,-2.173454,-1.9321204,2.1979084,0.6827868,1.0804753,-1.0030416,-1.5741106,0.8198174,-0.75877506,-0.6240476,-1.4942224,1.3205032,-0.92871076,1.1479995,-0.7109497,-1.7972735,0.7267631,0.032931905,-0.07622378,-1.4614613,-0.43105805,1.0211532,-1.2986009,-0.6894769,0.054629587,0.76182324,-0.9416226,1.0244995,-0.9414722,-0.016190305,-2.9846127,-2.54626,0.90953654,0.47327226,2.4863598,-0.08170044,0.28276253,0.8056325,1.5127363,0.73346674,0.52895135,1.1402055,2.3516512,0.6811259,0.57785755,2.8289979
GTTACAGCACTCAGGC-1,-4.00877,-2.1682432,2.3107667,3.3169558,-3.4292827,0.8091147,0.6521086,0.44677913,1.0764245,1.1946945,1.0208243,-0.5397168,1.8985642,1.0613363,0.6201609,1.2253461,1.7041545,-0.18923484,0.7230416,0.45960367,0.41869617,-1.9825639,-1.2117829,-1.8233911,-0.69112974,0.66162294,1.5236852,1.0528381,0.7241412,-1.3801094,2.2939837,-0.5140457,-0.12045318,1.8788714,-0.29720265,-1.3410283,-1.1851258,-0.10237254,-1.4414734,0.5504238,0.6841187,-0.44799927,0.9046577,2.5340338,0.3554215,0.5183224,0.74945444,0.06755353,-0.3209714,-0.4399718
GTTACAGGTTGGAGGT-1,-3.3261375,-2.552219,-0.5549078,3.7499762,-3.0126529,-0.37037724,-0.08860402,-0.51978475,-0.18817794,1.9562113,3.106461,-0.5437765,1.2257874,-1.5317379,-2.0275462,-1.0754755,-0.47835848,-1.7697468,-0.1534402,0.031893108,0.78919506,-1.8568939,-1.464378,-0.76759964,0.31963858,1.1768453,0.42830232,0.29870856,0.5146716,-0.5506184,0.32203102,-0.4507243,0.5971936,0.007913614,1.4849404,-1.1502826,-0.9608569,-0.73125535,0.8402901,-1.282977,-0.5355203,0.005698575,0.9328884,-0.4648003,1.1168288,-2.499221,-0.93686855,1.9975697,2.3593614,0.49111497
GTTACAGTCAAAGACA-1,-2.6572032,-0.104617946,-3.9316635,-2.127365,2.9601357,-0.023758633,-1.8970308,-3.340834,3.3073606,-2.5904713,-0.8590929,1.2831345,-0.9232855,1.0390264,0.64242613,-1.2213002,0.20878974,1.8410851,-0.635401,-2.7086027,0.2460625,-1.3747299,-0.73888355,-1.0559609,-0.6471218,0.5614941,1.1707071,-0.3997747,-1.6347417,1.7209011,-0.2972617,0.22145821,-0.4035397,-0.43906522,0.075526215,1.3752084,1.5199602,-0.0050205537,-0.72451764,0.057919648,0.13478225,-0.19922101,-1.4433774,-0.8849086,-0.7198847,0.11824175,-1.0155779,-1.6493899,-0.476651,-0.13442472
GTTCATTAGAGTAATC-1,-4.7307553,-2.6153624,-0.07957676,2.0598378,-2.5525503,-0.64895195,2.8854716,1.6783732,-0.8733947,0.81018466,0.2851598,2.6038868,-0.23037435,1.6171166,1.6183743,1.1142642,0.04419046,1.947696,0.64908564,-0.51189065,0.9070011,-0.6364878,0.30390617,-0.72719353,-1.1239504,0.9512781,-0.07615548,0.9932807,1.7309413,0.689263,-1.4688772,-0.20403066,-0.4952846,-0.06728686,-0.5100101,-0.6883205,2.1361005,1.6672279,-1.3086641,-2.4088125,2.8980994,-0.10048277,-0.049349766,0.5175106,2.2416365,-1.1947733,-2.0400107,-0.8383747,0.21543731,0.2690026
GTTCGGGCACGTCTCT-1,-3.898274,-1.6716925,-5.7454953,-2.8034477,2.5602157,4.2112055,-1.5871209,-3.7883623,5.678616,-4.273419,0.22941072,-0.6571271,-0.29630327,1.7418078,-0.8763185,0.60243666,-1.1269485,-2.259579,-0.54174143,0.9580209,1.9608567,-1.2708757,-2.874588,1.4238455,-1.9198645,0.7511404,1.2653551,0.3227309,-0.88000685,0.12510233,-1.7376169,2.2291338,-1.3917806,-0.07096957,0.21273229,-0.8975452,-0.017603744,-0.6383185,2.6447227,-0.28787136,-0.08819967,-1.8193973,2.3273828,-2.4618652,-0.37464347,-3.6761336,-1.8262485,-0.72082436,0.84227735,-1.2486147
GTTCTCGAGATGCCTT-1,-4.9185257,-2.0737627,-0.103477135,3.5773618,-4.082149,-1.4557652,1.5684949,1.5818417,0.25955006,-0.43602565,-1.3257703,-0.75789136,-2.2378983,-0.94843507,-0.22658524,-0.2418139,0.06360929,-0.05136409,1.6151494,0.1975044,2.4272816,-0.22822526,-0.48598304,-0.99502546,0.14143614,1.844344,0.6203253,0.5887178,1.4368007,0.79868805,1.1321148,0.6142316,0.7495984,0.90821683,0.73971033,0.61672693,0.49674693,0.11998075,0.9015255,-0.8298912,-0.39493763,-0.56206834,-0.8675381,-2.0132723,-0.4844667,1.8173176,0.039939027,-0.2305462,0.48078018,-0.50499725
GTTCTCGAGTGAATTG-1,-5.476412,-2.948753,-1.1118397,2.0051868,-3.6162932,-0.23459725,1.9149727,2.9648373,-0.21115921,0.2166028,0.3711661,-0.129103,-1.6936086,-0.37436616,0.29846525,-2.3267844,0.08304691,1.0773703,-0.34877247,0.5111799,0.73324835,-1.8482445,0.2532966,0.45337412,0.19279103,0.24332581,2.3891273,0.9785004,1.1968254,-1.7269549,2.3181963,-0.7615845,0.8595495,-2.4900467,-0.13106169,-0.90916216,-1.4459369,-0.19197623,0.88268995,-1.0067052,-0.6004048,0.9993304,-0.35063216,1.5619767,-2.6373615,-0.81729406,0.8856721,-4.412653,2.133986,2.281538
GTTCTCGGTGCTCTTC-1,-3.8031504,-2.1260536,0.617365,3.1915364,-1.859283,-0.089745864,0.7880679,0.6592021,-1.3437538,1.2881546,-0.064876094,-0.8233118,-1.0677882,0.022762733,0.60277706,1.1194289,0.06638577,-1.5106176,-0.5281648,-0.38838667,0.74020606,-0.24844971,-0.864549,-0.4072645,-1.728146,-1.395617,0.7539309,0.08572115,1.4480987,0.5111543,0.24103339,-0.51221836,-0.50127923,0.75591326,-0.4672016,1.5392146,-1.0001719,-0.5453995,0.6008909,0.37853464,0.84932387,-0.015365593,0.7959855,0.27783614,1.1289986,-1.1977489,-0.58742595,0.27415228,-0.28183523,0.03867039
TAAGAGAAGTTTGCGT-1,-6.0169907,-1.5826701,-2.722714,-0.86344564,0.9588036,0.4205006,1.4451779,2.2133377,0.36804867,-0.5020992,0.40809897,0.7893696,-2.402314,3.0348656,-0.701782,0.46774432,-0.5804237,1.9298751,0.735304,1.1620797,-0.6456201,-1.6544845,0.45493203,1.328684,-1.0462333,-1.0586358,-0.56749845,-0.56961787,-2.9606137,2.4344141,-0.2466136,2.2286837,0.8980103,1.1843724,0.1111035,-0.59391224,-0.9581176,-1.3513267,-0.1896729,-0.34110826,0.45212018,-0.3279875,-0.16284987,-1.8522617,1.431268,1.4917015,0.9691205,-2.5955923,1.7980316,0.18498014
TAAGAGATCCGCGCAA-1,-0.85827214,-1.1434996,-2.2433245,-1.3348429,0.7510406,-0.2347945,-1.403392,-1.742922,2.4252722,-0.9931032,1.034688,0.43744543,-1.4121023,0.30996212,-1.6099234,-1.6883504,0.6910989,0.96858495,0.21946803,-1.6721445,0.5072845,-0.56363934,0.45915723,0.16256177,-1.154287,0.15546675,0.59063166,0.2501754,-1.0564479,0.8516263,-1.0023952,0.5346026,-0.7560425,-0.50860834,-0.17641719,0.12676767,-0.31235167,-0.96243304,1.7097088,1.9093171,0.09077038,-0.08085814,-0.56378025,0.30531228,1.0873026,-2.0866678,0.591399,-0.7973309,1.3174219,-0.19356622
TAAGCGTTCTGCAAGT-1,-3.765649,-3.1018894,-2.207681,0.45538306,-0.87326,1.7720633,1.2925861,0.82916224,0.9732535,-0.66078615,2.0176136,1.8812002,-0.13604435,2.6218016,0.43784747,-1.0882066,1.9022517,-1.0908309,-0.6476477,-0.4945844,-4.8006883,-1.6410666,2.750405,-2.0898101,4.4990354,-3.5690074,-1.044684,0.40132654,1.816667,-2.4458165,2.7882288,-0.5720323,-2.1373477,-3.05665,-0.40536723,-2.235823,0.10391751,2.5844903,-4.140013,-3.69836,-1.8533779,-0.69060063,-1.1016034,-1.5677145,0.52854854,1.5099552,-4.239397,0.13553223,-3.246943,0.3526109
TAAGTGCTCCCTTGTG-1,-0.8525053,-0.7457541,4.4517527,2.231043,-0.82029855,1.1610613,-2.2010775,-0.7595615,-0.04919426,1.0655297,0.091431394,2.0227234,2.1258047,-0.89676,1.6286794,0.007031506,0.73884887,-2.029557,1.3182461,-1.1036038,-1.0863222,-1.5776386,-0.79776794,0.17849182,-1.7555817,-0.5651646,1.7180704,-0.66253424,-0.46566683,-1.2109935,0.35941887,0.10590695,-0.4533206,-0.21428826,0.51743186,1.0398946,0.5275848,1.2705429,0.7438912,-0.15840936,0.20046896,0.770046,-0.45490688,-0.5621363,1.5317172,-0.6683838,0.20824996,1.0897981,0.58479834,-0.11713733
TACAGTGCATCTCCCA-1,-5.8557296,-1.2536376,-4.3820753,-1.102219,0.38382336,-1.3502187,1.7621578,-2.1086574,2.5226007,-2.0808318,-0.16594934,-0.41391096,-1.9817303,0.132268,1.2386242,-0.42307654,-0.25004485,-0.9797255,-1.7960088,-0.5947302,0.17187399,0.084151015,0.8477046,0.7368644,1.2394341,-0.44543287,1.5430111,-1.9367478,-1.294067,0.5272926,0.76214135,-0.50773114,-0.47629815,0.4891419,-2.3724833,-0.8307004,-0.047094505,1.5120925,-1.7439815,-1.2279135,-1.3585665,1.9732113,1.7840787,-1.5937543,-1.4235966,0.9642494,-3.414565,0.8168948,2.3161917,-1.0252925
TACCTATCAAATACAG-1,-1.5184345,-3.9187768,2.1248682,5.4278607,-2.9677973,0.7621644,-2.1886644,-0.8460662,-0.81359965,2.4914567,1.0719613,0.064821646,0.97536546,-0.4863545,-1.5232611,1.2033165,0.090000175,-1.0531657,0.7076672,-0.9877276,1.2778696,1.6956478,-0.3389711,-0.5474302,-1.9354593,0.6267744,-0.3095729,-0.29538295,2.2245023,-0.3254636,0.363146,-2.217104,0.5230672,-0.99561954,0.71475554,2.1708887,-0.90358794,-0.31903926,1.3593882,-0.1492146,2.9867125,-0.3460557,1.3652645,-1.2011074,1.4526817,1.481762,1.4281033,0.7845147,-0.13452876,1.4059455
TACCTATTCACAATGC-1,-5.4551516,-0.5971079,2.1331227,2.2620332,-3.352642,0.030216904,1.6337,3.7008498,0.08930083,0.1190539,-0.83428806,-2.486955,1.772004,-2.8276007,0.30081266,0.9775564,1.1457125,0.34870294,0.8177969,-1.0845284,0.6859482,0.5108122,-0.2957074,-0.10133428,0.13620618,0.4264878,1.1869301,-3.2261803,-0.7804372,-0.96361685,0.37498325,-0.7822808,-1.1297388,0.28879032,0.9681865,-1.2436792,-0.64841366,-0.3387925,0.34500468,-3.4460595,0.043711934,2.2925546,-0.13315356,0.08937097,-1.5906339,0.6981928,0.5814735,-1.0578239,1.4618611,-0.79389626
TACCTTAGTCTCTTTA-1,-2.5292149,0.11009827,5.712005,3.1118183,-1.2749499,0.6571706,1.7790864,0.8726704,2.010447,-0.6222151,0.9504148,2.4264877,3.5574217,-0.9678363,3.666183,2.0788267,1.2371626,-0.95551205,0.5960725,-1.1241162,-1.2538327,-2.2904887,-1.3218179,-0.097182594,-2.2573326,0.38581768,1.6853223,0.3021376,-2.3857532,0.067263156,2.6865385,-1.3054425,-1.0843797,-0.1933822,-2.2002652,-1.397718,-0.20327123,1.9859661,-2.0082803,-0.06711688,1.9693179,-1.3171282,-1.7405849,-2.0446658,2.3726628,0.9209092,0.72351086,0.59928095,-3.0632546,1.0568596
TACCTTAGTGTTTGGT-1,-6.925028,-0.43348476,2.7061164,2.197716,-2.787593,0.325441,2.3025122,4.993207,-1.5576937,1.8849698,1.5271715,-2.8051286,0.77089477,-1.1609818,-1.287108,-0.6220245,0.17219529,0.67018664,3.0440006,3.4321244,4.8037844,1.8316334,0.77439696,0.07465753,0.8908089,-0.75046253,-2.1591537,-2.2332053,0.9246943,2.3646238,1.687708,0.06540011,0.5235508,-1.5447315,4.226729,0.58703935,-1.3904884,0.43985602,-0.85885245,-2.2759886,0.90649945,1.7275418,-0.3116296,0.0632614,-0.29554722,-3.5564756,0.75985533,0.49032724,-0.31054315,-0.7125969
TACGGGCAGTAGGCCA-1,-6.161959,-2.092414,-4.3577566,0.8419197,1.0177404,2.8824465,1.7937719,-0.023015652,2.0134165,-2.877955,-0.47414818,0.8485443,-1.3796785,2.715605,-1.2101319,-0.38717023,-0.45241523,-1.4084287,0.45181653,-1.8620616,0.97622883,-0.19060469,-1.8116546,-1.2166803,2.0726526,-0.2037087,-0.1562464,-1.0109448,-1.7960094,-0.3887345,-0.38089043,3.2800117,0.73662364,2.522153,-3.0548344,-1.4655143,-2.124506,0.122518286,-0.68407744,0.22348587,-0.92389715,2.4627144,-2.4933703,3.462979,1.3034523,0.82426995,0.13309012,-0.854783,3.3034506,0.59843695
TACGGGCCATGGTCAT-1,-4.8569756,3.4557624,9.924108,2.3707278,-2.0050423,2.7503517,-0.024835221,0.26330623,-0.3912601,-3.4839156,0.57839406,-0.8079088,2.1897354,-1.154622,-0.6702508,-0.13733518,0.69732714,-2.1303003,-2.1290007,2.0884106,-0.0834381,-0.28504056,-2.6701028,-2.7134736,-0.9485939,-0.5273657,-0.7277306,-1.2592901,3.2339978,-0.674384,1.2312483,-1.1558743,0.655995,0.42356023,1.4405402,-0.3172977,-0.28825432,2.280855,-2.5191185,0.5808975,1.6396041,-0.4645375,-0.25913778,0.2704962,1.940619,-0.9732785,-1.4287677,-1.9322399,0.0469256,0.08620077
TACGGGCGTAAGGATT-1,-4.4222655,-1.4997426,2.4779394,1.3681746,-1.9681158,1.1614765,-0.4616398,1.2140635,-0.19115414,1.5768973,-1.040443,0.15554723,1.66305,-0.23293287,-0.065360546,2.1918168,1.2200084,-0.5836727,0.20763962,-0.77179766,-0.023599334,-0.8330874,-1.1964986,-0.3090041,-0.17680818,-0.32964745,0.66761786,-0.055615734,0.64263505,-0.38592884,0.9020164,0.15978214,0.34955302,0.7745609,0.87331134,0.008496967,-1.1239979,0.24231441,-0.8539742,0.058472995,0.4712639,0.60951686,0.62366444,-0.62488824,-0.04389329,-2.129746,1.5004078,1.1783509,0.73671865,1.6607062
TACGGTACAAGCCGTC-1,-5.0599017,-2.7562993,1.1961697,2.8457477,-1.9393963,-0.24089879,0.3482318,-0.113906145,2.0774434,-0.6038143,0.1675854,-0.27904078,-0.11708437,0.07931674,0.5488237,0.6909044,1.0723866,0.21428987,-0.87197244,0.19834003,-0.31671718,-1.012097,-0.658357,0.20579843,-0.41220683,-0.17886466,-0.2702009,2.2853806,-0.9378383,-0.80225444,-1.1935028,0.957239,-0.85762,0.54770976,-0.8903826,-0.49800175,-0.52593553,0.25987354,-0.81054366,-0.79471093,0.9969899,-1.213973,-0.5767398,1.1851579,0.10614159,1.2710911,0.6185356,0.9062089,-0.24002793,0.85701615
TACGGTATCCGTTGCT-1,-2.800582,-1.7427088,-1.9150405,0.25390247,1.2148957,-1.1189982,0.80461705,-0.8871348,1.2892146,-1.2418433,1.0443766,2.1218822,-0.99187016,0.36092338,-0.27787554,0.704347,1.3112028,-0.2892664,-0.7431623,-0.83647054,-0.26546153,-0.85601777,0.21300362,0.030488549,-1.961089,0.4892058,-1.349044,0.26093772,-0.96541566,-1.1231911,-0.33387485,0.41087267,-0.96798766,-1.3557101,0.3715943,-0.23310207,-1.311119,0.7494308,1.0720042,1.7040585,-0.8877374,1.4338726,-0.8624859,0.29729697,-0.37654233,0.39123908,0.4470605,0.24973457,0.027305543,1.5153016
TACGGTATCGCGTAGC-1,-5.007105,-0.057962358,-1.9240818,0.45651796,-2.668135,-1.0509589,1.6768776,-1.1761875,2.335995,-0.9855029,-0.089782245,-0.34613326,1.586748,0.5744928,-0.10948296,0.5615312,-1.1049017,0.51294774,-1.4133097,-0.9552644,0.6702674,1.5632018,0.6997911,-2.34856,-0.19783509,2.7838604,0.30451718,0.017539712,-0.33130136,-3.2113724,0.5161926,0.7737193,-1.3835164,0.5280326,2.0353045,1.5710509,-1.9614244,-1.7460023,-0.34989735,2.1920786,1.6059513,-1.4289923,0.32402942,3.2530217,-0.54446775,0.12729454,-1.6225644,1.2094333,-0.18227977,-0.5516135
TACGGTATCTATCCTA-1,-4.5700984,-1.2931799,0.27924877,3.0861897,-4.9007316,-0.27674207,1.2061476,1.1499023,-0.62629896,1.2852193,-0.7228465,-1.489323,0.7865041,-2.9658306,-0.19165547,-1.2625244,1.4940766,0.7478517,-0.29051843,2.363648,1.3367875,-0.2524182,0.76120305,-0.7991434,0.98135793,0.26352268,-0.060599346,-0.52750164,0.7176777,-1.9685318,-0.07916591,1.0907787,-0.22852609,-0.35623714,1.3233565,-1.2435215,0.17719065,-1.0938187,0.4894034,-0.69770473,1.156303,-0.33077458,-2.835587,-1.6267844,-2.8919065,-1.3914688,0.046769954,0.33359382,0.2632621,0.5384729
TACTCATAGATCCCAT-1,-3.9587827,-3.232482,-2.5117679,1.6111507,-1.1824148,-1.4012464,2.2819293,0.6042673,0.43820223,-1.0082176,-0.67805064,0.92210114,-1.336959,-0.9246713,-0.71955144,-1.0618575,0.7337969,0.21090664,0.4553938,0.8043299,0.48834258,0.7232976,-1.3158659,-0.91445464,0.098472565,1.8122674,-0.9275084,0.20671661,0.44419044,1.6826301,1.1785867,-0.6044508,0.5976242,-2.1451473,0.40405822,1.1551306,1.6860822,-0.51955444,0.64921874,0.11715192,-0.13128677,-0.5414133,-0.5602655,-0.49959502,-1.8962613,-0.5604824,1.0443283,0.08431787,0.9726747,-0.80169076
TACTCATGTGTCAATC-1,-7.3788466,0.34792128,-0.84574705,1.5347465,-0.84823275,-0.7277585,2.114394,2.8160694,-0.71068835,1.1070606,2.2684698,-0.5269073,-0.73957926,-0.96647936,-1.7101604,-2.6089988,-1.1298273,1.8110017,1.7800796,0.6624507,-1.1380078,0.7369324,-0.6419813,-3.0078497,0.8676161,0.43291697,-2.1792054,1.1797411,0.9888075,2.4397712,-3.1763961,2.119046,-0.6930084,1.5764189,-0.085906394,2.494349,0.6605918,3.4949934,-1.9081993,0.771008,-3.5631366,4.469725,1.1652144,-2.6417484,1.6341708,1.8626629,-0.014608437,1.1988553,2.2683504,-1.5148267
TACTCATGTTAGTGGG-1,-6.4299636,-1.1024148,1.2771547,1.3825573,-1.2903627,-0.4992796,0.7984686,2.3315067,-0.50429505,1.4120026,1.6317291,-1.7286543,-0.14842182,-1.7730448,-0.066392675,1.5882841,0.40796405,-2.1652925,-0.46464285,-0.40698755,-1.5107782,-0.60063684,-0.72415125,1.045247,-0.91806215,0.23705801,-0.88649744,1.3882203,0.30168775,-0.6226836,0.8258999,0.07178779,-0.50068593,1.0730342,-0.35851756,-0.39232063,0.1359591,1.7625993,-1.074259,2.0207598,1.4908934,0.13927631,2.3206563,0.5422243,0.03323851,0.8364205,1.3920794,0.18125996,-0.08792073,-1.1473258
TACTTACAGCTGTTCA-1,-3.775705,-1.5156926,2.2137675,3.6633513,-2.8833566,-0.77604955,1.032063,0.7929815,-0.83965856,0.87165254,1.4065346,-0.07702781,0.42751706,-1.0092106,-0.868505,-1.1430428,-0.2690158,-1.9389701,0.7503697,0.30968764,0.7382971,-2.0627444,-0.94216067,-1.336627,0.7234386,1.0570226,0.9791415,0.2583783,0.23598829,-0.1336782,-1.6032324,-0.6949986,0.40613034,0.16947027,0.620369,-1.0991333,1.0899469,-0.30015537,-0.27414718,0.31586644,1.3059883,-2.0220354,-0.38993117,-0.046182733,0.2994877,-0.4701939,-1.0729134,-1.1191487,-2.6944358,0.48695755
TACTTACAGTACTTGC-1,-3.1432362,-1.1974208,1.9754552,3.88404,-2.1458123,0.31994122,-1.6393594,-0.23029709,1.4208641,0.51566243,-1.4819021,0.115569144,1.9380425,0.2910676,-0.09043014,0.89094,1.1767769,-2.0719497,-0.09829523,-1.3745984,-0.23404695,1.054781,-0.9980991,-1.099203,-2.8098235,-1.689311,2.023352,-0.9591131,-1.6438888,0.08711912,1.0741413,0.23278527,-1.8678019,-1.2529509,0.30348846,0.5021391,0.9892568,-0.2938587,-0.7648665,-0.79058474,0.10760815,-1.5416921,-0.020983266,0.5099431,2.0808861,0.4714585,-0.9431748,1.3173898,0.63498944,0.80596805
TACTTACCAGACGCTC-1,-2.4915633,1.5523795,9.155588,3.740572,-3.8074934,4.7666535,-1.0168171,-1.8539966,1.1896465,-2.597279,-2.12287,-0.40315083,0.28777456,0.77788675,-0.4133456,0.45746586,1.2597729,-1.0517929,-0.6049301,-1.0396324,-0.1311405,1.2536286,-1.4180919,-0.11626463,-2.2765265,0.19217291,0.408968,1.0610001,0.22125228,-0.45851204,1.1866779,2.2536411,-0.37113747,-0.23065807,0.47926295,-0.30360305,0.5357446,-3.1638575,1.11025,-1.3859811,1.6861676,-0.8769484,-0.061150238,-1.2500657,0.6437198,1.602256,-0.63582355,1.741482,-1.1722325,-2.576824
TACTTACTCATTATCC-1,-4.3352575,-0.7646375,-2.9065335,-2.2173223,2.9094694,0.12274887,-2.1952198,-1.9698362,3.465829,-1.9749973,0.29546177,0.83772427,3.380293,1.1344877,0.65081644,0.86094964,3.3917751,3.3201756,-0.96027505,-2.0206742,0.25756168,-1.6631259,0.74145985,-1.2025089,-0.15005933,-0.8422102,0.25800052,-1.1213609,0.92527765,-0.011964926,0.48183337,-1.9687151,-0.06402053,-0.392738,3.4757142,-0.84922945,0.3246072,0.32105547,-2.8866332,-1.4633554,0.2767125,1.2219671,0.25637853,0.9890471,1.2383891,-0.49230388,-0.5739792,-0.7225213,-0.6929599,0.72775906
TACTTACTCGCTTAGA-1,-3.1284218,-3.1069584,-2.280936,0.6791394,0.35253453,-0.26002613,0.84576774,-1.2789373,1.0498825,-1.7870146,-0.16348109,1.6387136,-0.12218205,0.6639929,-0.29996628,-0.15180638,-0.04842235,0.46033365,1.2437093,0.20082588,1.1924797,-1.5642313,-1.0332955,-1.1720797,-1.051039,0.51968324,-0.020425541,-1.5203775,-0.7567363,-0.8764542,0.11119059,0.37953123,1.1592536,-0.13124019,-0.35810757,-0.08883212,1.2323885,1.5245572,2.079574,0.3166563,0.2859143,1.0764285,-1.0021937,-0.28622374,1.0508103,-0.6592948,0.41754627,-0.652409,0.52867395,0.8868243
TACTTGTGTTAAAGAC-1,-3.4169476,-1.3791049,-2.397049,-1.4886252,1.8285156,-0.5349411,0.4062198,-0.82168406,1.8298858,-1.5677149,0.46718645,1.5367074,1.0205699,2.1078978,0.9832706,0.2932565,1.679439,0.7335486,0.1912948,-2.1799521,-1.6185004,-0.47926742,1.0975922,-1.2579138,-1.8316587,1.4417582,0.21971408,-1.4853139,-0.0713865,0.84691954,1.0169041,0.4268955,0.7945551,-3.127661,1.2500473,-1.0477952,-1.6457223,0.47962093,0.31882596,-0.3725298,-0.10338778,-1.2097946,-0.096126676,0.82161564,-1.1569048,-0.8335644,0.99822503,0.30834973,-0.060038865,1.222215
TAGACCATCCAGATCA-1,-4.877088,0.27573016,2.0341241,1.5020745,-3.3308713,-0.64808214,0.31182826,1.005233,0.4857885,1.0299854,-0.10080173,-1.8713782,3.357538,-0.86417556,-0.9077089,0.5536706,1.0914547,-1.0746744,0.3619389,2.2818525,0.101320624,1.3367432,0.00164908,-1.348082,-0.84792155,-1.3035039,1.8055011,-2.0354,-1.2357339,-1.0817945,2.391032,0.9797278,-1.176751,1.7373813,2.1017747,0.040702015,0.2328783,1.1860881,-3.4709969,-0.70430046,2.1560013,-0.9740137,-1.5333036,0.48476234,-0.09668352,0.09815786,1.8937666,-0.77349544,0.46888098,-0.97386366
TAGACCATCTGGTGTA-1,-5.384233,-2.1528008,-1.3375626,0.9579754,-1.8808388,-0.4503168,1.5994692,1.5920746,0.14567426,-0.23811245,-0.25833923,-0.0032256225,-2.7917225,0.10198268,-0.66249245,0.49384755,-0.68713725,0.62933093,1.7168076,-1.3203101,-0.016301146,0.5431732,1.7309986,1.4106734,1.0494987,-2.5833058,0.8754403,2.189917,0.69797206,1.0009193,0.31078997,1.3372847,0.39208353,-0.16048884,-0.25564748,0.45734888,-0.46967542,0.51022714,0.0054993737,-1.2706915,-0.9770818,-1.4897927,0.3585594,-0.7487936,-1.1790528,-0.36259735,-1.5889912,-0.005288479,-1.2375811,0.5989947
TAGGCATCAGCTGTGC-1,-3.0628073,-0.828332,-4.242995,-1.0307049,0.95682514,0.26052052,-0.52431303,-1.8956293,2.5996697,-2.0024729,0.32821175,1.2866454,0.1156383,0.311092,0.6170156,-0.60196865,1.4153949,0.9008627,-0.5997199,-0.9153775,0.68824935,-1.2614552,1.4502587,-0.34146065,-0.47730225,0.68043566,0.24408226,-0.39078525,-1.0792931,-0.18506354,0.5225552,0.25268888,1.78969,-1.6272746,1.5339012,-0.9511626,-0.2610228,0.26665294,-0.2908338,-0.115577996,-0.88830113,-0.76605034,-0.17514308,0.9261567,0.1332854,-0.31117034,-1.1030968,-0.58229226,1.8890703,-1.4251461
TAGTTGGAGAGTAATC-1,-4.0820184,-1.7685957,-1.1212828,-0.4823592,0.6791732,-0.91993356,-0.25465038,-0.19767505,1.2357731,-2.2172813,0.18880416,2.3995917,-0.903022,-0.13368496,0.75475526,0.11239976,-0.5042367,0.35947877,-0.6316826,-0.37509635,-1.1299139,-1.4683784,0.48062953,0.12776242,-1.4266477,1.3827382,0.38772035,0.21193612,0.7681324,1.556727,-0.20168123,-0.53134453,-1.4516574,-2.0310876,-0.33899623,-1.7880912,-0.83624667,-0.4889147,0.3149151,-1.1602151,-0.0081973765,1.0425832,-1.0132174,-0.25861585,-0.32672927,-1.5471487,-0.44711122,-0.1836495,0.8026869,0.6036353
TAGTTGGAGCTAAGAT-1,-13.629396,3.480477,3.5400047,-2.3918304,-1.6270674,-2.288005,10.201546,12.342772,-6.966105,-5.103793,-0.6726022,-4.867227,-2.3904586,-0.35327512,0.9521067,-1.3027195,1.3926202,4.5086803,7.141941,9.387946,4.371603,-0.49417633,-0.7433261,-27.706137,17.517408,4.5287066,10.43001,-15.523323,11.606572,-12.496515,11.341413,-4.3251452,-25.632767,-17.269169,-15.617341,-19.165092,7.5158935,-1.1060733,0.9597664,11.1583,-8.343353,1.3733118,3.9357984,3.239051,-3.3537436,0.99444866,-4.420116,4.411232,0.24333023,2.9911602
TAGTTGGCACCAGCAC-1,-1.2571505,-3.005381,-2.1157155,-0.6244215,1.2721372,0.26022008,-1.2891402,-4.276317,1.8064301,-1.5799025,0.59920895,1.7020657,-1.3125511,1.2846142,-0.03156529,-1.8594358,-0.1411817,2.0505471,-0.97815335,-2.5299911,0.64590716,-0.029878903,0.6795253,-1.0175449,-2.1654,1.4468408,-0.40873697,-0.88325286,-0.32868075,1.3849354,-0.6082263,1.08027,-1.1304632,-0.8953004,-0.8159792,0.60463494,-0.65328723,0.20261002,-0.4197309,-1.2383835,-0.21117988,0.21450813,0.23669216,-0.53488886,-1.5542061,-0.1839516,1.0673932,0.4329254,-1.027109,-1.0195087
TAGTTGGGTTAAAGTG-1,-9.191739,-2.221505,-4.455736,-0.56495774,-0.5934016,0.15026845,5.387192,1.0718834,-2.1980913,-0.73528886,-1.1087232,1.4662443,-3.2148716,-0.70319676,1.2395942,-1.8123255,1.9015869,-1.1749028,-0.7889439,-1.0011595,-2.286128,2.0100656,-0.4830829,2.1629326,0.521092,0.211186,-1.8179916,2.7497687,1.4204761,2.444686,-0.07164071,-0.7864158,-2.4962857,-2.0906715,-2.571519,-2.2972884,3.517921,1.3070636,-5.720926,-0.43160757,-0.12289809,1.4732887,0.9986228,1.1809558,-1.2398531,-1.9957384,0.50207293,2.1046703,5.740886,-2.596371
TATCAGGAGCCCTAAT-1,-4.3850293,-1.954666,1.3931178,2.3046634,-3.6157107,0.08330326,0.19197495,1.2318621,-1.6359025,1.1276561,-0.5452832,1.1046858,0.73490226,0.7728835,0.5217998,-0.025765015,0.1117434,-1.3087009,0.5277781,-0.9086136,-1.0252696,2.0010262,-0.9510513,0.77274555,-1.6909356,0.15510869,0.3231704,1.4634091,-0.728403,-0.005810265,1.162572,0.8814071,0.98486876,-0.9800684,0.23972082,1.6069657,0.7084048,0.3014438,0.7809998,0.16080181,0.15544899,1.7129369,2.1193736,-1.3635627,1.18767,-0.36874124,-0.74906677,-0.18263467,-1.4184644,-0.054295834
TATCAGGGTCTAGTCA-1,-5.894187,0.1301691,-1.7279761,0.2970031,-1.2049118,-0.8138627,0.62712497,1.9838569,1.943791,-0.80910087,-0.94113916,-1.1155033,1.5526428,1.5160776,0.5432454,0.57858753,0.44668972,-0.6778631,0.8660361,-0.6438344,-2.100057,0.5491081,2.3870862,-1.5902605,0.33726254,-0.484688,0.4764324,-0.45272797,0.4578526,-2.0918436,-0.09057742,3.3139255,0.5665131,1.4312818,1.532845,-1.8122805,0.22569901,-0.32534415,-1.9221512,2.4570324,-0.7876646,0.9026569,-0.22316554,1.2635213,0.92990357,0.11280188,0.5830986,-1.1756951,0.10767405,-2.7778962
TATCAGGGTGCAACTT-1,-2.0175025,-1.7989566,4.542924,4.1802816,-3.6798236,2.1101806,-0.5487127,-1.1313506,0.61759937,0.66612655,1.6450535,3.0815308,1.222273,-0.024230462,1.0674583,1.3040612,0.20084596,-0.39595345,1.2867845,-0.48165277,1.2070825,-1.6860468,-0.697233,0.3964545,-1.1225702,-0.3431204,1.8556511,1.983462,1.2442843,-1.2600839,0.94255656,1.3640672,-1.0849481,-0.34633622,-1.0240589,0.14990532,0.40965313,0.18024889,1.4058197,-0.08228643,1.1067811,0.62599003,0.73814183,-0.28356063,2.212185,0.8699547,-0.2301748,-0.29758096,-1.327172,-1.0567011
TATCAGGTCTCCTATA-1,-5.086064,1.036895,5.972602,2.4750235,-0.7449342,1.5944272,0.27735996,-0.23287542,-1.5234256,1.2581437,0.11588671,1.2111595,2.632753,-3.0020957,1.2161822,3.1520615,1.0928501,-3.4528904,1.7037855,0.65135336,-0.12081569,0.2494878,-1.0952654,-1.6475782,-3.1607783,-1.0276054,-1.0924245,-1.5191065,1.9396958,0.43850332,0.55138403,-0.40879124,0.43163928,-0.48711795,2.2729545,0.008506384,-0.13848601,1.8223636,0.13358359,0.9064769,-1.5159758,0.9151144,-1.7057171,1.5074608,0.7780893,-1.2682745,1.2204523,0.87184155,-1.7137444,-1.9133193
TATCTCACAAGTAGTA-1,-7.725795,-2.0982955,-0.70310867,0.09380286,-0.7318489,-0.3448177,1.9731671,2.5531354,-0.7810848,-3.0791743,0.9397846,1.6292224,-2.2659583,-1.312262,5.6704803,1.5838075,-0.039654076,0.65878314,1.7391872,-2.2276182,-3.4206812,-0.40148008,-1.1110549,-0.034024317,1.50849,3.4143562,-2.1625438,-1.91728,1.0094856,-2.2874146,-1.3787777,0.4990307,-0.013098367,5.4500375,-1.3327212,4.9152293,1.0809509,4.3053107,-0.17204566,-1.601709,-2.5523467,-1.045975,4.3987985,2.2426789,-3.7614176,0.7200774,-5.659704,-0.7147642,1.3783128,-1.8649654
TATCTCACAGAGCCAA-1,-0.5644917,-1.5285208,-1.5770446,-0.34147477,0.8687833,-0.9791754,-1.5239977,-2.213181,3.01887,-0.6847688,1.1823946,0.054653626,1.8205115,0.47010562,0.99235964,0.14951926,3.0052865,0.8187629,-1.006202,-1.6808976,0.39656025,-0.54386383,0.081844985,-0.7482331,0.06605486,-0.21390451,0.7322075,0.055776764,-0.84366673,0.76405174,-0.37227038,-1.5353496,-1.4896954,-0.19369896,1.2838964,-0.98991776,0.7833422,-1.5900367,-0.64218163,0.408324,0.40894642,-0.1677737,-0.5072254,0.98501676,0.97588855,0.6867968,-0.75268364,-0.8551695,0.30700088,0.437539
TATCTCAGTCTTCAAG-1,-6.5753255,2.3639681,8.930092,2.8171275,-4.1648707,2.7388768,3.6527956,2.1232862,1.2119322,-2.6412582,0.12838216,-1.5925215,3.2951808,-1.095509,1.5181043,0.41705954,2.5500982,-0.10540712,-1.0430294,1.4038777,-3.368017,-0.4420167,0.37675148,-2.7534788,-1.6873009,0.26608104,0.6405411,-3.2007482,1.4408132,-1.9511901,0.8782794,0.41549838,1.1745464,0.43856955,2.1855621,-2.1829531,-1.2277752,1.8029419,-1.3905553,0.93688065,2.225508,1.4342384,2.6563148,1.8956226,-0.9974421,2.8244498,0.89092225,-3.5963187,0.42796403,-2.2304215
TATGCCCGTCCTCTTG-1,-6.002371,-0.7740686,1.4759502,2.922723,-3.8283865,-1.4190165,1.1952277,2.7820802,-3.112346,2.582633,0.49593022,0.03694575,0.40371165,-0.75625056,-1.1604832,-1.3704675,-1.6768607,-1.135721,1.1017965,0.96540403,0.9930091,-1.2911243,-0.88439864,-2.7033007,1.0200658,2.023241,0.5012884,0.9972856,0.05166716,-1.1449305,-0.39448968,-1.8680246,0.79380566,0.4737169,-0.5589577,-0.3132261,-0.61837935,-0.25879368,0.097683236,-0.8950156,-1.1939242,-1.211106,-2.7232006,0.4850154,-2.8513916,-1.7142005,-0.43005455,2.113744,0.45538542,1.3826176
TATGCCCTCAGCTGGC-1,-1.191385,-3.1064403,-5.0015664,-1.2505939,2.3607764,1.7180946,-3.6481507,-5.5671654,4.124219,-4.7396746,-1.8705379,0.5216671,0.26184326,5.0051074,-2.2287207,0.4624872,-1.4871173,-3.136351,-1.1507144,2.2915168,3.2517338,-1.3208581,-0.047088332,3.4935558,-2.2457166,-0.40869454,3.9001217,-2.8776038,0.19440189,-2.4276657,0.07508512,1.4982357,-0.9777909,2.2464123,-0.41456154,-2.5337982,-1.3345556,1.949048,3.7492745,0.26324525,1.3071293,0.3180447,3.095546,-2.5317094,-4.6556516,-1.7740873,-2.5266647,-1.0517138,2.5519824,-3.3121185
TATTACCTCACTCTTA-1,-4.938521,-0.81619316,0.2630644,3.6134024,-1.3433352,-0.533856,2.415433,2.7041795,-0.43629354,-1.4170548,-0.946661,1.2478961,0.98515105,-1.2868322,-1.345876,-0.80266154,-0.25363627,1.1128198,-0.6420944,-0.6843244,0.91566366,-0.7246702,0.6414432,0.13886455,0.16776429,0.46700555,0.08443652,-3.5349338,0.8070962,0.7468505,-0.6924031,0.54576075,-1.4481702,0.7249957,-1.0036252,-0.79692674,-0.023611419,-0.9898721,0.43683568,-0.22992039,-2.0623076,-0.58095765,1.115568,-2.9930997,0.8066367,2.1714087,1.248238,2.6535993,1.5831834,1.1784412
TATTACCTCCTAAGTG-1,-4.1817837,-1.4383626,-2.249386,-1.8588333,3.1438959,0.5288975,-1.8508627,-2.3876214,4.078789,-1.7601228,1.6344609,1.3699723,2.56831,-0.58820385,2.0091586,-0.06601065,2.5112998,2.3904443,-1.0571252,-1.9447443,0.23703974,0.55594736,0.0702976,-1.4718224,-0.40264797,0.72225195,1.5690492,0.24830353,-1.3598609,1.0351484,1.9329147,-1.1861451,-0.599174,-2.7871616,2.854704,-0.093519464,1.36845,-1.2912341,-2.5270965,-1.2985095,-0.08506358,-0.0094691925,0.64633065,2.7602735,-1.1546694,-0.099383645,-0.61602473,0.46697718,1.127205,-1.0542868
TCAATCTAGGAACTGC-1,-2.8780243,-0.19460343,-0.98724586,-0.7976017,2.5637891,-1.4262267,1.5696361,-1.0043242,1.3316016,-3.3801877,1.4824542,2.2375212,-4.4272118,-1.0119331,3.325779,-1.3125391,-0.5805615,2.301071,-0.07120001,-3.4273067,-1.795592,-0.4515479,-0.63484585,0.56308347,-2.2870178,2.10923,-0.99607575,1.002229,1.0294151,2.1398222,1.6219131,1.6829647,4.397817,-1.1697835,-1.7614259,5.5942173,-0.73904335,0.8967223,0.8729198,2.1109896,-2.0401967,0.9887688,-2.633565,-0.4014728,-2.601566,1.1577622,-1.1070913,-0.23343632,-1.0398101,-0.67584956
TCACGAAAGCAATATG-1,-5.611076,-0.8100895,-3.7989285,-1.5932692,1.509706,-0.74272513,-1.1564878,0.0627066,2.6420383,-1.5928105,-0.8270741,-0.7952814,0.92135733,0.6908752,0.11588,0.76751417,-0.99828523,1.3790747,-1.112306,0.8624454,-1.3578141,0.49129078,-1.3161408,-1.2634491,0.73827267,-0.100181065,-0.26586056,0.52478474,-1.1027731,0.1286377,-1.2428408,0.93453515,-0.3874608,-2.1088538,-0.12482302,-0.050998036,0.7296016,1.1624709,-0.17918591,0.18911226,-1.0142292,1.8032807,-0.613422,-0.9838767,-0.9414453,-0.13674337,1.6648855,-2.811591,-0.42241076,-0.4373529
TCACGAAAGCTGAACG-1,-8.2916,-0.14356776,-8.668649,-3.7120898,4.5235286,6.3442845,2.755407,0.4149034,5.9984097,-15.051544,-0.9954358,1.7369628,-0.49788132,8.933535,-3.3591099,5.9085035,-4.091078,-11.160552,0.24369386,17.525526,4.0354166,0.64369637,-8.497095,4.644936,1.9726281,-1.4856861,4.235266,-4.7153945,7.2504296,-6.797214,-1.8638717,-3.7240841,6.163376,11.934716,-3.6162674,11.908479,-5.9785275,-7.900949,-4.768072,0.71154463,1.2526126,10.772557,4.081049,4.1039305,-4.3502,-0.654431,6.717588,5.111131,0.7756093,5.39743
TCACGAATCTCCTATA-1,-6.858056,-0.3609927,0.5203692,2.5155098,-3.2213116,0.13279973,1.7899861,3.9047418,-1.5848618,0.7589958,0.4784584,-0.8486704,-0.27888495,-1.5293348,-2.089173,-0.34417212,-0.27351025,-0.55715084,0.60931927,0.25102288,2.3787842,-0.37827632,-1.2119741,-1.4864388,0.53268814,-0.42057148,-1.6278582,-0.30339867,1.4221038,-1.8500538,1.2862213,1.9493377,-0.010841597,-0.2492049,1.2440869,-0.11584397,-0.36549225,-0.39135072,1.4864835,1.382294,-1.7977695,-0.33885393,-2.3871534,0.3995709,-0.12777779,-2.9448538,-0.45201004,0.77808285,-0.58532554,3.1292303
TCACGAATCTGGTTCC-1,-6.3553343,-1.9594315,-1.2777128,0.28466982,-0.5060733,-0.80975187,0.017841911,1.6325679,0.32822788,-0.8597745,0.4081813,0.5086906,-0.6835785,-0.46740216,1.3440278,-0.04182561,-2.069032,1.0461805,0.27840796,-1.9851573,-0.12186821,-0.11038754,0.7985848,1.0741421,0.44563344,-1.7301222,-2.3035026,0.09620921,-1.0364958,-0.43728307,-0.3280542,0.13543783,-0.60915995,-0.30265585,-0.18275014,3.224942,-0.8820824,1.4907447,0.28329885,1.0359062,-3.021067,1.0392469,0.40267244,-0.5574872,0.3840911,-2.2810545,-1.0224186,1.6654128,-0.88338476,1.8689953
TCAGCTCGTCGTGGCT-1,-0.9976689,1.1571355,3.5656319,0.19203024,-0.975498,2.0101721,-2.5919838,-1.8335911,2.307226,1.6127305,0.4771842,1.4973238,4.3561726,-3.3225815,4.2738643,2.1033897,2.00583,-1.340402,1.1620893,4.973131,0.39735633,-0.6356301,-0.43136075,0.72857416,1.0555606,1.757444,-0.96629184,0.23907535,-1.2172488,1.0202601,1.3099067,3.289145,-1.0183604,-0.13982199,-4.2422557,1.4146285,0.11916183,0.9795498,-2.048073,1.6136211,-1.1989391,-1.9248681,1.4534346,0.66290283,-0.46035135,0.46485576,2.530067,1.5370948,2.8563464,-0.3745422
TCAGGATAGAGCAATT-1,-5.2723346,-1.8123082,-0.7364964,1.9206165,-1.8470188,-1.210211,1.2365097,1.3483813,0.33591336,0.69778043,0.3662288,1.1393192,-2.0214682,-0.6877329,0.4080498,0.05884965,-0.25427896,0.7394013,2.485543,0.007432865,0.7427416,0.6511295,0.44430408,0.77076584,2.372316,-0.33175492,-0.3655067,-0.9823063,0.91739315,0.38461673,0.3678799,1.2576348,0.08225937,-0.98530424,-1.8049177,0.71184117,0.1937231,2.1279807,-0.20462716,-1.0317901,1.5020056,-0.31769744,-0.34630877,2.2992334,0.7272298,-0.78465164,-1.6093472,1.1361611,0.18385328,-1.9464394
TCAGGATAGGACCACA-1,-3.19125,-3.470873,-0.20038861,4.279472,-1.7175953,0.50202894,-1.3154258,-1.2652473,0.6660637,1.0640458,-0.5343666,-1.0496677,-0.8833491,0.40684873,-1.476946,-1.110731,0.29399222,-0.42159936,0.63286877,-0.17634973,0.9881925,-0.6531361,0.29885438,0.26207376,-0.2473095,0.2059045,0.93715113,0.20789851,0.1860499,0.5601951,-0.61619425,0.60523593,0.09731467,-0.5676333,-1.3099878,-0.2949706,-1.1755583,0.22912303,-1.0512711,1.0895723,-0.4042324,0.666533,-0.61591893,0.21693693,-0.1355665,0.9564929,0.43549109,-1.407916,-0.8140457,-0.22328442
TCAGGATCAAAGGAAG-1,-6.0859146,-2.45245,-0.7583707,3.3206584,-4.008557,0.09306576,1.9328603,1.8977158,-1.507392,2.0596416,-1.2322314,-1.0879475,0.087188184,0.57738787,-1.3434039,-1.0753889,0.6566974,1.252889,-1.1852993,2.6602056,1.8561816,0.52090573,-0.62802273,0.50321925,1.3528082,-0.6299603,-1.6573623,0.7990016,3.9971635,1.3417212,0.5822005,-1.7053407,0.8426494,-1.4606191,1.4475642,0.03126592,-2.3021855,-1.8952916,0.24258901,0.5699122,1.5439686,-0.9644038,4.494272,-2.3895404,-0.18515734,-1.5629402,1.5197126,1.557355,0.67335176,0.53472054
TCAGGATGTTCTGTTT-1,-4.7797832,-0.30280122,-5.21457,-5.0456004,3.5065978,0.67731345,-0.006751429,-2.3603704,4.3322506,-5.134206,-0.31623843,-2.2075973,0.8365651,3.3246138,1.6919708,-0.104010895,-1.1559258,-0.521737,-3.6057773,1.0242693,-2.7649543,-0.7684206,-0.12544775,2.645506,-2.5396204,1.3020386,2.751359,1.2947388,-0.22072667,-1.866656,1.8906904,1.1228745,-1.4733368,1.8142623,0.3433793,-2.8035862,-2.2703443,0.3403363,1.2919824,1.4321222,2.1685944,-4.020654,0.8280218,-3.9678514,-1.3316033,-0.81553644,-1.9750544,-6.409976,-4.5619326,-6.273649
TCAGGTACATCATCCC-1,-4.157161,-2.4055407,-0.9641865,0.99421984,0.3992729,0.46541366,-0.37912518,0.33021718,0.28469425,-0.8387293,-1.0688118,1.2779715,0.38637897,-1.4591398,-0.4245312,0.6600768,-0.26555967,-0.09656347,0.90569997,-0.48393902,0.05328023,-0.41311288,-0.7236801,-0.70341074,-2.396975,0.33061317,0.0917229,0.33893764,0.41008666,0.7184681,-1.0664852,1.5000907,-0.3005109,-0.9114986,-0.18072821,0.7083953,1.0063173,-0.18800406,-1.0391876,-0.06138462,1.1894777,-0.9962032,0.5394857,1.9874033,-0.52832264,0.32924524,2.142428,0.1709837,0.7500098,-1.6787361
TCATTACAGACAATAC-1,-6.903972,-0.265475,0.11817511,1.0442643,-3.199012,-1.629521,3.5996299,2.3573802,-0.51521546,1.6812176,0.18867184,-1.1475877,0.7309735,-0.5099367,-2.6700056,0.34434438,0.7665202,-0.017821755,1.0361655,-0.18378495,1.1575857,-2.8319492,-0.7389671,1.5730798,-0.2983074,-0.04323444,-1.1428158,1.3046796,-0.19344917,-2.8832185,-0.025128635,0.9339304,-1.2182306,-1.4504366,-0.4363776,-0.4352384,0.32488942,0.61883914,0.423555,-1.0518509,1.8220401,0.7097658,3.0312119,-0.7443066,1.3186017,1.8168159,1.2789847,-1.9033846,0.468039,-0.77392524
TCATTACCAGTGACAG-1,-0.23405209,3.4427817,9.473004,2.4485326,-2.5476909,3.1899636,-0.6699147,-2.4586446,1.1302526,-2.4596639,-0.9584895,0.55050725,-0.2599912,0.7172842,-1.6324116,-2.3147118,1.1904284,2.2640064,-0.8913978,-1.4248586,-0.45297107,0.81734145,-0.8767249,-1.02877,-0.0718603,0.3640001,-1.1377971,1.6370268,-0.32601243,-1.3914124,0.55846494,0.48249277,-0.032863267,0.56075996,-1.2675483,-0.29182234,-0.9168751,0.16291797,0.6197118,-0.64677835,-0.19414862,0.5376789,-0.64174145,-0.46978986,0.5549905,2.0286891,-1.643725,0.48832273,1.7184659,1.200582
TCATTACTCAAACGGG-1,-5.363052,-1.5595188,1.3374041,2.8148685,-3.8543453,-1.3561103,0.519966,1.6695489,-0.8324416,0.5988136,-0.16625836,-0.029430544,-1.4502004,-0.3634451,1.337648,0.000833097,0.92519677,-1.3519262,0.72951645,-1.0925894,0.70404965,-2.175717,0.78910625,-0.91556215,2.3566005,0.6088165,1.1541753,0.2846774,0.044305008,1.6094513,-1.7707152,-0.38379177,0.7966896,0.4649687,-1.4747282,-0.9810594,1.7200071,1.861257,-0.21800861,0.24865068,0.39304623,0.70488155,-1.4267924,-0.7736991,-0.79999465,0.47250897,-0.04311035,-0.24448554,-3.4729118,0.8102112
TCATTTGCAATGTAAG-1,-2.8654492,-1.6064396,-2.4216216,-0.15581061,-0.6170659,-1.2122982,-0.22811292,-0.65161365,0.23339956,1.4926152,0.031140564,-0.7307137,0.9358352,-0.825352,-0.89450115,0.22248647,-0.22597262,-0.18980837,-0.20769738,-0.40923303,-2.0256374,-0.06620677,1.9720603,0.89976835,0.54957354,-0.25482973,-1.6454221,2.1926203,-2.0429337,-1.236679,0.12563373,-0.56740355,-0.37046075,0.5940085,1.0245162,-2.5339642,0.9462899,1.3352964,0.06417512,0.91630316,-0.08689183,1.1102358,0.015751474,-0.6352648,-0.37858823,-0.13575837,-1.7148194,0.25530943,0.7604427,-0.57503617
TCGAGGCTCAACGGCC-1,-4.908107,-1.9279051,-3.5009787,-1.1368337,1.5021127,-0.012943447,-0.022940606,-0.15705118,1.7042823,-2.000431,0.59039485,1.7413751,-0.21367681,1.7525846,-0.7455485,-0.45224366,-0.5137033,-0.33638248,-1.6971002,1.9153368,0.16089344,1.0176228,-0.48814476,0.065221295,0.7373376,0.42797184,0.6360859,0.24186638,-1.4715499,0.4132846,0.40408918,1.8315785,0.16259697,-0.35204306,1.1998173,-0.54406935,-1.0033244,-0.48063952,-1.5939206,0.58238524,-2.4074616,0.43466815,-1.4488096,0.06344398,-0.4772364,-2.0955796,-1.403088,0.6972378,-1.7775187,-0.96405834
TCGCGTTAGAGCTATA-1,-3.4223373,-2.0898829,-2.6431797,-0.035717603,0.9209438,0.17855872,-1.0385032,-1.2062674,2.2331674,-1.6883111,1.0484641,0.15464139,0.87533706,-0.20886682,-0.31647006,-1.4985974,0.9878337,0.18194427,-1.5069733,-1.8675482,-0.017606227,-1.1715035,0.53030974,0.11512259,-0.26291648,0.2555994,1.1882691,0.30216506,-0.24840353,0.43882054,-1.277733,1.3016392,-1.1877865,-1.9044698,0.13072376,-1.295503,-1.0660118,-1.4997354,0.6825188,-0.8466465,1.260456,-0.06444933,0.5536394,0.3657938,2.2763603,-2.2753506,-0.02331778,-0.4610275,0.9821222,-0.16408849
TCGCGTTCAAGCTGAG-1,-6.1523533,-2.6784453,-1.8702114,1.4421554,-1.0637382,-2.8249576,2.3750086,0.8392768,-1.1900901,-2.463161,-2.2384703,0.142338,-3.2621331,-3.0580726,1.4317442,-4.2610955,1.1735802,5.258853,0.5930415,2.124508,0.23027506,-0.26159808,-2.9423828,0.034148745,2.03822,4.635246,-1.2221382,-4.807751,-0.1890208,0.8370042,-1.9503626,1.4736106,1.3221407,-1.449056,-0.9589027,1.355471,-0.36808115,-1.3181795,9.49542,-4.4896197,4.311954,-1.3285098,-1.3245384,5.1328955,2.1367016,2.2054152,1.640143,5.3053803,3.588011,0.5945512
TCGGGACAGAATGTTG-1,-6.1993785,-1.0225832,-4.720312,-1.1763988,-0.06332242,-0.08321864,0.46738625,0.029545197,3.1302054,-3.2376096,-0.75988495,-0.9486026,-0.17423601,1.8488655,-1.5463821,1.3988957,0.03585911,-0.17235331,-0.4322156,-1.0443956,-1.1807394,-1.8467984,-0.6512112,0.20104286,0.46612462,-0.44162786,-2.3430026,2.2456393,-2.350366,-1.3249441,-0.1419258,-1.1222161,0.06553773,-1.3714076,-0.79066116,-1.8001603,-0.58812,-2.1056468,0.93654835,0.6401349,-1.9627887,-1.1123157,0.5390508,0.45030984,1.98873,1.782227,-0.121331334,-0.565265,-0.26659986,0.8284013
TCGGTAACATGCGCAC-1,-5.1834354,-1.3874077,-0.81617963,3.921166,-3.971809,-1.1986767,1.7830696,2.2520278,0.20066985,1.2539865,0.19353509,-0.5971058,0.37647384,-0.8733556,-0.99144703,-1.1753899,-0.048458118,1.140234,0.019706627,1.8192338,1.0164515,-1.5457381,-0.8510513,1.360955,0.8654267,0.82246214,-1.5858563,-0.327881,0.61600524,0.020782173,-0.212293,-0.8080108,0.91806686,0.33616805,2.0920932,-0.73273784,-1.253737,-1.4002361,-1.0702223,0.34254706,1.6189189,-2.0424585,1.7300278,1.1030715,-1.0765452,0.40524417,0.18288665,-1.1586534,0.57382333,-0.11982039
TCGTACCAGGATTCGG-1,-3.676859,-1.3673465,-0.3534225,1.6581908,-1.9480158,-0.20117095,-1.2948474,0.8945142,0.41068524,0.64164674,-2.1502316,-0.034679137,1.3705813,0.14170097,0.98582214,-0.873157,0.02031615,-0.36441228,1.4088258,-1.3507838,-2.5461195,-0.7258253,0.9066301,-1.2844808,-0.995774,0.39737222,-0.0782798,1.1499757,-0.98441327,-3.1253572,0.055165548,1.5443968,0.37181377,0.2495749,-2.2940679,0.8641337,1.7451836,0.69205695,-1.367684,1.9954915,-0.64254445,-0.5728476,1.0980074,0.40921277,-1.2012299,-0.20461625,-2.3009276,-0.5626517,1.1998488,0.4679355
TCGTACCAGTATCTCG-1,-2.9724839,-1.0317228,-2.4790106,1.3317815,0.5940403,0.056155022,-0.08679643,0.49376783,1.3235402,-0.4392733,1.0055379,1.6282876,0.17954838,1.2994735,-1.2217071,-1.3462366,1.4542304,-1.8533055,-0.27732527,-1.5611392,0.84350514,-0.09045942,0.6207448,0.37521276,-1.9783566,1.8988526,-0.30362794,0.22192283,1.4839923,1.5879778,1.253301,1.73745,0.86537254,-0.6438539,-0.7310733,1.0334942,0.23417836,-1.2186481,-2.934144,-1.3297747,-0.2045398,1.750861,1.3913901,-0.70773464,-0.7540017,1.214408,1.480676,0.15500385,-3.754148,0.14545554
TCGTACCCAGTGACAG-1,-4.6780534,-0.7367405,-3.5283706,-2.0432224,1.2066147,-0.9288812,-0.54672706,-0.15901938,1.7221487,-1.2473376,0.57424754,0.60362977,1.7961336,1.4777668,1.0130543,-0.64577097,2.7941558,0.5893748,-1.2320229,-0.7742014,0.77099967,0.44429055,1.3789617,-0.8659569,-0.072895676,0.5735403,0.34721813,1.442049,-1.966127,-1.4886533,1.1168426,-1.2143488,0.2565579,0.66733617,1.0458624,-4.002284,-0.5756035,1.4557257,-1.1944952,-0.1906736,-0.20257679,-0.70567924,-1.4843894,-0.2516314,0.46423936,0.025702618,-0.14156334,-0.19319016,-1.3126916,-0.5320928
TCTATTGCAGTGGGAT-1,-7.4631205,0.7467958,-1.0164359,0.46114638,-3.4878902,-0.90128934,2.0100853,1.9316627,-0.18457621,-0.21906702,-1.4559231,-4.19741,3.966502,0.96930176,-2.0748332,1.3619491,0.8722295,-2.5563295,-0.0746353,2.489728,-1.5100086,-1.3381904,2.7593124,1.7978392,1.3428953,-0.9640811,-0.45682785,0.016216822,0.3588211,-3.4154198,1.5988867,-4.231135,0.88153553,1.8405075,1.3717164,-3.393595,-1.4625714,3.4987257,-1.5085315,-1.7606969,-0.9919218,-0.24539599,1.0257436,-1.3264754,-0.5439958,-1.8675901,1.6693138,-0.44686005,-4.8790555,3.4300988
TCTATTGGTTTAAGCC-1,-7.14428,1.2269955,-0.16552041,0.5466808,-2.402117,-0.7957349,1.0479966,4.0193644,-0.3303421,1.5829448,-0.6291494,0.26445478,1.0328072,0.44632778,0.13162814,1.5548953,0.818121,0.38510305,-1.275112,0.57439464,-1.678244,0.26540667,0.47109818,0.9321787,2.1650403,0.6018457,-0.90496176,0.876,-2.9161606,-1.9408162,0.18756765,-1.0843484,-3.1345959,1.0202594,1.1666582,-2.58877,0.6517606,2.6954052,-2.0748363,0.66487586,-2.3339872,1.8099425,-3.0154393,-1.3985932,-0.9084491,3.812358,2.004184,-0.81121516,-1.5835149,4.269821
TCTCATAAGTGTCCCG-1,-6.624158,-0.19749326,-0.5483684,3.4753163,-2.2415638,-1.4597859,2.9887996,2.5614493,-1.5231553,0.32024142,0.80207825,1.2534411,-2.678941,-0.32268226,-1.4433764,1.097351,0.38813218,1.9951736,-1.689743,0.036934484,4.3375244,-0.45338416,1.038043,-2.2885556,0.20609239,3.7373402,0.024403926,-0.7480469,3.0918767,2.1981297,-0.19580248,-1.8393883,0.15386495,0.5901135,-1.503961,-0.99234265,-2.9925106,-1.4518948,0.29736677,0.08310202,2.3573532,0.6219758,-1.5406199,-0.018229326,1.0628005,-1.4045963,-0.5849488,0.74435455,-1.2462375,-1.790787
TCTCATAGTGAGTATA-1,-6.7779994,-2.1660223,-3.3767762,2.388252,-1.6542777,-1.062255,1.517967,1.7495023,1.5634489,-0.8681143,0.05626371,-0.11973824,-2.1855109,-0.031297907,1.1957096,-0.3204956,-0.9823954,0.2687832,2.1712265,-1.987068,-0.0047675823,0.64384454,-0.996359,-2.1349053,-0.04575466,-0.20846608,-2.604439,0.66209984,-0.17949,0.8086053,-2.605509,1.1199385,0.9207013,-0.0975374,-2.5039499,0.2934451,1.9089893,-1.4309201,-0.42312452,3.0687957,1.3236986,1.1464607,2.75704,-0.2782902,2.3900535,2.4809072,-0.16325042,0.05609615,0.5155744,2.3619928
TCTCATAGTTATTCTC-1,-9.97554,-0.058704916,-3.2975738,-1.2555985,3.5602348,0.16891688,4.309346,2.0847797,1.6942794,-6.6622515,-1.0172014,-0.7153028,-2.3974524,-0.76305455,3.6974974,-0.6512538,0.44402838,6.459887,-0.7904113,-3.3856966,-7.5095725,0.37318495,-1.8787352,1.219127,-1.3936535,3.5300856,-3.7909627,-0.52540326,0.6348024,3.3153858,3.7992501,-1.3562485,0.6490354,-1.3839959,1.973571,11.120028,-2.090048,3.3509645,-2.1915545,-0.22977777,2.4637148,0.21728913,2.1063998,0.018865492,-0.41035354,-3.1606305,2.4969766,10.211145,2.1172874,1.7692091
TCTGAGATCCGTAGTA-1,-3.4893253,0.043777235,1.3485826,1.3921578,-1.768935,-0.5838462,0.10262611,0.27764487,0.88486475,0.5652079,-0.56122017,0.5093997,-0.11886963,-0.79829574,0.98164654,-1.8927493,-0.4694494,0.19949606,-1.0858915,-2.0923502,-1.197289,0.42300203,-0.9171783,1.4676474,-0.10452804,0.9929506,-0.69520503,1.5630438,-0.6509122,0.26382312,1.155068,1.110874,0.48532107,0.6679494,-1.228485,1.0876013,1.0599505,-0.50083834,-0.023899123,0.33100748,-0.021087525,0.99744624,-0.49548924,1.1390952,0.14651307,-0.8443961,0.33544582,0.66420084,-0.08270535,-1.5555646
TCTGGAAAGGCCGAAT-1,-1.99915,-1.66971,-2.8536325,-0.7415185,0.22419074,0.6160782,-0.50517535,-1.15434,1.3707544,0.013537001,0.86376333,2.2846181,-1.6030177,1.3509203,-1.51231,1.0118982,0.3744408,1.8314568,-0.6389053,-1.7443541,0.23703799,0.4025446,1.3018461,1.1423801,-0.51068884,0.56844664,-0.4775403,0.59716845,-1.1092359,0.07736598,-0.14156272,0.6114887,-0.2595927,-0.48859695,-1.067356,-1.8537927,1.7159815,-1.1967598,0.05509579,0.30794358,-0.74453396,0.77012914,-1.9301473,0.15723059,-0.62649906,0.36644197,0.38897803,-1.2548842,1.1990088,1.1432935
TCTGGAACAGTAGAGC-1,-2.768146,-0.4528781,-0.042160563,1.441776,-2.0577226,0.5931522,-0.21100603,-0.99419016,1.2901236,1.0467429,0.06450731,-0.8580802,2.831493,-0.28655058,1.2697649,1.6504861,1.2350221,-1.2196084,0.2098797,0.6474504,0.26741952,-0.012333442,0.30578575,1.3912736,0.59071547,0.6906385,0.091231875,0.49327254,-1.0664009,-0.24096721,-0.2936293,-0.71279836,-1.1095527,2.003484,-0.41746727,-1.9179848,-1.813145,0.66097736,-2.0091312,-0.27941474,0.4370456,-0.10150348,-1.0868777,0.438815,0.48332298,-0.517913,0.17961042,-0.6781576,1.6213872,1.1668166
TCTTCGGTCCTAGGGC-1,-4.17052,-1.8396381,-1.8732911,0.40121305,-2.1838357,0.16424558,-0.37869316,1.1268302,0.875633,1.3173773,-0.75460815,-0.23774154,0.162092,-1.181717,-1.5114987,0.5633444,0.85876596,-0.09149121,0.1601719,-0.9230438,-2.3950548,-2.5344248,0.4051723,0.91553324,3.2545857,-0.8477979,-0.999249,1.5762421,-1.331623,-1.1380948,-2.1338356,0.7409457,-1.1193354,0.5986303,0.7856127,0.3315918,0.5440265,1.023688,0.4137328,-0.59013915,-0.15062733,0.6330387,-2.1078718,-0.5080089,1.5161824,1.9129544,0.049130797,-0.85877454,-0.5768984,1.6958959
TCTTTCCAGCGATTCT-1,-3.0395412,-2.8718872,-0.9338051,-0.71027917,1.936809,0.18025209,-1.0688267,-2.1845315,3.9943485,-1.1751662,1.6906196,-0.18507212,0.908199,1.7063785,-0.9099227,-0.48910624,0.3999737,0.827516,0.17653506,-0.66105676,-1.1551977,-0.20195177,1.2280127,-0.5472134,-3.5399027,0.36106852,0.3563257,-0.7334884,0.63813114,2.0700572,-1.1209751,3.5623407,1.637127,-0.4996368,-2.4074478,-0.7440122,-0.8622626,0.66453505,0.65979594,-1.1523271,-0.5374903,-1.46897,0.78597647,0.3824539,-2.3049946,-0.48109135,-0.40344027,-0.25839204,-2.0842,-2.1566887
TCTTTCCAGCTATGCT-1,-2.3989277,-4.5943804,-4.002453,1.371147,-0.22840193,0.2950793,-2.986262,-3.6688795,3.2096822,-1.0875968,2.320978,1.2875539,0.19633044,1.6209995,-2.105635,-0.685672,-3.0545297,-1.2580861,-0.6527419,0.9413173,-0.94767576,0.51144224,-2.499673,-1.5592973,-2.9167926,-0.10748832,2.6539004,-0.038320158,0.92985296,0.1190695,-3.5569456,2.7239394,-1.805433,-0.027564377,-2.3512084,-1.5938216,-4.3131948,1.6398736,3.346698,-2.3235347,0.26222825,2.4099174,1.2856443,-0.8458162,-1.7658985,-1.2626605,2.560373,-0.8863117,-6.3428364,-0.91085416
TGAAAGACACTCTGTC-1,-5.645463,-1.6711811,-0.02268857,1.475815,-1.4936652,0.3458719,0.77475834,1.2330742,0.80536604,-0.4628321,0.025529306,0.48568508,-0.13312526,-0.22644922,-0.7475341,-1.0980177,-0.6414217,-1.735841,1.0924343,-0.36093786,0.097797684,-0.10599061,-1.522209,-0.47472984,-0.075112484,-0.8636892,-0.78448325,-0.5807931,1.3983517,0.38681328,0.88705885,0.14032327,0.9486058,0.23744006,0.32488853,0.05502895,-0.732931,1.6958258,-1.5354306,-0.31932914,-1.3491021,-0.18678154,0.7278726,0.22849648,-0.3832655,-1.6326032,1.045918,-1.1734412,-0.91487956,0.87329465
TGAAAGATCACTTATC-1,-4.593583,-0.35026735,-0.48497507,-0.07091694,0.65170217,-0.53463024,0.57704294,-3.3048377,3.2922282,-2.0209658,0.5052007,2.1248136,2.8016117,-0.34471205,0.29352987,2.5824795,-0.4686201,-1.72071,-0.27121985,0.966648,-2.5767615,-1.8301224,0.7383453,0.8415163,-2.429121,0.6236222,0.4213088,-0.013134269,-1.3090084,-0.39987034,1.9199343,0.7136477,1.2002721,0.3773535,-0.37988627,-0.39805213,0.6415793,1.322151,-3.667265,-0.63941896,-0.303694,0.38762438,1.5129617,1.6379303,0.019484349,-1.1206648,-0.53930134,-0.9514382,-1.4437284,-3.0023558
TGAAAGATCCTCGCAT-1,-2.973551,-1.6610967,0.29292542,0.062238023,-0.20684437,-0.6612781,1.299904,-0.34067875,0.6894304,-0.59435034,1.5684887,-0.32467976,0.12166099,-0.98809266,-0.31901914,0.6321373,0.6865606,-0.6732016,-0.5209791,-0.26946533,-0.9719068,0.75793695,0.38101688,-0.019221747,-2.2686138,-1.3418117,-1.2198758,-0.7263609,1.1697615,1.8581016,0.024016052,0.5003055,0.62921107,-0.638982,-0.82162255,-0.3210815,-0.9715836,-0.44129118,-0.007499582,-1.0581074,-1.1529626,0.7897993,-2.085479,1.1683536,0.19629692,1.2639749,-0.63132066,0.87941515,-1.7064159,0.08163096
TGACAACGTTCTGGTA-1,-3.1349082,-0.80394185,4.5649467,4.175815,-3.2171366,1.4837645,0.64913285,-0.047624107,-0.13748404,-0.01996927,-0.21798581,0.8470019,0.9410971,-0.46742854,1.3170502,1.1461749,0.6862117,-2.661397,-0.29554757,1.1676728,0.91612446,-1.4124651,-1.1986518,-0.79039377,-1.2235383,-1.443631,0.12477864,0.16437463,2.2075772,-1.2783655,1.2274752,-2.0243073,-0.34517196,-0.6952413,1.1353052,0.07448747,0.18517597,-0.14260106,0.32370567,-1.831372,-2.893662,-1.6656464,0.16552667,-0.25008386,-0.6007798,-0.85283154,2.1113806,-1.2690601,-1.6146752,1.3353757
TGACGGCAGGAATCGC-1,-2.3362968,0.06742095,0.21172352,-0.71518624,1.9502976,0.03205427,-1.8895862,-1.3568574,2.5832877,-0.71546566,-1.6889691,0.72476083,2.505347,0.31476247,-0.46311194,1.0939251,1.2790174,1.40955,-1.0883589,-0.88004506,2.2713385,0.46974033,1.430581,-3.4631886,0.26264766,-0.10675107,1.4781262,-1.4080067,1.0784895,0.7490083,0.71972424,-0.81985486,-1.5820415,0.44476247,1.421063,-1.1230344,-0.7899455,-0.12900658,-1.3144317,0.83524334,1.5897889,-0.79162306,0.089185365,-0.77621794,-0.5447284,-0.2755127,1.5226704,0.8903417,0.7839456,-0.67514336
TGACGGCTCACCACCT-1,-0.8527744,-1.6718391,-1.1305041,0.023583736,1.5378639,-0.18892093,-3.797854,-2.6063843,3.7422206,-1.1385567,-0.5343569,-0.8083473,2.2152238,-0.04801991,2.3953977,-1.8705816,2.4432793,2.4286542,-0.790738,-2.5390399,1.2768248,-1.1483741,-0.38999346,0.17078246,-1.5658444,-0.75778216,3.1965926,-2.0182452,1.7684084,2.1974266,-0.68133205,-1.5341581,0.6496032,1.2813047,0.107925,-0.8427211,1.0763195,0.106900424,-1.2721597,-0.9814184,1.8165154,-2.3839211,0.14108694,2.1832457,-2.462583,-2.6513693,0.8042397,1.8196875,0.09565173,0.2423065
TGACTAGGTTCGGGCT-1,-3.4201536,-3.5541625,-0.4267712,3.8679557,-4.143054,-0.6445903,-0.30947876,-1.1579151,1.7955906,0.8958802,0.49582508,-0.3672141,0.525091,-0.75493425,0.0708571,-0.20108844,0.26447523,1.9381946,0.37722087,0.051536694,-1.0050008,1.7313597,-1.0602446,-0.6839705,-0.4096406,-0.99910545,-1.1604362,1.7923908,-0.46364245,1.0081433,-1.6076434,1.0827496,-0.56320494,-0.14573586,-0.6005531,1.969411,-0.043348078,-0.16383249,-1.8694732,-0.65606403,-0.36595482,-1.7486748,-1.3017584,-1.5133458,0.017443528,0.99285275,-0.58883625,0.20109591,0.22261819,-0.8026869
TGACTTTAGGAATCGC-1,-3.3593724,-2.4837177,-4.0270686,-0.9944906,1.4257822,0.7731902,-2.7923768,-2.3091009,2.6309843,-1.9522991,-1.0476614,1.391814,0.018466478,2.533139,-1.1042241,-1.6789466,0.8336004,0.6237519,-0.21082056,-1.0277883,0.4120812,-1.0197467,-1.9770292,-0.042559654,-0.14056617,0.26258907,0.32100964,1.5560656,-0.7360879,0.3135885,0.54671454,2.4676082,-1.1088513,-1.5087633,0.27972543,-1.5592955,-1.5938057,-0.26610562,1.9885377,1.0105888,-0.016853299,-2.8470535,-0.09949919,-1.2683266,-0.8031139,-0.22210896,-0.979348,-2.107359,0.028420247,-0.6018753
TGACTTTGTTGCTCCT-1,-5.429857,-2.0687249,-3.4969661,0.22462684,0.45529914,-0.7620279,0.97197247,-0.5692684,2.645692,-3.5728376,0.3473634,1.3454483,-2.1348581,2.1763017,0.30741253,-0.83079225,-0.98423904,0.57363766,-0.65686864,-1.5384802,-1.3494923,0.66125995,-2.6010816,0.7761381,0.30033326,-0.33786494,-0.5618343,0.9564863,-1.0922682,1.9596988,-3.1289568,2.237733,-0.42383242,-0.55139256,-1.5880404,1.5184697,1.1742122,0.340587,-0.31398284,0.6636747,-2.028638,-0.5104564,0.07881755,-0.56217897,1.6006786,0.25606945,0.98265076,2.7678776,-2.446604,3.0347843
TGAGAGGAGTGTCCAT-1,-4.815654,-3.9432814,0.58749145,3.618306,-3.1708546,-1.1805176,0.24461964,2.0792692,-1.5046078,1.4653088,-2.86281,1.550405,-1.2346873,0.22701178,1.080354,1.7223804,1.2836119,4.677363,0.7383718,0.15319647,1.3118364,0.7420847,-0.85223293,-1.8985082,1.430883,-1.1433557,-0.94821596,0.677333,0.939213,-0.52361834,-0.4998426,2.0574226,-0.35476536,-0.5578389,-1.9101957,1.6192093,1.425792,1.5460014,0.023987893,-1.4611993,-1.5539178,1.5708885,2.795836,0.878271,-2.5585268,-1.0416591,0.009779342,0.056278255,-1.0734437,0.619778
TGAGCCGAGGGCATGT-1,-5.4845104,-1.8256696,0.66475666,2.451139,-4.6489825,-0.24633469,1.6907262,2.3969615,-1.5911407,2.9250214,-0.89864415,-1.3602067,0.46593523,-0.4932987,1.3657756,2.8666246,0.32435173,0.57144004,-3.1380312,0.07509594,0.9614935,-0.5141526,-1.0161021,1.2532408,0.08251135,1.1381598,-1.5006406,1.3792763,-1.8114084,-1.5155277,0.031494536,0.1718214,1.5286646,-0.03802588,0.94435334,-0.56479937,2.2710311,-0.4558597,0.7265773,-1.2190518,1.1025836,-0.5370375,0.29102525,1.9347986,-1.6206484,-0.65146697,-0.8498954,3.338566,-0.51545644,-2.760151
TGAGCCGCACGGCTAC-1,9.921919,2.348226,0.86387813,-2.1255987,1.1043003,-0.8505281,3.49977,4.6673265,4.363639,-1.5258079,-0.36868805,-0.59332526,0.83232623,-0.5420821,0.8498348,1.0028471,2.4135704,-0.44683668,-0.0948939,0.20256573,-0.693454,-1.2886764,1.7337534,-0.16180025,-1.6894853,-1.6819391,0.30100694,0.61213565,-1.4732579,0.9580156,0.6111683,0.19760528,-0.7970317,1.1628083,-0.18817359,-1.2238169,0.8061414,1.4506655,0.1684913,1.2235339,1.4343401,-1.4750246,0.0749078,-1.2660241,1.046848,-0.30377227,0.641999,-0.033409864,0.6926179,0.8179587
TGAGGGAAGCGTAATA-1,-5.5135317,-2.6647716,1.2658538,2.387053,-3.725673,-1.4358054,1.6084547,0.30246955,0.033002272,-0.7155279,0.65635407,0.052174628,1.9059039,-1.5521464,1.5585718,-0.9699941,0.28619188,-0.69735265,3.030901,0.13553734,-0.59917015,-3.1568213,-2.0739229,-2.1519554,-0.3368457,-0.9326841,2.852665,0.7641784,2.6813085,0.14376828,0.46727222,-1.5431175,-2.6649673,2.2115066,-2.5953064,3.2057772,2.7783315,2.2148366,-0.87148696,-1.6620064,0.7997114,-0.8935393,0.8699481,2.9392626,0.044484105,-0.8877655,-0.18845193,-1.163355,2.2285597,-0.30801585
TGCACCTAGGCTAGGT-1,-2.6045065,-0.56166244,3.9443324,2.9445417,-2.8772018,1.7039315,-0.45696583,-0.09979813,1.6824496,-0.28270954,-0.1526181,0.15637204,3.910179,-1.2325981,0.8244744,1.6114439,1.94823,-1.3941121,0.7247665,0.17163676,-0.44944456,-1.5319709,-0.3091672,-0.22588709,-1.4581198,-1.1485858,1.481182,-0.032031447,1.3879703,0.38873363,1.6663065,0.26812854,-0.95367193,1.3892223,-1.5556502,1.7131286,-0.41747618,0.86618847,-0.3740466,-0.7032075,-0.015925404,0.36099005,1.3979291,-1.0868803,3.0844867,-0.7436882,1.9129288,-1.9380335,-1.4512104,0.58927524
TGCACCTCACGGACAA-1,-4.486432,-1.4576501,1.7402241,2.477211,-0.110185735,-0.55025375,1.1449411,2.1773744,0.86095876,-0.39123374,0.2101534,0.31629714,-0.033404395,-1.0746151,0.42259085,0.011021318,1.9023503,-1.69395,-0.31145066,-2.1044474,-0.6092541,-0.5123143,-2.2551234,1.2558569,-0.94303566,0.036580287,0.90097564,-0.2023942,1.1431185,0.40433133,-0.54335713,1.325532,1.094241,-1.0593482,-1.1462432,2.621942,0.54254836,-0.8544989,-1.8193669,-0.91337603,0.33024466,-1.1410284,-0.53182685,0.08939106,-1.4289231,1.3237286,1.6480308,-1.5538794,1.7254732,-1.3345902
TGCACCTCAGGGTACA-1,-2.3373897,-2.473402,-4.811902,0.32499602,1.6244787,-0.02019918,-3.0174508,-3.545461,2.4235163,-1.8404927,0.37873602,0.5589423,-2.2314491,0.57940096,-0.7113163,-0.06831545,0.52088207,-0.60987836,-1.9792446,-0.016032463,0.92806697,-0.7588397,-0.47282445,0.49392295,-0.061976228,0.13595968,-0.9458806,-0.029748825,-0.16766547,-0.1671497,-0.32020625,0.6598778,-1.3483948,-0.009497435,0.40884534,-1.0899681,-0.3575634,-0.43390468,1.9016628,0.427663,0.24973705,0.44041833,-0.45556292,-0.83478695,0.9922128,-0.5606623,-1.3199232,0.19564536,-0.058700953,-0.76753026
TGCACCTGTTGTGGCC-1,-7.0686507,-0.93111485,-4.40793,0.25806004,-1.3392804,2.8837936,1.2631426,0.6255135,2.575882,-3.661471,1.3395277,-1.0145801,-3.0237367,-0.22838916,-1.7607324,-0.7813127,-2.3436043,0.20940009,0.8835624,-0.06437526,-1.1966088,1.016727,0.0022875972,3.203428,1.8203025,-0.4206116,0.86359423,2.7169645,-4.0579524,0.21753031,-0.924595,0.5000308,1.4932384,-2.503155,-2.9946704,2.5855217,0.37966877,-1.7030737,-0.081677265,-1.4256754,-0.27377242,1.3055539,0.532647,-2.9243963,5.0014763,0.03963046,2.1463022,-1.1198211,-2.222178,-1.5387446
TGCCAAACAAGGACTG-1,-7.671865,0.33786562,-0.9203875,4.040778,-2.2984104,-1.7850072,0.8678719,2.2308638,-0.18611822,0.9224632,-0.36656165,-1.6206393,-1.5371696,0.9234701,-2.6582487,-1.6487334,0.6645808,0.9295791,1.6956463,3.165346,1.6836826,3.3868034,-2.5087912,-2.1236274,-0.26833943,1.385194,-0.14434138,0.90693504,0.15215404,3.2699463,-3.0248382,-0.3522505,2.1673276,-0.86955774,2.785524,4.50821,-0.8445044,-2.4049945,-2.5233605,2.5386786,-0.6341973,2.0755203,1.7907058,-3.5626416,2.6189225,0.9264846,-0.39171347,-2.0695162,-1.1327554,-2.212806
TGCCAAATCTAACTCT-1,-3.2959802,2.4983647,-14.236474,-4.4901643,0.5826692,31.946972,-0.37404037,4.8231483,-5.0124826,5.7394605,-2.861977,0.9466042,-0.43402004,-1.5222592,6.2310834,-0.030019589,0.056769557,0.7148588,2.0045907,-7.424606,1.034522,2.7518654,10.39855,2.57497,-4.5031705,2.1244404,-1.2664565,6.4800267,-6.8417573,-5.136404,-5.6163917,-4.633702,-0.7589451,-4.932467,-17.426147,-5.869919,2.3055236,-5.1676893,-10.071904,0.3365984,12.624567,21.212955,1.0880595,-1.3228245,-7.9856,-7.5157504,0.46376032,7.3001328,7.370209,-6.04921
TGCCAAATCTTGAGGT-1,-3.860569,-1.7021153,-2.818142,-0.12562507,0.19362037,-1.8708228,-0.27984267,-1.2775235,1.8825701,-1.3465444,-0.8754275,0.40141654,0.4581515,0.60761565,-2.0726917,-0.91581833,0.84488654,1.6029314,0.28022206,-1.739709,0.85637283,-0.38676882,-1.6432039,-0.054993857,-1.4405663,0.35771525,0.91321516,-0.85976547,-1.2827574,0.5158835,0.31913993,1.0970069,-1.3661823,0.9617793,-1.2138708,0.36123428,1.6615846,0.30025652,-0.46591172,1.07673,-0.76058185,-0.11117134,-0.72500676,2.3417187,0.37805736,-1.548122,1.0265896,-0.21443002,1.897244,0.31034383
TGCCCATGTCATGCAT-1,-5.120013,-1.8358439,-0.26340583,2.0247874,-3.7650034,0.30089936,0.069251485,1.3246211,-0.6277613,1.6880957,-0.2944316,-2.1047416,0.9777221,1.7666225,-2.8167157,0.58128434,1.2641782,-0.25189203,-1.3035798,1.662943,2.6553059,2.2702198,-0.44656128,-1.660193,0.35073796,1.0157378,-1.8521765,-0.81997097,0.75740343,0.9554126,0.1310369,0.6048067,-1.6289456,-0.52956957,2.3749175,0.74455273,-2.0770464,-3.0368962,1.3254048,0.6571146,-0.06966471,0.208064,-2.056544,-1.1207525,-0.38344732,-1.1477948,0.112434514,-0.044655506,0.036120664,-0.69383615
TGCCCATTCAGAAATG-1,-4.5556026,1.9392434,-4.88251,-2.6477096,3.7931106,-0.86986154,-2.9420514,-2.3847942,6.1551557,-3.9666893,0.9879277,0.3319496,1.4288166,0.5764442,-0.66550845,-0.2781248,4.903659,5.130218,-1.1567564,-1.2713888,1.4364069,0.25074783,-0.3459487,-1.8367473,-2.1184115,1.4022975,1.359405,0.0679001,-2.044432,-0.59396636,0.9811151,-0.48787802,-1.2464126,-0.15100415,3.7796497,-3.1759999,-0.58481,1.219869,1.2971957,-1.2385145,2.2607005,-1.7184111,0.60753167,-2.0443277,-0.74142194,0.018928973,-0.577972,-0.34849676,0.3608168,1.943928
TGCCCTAGTGTGAATA-1,-3.6217637,-0.69836575,4.2939816,4.3397036,-3.6186895,2.0434024,1.5798452,-0.60918856,1.2526784,0.13746424,0.7097991,2.363449,2.3377893,-1.7110461,1.3229092,1.596702,1.366518,-3.8132863,0.6880903,-0.00449073,0.4708243,1.5164586,-0.78035635,-1.6927893,-1.4012073,0.29808784,1.0668896,-1.653328,1.9603485,-1.9522547,1.3004137,-1.66004,-1.0010155,0.677575,1.3861884,1.4824313,-0.50633043,1.6303358,-0.28585556,-0.20809864,0.98025876,0.46562976,0.9044066,-1.1486536,1.3243467,0.4621489,-0.7976692,-1.9581777,-0.027163068,-0.54755586
TGCGCAGCAGTCACTA-1,-4.419847,-3.481426,1.1949942,3.317241,-2.0032558,0.30413425,0.57082546,0.47460145,0.81368965,-1.0922487,1.1097946,0.4175568,1.02431,-1.0345335,0.91952074,0.5894659,0.33362216,-1.433943,-0.47357118,-0.20097077,-1.750536,-0.2965449,-1.9623944,-2.4220457,-2.4930618,0.91724265,1.3157387,0.007667267,1.9558451,1.7314581,1.1028271,-1.1643456,-0.3152023,-1.8350384,-0.6516068,1.6405771,-0.747715,0.56321114,-0.46860898,-0.1654117,1.0504304,-2.05549,1.2588036,0.43776375,0.066737995,2.0626907,2.943314,0.40217492,-0.48150805,1.2238386
TGCGGGTTCGAGGTAG-1,-3.1031358,-2.1232467,4.596541,4.2866387,-4.1357307,2.2484632,-0.5623618,-0.95956504,0.89622414,0.973694,0.7943011,0.27983394,3.5247998,-0.19798325,0.5184405,2.300095,0.4824766,-0.63807195,-0.41020587,1.5209947,0.51238745,-0.29948357,0.72084534,-0.8031284,-2.0991285,-1.187094,2.2275305,-0.3584611,-0.7244568,0.643367,0.44997945,-1.375801,-1.2775776,1.1709135,0.31972402,-0.37875733,-0.6326279,-0.7380327,-1.2462476,-0.23394091,0.40117145,0.4926241,0.4171837,1.928769,0.9916202,-0.12641868,-0.45074987,-0.7079245,1.9449883,-0.68462104
TGCGTGGAGCGATTCT-1,-1.7929373,-2.3532379,1.7624133,2.847419,-1.1449475,-0.26269987,-0.13334487,0.15993324,0.17404202,0.12173879,-0.25698364,2.267346,0.948842,0.044024028,-1.6349498,0.06820678,-0.045380767,-0.29488474,-0.6855354,-0.31269714,0.89499706,1.7722244,-1.3719715,-1.4024943,-1.1070108,0.98170465,-0.07738069,-1.9399292,-0.45068967,-1.1009,0.50722677,1.4732528,-1.1326014,-0.32378507,1.2307779,0.4430103,-0.63601637,-1.1848056,-0.32254288,0.6685591,1.0308821,-0.11439624,-0.56036246,-0.5772359,0.70477444,-0.81555825,-2.4954174,1.9326813,-0.40416688,0.7449972
TGCGTGGAGTCGCCGT-1,-3.615852,-1.5751508,1.2638648,2.0321991,-2.3652127,-0.8299398,-1.2969854,1.0652114,0.31413525,-0.74436283,0.23297518,0.1506747,0.7834115,1.2623686,0.37941894,2.272386,-1.4196126,1.6803064,0.78389865,-1.7374085,0.2959241,2.2596369,1.9233967,-3.0646062,-0.3390821,0.8419659,1.7033445,-1.8529626,0.8438533,1.701146,-0.013690844,0.29430586,2.3053122,-1.1242173,-0.60031056,-0.58919704,0.9844642,-0.90857846,2.321293,-2.1585624,3.5128756,-1.8764467,-2.1492548,0.59307057,1.6799853,-0.10522899,-0.9924625,3.074367,0.27363917,-0.68549716
TGCGTGGCATGCAACT-1,-3.742539,-1.9760426,0.0077447467,0.29473394,-1.5013756,-0.04931012,0.6567092,-1.1825422,0.969972,0.09975247,0.34184834,0.08576663,0.18904556,0.29438856,2.4988644,1.0644157,0.98169464,0.09940411,2.541602,0.26977906,1.3451781,1.333139,0.21149948,2.045418,-0.8944097,-1.9192011,-0.82852596,1.3538677,-1.498894,-1.5226402,-0.2669558,0.68019056,-0.7360853,0.21915662,-1.3935006,1.2325329,-1.156594,-1.6726452,-1.9767928,-1.0975178,0.08080463,1.0836256,-0.87671894,1.7901179,1.6603934,0.8425086,0.31289032,1.1058803,0.124410555,0.18703727
TGCGTGGTCAGGCAAG-1,-3.0083618,-2.6351357,-2.9628756,-1.0510056,1.7118393,-0.99757385,-1.2140661,-2.1101365,2.9538178,-2.6624618,2.5368793,0.5198576,-0.65114474,1.7562536,-0.51607215,-0.4661845,-0.042199578,-0.5755195,0.5688332,-1.8674567,0.3990026,-1.1458076,-0.22224678,-1.1397117,-1.1668108,0.21114051,1.2974743,2.2825384,-1.6032753,1.105916,-1.0934118,-0.39510426,-2.5421526,-1.2732493,-0.2617267,-0.4152869,0.015420759,-0.19870365,1.0597692,-0.2560459,-1.1103992,-0.4215619,-0.9245463,-0.3732823,0.16115713,-0.37136033,0.5377857,-0.69923043,-0.9447677,1.160108
TGCTGCTCAATCACAC-1,-4.8591313,-0.24557959,-0.26765168,3.67723,-4.047014,-0.26859057,1.4110869,3.4272351,-0.1597142,1.1714569,-2.3760142,-1.3801596,-1.2878386,-0.6086132,-0.89633995,0.16376227,0.97011095,0.12123282,-0.721424,1.1950964,0.30670124,-0.23885727,0.77480376,0.75628316,1.8363261,-0.70175433,1.0160003,1.3134962,1.9213189,-0.43287575,0.5324289,-0.9245832,-0.6173177,-0.13457298,0.2558146,-2.1883166,-0.06736398,-0.9048732,3.030306,-1.2554793,-0.9245575,-0.30640566,-0.84161747,-0.593848,-0.5621564,1.1509364,-0.78323185,1.1765525,-1.7627642,-1.2352753
TGGACGCAGCGTGTCC-1,-4.3087344,-0.9936509,2.3518748,3.7454617,-3.090612,0.34041408,1.4510487,1.1561093,0.10858883,1.8839022,0.65543634,0.82648236,0.7789338,-0.24839248,1.4614612,2.4587333,0.41594142,-0.10874962,0.12645714,-1.3592268,0.18027021,-0.122825734,0.9583593,-1.6900558,-0.3856683,-0.19902797,1.0012412,-2.0970328,0.9566014,0.12329765,2.5067017,2.4355392,-1.6783645,1.474031,0.537527,1.1194657,0.55573183,-0.61241055,-0.58570564,0.71544796,1.0707747,-1.2154977,-0.34963807,1.6751986,1.264912,0.822897,-0.95182925,0.67688334,0.7971057,-0.3978043
TGGACGCCATCGGGTC-1,-3.7164297,3.4354258,9.500715,2.9856658,-1.5643609,4.1390824,1.1909151,-2.4738584,1.9068204,-2.3746898,-0.2676078,-0.33039412,1.4387453,-0.26841587,-0.8244554,-0.21044937,-0.25280342,-0.5067971,1.5156308,-0.619996,-0.7433461,-0.04799533,-1.0289707,-0.38825098,-0.35574722,-0.02463679,1.1162792,-0.012420677,1.1126969,-0.17272174,0.32239604,0.38969582,-0.50198436,0.864468,0.75009316,0.107615195,0.028987283,-0.5067771,-0.13311532,-0.7568307,-0.28788766,-0.799685,-1.575073,1.8913376,2.3602095,-0.20564356,-1.6272156,-0.3237639,0.08080721,-0.1176735
TGGCCAGAGATATGCA-1,-4.223773,-1.7100911,-4.0691113,-1.2432013,1.064327,-0.012995944,-0.5784659,-2.9913926,2.6292646,-0.9043491,0.2986943,-0.09825633,0.44500637,0.7008504,-1.487564,-0.9749914,0.609547,0.08311364,-0.29958594,0.3933245,0.7059056,-1.2826046,-0.77358025,-1.8404067,-1.0794706,0.7374002,1.1518527,-0.40946552,-1.3977787,0.81158423,0.44115692,1.0765284,-0.7483015,-0.19474763,-0.10630926,-1.3575692,-1.5308431,0.6792161,-0.4602135,-1.990322,-0.56230164,0.22211076,0.9969854,1.8995106,-0.37532747,-0.011628362,-0.08120546,1.268735,-1.0032862,-1.5647122
TGGCCAGTCAAGGTAA-1,-5.2201123,-2.0377293,-4.1433997,-0.64009905,1.0439751,-0.21580371,-0.2250792,-2.3968,2.0392044,-3.1677036,-1.0686542,-0.5923225,-0.77440923,2.0046382,-0.1367621,-0.3590849,-0.95870554,0.7569261,0.068958685,-1.0533317,-0.3982407,-1.2403141,-1.6482373,1.0602624,-0.06650242,0.91076934,0.71112937,0.3100632,-1.1773423,0.53971833,-2.1993322,-0.37247723,1.5359356,0.29990613,0.29022813,-0.22479537,-1.305562,0.906996,1.9308827,-1.8692604,-1.1552643,-1.377799,1.4109296,-1.3396666,3.2976706,-0.63994044,-0.532885,-0.33983186,-0.17670277,-0.5638984
TGGCGCATCATCGATG-1,-3.8225224,-1.3980517,1.8753687,2.5592263,-3.4319093,1.2711,0.06890272,0.537853,0.544902,1.0443889,0.34681314,-0.92680216,0.44926745,-0.4142844,0.88947576,1.8847909,0.68658227,-0.45630693,1.5430049,0.38717824,-0.53454876,0.25520587,0.5966181,1.4339043,-1.5590035,-0.260583,1.3782163,-0.7874221,-1.270042,-0.2188069,0.7729884,1.3492463,0.2717297,1.3629341,-1.8195868,-1.225744,1.1130141,-2.3845305,-0.7800651,-0.86877626,-0.4291348,-1.3414984,0.94619924,2.0150318,-1.0164787,-1.3859663,0.7023921,1.076504,-0.6337008,0.7075579
TGGCGCATCTACTATC-1,-3.1118371,-0.34340748,-1.3832015,-1.2180771,2.2217603,-0.6976972,1.1241376,-0.88342077,1.1956865,-0.9506314,0.008008746,0.4023416,-1.5364653,1.5546588,-0.04274846,-1.3378121,-0.24575984,1.574851,-0.26084745,-0.34542343,0.7456166,-0.22783236,-0.6604196,-1.5053148,-1.3789309,0.7796619,1.1699225,-0.46032724,1.2290523,3.7827044,-0.67793626,0.8420243,-0.18928018,-1.5512723,-0.104598954,-0.47291717,0.19734517,1.7317942,0.36278418,3.027044,0.28651524,-1.6013894,-0.7918098,-0.11271285,0.569357,-0.6942521,-0.003335401,-1.4071867,1.2744906,1.3866794
TGGCTGGAGGTGTTAA-1,-4.22738,-2.8333616,1.1588795,4.053743,-2.5735028,-0.18174009,-0.23737617,0.78682816,-0.0056136935,1.1130427,-0.47267383,1.0563934,-1.1090959,-1.7726953,0.23582663,-0.056189846,-0.6155403,1.6891077,1.9970362,-0.572264,-0.21089065,-0.6388565,0.5417236,-1.2488271,0.14033595,0.70122534,-1.2721834,-0.5722876,0.55504847,-0.4178505,-0.23428005,1.770008,1.1293501,-0.17752248,1.0823058,0.55294526,1.25126,-1.7043945,-0.63017935,-1.6568047,2.576858,0.22646222,1.3502154,-1.1619782,-0.52250665,0.25498322,-1.7274598,1.1510464,0.5577639,0.55936503
TGGCTGGTCTACTATC-1,-5.6758375,2.561399,-0.71342224,0.4230115,-2.8461986,-2.1917915,2.2656655,0.10302809,0.763527,2.9912453,0.8968352,-0.83156776,0.22452563,0.8315218,-0.72561824,1.0204746,2.8918467,1.5828601,-0.17978413,0.6706658,-2.6068146,-2.095322,1.2844604,2.5897248,-0.28646055,-0.9668483,-2.1699965,0.61350405,-1.1843818,-1.0505306,-1.4381701,0.84371513,0.027039383,1.3961176,0.31874046,-1.0949234,1.0081769,-0.6431641,-0.3260692,1.0562098,0.019776745,-1.185662,-3.2613585,4.089898,-0.55780715,0.8016369,2.1610847,-0.064947404,-1.8787545,-1.7203416
TGGTTAGCACGTGAGA-1,-2.20546,-1.384469,4.109027,2.148434,-1.852247,1.8797957,-1.5379822,-1.1409473,-0.26726297,0.69585705,0.1693998,-0.81631595,3.6366038,-0.35611323,0.80770063,1.9176549,1.8620555,-2.8129926,0.99689305,0.40730095,1.637046,-0.9740076,-1.2296818,-1.3751011,-3.450519,-0.8835223,-0.007362079,0.13485253,1.6632566,-0.07801857,1.5687882,-1.6446308,-0.30142176,-2.3068752,-2.1668067,-0.37776682,-1.3032804,-1.526022,2.2722952,-0.8986919,-1.1456906,0.81692046,2.6289694,0.7433202,-0.4449955,0.1182777,2.4901924,0.07431133,0.44155008,0.5772991
TGGTTAGCATGGTTGT-1,-3.8353133,-0.67267025,-2.2045932,-0.12946215,-1.3626506,-1.197282,0.5535224,0.92260927,0.1526605,-1.2153177,-1.4915138,0.96082765,-0.7563742,-0.9827335,-1.3810232,0.22757044,-0.86201036,0.15598193,0.43446904,-0.8189359,-1.1002685,-0.25550073,1.0229452,-0.30430672,-0.62733185,1.2440506,-1.9432356,2.9229531,-0.63651717,0.24466993,-1.1096036,0.16902979,-0.86845857,-0.68085897,-0.7001558,-2.8902617,0.27710626,0.39432982,-0.27480993,2.187584,-0.056514636,0.13603364,-0.55524266,-1.423768,-0.64683837,-0.47541854,0.0591654,1.1934687,0.42261595,0.22014558
TGGTTAGTCGATCCCT-1,-5.428884,-1.4964403,-4.988355,-2.143478,2.3639941,-0.2730452,1.1014256,-1.1934985,2.819683,-5.1691265,3.5635927,2.1912315,-2.6440275,0.65030086,0.4584048,-1.8260769,-1.4976541,-0.29570466,-1.3803703,-3.90438,-1.816567,-1.9470632,-1.9096152,1.2289705,-0.10336565,2.6739843,0.89452153,0.28193125,-2.297925,2.1067946,1.063811,-1.2701272,-0.088738516,-4.599951,-1.2832559,-1.4317428,-0.52656484,2.2355723,1.2411665,-0.8462216,-2.134597,-0.8086123,0.7317378,-3.4600337,-1.4206476,-1.0709645,1.9834199,-1.4222351,-0.5449017,-1.2221943
TGGTTCCCAGACGCTC-1,-3.842515,-1.028318,3.144812,2.8780096,-1.913641,1.5082065,-0.022135735,-0.38340488,-0.8863372,2.2872999,1.2263763,0.93528914,-0.23512211,-0.19551143,1.3047026,2.4656363,-0.45325372,-0.24827594,0.07694718,-1.5798295,1.0421954,0.66114044,-0.46500134,-2.3687904,-1.0842232,0.1855675,2.4764369,0.651796,1.2241522,0.21323642,1.7705067,2.4087782,-1.1314111,0.45882392,-0.41983673,2.2241426,-0.67611265,-1.3160044,-0.11609708,0.6596078,2.7642457,0.7558043,0.6377556,-1.3949534,0.86144775,-1.013024,-0.21567218,-0.72241163,0.722033,-1.1565158
TGTATTCTCAGCACAT-1,-4.0877347,-2.3505116,-2.9472659,0.9181536,0.48097298,0.6393788,0.5352603,0.2754377,0.08270956,0.38831225,1.2172912,0.747765,-2.017464,0.5080428,-0.6641041,-0.5029388,2.4207985,1.0106207,-0.817031,-1.4830753,-0.86810213,-1.110242,1.3162767,2.074599,-0.30174255,-0.55056083,-0.23564632,0.88572663,-0.5080686,1.699354,0.107761025,0.6896622,-0.63028866,-0.27123657,-0.84136313,-0.6067313,-0.28360692,-0.47918588,0.88472044,-0.24085005,-0.39867708,-0.63435006,0.08962567,-1.6303751,-2.184152,-0.64813787,-0.45331168,1.4753288,1.2339098,0.44485515
TGTCCCAGTGTGCCTG-1,-2.1818068,2.3923633,9.32682,4.5224257,-5.283304,3.8001473,0.8920716,-1.941058,1.94677,-2.9787045,-0.9620088,-0.45386007,1.7196642,0.36724457,-1.7588897,-1.0053874,0.21930215,2.9084425,0.14513089,0.8432153,-1.3859935,-1.089593,-1.2935109,-2.2594583,0.96845514,-0.93437326,-1.2365988,2.0119493,2.776327,-1.349501,-0.234781,0.8054354,0.32699382,0.793462,-2.3761895,-0.6003677,-0.71956533,1.0262284,0.14051676,-1.4179633,2.7932303,-0.38498932,-1.2478927,1.3374943,1.0447683,0.032460846,-0.38897562,2.8655124,-1.311658,1.1588821
TGTGGTATCGCGCCAA-1,-3.7068944,-0.8855699,-0.11597768,-0.20586477,-0.31558272,-0.81732804,0.26652926,-0.9503446,1.4418579,-1.3297998,-0.24125436,1.2360039,1.8021039,-0.3007701,0.30960622,-1.3647832,2.2730513,0.37146395,-1.4038705,-0.68636715,-1.7972172,-0.8293746,-0.14444284,-1.4628179,-1.82158,-1.1494396,0.049326967,-0.8240986,-0.49744144,2.4845123,0.11969623,0.7692166,-1.2407029,-0.12778792,-1.1123112,0.9051828,1.6414921,1.0594894,-1.4388914,-0.027727371,-0.099224366,-2.4902503,1.097146,1.5361654,-0.55496407,2.560906,-1.8828794,1.5378137,-1.0172267,-0.022435965
TGTGTTTAGACAAGCC-1,-7.69398,-2.4117167,-3.0581374,0.59587,-1.3162022,-1.8458843,1.8186538,0.06047681,1.035239,-1.0781276,-2.2770655,1.9233551,-1.1303567,2.0320761,-0.9181496,0.33247223,-0.48324758,0.44763032,0.23593119,0.66756034,-1.8202668,0.22078937,0.07052637,-0.44045532,0.7470346,1.196476,-2.2975059,0.5549553,-2.1739154,2.6880631,0.111249864,1.6408918,1.5839642,1.2866601,0.32567006,-1.1343405,0.3435526,0.53104955,-1.2729969,-1.3901706,-0.5899034,1.0696198,-1.1914303,0.36310908,-0.08863164,2.8470407,1.4025062,-0.32435855,1.4483978,2.3066876
TGTGTTTGTAAGAGGA-1,-3.5808778,-1.9326617,1.749939,2.0349376,-2.4093611,0.60927457,0.4333656,1.0544147,-0.41939855,0.60065895,0.81152195,0.6224369,1.0742699,-0.44071278,1.1893059,-1.118746,0.0669613,-1.5997499,0.7055777,-1.5342911,0.6422546,-0.9544877,-0.08262853,0.9198552,-0.54038,-0.34466588,1.8221148,-0.04392988,1.85551,-1.9506552,-0.43580547,0.78210986,-1.0340841,-0.22672765,-1.6876471,-0.7427024,-0.39123455,1.132979,-0.44399658,1.4825026,0.27198863,0.17175432,2.4123046,0.76702005,-0.0060732956,2.3988833,0.041109484,-1.5488352,0.8790757,-0.37150347
TGTGTTTTCATTGCGA-1,-3.7433126,-2.3792279,-3.6216526,-2.319239,2.4728081,-1.21981,0.062878214,-3.6473372,3.1957479,-3.0036905,-0.12636492,-0.09106084,-2.2776582,-1.0091132,0.4342322,-0.35473764,0.10880735,0.93947655,-0.66701764,-0.2828734,0.441842,0.47965318,-2.8167317,-0.3532065,-1.642662,0.008543157,1.8188174,0.39127445,-0.97719663,2.2162666,-0.90931565,-0.32604498,-0.48792744,0.050006613,-0.3407762,-0.6836422,-0.19681828,-0.026701363,-0.03882344,-0.7108425,-1.8268944,0.8992278,-0.4359455,0.56931543,-0.43399113,-1.0751505,-0.6511846,0.23009615,0.55899477,1.8493965
TGTTCCGAGATCCTGT-1,-4.7669334,-1.4120969,-1.562831,1.1135128,-3.2523897,-1.0372853,0.9548801,2.268056,-0.3248179,1.4378567,-0.82528937,-1.5932784,-0.48717418,0.004525677,-1.2234386,-0.70933294,2.5591252,-0.6586632,0.11028549,1.0164452,0.5588553,-1.0005375,3.1512146,0.8792344,1.9661021,-0.936224,-1.840928,0.7054798,-0.49440038,-1.2980497,-1.5445607,-0.061970137,0.10972358,3.7558463,-0.24428725,-2.838175,-1.8309492,-2.5735774,0.9807554,-1.0040203,0.085369535,-0.5954535,-0.6900909,2.1174808,-1.0689784,-1.4482334,0.58220947,1.0228426,0.17680015,-0.53789806
TGTTCCGGTCATGCCG-1,-2.9058986,-1.1552292,5.679745,3.5229475,-3.3164818,1.2590402,-0.4890604,0.3529448,0.52433187,0.577044,-0.70666647,0.14076167,2.260445,0.60900813,0.015572748,1.0801194,0.36957943,-3.381826,0.97020054,-1.9017394,1.8855737,-0.81881046,-1.2258239,-0.014401808,-1.7741004,-0.65496373,1.2272794,1.7084417,0.69926393,-0.7333067,1.7016575,-0.16916315,-0.43550318,1.012378,-0.35885766,2.5776188,-1.7332473,1.386371,2.0610318,-0.89675665,0.4708909,-0.49887678,0.047357827,0.48386595,-0.61018956,0.7716723,1.3357525,0.03487457,-0.886474,-2.192709
TGTTCCGGTTGGACCC-1,-3.9985013,-1.9343657,-3.2358344,-0.72713643,-0.38080272,-1.238169,1.8336076,-1.424631,1.5309561,-2.8669324,0.50969505,3.7440114,-0.7256115,0.8774926,0.6170258,-0.6578665,0.028217372,0.35551926,0.22208111,0.7836912,-0.27547142,-0.2832413,0.6951534,1.0038029,-1.0456998,-0.38121152,-1.7183917,-1.5409267,0.150929,0.7881935,-0.21435562,-1.3345953,0.6490663,-1.8803873,0.16758566,-3.1617413,2.0753393,0.26644054,0.5279164,-0.21706675,-0.7095164,-1.3200923,-2.3396878,0.87263876,-1.0128462,0.96676487,-1.4600266,-0.5105417,-2.1090097,1.056461
TTAACTCGTGCTCTTC-1,-5.6687946,-2.5876503,-0.21998861,2.1033282,-2.759455,-1.7334055,0.4502361,1.0141509,-1.2542262,0.18800104,1.096468,0.6523587,-2.4644456,-0.14857613,0.6980352,0.9409223,-1.6604096,1.209803,1.1825901,1.4481568,0.94538844,0.14213486,-1.202861,-0.333276,-0.17248301,-0.78703636,-0.6091277,1.0964873,0.9160667,-1.0433723,-1.2134264,0.5408502,-1.1303768,-0.13041836,-0.7442098,-0.80739903,0.30116293,-0.9578977,0.72295064,-0.30936623,-0.5337321,1.0140756,0.52035105,-0.69895613,-0.55971456,2.0921133,0.020679053,1.526371,0.9722388,0.34692514
TTAACTCTCAAGCCTA-1,-6.559618,-0.8242513,0.080375455,1.9132863,-3.576848,-1.8888624,2.6952472,2.9781296,-2.4730468,0.976353,-0.4949572,-0.033004764,-0.49125794,-1.3035536,-0.3958192,-0.96723074,-0.6670998,0.11967739,2.7585814,0.5669531,2.8062408,0.84334326,-0.9705376,-1.826153,-0.5785102,1.9555542,-0.055193994,-1.5439193,2.220359,1.5169424,-0.8723786,-2.122495,3.5207582,0.34883803,-0.82954067,2.0203748,-1.1380583,-0.56689185,0.5337884,0.39733785,0.57390845,0.9815167,3.4773862,1.2886963,-2.190614,-0.9102139,-0.93044573,-0.9678373,0.8829309,-0.46077403
TTAACTCTCCAAACTG-1,-7.344552,-1.253088,1.1910491,0.79245263,2.8231666,-2.1941988,2.400464,2.1278226,-1.424825,-0.28343678,0.6243349,0.5871238,-0.71690476,-0.6162817,1.932788,0.73432696,-2.173871,3.0222905,5.1192455,-0.30345902,-3.9839125,1.750451,-5.443125,0.4074964,-0.63459146,-2.7004642,0.8549445,1.789201,0.5234074,-0.39378163,-1.5738006,1.4613698,-0.68872684,0.7042951,-4.35737,5.3705745,0.09721089,0.87781346,-0.9066962,5.6887016,-0.381665,0.9837321,4.1328673,2.9724188,0.70563823,-0.19551328,4.5790477,-1.557799,-0.15126467,0.2951889
TTAGGACGTAAGTTCC-1,13.803704,0.053210456,-2.158988,0.8506846,-2.0342019,-0.20489925,2.93646,2.1512985,-0.6460306,-1.8309127,-0.46142063,-3.2260363,0.19440044,0.26175752,-1.6374427,-0.122306526,0.5574345,0.9703376,-0.47195837,0.18760891,-1.5276655,0.80420494,-0.26742673,-0.8291828,0.28355455,-0.46725255,-0.113240905,-0.15522663,-1.063757,-1.0022031,1.1898245,0.17370534,-0.7335559,1.3331382,0.12876411,0.0036216676,0.33949375,0.09765559,-0.9049523,-0.10624134,0.80339044,0.77782935,0.54378575,0.7820525,1.6333857,0.016511874,1.1247627,-0.54598147,0.52046186,-0.3009694
TTAGGCAAGAATCTCC-1,-2.7608137,1.4528546,8.954025,4.632391,-2.4947515,3.0984457,0.54202855,-4.180825,0.378136,-0.91496986,-0.57173616,2.3583405,1.2560655,0.48903415,-0.021895207,-0.877088,0.36454487,-0.9208768,0.683855,-0.5316875,-0.5056214,0.065572806,-0.46562275,0.046886988,-3.1196346,-0.97296137,0.90660286,-0.54639745,-0.65243405,-1.8708268,1.3229159,0.60675585,0.003218465,1.1614066,-0.08345488,0.75850314,-0.9001549,1.3604497,0.11767959,-1.0934556,2.130718,-0.43810725,1.5162975,-0.4351451,2.3840613,0.38083526,-2.9141836,0.352243,-0.107255206,1.6561463
TTAGGCAAGCCACTAT-1,-4.1690907,-2.8095102,-0.7887806,2.019722,-2.4619775,-1.2885054,4.4144382,0.3351308,-0.28462717,-0.39105412,2.4496315,1.6288037,-0.3113746,1.9250605,0.86663425,-0.67366815,0.40075812,1.0940726,0.19738929,-1.0412146,0.13833344,-0.8354717,1.2293019,-0.20280442,1.988336,2.0017579,-0.15888327,2.0775123,1.1411374,1.4336222,-0.16663139,-1.435748,-0.3141144,1.0434967,-2.945965,-2.044684,0.84541994,-0.34994984,-2.387692,-0.58721846,1.5140207,-0.12167431,-0.5660525,-0.5565369,-2.9159806,0.34763944,-0.5752282,2.448387,-0.840008,-2.3280501
TTAGGCATCATCATTC-1,-7.4654694,-0.3184666,0.842833,3.0482357,-3.42483,-0.85691774,2.3763957,4.2310286,-1.7308309,2.4602149,0.45622322,-2.1412508,-0.33404034,-2.4931638,-2.6254015,-1.2853991,0.50844705,0.36662698,-0.9867711,2.1074486,2.8775575,1.7819011,1.4881731,-1.9503295,0.45177105,2.072729,0.10240061,0.95677423,2.2505996,-0.009113382,-1.2355013,-0.22325696,1.6723834,-2.3158312,1.1942321,1.5619965,-0.5360166,1.3143809,2.2248044,-1.7468237,1.7213788,0.26834568,-0.046128362,0.35361204,-1.7426723,-1.2286123,-0.16149245,-1.2160875,-1.3528489,0.19628438
TTAGTTCCAACACGCC-1,-3.9359207,-3.3171842,1.3689591,2.60013,-2.7405787,-0.5810541,-0.89306957,-0.24099965,-1.9398729,0.23874776,-0.8247078,1.1728828,0.6669199,-0.41480926,0.96008223,-0.1868125,0.5488179,-1.5202965,-1.170299,-0.75965524,0.60703534,-0.28799835,1.3551431,0.327638,0.38336334,-0.7362861,-0.8624017,-0.67126745,1.1291345,-0.10019308,1.0145367,0.39171693,-1.0159862,0.038404405,0.37671024,-1.8562721,1.3762928,-0.31353283,-1.4291674,-1.9884176,1.029004,-2.009991,1.7069666,1.552162,-1.5672823,1.9014928,0.34889284,1.1269946,-0.7398548,0.665144
TTATGCTAGAAGCCCA-1,-6.299662,-2.5874145,-0.41347677,3.8914616,-2.9045253,-0.34420186,0.6061535,0.6880366,-0.22980732,1.2715858,-0.95385057,-0.82561594,0.2584216,-0.8845337,0.25431013,-0.3355464,0.11198899,-0.95627123,-0.6103718,-0.28288212,3.2847853,0.5074999,-1.3909261,0.46067402,-0.14866947,1.1012436,-0.45933405,-0.7714739,-1.0814109,0.20611021,-1.1627775,0.11994928,1.1048657,1.1016195,2.1955798,0.21443145,-0.3481613,-0.72308075,1.4360657,-1.3221781,1.2726688,0.1864152,-0.31066367,-0.019907663,0.30146047,-0.76931244,-0.21284403,1.7178712,1.1038024,0.94914365
TTATGCTAGGGTTTCT-1,-4.975172,-1.9653828,-5.904665,-1.5287589,2.9668288,1.2490523,-0.5189353,-3.055008,2.8963573,-3.077652,-0.09539943,1.488921,-1.9781699,0.12407159,1.1921855,0.7266696,-0.17875175,1.0914432,-1.8771768,0.5701535,0.38403964,0.26373377,0.2244187,1.3851078,-0.078978516,0.37500173,0.3294362,1.0245023,-1.077535,0.44824085,-0.3088446,1.4807255,-0.4347705,-0.93423456,0.36036775,-4.0668807,0.22830282,1.8537993,2.3987749,-1.0403483,-1.0645859,-0.45782912,0.15939403,-2.9230976,-2.1892166,-1.6156063,0.38108385,-1.5978464,0.29762155,-1.9742248
TTATGCTCAAGTTCTG-1,-6.634179,-1.1424319,-1.649244,-0.5839662,-0.18564567,-1.4071702,1.493054,0.5518322,1.0882716,-2.9126601,0.90985197,0.2033379,-0.8267833,-0.17690304,0.5052137,0.5095494,0.3753913,-1.1146394,0.37856334,-1.8199837,1.0424337,0.35223725,-0.5275842,-2.3004217,-2.2653723,2.9269154,0.4258032,-0.10283554,-0.829418,1.2691082,0.5023809,1.8603333,-1.6784049,0.23447905,0.27267423,-0.28483105,0.0061362847,0.1399073,-2.584783,-0.19364955,-0.61098915,-0.0713575,1.8999765,1.5367588,2.5470977,0.16228001,-0.035931922,-2.3947566,3.0975716,0.1415268
TTATGCTCATATGCTG-1,-2.8899262,-2.115659,-1.2357402,0.39375538,-0.18505861,-0.078774884,-0.20513676,-2.2247794,1.3477579,-0.19406913,-0.19045532,-0.3153635,1.0384269,0.0069311396,1.0951864,0.17759065,-0.38539946,0.3455304,-0.42042533,-0.8120848,-1.6047202,-0.8199557,-0.6715694,-1.4977862,-0.34464216,0.6367458,1.0104268,-1.5425307,-1.206567,1.4060798,-0.29937866,-0.26695052,-1.3388581,-0.037047654,1.0446002,-2.659867,-0.92101246,-1.8861095,-0.6071318,-1.9611039,1.3786476,0.7185521,1.0443027,0.6694018,-0.02182336,-0.9886907,1.4649969,1.1887271,1.9409276,0.100263834
TTATGCTTCCTTAATC-1,-4.8009686,-1.2578415,-1.039384,1.5631351,-2.5971234,-1.3683684,3.0965078,3.7980404,-0.70163727,0.031751588,-0.57987833,0.14801836,-0.8561105,-2.2049243,0.39205858,-0.98705566,1.0503784,1.2620121,-1.1306036,0.24957648,1.6278709,-0.6074815,0.23969945,2.9615467,-0.37011522,0.24421017,2.0292287,1.8624368,0.042484954,0.21208975,0.61281174,-1.5046606,1.1501999,0.39800435,-0.46871907,-1.6256633,-1.2472429,-0.39074436,-1.095561,0.42575288,0.57972574,-0.19113228,-1.7263287,0.7602182,1.0080037,-2.7581286,-1.0794004,1.2470714,-0.46797588,2.6358354
TTCGAAGCACGGCCAT-1,-4.574821,-1.0620079,0.21917605,2.5996976,-2.5667827,0.16367868,2.0420702,1.019997,-2.160539,1.1757811,1.3095199,-0.33193728,-0.34982175,0.6741584,-2.2408066,-1.1455417,0.49517784,-0.2800065,-0.5567111,0.53310984,0.393769,0.5766892,-1.2880174,-0.05753544,0.18833876,-0.4066717,0.029957775,0.1703207,0.73624796,-1.6871645,1.2326456,-0.08078495,1.8875406,0.032519426,-0.7682188,1.6822509,-0.8682956,-0.27024996,0.6391458,-1.095088,1.7285273,-0.16061959,-0.52697843,0.28262186,3.6776874,0.9974637,-1.951968,-0.83097565,1.4182914,0.4370259
TTCGGTCGTCTAGAGG-1,-4.415143,-2.7107584,-1.8482692,0.93640804,-1.2332307,1.1252856,0.50645214,-1.1025329,1.3290612,-0.46803525,2.392984,1.4142687,-1.3768785,0.11509188,0.13508572,-0.00388492,-0.52773637,1.3813229,0.8911459,-0.9537505,-0.18830085,-0.34614068,-1.8295163,0.26918855,0.7804435,1.062042,1.2715137,1.1753668,0.9080996,1.2800554,-0.776566,-0.10890946,1.4769213,-1.183599,-0.27410516,-1.2234839,-0.30699006,-0.732971,2.230561,0.103479035,1.7126691,2.0474448,-0.3458047,-0.4628585,3.183915,-1.6269836,0.66136384,-1.9601258,-2.0432973,-0.12973465
TTCGGTCTCCAGGGCT-1,-4.9028506,1.1639578,7.571255,3.2961483,-4.148362,1.5991797,1.5341494,3.0309665,-0.30595815,-0.55185586,1.3946091,0.35057598,3.3856466,0.17076892,2.4907515,3.7457774,1.7807304,-1.7346722,0.11342998,-1.4805627,-0.8111044,0.60109484,-1.3295642,-0.8053211,-2.432081,0.09910502,1.5477489,1.8090034,0.6633767,-3.2117007,3.7893226,-0.71965355,-2.1598582,0.41432044,-2.392783,-1.8808472,-0.5911419,2.4526572,-1.5637531,-1.6765175,-1.0927603,-0.039119065,-0.21772759,-2.8876595,2.3800712,5.2868257,1.4601672,-1.3583138,0.7922915,-0.8454535
TTCTACAAGCAGGCTA-1,0.3784371,0.5598222,7.3929825,2.0917432,-1.449713,4.1065354,-1.8193434,-3.199595,0.22567202,-2.8626883,0.679784,1.7522038,-1.2362877,0.30322143,0.35236433,-1.705971,-1.2167534,-1.0534148,0.6505043,-0.4574091,0.67434275,0.41331258,-3.066173,0.13774252,0.16341712,0.6880286,-0.59530306,1.2175987,-0.9218641,0.52161574,0.37223732,0.18297552,-1.5435869,-0.06499083,-0.29032597,-0.33322135,-0.99448544,-0.5810231,0.2176298,-0.006462576,-0.813486,0.56400025,-0.77636397,-0.24044906,-0.46769628,2.3390498,0.40964204,0.9276669,0.9765283,-0.22562422
TTCTCCTAGCAGGTCA-1,-6.1682744,2.4327679,-1.3144776,0.47508875,-4.204279,-1.5339577,1.1734413,2.4835997,0.87224805,2.2402072,-1.9589611,-1.6436528,1.216425,0.36109522,-2.276755,0.62706184,0.8075641,-0.55821437,-1.7520561,0.9060125,-1.6620108,2.1017666,2.3223486,4.275867,-0.22822402,1.2451717,-0.85042053,0.6886443,-0.80402845,-1.6474259,-0.141133,-2.401256,-1.4365689,2.7479756,2.3058205,-1.1743343,0.044089496,2.2428503,-1.1357507,0.24241216,0.6795203,-1.8170371,-0.84746265,-1.6408954,3.111662,-0.12521507,0.6726597,-1.7298363,-2.743301,0.46385977
TTCTCCTGTGTTTGTG-1,-3.7083461,1.2365559,2.4938345,3.5583432,-2.1999495,-1.2365645,0.055108637,-0.17865212,0.83324224,1.6364588,-1.7314152,-1.651345,2.6940196,1.5112219,0.62714803,2.9005237,1.5842649,-1.6547922,-1.9472525,0.15113471,-1.1223966,-2.9959993,-0.65248793,-0.71219045,0.44609112,0.0050554737,1.6905525,0.145915,-0.2577199,-0.5104037,-1.8007666,-1.6555958,0.3023191,0.07788737,3.3239589,0.09067165,-0.8242601,1.2496395,-1.0919253,1.6531187,0.9479997,-3.403553,-2.0393867,-1.7243291,-0.45352498,-2.661318,-2.7154496,1.6191046,-3.248887,2.235465
TTCTCCTTCATACGGT-1,-8.344858,-1.4356458,-4.578096,1.2140884,-2.9619167,0.15237716,3.1567583,0.5749255,1.3555102,-2.4557562,-0.94487566,-0.35726398,-1.242002,0.7688281,0.80998963,0.05333233,-0.9019806,1.9797208,2.2109253,-0.76082623,0.6844273,1.098926,-0.7324997,-0.94780475,1.5339538,1.586761,-2.5754533,0.72909015,-0.102878034,2.9859266,0.18110985,-0.5168626,2.6290514,0.13633825,-0.06039224,1.8560444,-0.046131577,-1.5556396,0.9520107,1.7909923,-3.3596084,0.02685316,0.51912445,1.8518059,1.7472663,0.73219377,2.8424487,-1.7463576,-2.8098485,-3.4049025
TTCTTAGAGGGTATCG-1,-3.0258746,-3.3087547,0.20617296,3.2555661,-3.0506046,-0.28906432,-1.0562658,-0.5882718,-0.35553536,-0.54611015,-1.1868874,0.94905615,-1.774044,0.93274105,0.7556175,-0.34386325,0.434919,-1.1733291,-0.9432335,-0.979485,1.3107978,-1.420587,-0.29957926,1.2922213,-1.1196922,-0.0027349696,0.6849967,0.93632114,1.2265992,-0.36900002,1.2211281,-0.38238692,1.6524084,-0.4340339,0.39062738,0.98161876,-0.018185468,-0.80994785,-1.1964967,-0.9471481,-0.26593778,-0.7675041,0.40624186,1.3693712,1.4647236,0.8015528,0.2217209,0.383398,1.061845,0.18085927
TTCTTAGAGTTATCGC-1,-6.5629067,-1.3372489,-1.4785308,1.59841,-1.1357112,-0.6257048,3.8352604,1.4660449,0.15785737,-0.65597004,-1.2650225,-1.2147586,-2.3182766,1.7741809,0.23196441,-0.97348034,-0.31921372,0.6957962,-0.4436074,-0.27746215,0.75548637,-0.36505467,1.7034928,1.2458758,1.0429183,-1.5553,-0.1918085,2.3778675,-1.0220518,0.8051875,-0.16880506,-2.0339875,1.8287972,-0.1355181,3.1003687,0.34862313,-0.5481554,0.14836346,1.829122,-0.9250224,-2.8036149,1.1457089,-1.2839222,-2.3230443,-0.75912535,2.2890108,0.5720268,0.5257181,-0.2046718,-1.8427799
TTCTTAGTCAGTTCGA-1,-3.953525,-2.3272555,3.3722556,2.995203,-4.3324823,0.30183962,2.5346537,1.3094957,0.27002814,0.37336925,0.5038779,0.7980654,1.733118,0.81299585,1.3479509,0.2761298,1.9675658,-1.5178502,1.062623,-0.18169364,-1.7311327,-0.82473624,1.7964957,0.8138097,-2.1647744,1.9556541,1.7259994,-0.35932383,2.8764236,0.7577805,0.48482418,-0.6503589,0.7772574,-1.6568722,-0.44374135,0.5277737,0.081444524,0.2546296,0.35681316,0.62144756,0.8151514,0.038278583,2.6147406,1.8024242,-1.7736901,2.327702,2.1829517,-2.1961203,0.63013095,0.13507587
TTGAACGTCTCTAGGA-1,-2.1869783,-1.0685087,6.748431,2.3067775,-2.1448338,1.8221043,-0.3051116,0.6131204,-0.37387645,-0.36654192,1.207328,1.3057079,0.0698456,-0.7518514,0.5135239,0.3951163,0.9651736,-1.2326313,-0.19168164,-0.08650137,-0.5300168,-2.095126,-0.3961439,1.3586477,-0.25590855,-1.1638076,0.37722763,-0.3078726,-0.10583634,-1.306866,-0.4487553,0.87091386,1.429431,-0.9278825,1.181308,0.5825061,-1.3461802,-0.19483611,0.046931084,0.10128084,1.3314092,-1.2803478,0.71393114,0.22042622,-0.25860023,0.5397888,0.25172186,-1.8260802,1.8863704,1.2480304
TTGACTTTCCGAATGT-1,-2.1501865,0.33863917,3.4438608,1.7177758,-1.6358969,1.3028547,-0.74660915,0.06972787,2.2841554,-0.046334516,0.07584685,0.8446113,2.8532968,-1.2891954,2.9255273,1.5205559,0.9764126,-1.4774921,0.85186815,-1.1523205,-0.11962487,-0.75895286,-0.6867794,-1.217085,-3.18819,-0.31786665,1.2045926,-1.4286395,-2.2255068,1.5436054,0.549046,0.40302485,0.41307357,0.015705153,1.8069849,0.058140304,-0.24123026,-0.43094218,-0.5374236,-1.8373234,-0.9028968,-0.82416356,1.0122142,-1.6108488,-0.25977686,1.073279,2.5326245,1.3455168,-2.0937903,0.34302175
TTGACTTTCTCAACTT-1,-4.2899356,-1.917438,-3.127561,-0.047170024,1.3464782,1.1878417,1.5172433,-0.94019693,1.2355003,-1.3165452,0.9081821,1.3771448,-2.9753957,1.746234,2.0381954,0.12766287,-0.38140106,0.87232697,0.14260094,-1.8043264,0.46045035,-0.97885406,1.2407641,-0.15285325,-0.8609517,1.4580044,-1.0786055,0.7307077,-0.92581654,1.9973954,-0.48294246,0.74314284,0.22297989,-1.1683457,-2.777144,-1.2203691,-0.5370717,-2.9234486,-0.56359833,-0.4683574,-0.98395544,0.43234476,-1.5072663,0.17778733,-0.412014,1.1116111,-0.588554,0.36929327,2.4736288,1.2172008
TTGCCGTCATTCCTCG-1,-0.7383736,-3.0078807,-1.5928379,2.8324418,-2.4316378,1.3966374,-2.3958719,-2.0266027,-0.41653886,4.189444,-0.0037816693,1.2385832,-1.788165,0.5419352,-0.79136765,-0.32192165,0.19648105,-2.6785235,3.2736304,-0.71012247,-1.5900192,-0.060081083,-0.5401142,1.5518025,2.219457,-4.4132123,0.38343543,-0.010322797,-1.2330792,1.9001206,-0.7788438,2.9863696,0.6018549,0.29769552,-1.9289464,3.0342371,0.18287632,-2.1768613,1.0931079,0.8548059,0.4387869,0.7561801,0.44109774,-3.055535,-5.968818,3.0392492,2.4649491,3.0361326,-3.6316628,-1.995515
TTGCCGTTCAGTCAGT-1,-3.3917854,-1.4077477,-1.6337241,1.8958964,-0.7105244,-0.73058987,0.7309438,1.4698985,1.5498816,0.27134106,1.5567088,0.805925,-0.46167114,-0.11971784,-0.20704724,-0.25508815,0.7447099,0.19935824,-0.46948388,-0.54779184,-0.6303698,0.44834077,-0.033112053,-0.5263285,-3.3690317,0.29817104,-0.9136212,1.3776007,-1.0211935,-0.31350505,-1.4333084,1.1331375,-0.5211348,-1.3556281,-0.43656436,0.92386264,-1.0689448,-1.1452163,-0.5316,0.3967551,0.36202583,-1.4706414,-1.9800955,3.203169,-1.2585382,-1.26812,1.6749352,0.30231467,1.8776317,1.3532019
TTGCCGTTCCTAAGTG-1,-5.8611326,-1.4335552,-0.42405415,2.5550752,-2.7129395,-1.4733776,0.7043052,1.2262836,-0.45114732,1.4699197,-0.25791186,-0.9326903,-2.2705917,1.1820552,-0.44972032,-0.2346203,0.6835174,1.582025,0.71841633,0.9441264,-0.5089955,0.6974569,0.16039772,1.735987,-0.3289049,-0.5865802,-1.2209038,0.9959598,-1.0472031,0.5670269,-0.27103195,-0.2940932,-1.6270695,0.4591459,-0.46972686,-0.34167564,-0.6478506,-0.75471246,0.05562754,1.2237073,-0.16922866,1.0489703,-0.15547729,-0.49944934,0.8628085,-0.43084916,-0.36869663,-0.14495978,0.11757615,-0.23695262
TTGCGTCTCAGCGATT-1,-4.8488336,-2.3912404,2.6136844,2.6686325,-3.2824714,0.46738946,0.54375386,0.62419873,0.40753767,1.5396781,0.21814531,-0.8223623,2.5183122,0.6148252,2.1768315,1.4917514,1.4969382,-1.3191861,-0.56943804,-0.17756864,-0.66648513,-0.3128258,-1.9876858,-0.60407954,-0.28050452,-0.37509042,-0.66024935,0.027286898,-0.7577925,-3.218706,-0.16265503,-0.31557345,-0.8997765,1.8879967,1.0149648,-1.1618564,-1.5171626,-0.07374185,1.0718653,0.91102165,-0.40562776,0.60846776,0.1429738,1.1855062,-0.1679806,0.5551094,-0.80484,0.89846104,-1.9233286,-0.612762
TTGGAACTCCGTCATC-1,-4.7338176,-2.0725527,-0.76732206,1.8898964,-2.4424849,-0.2725939,1.1190348,2.0413344,1.777449,0.3310248,1.1804477,1.4175708,0.9243847,-0.5806306,-0.669011,-0.08957325,0.480865,0.8028021,-0.4647769,-0.17153317,-0.21662417,-0.3121192,0.972306,1.1128619,-1.4928662,1.246397,0.75717336,0.9164726,1.0081471,-1.1274226,-0.35867593,1.5560502,0.11533747,-1.2791686,1.1100794,0.36336413,1.1466047,-0.0002784076,0.298878,-0.4437683,-1.1310871,0.29608673,-0.64990246,2.0034246,-1.3312055,0.12425683,-0.79492426,1.5120343,-0.6219886,-1.1868824
TTGTAGGCAGATGGGT-1,-7.199645,0.8403696,-0.85371095,2.6845863,-3.5335276,1.0564911,1.3540348,4.33066,-0.098804854,2.342082,-1.3881791,-1.3993863,1.2989188,-1.7737231,-0.9420906,0.3202194,-0.7997575,1.4085845,-0.024522629,2.7715378,1.2988044,-1.9571823,-0.98360777,-1.6432499,0.5294545,1.0649921,-4.2917595,1.467399,1.2471392,-2.6195953,0.9070954,-1.648951,1.1751285,-2.5483887,4.9734445,-1.3631858,-0.6998947,2.11009,0.7280906,-1.0171121,1.0621709,-2.6605437,-1.4658706,-2.4339733,-0.90877914,1.9856848,1.6494447,-3.3951573,1.345825,-1.459531
TTTACTGGTAGCGTGA-1,-3.2045593,-2.3499448,2.0210161,3.647347,-4.25019,-0.21973968,-0.46430284,0.16412835,-0.13520293,2.0352979,0.9689013,-1.6176398,2.2596664,-0.55422807,0.175937,0.70150197,1.2820629,-1.7585615,0.7798314,0.39913502,0.5981365,-0.5001322,-0.9608276,-0.80156046,-1.2089016,0.23506185,-0.29413396,-0.21862496,1.0606787,-0.20474063,1.3385842,-1.5407096,1.7748835,1.0535958,0.47431067,-0.3792709,-0.8519869,-0.22709103,0.71103835,-0.7514157,1.4332508,-0.8899421,0.69288075,0.44066575,-0.03173016,-0.0865108,-0.10511288,-1.4533968,-0.43350804,0.95578295
TTTACTGTCGGCTTGG-1,-4.8103714,-3.1910489,-0.93924516,2.3904617,-3.3993895,-0.5213105,0.4986637,0.56463516,-0.45362645,-0.2717724,-1.3097705,-0.64306045,-1.0258569,0.46500555,0.32503572,-1.2151812,-0.40423748,-0.9894855,0.313757,2.1626697,-2.211311,0.45262617,-0.505142,1.740035,1.2758728,0.8273441,-1.3332973,1.7324386,0.42859864,-0.7304413,-0.13403209,0.24891868,0.006258136,2.0787668,-1.1419886,-1.3253179,-0.8552381,0.9756331,0.6171349,1.5256237,-1.9404514,1.0351423,-0.39451975,1.8373282,0.6561329,-0.55513996,-1.7982223,1.740267,-1.0184145,-0.8662598
TTTATGCTCAACTCTT-1,-5.9947767,-1.5335689,-1.8387308,-0.34696448,-0.54077446,-1.6226927,0.017461106,0.37437043,2.1032705,-2.8494031,-0.42268807,1.505059,-2.0737476,-2.7382321,2.7923622,1.1956259,-1.4038315,-0.51676255,1.7182044,-3.6546948,-2.7830532,2.0559056,2.3188517,-2.002134,-0.9823816,1.1821684,-0.42344773,1.7561185,-0.7120048,1.1639357,-0.14600621,0.74496543,-4.135706,0.036489435,-1.067382,4.7625003,-0.30569103,1.6685117,2.2456532,-0.5474618,-0.34957278,-1.2786639,1.3311805,1.361873,0.89952904,0.3759173,-0.11789468,1.9213743,-0.11428683,-0.61895597
TTTATGCTCATGCTCC-1,-7.042591,-1.720798,-0.80288345,1.6295288,-1.5683967,-1.1579977,1.7972888,2.7005358,-1.1388469,-0.12560965,-0.8014996,-0.35643595,0.21311392,-0.8566746,-1.8153726,-0.7788537,0.25251773,1.0239834,1.0567979,-1.0603209,-1.4812529,-0.22407956,-0.6321947,1.7363003,-1.1848674,-0.7003143,-0.15101768,-1.0734843,0.20644672,1.8279825,1.1554186,-0.74619347,-0.92514503,1.2186825,-0.01238228,2.2680454,-0.38917097,-0.25386396,0.0654504,-0.6944076,-2.3952968,-1.3183244,2.357585,-0.48234633,-0.9144267,-0.5692131,1.8405676,2.6127567,2.0234063,2.4111745
TTTCCTCTCTGCAAGT-1,-4.9580507,-0.63191015,0.94656193,3.1122096,-4.004125,-0.45864832,0.37369466,3.9163895,-1.0350744,0.16670117,-1.5827467,0.23813866,1.2932302,-2.6210837,1.7905555,-1.7491069,2.0038636,1.2378639,-0.32972816,0.34423834,0.25688002,1.9044628,-1.0519491,-2.1086652,-0.010409158,4.7368746,-0.48778686,2.6554277,0.24331437,1.3037612,-1.0606451,-0.4141631,0.6352747,-1.7669109,0.9567531,3.1672697,-1.6764266,-1.1231393,-0.6525036,0.35613704,0.9373698,-0.2314399,0.9976566,-2.9187286,-0.076981016,-0.2545799,-2.5101433,1.0218093,-0.35374624,-0.5485841
TTTGCGCTCCGTTGTC-1,-5.955363,-1.6804569,-0.50150675,2.7621613,-4.347348,-1.1250159,1.8105053,0.56817305,0.82931215,0.62220937,-1.055423,-1.7608073,-1.0176343,-1.3287462,0.20080172,-1.793358,-0.66292274,-0.634262,0.712664,-0.27373603,-0.43509355,1.6068072,-3.3138657,-0.30793014,2.4664512,3.306757,-0.046990246,0.63007396,2.6225202,0.3274168,1.9265878,-0.9956812,1.3421692,1.0190777,-1.4240363,1.1299646,-0.12357261,1.7308068,2.1804166,1.8862115,-0.05290095,0.92985696,-0.035293855,2.0629303,-1.3853639,-0.46819165,-0.71336657,-0.036301684,-0.3716117,0.72962457
TTTGCGCTCTTCATGT-1,-6.625437,-0.5780166,-1.6857977,1.9444262,-3.5270808,-1.9196244,1.2258486,1.8925928,0.42620072,0.5306165,-0.29889864,-0.11977836,-0.6471945,1.3730636,-0.87437016,-0.37449634,0.47660285,0.29471618,-0.28216302,-0.6626859,-0.19468862,0.85011697,1.299248,1.3841906,2.1964037,-0.59768194,-0.69475305,2.6497107,1.4651306,-1.0762644,-2.287459,-2.435832,1.3423479,1.7461181,-0.42857718,-0.67682266,-0.38637418,1.1378644,0.8522385,1.2524364,-3.0239952,1.4280242,0.4245331,-0.572655,-0.20189264,-0.23517653,0.32916284,-1.4358023,-1.1224185,-0.42764863
TTTGGTTGTATCACCA-1,-5.1847577,-0.8771012,0.14246461,2.8232818,-5.000898,-0.92228866,1.5926954,3.543,-0.92649794,3.5225055,1.0933919,-0.40934554,1.5301956,0.30143788,-1.6451172,-0.12126355,0.5645894,0.8395881,-0.7677614,2.7890406,0.90831333,0.6575513,-0.2990454,0.17988557,0.61215633,0.6652368,-1.2124084,0.81079245,-0.32679054,-1.2830888,-0.21661317,1.217535,1.7209342,-1.3087305,2.820319,-2.0977721,1.3692176,-1.259944,2.9600596,0.63844424,0.45063454,-1.0472921,-0.9407603,0.5582675,-1.5206697,0.73199713,-0.45242912,-1.1342927,-2.6072478,-0.6285033
TTTGTCACATTATCTC-1,0.13623565,-3.1699362,-0.07626167,0.6171238,-0.65967256,0.86891145,-1.1017696,-2.1992004,2.6693203,0.057914544,0.096131556,2.8043346,1.6081827,-1.6090975,1.5096928,-0.48384497,-2.0187817,0.16277395,-0.39762127,-4.0378933,-0.70285124,-2.7598,2.0860734,-2.344185,-3.4733338,0.40494272,-0.34484148,0.08826631,-2.7937226,0.43185243,0.85795796,1.4845122,-1.0119135,-0.12930241,1.4890606,2.962664,0.25169262,0.5498502,-0.97820175,-0.044953194,-0.8702343,-3.9742904,-2.0158968,-1.2974675,-1.2541257,-1.9331366,-3.085715,1.6844242,-3.1696393,0.052094266
TTTGTCAGTCGGGTCT-1,-4.6420927,-1.6968342,-0.8182752,3.799544,-1.651585,-0.8311015,3.1035054,0.17823006,-0.7453153,1.6223327,0.3268789,0.5321306,-1.4494964,-0.8899913,-1.0410751,-0.17747125,-0.92158186,0.21875413,0.7105271,0.86634994,0.7936564,1.6603414,1.0934147,-0.9197663,0.807092,-0.048674267,-0.40772146,-0.3539522,1.1371299,0.28224352,-0.35886693,-0.5447685,-1.9497646,-0.84330636,-0.72718906,-0.7349038,-0.33701316,-0.56546754,1.2286719,1.2770284,-0.49644193,1.2422174,-1.5278133,1.3477811,0.06681403,0.64997727,-0.5182374,0.34365287,0.92067,-0.25909463
AAACCTGCAACTGCTA-1,-6.0688386,2.7626066,0.034328647,-5.353654,5.1130934,-3.6099374,0.07884837,1.5552971,-5.726233,2.0367808,-1.5763692,-0.7296987,3.1968496,0.044040885,-5.0304093,2.099603,-2.3453007,-2.7750711,1.5584435,1.7790833,-1.7999687,5.364066,4.6515837,1.0614626,0.21658231,-4.6873126,1.039492,0.12811798,2.6567988,-1.9803694,-1.5806767,0.06080508,0.71071404,2.9190137,-1.8798822,-0.031392757,-0.8595561,2.9585364,3.4463894,3.1831536,-1.9014682,0.66710335,-1.6252071,-1.1788279,-1.0697894,2.0073195,-5.945973,4.111257,6.859308,5.673765
AAACGGGCAGGACCCT-1,2.3364134,-2.0886314,2.6721308,-0.31140304,1.2725061,0.5092773,-2.5368133,-2.2173312,0.7042352,1.8505731,1.8275778,2.4295921,0.75155216,-0.079836555,-0.053152077,-0.054056052,-0.3611303,-0.8515232,-0.33282658,-0.82240707,-0.41630936,-0.012649789,0.084054075,-0.32842356,-2.4334419,-0.40158486,-1.2542485,-0.7636266,0.33086556,0.9974733,-1.3395945,0.7811679,-0.34522006,-0.5405918,0.77585685,0.143963,0.8046589,-0.9907123,0.37600031,1.0969802,0.40073743,-0.10192377,0.78311133,-0.58675617,-0.24443954,-0.34237167,1.6035203,0.08849947,-0.32175225,0.5068619
AAAGATGCAAGAAGAG-1,-0.266053,8.056721,13.409836,-1.5054281,2.2011263,3.3805838,1.3653984,-1.1488518,-0.7972428,-0.7356952,-0.5089819,-0.6014098,-1.358395,0.015177936,-0.9514939,-1.6056148,-0.4761764,0.2844651,-1.5863104,0.31287754,-0.65220594,-0.1146298,1.1762946,-0.20490758,0.7243731,-1.6155152,-1.9828756,-0.3211891,4.8051844,-0.2924397,-0.09930686,-0.7941437,1.2679511,0.26551676,1.3286619,1.4367489,-0.72805357,0.5391862,0.379072,2.4395897,1.8377284,-1.216148,-1.1950494,1.0895897,-0.6994005,-3.0768986,-0.80632526,-0.9394461,0.41904917,0.5758314
AAAGATGCAGTAACGG-1,-4.000556,0.23084244,-2.2829757,-3.1897566,2.8971138,-1.3730307,-1.8734832,-1.9924555,-1.4076428,1.1021035,-1.3423064,0.3528745,3.642746,-1.8333987,0.4303155,1.0478969,-0.4245354,-2.3873947,-0.5363904,-1.7451626,-2.1185424,0.44883394,4.1350718,1.8560526,1.2323499,-1.46414,-2.5453975,-1.2365863,-0.5402154,-0.18682297,0.4427583,-2.2883477,-1.6803757,2.236765,1.8840821,-3.9495504,-0.55930936,2.2562134,-0.92563885,-2.3538496,-1.6504396,0.58069116,0.46980843,-2.7579186,-1.7240878,1.7614346,0.32650787,0.7803983,-4.269388,-1.4253637
AAAGATGCAGTCCTTC-1,12.3942795,1.1343076,-1.2449226,-0.9332663,-0.097283676,-0.6126969,1.1648984,2.8113651,2.5674706,0.26980624,-0.19193229,-0.25296742,0.97037095,-0.62725705,0.07719117,0.88027495,0.10180587,-0.29822376,0.19180104,-0.17728136,0.15572658,0.14727847,-1.0138808,0.2770886,0.35435167,0.35142937,0.12465955,0.5342444,0.07398522,-0.13823704,0.43871865,0.116637185,0.6181193,-0.65701455,-0.58340764,-1.0037084,0.43133226,0.0022953693,-1.7809018,0.20400086,-0.10898308,-0.3449859,-0.59503126,0.67973745,0.037747163,-0.11693338,-0.5656869,-0.4013288,-1.812198,-0.25815305
AAAGCAAAGACTAGGC-1,2.9840703,1.4653119,1.1835396,-2.029481,2.0432525,1.0914812,-2.1716447,-2.5440292,3.1043262,2.3381898,2.6694796,1.8786137,5.7415285,-0.34336,5.1063123,0.630817,1.8588382,1.7226579,-1.9649227,6.7030115,2.5874724,-1.9192748,3.40592,1.844265,4.192869,1.8709984,-2.1908832,3.6254604,-2.4623997,2.4786353,2.5390255,-0.07910014,1.2577863,-2.1684365,-3.895049,-0.26013467,-0.62258923,-1.7349148,0.7188719,-0.5335986,-0.27770814,0.6843164,2.4322317,1.3963407,0.25878188,-0.18703608,0.9534409,-1.0411925,-1.2537267,2.4835353
AAATGCCAGCGCCTCA-1,2.9701087,0.4029158,1.796307,-1.0537175,2.1210551,3.1166928,-6.011201,-3.5547879,3.5006359,5.343018,1.9282917,1.6106186,4.9423814,-2.7771213,4.9314976,2.0478995,3.362538,-1.6611679,-1.0312436,9.533069,3.7338843,-2.5300193,1.5962878,3.5318525,6.341638,5.8474545,-5.391917,1.7053827,-4.255708,4.8945127,0.034709472,4.19191,-0.5019111,-4.163233,-3.6398885,2.5173535,-0.8500336,-1.3713869,1.1436511,0.7796278,-4.164939,-1.872082,1.6271513,-0.32483444,0.28396705,0.113663286,1.7877101,-0.8519965,-0.62130535,2.2816086
AACACGTGTATTACCG-1,9.881974,-0.13281514,-1.062644,0.4162852,0.54588413,-0.26192904,-0.16267753,0.4558529,0.58928907,-0.15152925,-0.6965082,0.9539764,-0.9551378,0.6090442,0.1818206,-1.123953,0.87124354,-0.7957579,1.6619978,-0.7106012,0.60144037,-0.2878328,-1.0348455,0.041749258,-0.6655202,0.38530743,0.73176986,0.122241735,-1.2391267,0.0740915,-0.8507597,0.8939694,1.1388592,-0.1485787,-0.15480758,-0.46371925,-0.07084845,-1.5889424,0.87480265,0.6702062,-0.21475568,0.50743186,1.0672438,-0.07936815,-1.0045767,-0.70349,0.2452359,1.519141,1.1684823,-0.03348218
AACCATGGTCCCGACA-1,8.916955,-4.356623,-4.1091638,4.3915405,-3.9855502,1.5696906,-4.8906446,-7.189841,-12.557666,-5.876738,3.3956716,-1.9427403,2.537028,1.205992,-0.62199116,0.58854985,1.4315562,1.130114,-0.6860102,-0.4756751,-0.44543597,0.5117842,1.319036,0.08513946,0.43052274,-0.66889757,0.056488603,-0.31571513,-0.38371474,-0.27278507,-0.045701776,0.64199215,-0.35215276,0.030014774,0.010778783,-0.3752769,-0.13399561,0.10531679,0.78053737,0.62752396,-0.09734429,-0.050329313,0.080703534,0.042351145,-0.74846846,-0.27625296,-0.009894534,0.3013045,-0.1533375,-0.104350954
AACCATGTCACAAACC-1,-5.03326,2.323638,-0.8819019,-7.317004,5.192941,-3.6304524,-1.3263812,-0.54709697,-0.21211052,0.16620919,0.46720484,0.7221306,3.6796772,-1.5362726,0.25776392,1.9408929,1.381164,-0.16054836,0.25028312,0.49570048,-0.65765464,-1.4286209,0.7771262,-0.38266993,1.5568963,-0.6269062,-1.7045815,0.022088492,-1.1927233,-3.4975944,1.42934,-2.3681984,-1.3981407,1.7124004,2.2348387,-0.5054121,-2.2007232,-2.5174735,-1.2357992,-2.1916325,0.61705905,-1.6954569,2.5653021,0.655701,-0.6204853,0.5000832,-0.9478786,-0.9850712,-2.682601,3.1674635
AACCGCGCACACCGAC-1,-3.6934462,0.31605637,-1.6338916,-3.5164905,3.0562382,-2.2748127,-1.4332225,-0.33749124,-0.9188598,2.2027326,-0.55188954,-1.5933665,-2.0475805,0.3836988,-2.575785,-2.344086,-1.2470165,-0.73809934,-1.3273458,0.41397932,2.4563208,0.83846194,-0.015387113,-0.17394747,0.46021232,-0.48407042,-0.07927601,0.82154316,0.38770834,1.315942,-1.7574896,-0.3634698,-0.20122781,0.24629124,-0.67221934,-1.3122776,-1.2383878,1.8117864,1.7574725,2.482935,0.4790569,-0.24395616,0.96275914,0.32350445,0.3478594,0.13666853,1.9587885,-1.7779828,1.58674,-0.07064424
AACCGCGGTAAGTTCC-1,-2.5131178,-1.2766922,-2.0604794,-2.3542864,3.198512,-0.7314758,-1.9086078,-0.3086737,-0.7783598,2.1814642,-0.43237963,-0.99371964,-1.3438767,-0.21600012,-0.6941716,0.13895649,-1.3966869,0.97016174,-0.8990542,1.098415,1.27149,0.5363728,-0.4706302,-2.1623473,-0.5617053,-1.096848,0.14122882,0.12311235,-0.82437396,-0.121802,1.0975938,0.53232825,-0.040635366,0.02282895,-0.2490127,-0.056137938,0.59428126,0.58081704,0.16288128,-0.7090748,0.38433492,-0.3465588,-3.0600848,1.0618209,1.4308773,0.9776014,1.960471,1.711711,0.73149866,1.3095026
AACCGCGGTAGCTAAA-1,9.161287,1.4580133,2.549876,-1.8325877,2.3158834,0.32641342,-0.71309274,0.82611006,3.4376423,2.25124,0.089991815,1.9308633,-0.19234182,-0.46112263,0.4172363,-0.433647,-0.7593079,-1.5579087,-0.15882432,0.49030164,0.38282138,-0.6366759,-0.6308739,0.17054047,0.43384692,-0.28244898,-0.2337375,-1.173977,-0.2062332,0.4166786,0.7791408,-0.705773,1.0209876,-0.6506539,-0.8154782,-0.051331203,-0.020758238,-0.31295803,0.3591808,0.8325015,0.15755832,0.69725007,-0.2582898,-0.26576728,-0.36088562,-0.7886904,0.73801893,-0.23682158,-0.7136794,1.4300262
AACCGCGGTCTTGATG-1,2.199824,-0.10425689,1.7905439,-0.50746536,1.8058574,0.8538152,-3.601997,-2.1774263,1.2017375,2.5801408,0.78783286,3.479378,4.267657,-0.8683841,2.9515655,-0.07528488,1.3925557,-0.7821937,-0.36305675,3.900211,0.77623504,-1.2285901,2.2338138,1.7839929,2.5943806,0.5040609,-2.074974,0.3037522,-1.8961892,1.3388616,0.72070676,2.712256,0.028499506,-0.24747457,-3.1348555,0.16594082,0.11901968,0.2773441,0.8473069,1.6919976,-1.6219172,-2.5335202,-0.5321115,1.2485497,-0.85997725,0.024026912,0.12840903,-0.21478978,0.8022831,-0.22013003
AACGTTGAGCTAGGCA-1,-4.099536,-0.7269217,-1.8727087,-3.401659,4.4690704,0.5740519,-2.5947027,-1.090131,-2.5333552,3.6781073,-0.5963363,0.64711076,-2.0262823,1.9657072,-1.5817218,-0.5919446,-1.341664,-0.7914358,-0.30885234,-0.58413935,1.1400832,1.6474936,-0.77055436,-1.3859605,0.7692135,-0.5224178,0.019750781,-1.7378223,-1.0620731,0.5307084,0.25376335,0.18591201,-0.05527592,0.71539533,-0.7592338,0.35279006,-3.0091364,0.5655983,-0.6389802,-1.4965525,1.9006283,0.49374706,0.77310956,0.25519028,1.557805,-0.34758547,-1.0998638,1.0596119,0.9293834,-0.48471406
AACGTTGCAGACAAGC-1,-4.2781186,0.3376444,-4.1669397,-4.9356623,5.7821584,-0.26384234,-4.4984293,-5.2057605,-2.234589,3.0998964,-0.721495,-0.42615557,-2.7264862,1.1351614,0.20330827,-1.2412194,-3.1167011,-1.5432981,0.41667798,-0.27158138,2.8401797,-1.4704118,-1.2848394,-2.6575267,0.16341999,1.0686378,-0.5878245,-2.6620805,0.17336856,1.3666735,1.2911445,1.090273,0.13937466,-2.922518,0.97297996,1.6795152,-1.1572605,0.14754263,-1.1354151,-2.3588963,1.081457,-2.0628023,-2.6496158,-3.9417145,-0.69679886,-0.9797677,3.1206512,-3.928145,-0.45416418,-2.3062034
AACGTTGTCCGTAGTA-1,9.692596,21.617075,-8.243455,-0.31464955,-7.1616654,-3.4496763,-2.4795704,1.9473438,1.21694,0.6427651,0.71824795,2.6108809,-2.855943,0.121863596,0.41845405,1.9530463,0.25292078,-0.74541706,0.8049573,-0.73483014,-2.493653,-1.7225505,-2.2259185,-1.2021698,2.17777,-1.1412636,0.21241757,-1.1512723,1.390623,0.48027882,1.1999693,1.7749271,-1.4921471,-0.42560324,-0.706982,0.49889213,0.6135054,-0.3911483,-1.6389812,-2.643072,-0.7885356,-1.0584449,-0.1262419,0.21750736,0.5554623,0.849229,2.461708,-0.8959916,-0.03096279,0.72466755
AACTCAGAGCCGTCGT-1,-2.3164856,-2.0243716,-3.014786,-1.6312976,3.3052294,-1.164688,-3.9559855,-2.5681932,-0.8239192,2.316482,1.3496352,0.7278403,-0.81952244,1.1256723,0.35910106,-0.65856063,0.48072934,0.33961856,-2.2543192,-0.4191575,4.324451,-0.3461938,-0.34552827,-0.87461954,0.9841596,0.9466966,-0.4561022,-0.845493,-0.2876128,0.3467719,1.3579811,1.8239005,-1.3995194,-1.53461,1.664782,1.161086,2.2396665,-0.8815653,-3.0751,0.8788587,0.7993794,0.40786603,0.18769471,0.9584594,-2.0377934,-0.32251924,0.039419025,2.3516135,-1.7025236,-0.4751823
AACTCCCAGGGAAACA-1,-2.0786803,2.3262103,1.8206127,-3.649916,4.181756,-0.7656412,-1.2331885,0.12945394,-0.94074446,2.9641082,-0.7198835,-1.9807657,-0.23902096,0.6161987,-2.068516,0.18903829,-1.8096192,-1.9368542,-0.5981697,0.97429603,1.6729487,1.9052736,0.6809019,-4.065606,-2.8876169,1.4078577,-0.59061825,-2.7899606,3.9844105,1.7666167,-0.7696653,-0.5086577,0.3461819,-0.5036128,2.7849429,1.2558447,-1.6612922,-0.4562372,-0.55357736,3.5143163,0.8148779,-2.2346215,0.71520394,1.1338551,2.109342,0.1576473,1.4512812,-1.0549662,3.0529053,0.7735356
AACTCTTAGAAACGAG-1,-2.657226,1.3393269,-1.3125969,-2.2408721,1.5468254,-2.6011808,-0.30607262,-0.6528625,-0.9990106,1.9285198,-1.4441007,-1.6105411,1.671819,1.0065796,-1.6053119,0.05140295,-2.6272118,-0.14732212,-0.6574988,0.101342484,-1.8822353,-1.1908178,2.1701698,-1.1572889,-1.7288617,-0.78728735,-0.2833171,0.7228342,2.6932333,1.0293815,-0.08822278,-0.5556455,2.2880366,0.6843851,0.48289138,-3.739672,0.7528285,-0.8099682,2.6530917,4.4796824,2.3332405,1.1164858,1.7777252,1.0178088,0.63691074,-1.3210179,0.7516403,-0.30420125,0.077735916,-1.5614045
AACTCTTGTTACGGAG-1,13.208986,-0.38038102,-1.4922688,-0.15510966,-1.351782,-0.7620373,1.6652923,1.2237597,0.7578829,0.26684147,-1.0922843,-0.5812482,0.061276056,0.6500602,-0.3309011,-0.12111381,0.10686261,-0.6903577,-0.3029859,-0.29058027,-0.4247198,0.48614344,0.42677706,-0.63686067,-0.16299352,0.26240876,0.281972,0.08018527,0.057401206,-0.38633132,0.699022,0.6097385,-0.69781816,-0.60339004,0.21823414,0.041801173,-0.6204573,-0.35643962,-0.124538444,0.017621607,0.054711573,0.5645333,-0.29291028,-0.19444816,0.7521776,-0.14899568,0.35476118,0.98854476,-0.12253606,0.46516472
AACTGGTGTACTCGCG-1,-3.6027832,-1.7451257,-1.9940505,-0.6474283,1.9410108,-2.3159478,-1.6260557,-1.3271539,-1.246649,3.8477592,-0.28269732,-0.4060274,-1.6674606,1.6999723,-2.5529974,-1.7865928,-1.0573819,0.082468934,-2.1376295,0.7445631,-1.003337,0.7928197,1.344281,0.1315973,0.80658054,-0.6483301,-1.6158342,1.6316066,-1.3486127,0.5166963,-0.78411263,0.7880034,0.089687146,1.2505301,-0.8402273,0.42552572,0.5291377,-0.07110957,0.010602081,0.1197946,1.2213477,0.16396187,-2.220224,-1.2819663,-0.5940353,-0.20679587,-0.670833,-0.907811,-1.4912567,0.5259702
AACTGGTGTCCAAGTT-1,-6.2140727,-0.27960694,-0.753439,-2.763839,4.8817825,-1.7798245,-1.8587779,-0.33974862,-0.34280196,0.082256176,0.3661209,-1.5823253,-1.802536,-0.91631854,-0.14682105,-0.2966303,-1.303347,0.77467525,2.9533694,-1.7882441,-1.8313581,-0.836464,0.61329293,0.9485558,-0.4747149,-1.0774661,0.7656894,1.6795503,-1.4680616,-1.5546787,1.1218412,0.05671622,0.6487703,-0.827855,-2.1086552,0.6114142,0.703845,-0.41315934,0.8142095,0.004718826,0.14669088,0.09763841,2.2907891,0.11301527,2.1332703,0.42480367,0.95680594,0.3966606,1.7681001,-0.3524851
AACTGGTTCACAACGT-1,-3.17971,-0.6011545,0.5555565,-1.3172193,1.3963338,-2.0076544,-1.8195761,0.13741836,-2.2547984,1.6997445,1.2471552,0.1963204,0.9278594,1.2742317,-0.91287994,-0.57753396,-0.9940689,-0.5306461,0.053745024,1.0319897,-2.3867297,-1.9767683,-0.79106414,0.8874395,-0.8912943,-1.1592796,-0.90515363,0.8998362,-0.97314805,-2.7952316,-0.5567607,-0.1863546,0.9485269,-0.061738517,1.1305054,-0.4386267,3.0110986,0.29686168,0.869863,0.14665303,0.69911927,0.7954208,-0.74932975,1.477444,-0.18909149,0.1603782,-0.65489864,0.8091841,-1.6346207,1.2636374
AACTTTCTCGTCCAGG-1,-5.2738094,-0.3063462,-0.82354385,-3.6342783,3.8037045,-3.1645143,-0.15355574,-0.84612674,-1.3673371,2.672764,0.3652429,-0.04997688,0.77165544,-0.15545678,-2.7192845,-0.25355622,-1.9161084,-0.7616056,1.9379405,-1.2111497,-1.0582076,1.2934304,-1.9664984,0.831124,1.4248625,0.0018556754,-2.1290655,-1.4577311,-0.6437488,2.6670136,-1.644071,1.9158782,-0.48820332,-0.005229747,-2.7221239,0.30948314,0.24679385,0.12115856,-3.0841908,0.89587146,0.04654522,-0.3133096,-1.0420026,1.9975162,-0.061399657,0.12728216,0.6706066,-2.098655,-0.58990496,-0.35260114
AAGACCTAGACACGAC-1,-9.5560465,12.656331,-6.3563857,-14.402554,7.4900165,2.5202763,4.614555,4.9510293,-6.565125,-13.516025,-7.034395,-34.819355,31.42587,-15.179022,-14.068284,16.840029,8.334167,-20.584545,17.23442,-31.028149,22.7212,-8.915626,-27.78383,17.164223,5.244907,8.731137,-10.033322,-8.305619,1.9491509,7.1652594,-1.667687,1.6776466,3.6477854,-3.9200184,-6.721418,-5.4267964,3.4307837,-4.003579,1.5882236,-2.9900494,-3.1381257,2.3392093,-1.305908,1.6141553,-1.9916103,2.2095292,-2.9065368,-2.8618505,0.7762169,2.5940826
AAGACCTCACATTAGC-1,13.603673,0.028511934,-2.3841572,0.40528637,0.084384106,-1.1583645,1.3592507,1.2830775,0.121729866,-0.20822379,0.30578423,-0.8254292,-0.7088347,0.33769593,-0.4248782,0.08797236,-0.20063315,0.31666812,0.030081214,-0.16397247,0.7645893,0.121866226,0.090738624,-0.67165744,-1.6408904,0.5877466,-0.70917124,0.014316884,0.29832134,-0.33877352,0.4636789,-0.397555,0.797022,0.8343127,0.7490022,0.1529542,-1.2711914,-0.23109084,-0.38208967,0.70483404,0.5482619,0.058921613,-0.8243414,0.42393813,0.9188243,-0.17849383,-0.8851798,-1.0886663,0.05922369,0.54997945
AAGCCGCAGATGAGAG-1,10.634912,0.17434971,-0.6986732,-0.27590054,0.11376852,-0.6148257,0.62979704,0.07846726,2.7665431,1.2776269,0.4209416,0.35435236,0.017995313,-0.12872788,0.23417696,-0.08936147,-0.17546801,-0.7489573,-0.5163888,0.11405896,-0.21423432,-0.63179517,0.011155182,0.7197943,-0.10836143,0.6554055,-1.2967952,-0.24133521,0.5035376,-0.12845398,-0.58676946,-0.18988048,-0.74684525,0.37718692,-0.57334197,-0.5061323,-0.43585858,-1.1064343,0.08876942,-0.5919879,0.38889253,-0.5039257,-0.17213494,0.29433936,-1.2738553,0.20308653,-0.41774973,0.02052911,0.8914178,-0.31757373
AAGGAGCGTCATATGC-1,3.0782058,9.636677,15.500822,-0.86066705,-0.035197463,6.8064976,-0.79226446,-2.6822443,1.2975897,-5.5773306,-5.220804,-2.7845328,-2.7333968,1.7149862,-5.067508,-2.5779638,-1.3686756,5.63261,-1.5605041,0.03896689,0.43181044,4.6534796,-1.0780777,-1.8729781,-1.3716431,5.478412,-4.980166,2.7509942,-3.870268,0.36353558,-1.6714352,2.1100035,0.011953674,0.9335119,0.52011293,-1.2590088,1.539781,0.101568274,0.5990036,-2.0293767,1.1234639,2.0076156,-2.6223786,-0.26623997,-1.0143006,3.5987694,-3.2332015,-0.817753,1.2504743,3.53425
AAGGAGCGTCGAGATG-1,11.242099,-0.953468,-1.5762687,-0.0841498,-1.387285,-0.23924327,0.17392406,0.32045007,-0.63967663,1.361727,-0.5853368,-0.8770024,-0.26121938,-0.24185692,-1.5328223,-0.08398011,-1.4221493,0.08395655,-0.41181347,1.0937585,-0.38228974,0.6118788,-0.5128029,-0.38434437,0.0016971612,0.87201226,-0.15590236,1.082489,-2.186118,-0.58526325,-0.37510312,0.25981423,-0.3100394,0.29479602,1.2474598,-0.14971747,1.4128034,-0.09172324,-0.5389585,-1.0459269,0.58976024,-0.44071254,0.055200364,0.9140621,-1.0543159,0.04247263,0.10836074,1.5005188,-0.7494838,-0.65963453
AAGGCAGAGGACGAAA-1,1.9010332,-0.23201503,-0.37763962,-1.5124199,5.791106,0.7539874,-7.536959,-5.7862544,11.400204,-4.357004,2.2712464,-8.212898,15.509732,-4.715118,11.781931,1.8239529,12.510456,36.036217,17.185793,0.4346711,-1.9429307,17.054155,-11.252093,8.609904,10.347815,-23.117918,7.8097258,19.585901,31.299929,-2.652049,-20.427967,0.034820817,-0.76717,-2.4063568,-8.650682,2.260408,-4.8132796,0.42587906,-1.4392605,-1.7315043,-0.03825519,-5.3678827,-3.7678719,-8.281526,2.0513558,-4.4698377,3.9241426,-1.9017864,1.8789601,-3.1311028
AAGGCAGGTAAGGATT-1,-5.093904,1.3551832,-3.258269,-4.5114455,6.70965,-2.8758197,-1.7196168,-1.8056831,1.9873921,-1.7961234,-0.31786755,-0.20281689,6.8912888,1.6553841,2.6281247,-1.5923419,3.0006075,5.7214346,1.8020197,-1.9518497,1.1833642,-1.6282994,1.8159958,0.31146267,4.1478734,-1.0454326,-0.69789934,0.48901567,1.0184737,-7.221072,6.739625,-4.3646502,1.7259933,1.6953189,3.944195,0.60909915,0.3998628,-0.38127914,-2.1939256,0.48248354,-0.76052195,4.504664,-2.0172942,-2.329117,-4.380303,4.0486345,-1.2501001,4.7522235,-2.4952915,3.2538316
AAGGCAGGTCCAGTGC-1,0.9251767,4.716818,10.838308,0.8805841,1.4197494,5.0471997,-3.1129968,-3.4909852,0.76927024,-1.6202244,0.45713484,-0.34935024,-0.3598799,0.64761144,-2.9707205,-2.3522198,0.45349747,1.5833452,-0.2503303,2.190856,-1.4486313,1.0309488,-0.49885646,-0.42148343,-0.9614758,2.3442633,-2.448839,0.44430265,0.12396601,1.6640308,-1.1394422,0.29971293,2.4070418,0.0048247236,-0.36411485,-1.0896342,1.42628,0.11087442,1.414679,-0.3567211,-1.9553086,2.1368585,-1.0907685,-0.70268095,-1.7069662,-0.5180173,-3.119008,-0.24267876,0.06457179,-0.6030602
AAGGCAGGTGGTAACG-1,13.337842,-0.28021193,-0.612354,-0.35029107,-0.23656069,-0.5450739,1.218844,1.3543833,0.48269755,-0.17106962,-0.12565993,-0.8626353,-0.2613227,-0.44818217,-0.647229,0.22391881,-0.20030376,0.2530212,-0.7036159,0.38247725,-0.6426521,0.85785794,-0.23112212,0.28133446,-0.27538285,-0.53754145,-0.03575585,0.4508154,1.3873749,0.43594682,-0.89161116,0.06864857,0.18156585,-0.07180651,-0.074309595,-1.0272793,-0.15581882,-0.037630383,0.21574655,1.0303855,0.32437485,-0.24887174,-0.8720875,-0.6018422,-0.11935132,0.046154305,0.03707181,0.31527853,0.16333193,0.07347699
AAGGTTCAGGCGACAT-1,2.701357,0.5632981,5.847733,-0.18426329,0.9894393,1.3962041,-2.5945058,-1.1631237,-0.84519523,2.4972918,0.8207663,2.0461988,-0.7855176,-0.43449524,1.7639681,-0.34605807,-0.6261741,-3.7742395,0.31450632,0.9891816,0.69148624,-0.20262976,0.3109463,-0.11094493,-0.3566109,-2.312597,0.8590736,-1.2786748,0.054812416,-0.16502233,-0.91486055,-0.93625015,0.5517106,-0.7946805,0.6022667,0.5186277,0.3841994,-0.51653755,-0.30699393,-1.8209275,-0.10080549,0.40129024,-0.4387639,-1.0780236,-2.5345438,-0.6238707,-0.26183984,0.85272855,-0.065493025,0.79023033
AAGTCTGCAATTCCTT-1,10.176269,0.43419072,-1.1522394,0.16688868,0.31671643,-1.1445572,1.2004199,2.055049,2.2987156,-0.2001151,-0.6364547,0.25136825,-0.9151823,-1.0344341,0.40496272,1.2465817,-0.4706286,-0.9066104,0.27325785,-0.581235,0.58408797,-0.68162936,-0.1051359,1.1604346,-0.76344055,0.39118594,0.07607928,0.31744793,0.04991036,-0.7473032,0.061206937,0.77336586,-0.075137064,0.23531441,-0.5538213,-0.09622728,0.43214694,0.9923693,0.2168065,0.42902312,0.2676847,0.7568776,0.061710916,-0.032079536,-0.0816196,-1.3636578,0.20154712,1.2696791,-0.56493026,-1.821444
AAGTCTGCACCAGGTC-1,12.92019,0.82949257,-0.10165124,-0.5581871,0.39192474,-0.7511218,1.6121407,1.3548688,2.7166197,0.8531851,-0.865426,-0.07900627,-0.11128334,-0.2897765,-0.4549581,-0.2859975,-0.6254662,0.48795503,0.18919644,0.14082853,0.23550615,0.1957357,-0.8130824,-0.22513296,-0.031531565,0.56334835,-0.3797474,-0.102587774,0.32081032,0.31053746,-0.81366825,-0.43387645,-0.5450347,0.030646874,-0.47646713,-0.01198261,-0.1574019,0.7094394,-0.061603557,1.3312614,1.2389467,-0.7406816,0.08268736,-0.276264,-0.11873093,-0.4635042,-0.021261983,-0.07792218,0.55368954,-0.19815134
AATCCAGCAAGGGTCA-1,0.5038217,1.0710075,-2.4752464,-1.8987827,4.413443,-1.2755315,-6.226666,-4.0168715,4.3352633,1.2231488,2.3744853,1.2224952,4.7216325,-0.43605664,1.8273768,-1.1108277,3.7191746,8.282037,0.53042656,-1.0230612,3.5695446,-0.5807916,1.493496,-2.3184087,0.65700626,0.13002539,1.0425433,1.2935892,1.4734279,0.42248508,1.9161975,-6.8318686,1.2332019,0.3787347,7.4964414,2.5037184,0.72008044,-5.866629,1.197452,1.3963952,0.2554356,4.433261,2.6196585,1.761321,-0.097215794,1.1968888,-2.474525,1.5627962,-2.8493094,4.872938
ACACCCTAGGGTGTGT-1,11.392946,0.51374006,-0.82947195,-0.7192075,-0.1053679,-0.83687395,1.0811458,1.1978014,2.3444877,0.40999815,-0.35498032,-0.26150063,-0.555797,0.09161762,0.13101307,0.5410983,-1.0938628,1.0740293,-0.51300925,-0.09764783,0.4158803,-0.45616138,0.29638565,-0.5933372,0.6481893,-0.3337119,0.28994936,-0.4500578,0.63552165,-0.30330357,-0.8307998,0.021022275,-0.46464974,-0.25898817,-0.3864564,-0.3336355,-0.38124725,0.44272703,0.23039296,0.40778553,-0.8063968,0.24590126,0.28290585,0.31798944,-1.1051376,0.044430964,-0.4744893,0.49880815,-0.3016762,0.15652697
ACACCCTCACATTAGC-1,0.862457,4.001381,5.016802,-3.5259209,1.2149421,3.3249161,-6.4260144,-2.6540484,1.2944983,7.0353975,4.6830306,0.6988707,7.930561,-1.7409346,4.884956,2.4265678,2.7009063,-1.9936849,-3.3143914,13.290312,4.198255,0.47574753,3.0122662,4.9709387,9.723178,4.6125574,-5.6288295,3.6224742,-3.357855,5.242966,0.28104994,7.0362854,1.2612935,-3.9963393,-5.485919,0.4979167,-1.9006029,1.879251,0.80399,0.32087484,-2.6172767,-0.6160545,-1.9419032,2.0794516,1.1349695,-1.5582633,0.017522976,0.41301748,2.3871694,1.2577653
ACACCCTCATCTGGTA-1,14.32551,0.78625244,-0.873099,-0.59308386,-0.5813151,-0.9606334,2.2841988,1.791617,-0.1336862,0.3609908,-0.12875317,-0.56333894,-1.2363726,0.42639786,-1.5452331,0.13862196,-0.98878646,0.118792,0.42376235,-0.4475431,-0.4787977,0.23175907,-0.1306629,-0.7426034,-0.044681996,0.050276555,-0.21363078,0.23582144,-0.7781338,-1.4122764,-0.39548475,0.92806953,0.08560937,-0.008477056,0.5268006,0.20167358,-0.71103203,0.28256533,-1.0809842,-1.5726752,-0.7794753,0.3633743,0.47257715,-0.6794028,0.31063002,0.6643954,0.22632053,0.26411542,-1.011033,-0.22530863
ACACCGGGTTGGTTTG-1,-1.5733784,-0.7900792,-1.5709926,-2.90935,4.916248,-2.0442877,-2.5206246,-3.3514814,-0.8573787,2.154077,2.8616068,-0.36165568,-0.011571598,0.85672426,-0.85347635,-0.3266512,1.2030014,1.2573149,0.0020670448,-1.3841492,-0.63866264,0.24631816,-0.21987554,-1.7931329,0.12285089,-0.5383986,-0.2851734,-0.48665908,-0.8518701,-0.08311655,0.61517674,-0.4756335,-1.1140765,0.19772872,-0.4428872,0.6749498,0.89398414,0.43715724,0.104007564,0.120689906,0.75228536,0.47045872,0.7881979,0.8220711,-0.76444244,0.32879922,0.7110586,1.3412404,-1.4589863,-1.5541981
ACACTGACACCAGGCT-1,6.7767344,2.9400191,1.7382919,-2.2917366,0.93881094,-1.9133085,1.342433,3.070321,0.69869214,0.76458216,-0.49722052,-0.29212368,1.6146656,-0.072681405,0.6238029,2.2401507,0.79855806,-0.85515547,1.1183366,-0.37855026,-0.36189184,-1.6850088,2.9921386,3.0275269,1.4015441,-1.104363,-1.0206054,-1.2973701,-1.4412026,-1.7652552,-0.12877637,-0.75716525,-1.4848299,1.1014469,0.8146126,-4.4378204,2.9358323,2.5957108,1.5853337,-3.4197826,-0.32158464,0.74180716,-2.0952957,-0.65980345,0.21720953,-1.7046971,3.518068,-1.0230459,-1.9127984,-3.0898807
ACACTGAGTTGTGGAG-1,0.2201898,4.368021,8.895433,0.061581723,1.096426,2.2197876,-1.2136084,-2.4519327,-2.363863,1.9355351,-1.5261644,-0.17155805,-0.87704474,3.3588562,-0.2522189,-2.5116894,2.280152,-1.9016303,-0.855621,-1.4836855,-0.102381304,0.43737692,-0.67279905,1.0363609,-0.9568479,-0.53472483,-0.9264948,-1.3204987,0.82311994,0.012925595,-0.017410357,-1.0854,-1.0457991,1.3610574,0.9571303,-2.065118,2.0457783,-1.192852,1.2090262,0.4063193,-1.5788901,1.7791272,-1.7341975,-2.753276,-1.1096009,-1.0460696,-0.97120607,0.43135676,0.9681213,-0.9535549
ACAGCCGAGCCACGCT-1,10.728761,-0.1988011,-0.846029,-0.4412117,0.3183738,-0.84325397,1.3505812,2.0545382,2.1350386,0.840269,0.0844219,-0.46380514,-0.6230211,-0.13890176,-0.020120446,0.2223089,-0.49461743,-0.28655314,0.49180707,0.20749997,1.7688833,-0.55765057,0.039423745,-0.22914048,-1.2254751,0.6493283,0.17525399,0.68043184,-0.44516298,-0.07608119,-0.0069024144,0.9015578,0.3663735,0.37514615,0.19337147,0.32557938,-0.51930124,-0.65073204,0.7866873,0.33243573,1.0013394,-0.18549304,-0.2556923,-1.6876038,0.5020375,-0.061323456,-0.43641064,0.7558985,0.12083816,-0.31901586
ACAGCTAAGTGGGATC-1,9.946175,2.7921581,0.9550389,-0.8887126,2.4855793,-0.7320903,2.5618262,2.6485384,1.0478104,0.86504763,-0.24807607,1.0114347,-1.5146027,-1.4738543,0.3947325,0.9242655,-0.37134254,0.75759643,0.2660732,-0.32023174,-0.50984967,-0.7546024,-0.70363826,0.27113903,-0.030585542,-0.6095889,0.41889974,1.1532832,1.2229444,-0.7584967,-0.7771865,0.28213483,-1.0571886,0.0051240264,-0.41593084,-0.37900582,-0.20570986,-1.18118,0.18066084,-0.7900364,0.52657896,-0.5573523,-0.54064566,-0.11507481,-0.4576317,0.6677766,0.55740947,-0.24702933,-0.5448249,-1.0560309
ACAGCTATCCAGGGCT-1,-0.8927478,-0.4570466,-0.51041883,-2.7178059,3.672413,-0.6150421,-1.4202422,-1.968855,-0.4274887,1.7066611,0.54298013,0.62941945,-1.3267798,0.42438912,-0.071425766,-1.156753,-0.41287306,-0.8389129,1.0581136,-1.6711822,0.8639439,0.8482989,0.1688764,-1.8876631,-2.19905,0.72964,-0.45111135,0.2866306,-0.19789146,0.33421955,-1.6645547,0.7819159,0.28935164,-0.22289722,0.14190722,0.09652528,-0.9746867,0.21349898,0.39816937,-0.7247775,0.0025805181,-0.3181958,1.4279176,0.15529618,1.2604016,-0.3947843,-0.48995245,0.82193685,0.5037278,0.3683392
ACAGCTATCGAGAGCA-1,-9.847375,6.9010825,-1.9769369,-16.629894,10.428749,-5.667334,2.961787,0.9672661,-20.037632,-9.153902,3.756976,-15.167498,-20.498625,-14.535965,12.9205065,-4.46021,2.5746405,-7.147475,32.855175,16.045359,16.478401,-17.741339,6.8221855,-11.779286,-27.444626,2.741591,-5.7585716,35.25247,-2.5283773,-3.6954334,1.5630382,1.5738401,-8.636697,3.740874,1.1950731,1.6441531,0.9521477,-1.48243,1.7339356,2.7594438,-0.030511709,-0.5735092,0.15740511,-4.0231895,-2.2725925,5.4669714,-0.37444136,-4.1834316,-2.2746987,1.1906612
ACATACGCAAGGTTTC-1,14.825173,1.3254954,-1.178766,-1.5784845,-0.496983,-0.22911674,2.9488204,1.5446931,0.7078101,-0.38821012,-0.7724837,-0.07653821,-0.39654708,0.007236804,-0.6763933,0.7089913,-0.6262734,-0.1692744,0.68620247,0.010680533,0.20555244,0.7721508,-0.039366122,-0.74392307,-0.02945616,0.21655388,-0.3045367,-0.29362285,-0.37497047,-0.4877105,0.36857677,-0.46761736,0.036670733,0.17292593,-0.33094484,1.2651652,-0.31153035,0.61853266,-0.1326967,-0.5496277,0.383489,-0.3709805,-0.22373384,1.5908648,0.73954695,0.004237191,1.3066533,-0.24317855,-0.14540893,-0.14271645
ACATACGCACCATGTA-1,-3.1105707,3.0905173,-2.8883176,-7.0384474,7.4500594,-3.0351648,-5.0880632,-1.3579749,1.7264392,1.5428443,2.803691,-1.5467952,8.059705,-1.4531543,3.3776445,-4.672195,4.8975935,16.33898,2.4681993,-7.025319,2.8489635,0.97322935,0.2362361,-10.331706,0.8909472,8.667198,1.3165847,-6.5297904,-0.4965091,-17.726082,22.46812,4.605387,14.786342,15.105256,-14.390198,17.849777,18.653027,13.703699,11.20405,1.2385844,3.7549527,5.2766724,-18.43229,-10.055525,-4.2015567,-4.405224,-0.24242999,-0.98608285,1.7574515,-5.7969146
ACATGGTAGGTCATCT-1,-0.22616397,2.0099514,5.723707,-0.5509247,0.048459996,1.7102019,-1.2918912,-1.4894332,-2.0338488,1.9861057,-0.107052036,-0.7124191,2.2151303,-0.9100823,0.7646864,1.7107985,-0.83517396,-0.8808007,-0.05620172,0.8464286,-1.0958648,1.2932702,1.1718153,0.38416633,-1.6595362,-0.6216806,2.240354,-0.19513887,0.64729345,1.4013335,0.24693884,-0.020134948,0.4015921,-0.16217689,0.1804347,-2.4583316,0.87939364,-0.88045037,-0.5155191,-1.3699434,-0.05139003,-1.2472682,0.28603622,0.64929086,-0.296292,-0.006028591,0.45572436,-0.5042688,2.1378224,-0.00051487796
ACATGGTTCCAACCAA-1,3.3734953,-0.3654435,2.89617,-0.31041437,-0.096863545,0.85149664,-1.6386633,-1.0424188,0.9811867,1.419726,0.818953,1.9811221,0.83202344,0.06105412,-0.9085466,-1.4046748,-0.079593904,0.08804111,1.7720921,-1.0727317,0.824689,-0.7654691,0.93143153,-0.78659767,-1.2256091,-0.9035969,0.023473883,-1.1457803,0.78014547,1.0637087,-0.42915866,1.4024397,1.5523067,0.021926947,0.68985707,0.54975384,1.8032359,-0.1457313,1.404206,0.56778866,1.9941275,0.33300918,-1.0573357,-1.7728395,-0.27611423,-0.4563207,0.38178843,1.9210796,3.1315365,-0.36431742
ACCAGTATCGCGCCAA-1,-4.955113,0.0066755605,-2.78188,-4.12133,4.2135515,-1.8100481,-1.2947963,-3.0101445,-1.6037779,2.579611,-0.2207138,0.44831774,-1.0970694,0.5570988,2.4854994,-0.45864454,-0.16501333,-0.38757935,-0.19375563,-2.7254822,0.32328057,1.1445897,-0.031040058,-2.8158555,0.018035231,1.6319878,1.2214422,-0.06804996,-0.56312394,1.809078,1.3691769,1.7341955,-0.4815767,0.06325625,0.3819334,2.3212948,0.29459748,-0.064882666,0.10608884,-2.7969508,0.34626976,-1.3211176,-0.16285603,3.145734,1.6962065,0.18195622,1.1999373,0.25930345,-0.9264019,0.49602485
ACCCACTGTACATCCA-1,10.8649645,0.84063274,-0.743991,-0.9208135,0.062628634,-0.6887203,1.8930969,2.260866,1.6364732,0.35019672,-0.41887054,-0.35637793,-1.1281397,-0.66366947,0.9402957,0.40831074,-0.7043348,-0.41826102,0.36449715,0.47181794,0.27256188,0.05913126,0.27394804,0.48204452,-1.1420442,1.1991704,0.82207984,0.4349522,-0.34899056,-0.07752416,0.12254376,1.1687561,0.012453234,-0.29711163,-0.06220044,0.10503224,-0.0028330751,-0.5928697,-0.2064336,-0.6982175,0.216537,0.17415655,1.0432136,-1.5153445,0.25391114,0.12621321,-0.045401808,1.6413811,-1.1169528,-0.9922334
ACCCACTTCTGTCAAG-1,10.070693,2.5157452,0.44911623,-2.2294648,0.66812974,-1.1418391,1.7400281,2.4213037,1.8337188,1.5237389,-1.2320466,0.19559638,-1.1793163,-0.6244868,1.8298253,0.6258752,0.9482624,-0.90113366,-0.0434917,0.4338312,-0.16994244,-0.60293704,-0.5422899,1.2419662,0.3808007,-0.5098687,0.59206444,0.5147494,-0.4389208,-0.5226698,-0.7798899,-0.48916182,0.03802391,0.43008777,0.6799474,-0.0657402,-0.12853847,0.75918317,-0.3833655,-1.4897021,-0.3499239,0.7085759,-1.3699356,-0.6944346,-1.2076569,0.82156646,-0.8102414,0.0748188,-1.4565419,-1.5455502
ACCCACTTCTTGAGAC-1,1.5934619,1.6062098,6.259804,-0.96904516,2.3000052,1.3619806,-2.4625185,-2.208,-1.5458091,1.8603312,0.6345131,2.0279922,-0.13338818,0.1421131,1.601958,-0.34452054,-0.9864224,-2.5207722,1.5768881,-0.6748435,0.29128483,-0.1898848,-0.8435559,-0.9293278,-0.22781317,-0.5971781,0.33773497,-1.6613219,0.7031784,0.4685962,1.188821,-1.2291787,0.99631184,0.6909628,-1.1263514,0.8827643,0.80859953,0.48023355,1.348458,-0.41656354,-0.26413625,1.0401715,-1.5930626,-0.67293715,-2.0883515,-1.1275564,0.80373836,0.066239305,0.17676012,0.1180986
ACCGTAACAACTTGAC-1,-4.222912,0.983883,-0.25854126,-1.6194924,1.0752645,-3.0726151,-4.0526752,0.086327836,-3.9537656,4.6953697,-0.5887568,0.44691214,-1.192959,1.5773829,-4.6056666,-1.4296452,-1.8684438,0.45675355,-0.26927167,1.8467926,0.36656052,3.0314994,-1.2642726,-0.19470221,1.7132416,-0.97626686,-0.576792,-4.1302743,-0.16787146,-2.6111915,2.078911,0.55215085,-1.3107232,3.194073,-2.129983,-5.202798,0.37507626,0.23380293,2.69291,-2.6827247,-3.5373905,-1.2011459,-3.9425077,1.3808405,-0.33853394,-0.45428124,2.5256665,2.5567753,-6.362342,-4.889874
ACCTTTAGTGTGAAAT-1,-4.7714825,2.1142366,0.40339234,-4.829569,3.62364,-1.7821263,0.21617047,-1.4278111,-2.5348637,2.4747286,-2.7984097,-0.46161154,-0.50178915,0.05581043,-2.9344234,-0.26104745,-1.2269502,-0.43694386,-0.695266,-0.5158294,-1.0034857,1.761407,2.1733744,1.4097817,1.057337,-1.7787534,0.9428,-0.67150694,-0.14407879,-1.9532988,-0.45795646,-1.2437158,-0.12928641,1.1915026,-2.4579244,-3.40581,1.2912849,-0.08627274,0.2770108,1.2185638,1.6012025,1.9951129,0.010904688,0.06850296,-0.59826875,-2.3974547,-0.98933417,0.38668692,-0.063495554,2.3714356
ACCTTTATCCCATTAT-1,13.298267,-0.02385139,-0.75577146,-0.12116067,-0.05655441,-0.72549784,1.4242693,1.7298726,0.72290283,-0.10538166,-0.51641876,-0.7040457,0.0062892446,0.5632689,-0.64777523,0.24829227,-0.65221834,-1.112985,-1.1490116,0.37851688,0.4072585,-0.29627115,0.11951757,-0.57072115,0.49423563,0.07568151,-0.4542136,-0.07241454,-0.59087473,-0.7403243,0.10732526,-0.58271974,-0.032779753,0.40414783,0.31742635,-0.47923654,0.28614238,0.22278693,-0.43168256,-0.8060224,0.4452997,0.38430062,0.4410911,-0.15620057,-0.7361494,-0.111307405,-0.13741131,-0.26207694,-0.3217677,-0.08791711
ACGAGCCTCGCTTGTC-1,12.031199,3.7443442,-1.1462346,-1.2674687,-0.75168186,-1.3980156,3.5329819,5.367598,1.4921247,-0.6394048,-1.2269086,-4.5618324,2.0926254,-0.9281386,-0.9584073,0.016818205,0.8479818,0.47294456,-1.1001021,1.1780639,-1.3829618,-0.9026384,0.4686789,-1.625728,0.8464711,0.617155,-0.12443072,-1.1809857,-1.1292303,-0.9714773,0.4220268,-0.6320944,-0.8580321,-0.23444323,0.5405387,0.12775695,-0.85726076,0.3068329,-1.4506811,-2.6092062,0.4909111,-0.83262384,-1.3376491,1.2122343,0.5029659,0.88901716,0.33831304,1.6355591,-0.87112683,0.81830126
ACGAGGATCATGTCCC-1,-8.631272,1.899055,-1.5495956,-6.096342,3.2917502,-1.4073118,1.7660762,1.3734471,-2.4362662,-0.8381674,0.4539809,-0.98407406,1.3394544,-0.5776272,-2.1083977,0.31062794,-4.088812,1.064942,1.7411994,0.27926207,0.567623,3.3712704,-1.3567675,-3.0988536,0.9077045,2.4338868,-1.1651294,-3.5408716,5.1649017,-2.2703419,-2.4703047,-0.4487613,1.4314755,-2.7296093,-3.9183192,3.6398792,-4.2709303,0.13307755,1.5218171,-4.526998,0.70332634,-4.864465,0.19944902,5.3484144,-0.8279759,2.2620761,5.301501,-2.3637412,-3.4254255,-3.8119483
ACGATACAGCATCATC-1,11.615758,0.10132996,-0.7544317,-0.20430486,0.2585731,-0.5280191,0.58852226,0.54608524,0.1522027,1.0273308,-0.18730786,-0.054178186,0.12053347,0.23235293,0.124731295,0.7471718,-0.73664415,-0.3091457,-0.10711321,0.61506563,-0.03055669,-0.6902657,0.117382996,-0.5956573,0.48638603,-0.4778103,-0.62200654,-0.36432868,0.26108333,-0.90167505,0.18352243,0.28202498,-1.0582231,-0.6412585,-0.59680283,-0.6840013,0.45384753,0.8491871,-0.6317109,-1.2481056,-0.5035871,0.30457726,-0.111973315,-0.21022476,-0.15951093,0.035563566,0.28219295,0.28934377,-0.0729914,-0.39191487
ACGATGTGTGCCTGTG-1,11.1492605,-0.18227272,-0.306517,-0.31471762,0.6527394,-1.0142187,0.07194864,1.408002,1.4149356,1.3217987,-1.0179284,0.40524307,-0.94930977,-0.30145377,0.11997307,0.30926093,-0.2989418,-0.9011123,0.37038767,-0.9128376,0.6285668,-0.15667945,0.10139,0.59453535,0.40883893,0.36532387,0.6949235,-0.23691264,0.76020104,0.17896368,-0.3979988,-0.5883821,-0.20774677,0.48936352,0.251366,0.8150625,-0.35592464,0.31200925,-0.09200531,0.809289,-0.9072496,0.3728187,-0.9896226,-0.27953678,-0.15256886,-0.25040475,-0.38413864,-0.17836218,0.5455149,0.22859627
ACGATGTTCGGATGTT-1,0.6877425,-1.1113032,2.3062792,-0.42547187,3.0606368,-0.49854815,-3.013956,-1.011386,0.53633624,3.0228486,2.3954806,0.4735591,0.6034841,-2.6166964,3.2054243,-0.77046275,0.69080704,-0.061899878,-1.3742651,1.098231,1.8444104,-0.71763194,0.5862674,1.3446532,-0.9021227,0.059249423,1.3875552,-1.8661835,0.31161696,1.4097458,-0.9204042,-0.024294302,1.3114338,1.1449817,-1.061324,-0.44905263,1.9645296,-1.3467721,0.9621165,0.65627635,0.8562094,0.58617026,2.7574627,1.1495769,0.88469386,1.2220533,0.9638524,-0.4202833,-1.8143936,-1.6133039
ACGCCAGAGATGTTAG-1,13.019232,1.101208,-0.62756354,-0.54847825,-0.36905053,0.07200533,1.058634,1.0840691,1.7204256,-0.0940087,0.9140496,-0.5320775,-0.8025137,-0.58756375,0.7598738,-0.63918567,-1.5773089,0.7336367,-0.7650762,1.3833464,0.5773068,0.114075564,-1.2267796,-0.20143153,0.7142,0.19614147,-1.3660132,0.64886373,0.035954308,0.76955736,-0.12139051,-0.8165505,-0.9892472,0.2882918,-1.6091712,0.5688628,-0.65127397,0.3397342,0.4365993,-0.089008555,0.6282893,-0.5868145,0.44208273,0.16457793,0.21752964,0.37506586,0.02504111,0.64297783,0.48599043,1.1365077
ACGCCGAGTGTCAATC-1,13.536625,0.61242723,-1.6855938,0.40611008,-0.42143598,-0.7100574,1.682609,0.6356638,0.651024,1.0870314,-0.6597151,-1.0103514,-0.44920754,0.5833208,-0.6151708,0.26774055,0.0784857,-0.41370636,-0.5970588,0.51957434,0.52381086,1.288584,0.0016719858,-0.16599694,0.16286954,-0.8698852,-0.23920733,-0.18553995,0.9038492,0.46168697,-0.07004392,-0.4348884,1.2106949,0.3983259,-0.67616487,-0.1475982,0.48100552,-0.6143013,-0.25913048,-1.320141,-0.031515058,-0.39057982,-0.9923765,0.32917875,-0.49252796,-0.042506754,-0.23746136,-0.72699964,-1.123584,-1.3114116
ACGCCGATCAATACCG-1,11.970728,0.022155717,-1.6539025,-0.3525439,-0.9810079,-0.5404357,0.72774327,1.4543974,-0.1398403,0.298514,-0.5481336,-0.25565034,-1.4090668,1.0897261,1.1513582,0.7362335,0.76398295,-0.059926827,-0.23158392,-0.017820278,0.38978192,-0.48704597,0.024906473,0.5615361,1.035568,-0.17369299,-0.18462113,-0.9444409,-0.035169218,-0.53331393,1.0601212,-0.20418294,0.52984965,0.6625875,0.59644276,1.2635353,0.32897493,-0.55349535,0.24752593,-2.2362413,0.3269272,-0.21146488,-1.5873556,-0.10222608,-0.9689412,-1.0739601,-0.14654171,0.58169144,-1.3471439,0.22923575
ACGGAGATCGCGATCG-1,9.795249,-4.322505,-4.1019225,4.4227195,-3.9766421,1.3977605,-4.5743537,-6.4415927,-11.296074,-5.3422747,2.832024,-2.005139,2.3648074,0.9137066,-1.0055008,0.28304222,0.9191052,1.1044494,-0.9562879,0.053508267,-0.6747118,-0.030531324,0.5760223,0.26286,0.16176234,-0.50596863,0.12778541,0.14648232,-0.6390038,0.081250854,0.21208435,0.2341154,-0.2842331,-0.49365288,-0.077349946,-0.059305344,0.11779687,0.3354138,1.1107323,1.2009169,0.24140653,-0.25522003,0.3767218,0.34693018,-0.6748259,-0.72027695,-0.19151568,0.36755,0.55495584,0.086665206
ACGGGCTAGCGACGTA-1,-1.2791612,-1.0050352,0.28369543,-2.4029872,2.4471753,-1.529592,-2.767852,-2.9116592,-0.21308978,3.5178232,1.8594241,-0.4311194,0.9277345,-0.7883275,1.8370999,-0.17583315,0.61607224,-1.0416987,-0.47777137,-0.5568242,1.0255076,1.0930346,0.8217459,1.5517612,0.07761796,-0.12184666,-0.6573156,-1.4209485,0.95443535,-0.9167288,0.7675695,0.23063216,-1.4551809,-0.05979862,-0.37059352,0.6814557,-0.70762247,-2.2128985,0.08552419,0.59043986,0.44533718,-2.2283185,-0.07280073,1.2676705,0.17536888,2.0835674,-1.5879682,0.673375,-1.1787815,-2.1089182
ACGGGCTGTCACACGC-1,-0.4045036,2.586962,8.004925,-1.5069267,1.6032275,2.808099,-2.3276649,-2.427072,-1.4490216,3.0176802,-1.5840724,-1.2897959,0.29239058,-0.73881954,2.0971916,1.66787,-2.6062348,-0.69686925,0.53635615,0.20734836,-0.07285457,0.3884219,-0.8241947,0.42708957,-0.3759475,-1.7466689,0.6643409,-0.5755343,0.8145571,-1.0792793,-2.1506302,-0.19392045,-0.06319229,-0.2239626,-0.54286516,2.134222,1.198198,-0.9864569,-0.567882,0.49089321,0.56310415,-0.16263123,0.0971019,1.6393864,-1.6286217,-2.6696749,1.0311216,0.97972655,0.034494042,-2.3782663
ACTATCTAGGGAAACA-1,-1.0116231,1.118497,6.4214716,-2.4500012,3.1089563,0.4422871,-2.01188,-0.5434499,-0.96386194,2.5528831,0.85244834,1.5135349,-0.2958675,-0.22643295,1.0149536,1.0249282,-0.9751538,-3.492902,1.6379317,0.24833055,-2.3406637,-0.9837655,-0.18787104,1.4088006,-1.167036,-0.34794942,0.4879575,-0.43172505,0.8450082,-1.3894448,-1.2027253,1.6663367,2.831716,0.5305627,1.4334981,-0.73767364,-0.47886547,-1.3357006,1.2836,-0.2271646,-2.1228871,0.79102546,0.86180264,0.06085525,-0.8208313,-3.857155,2.1656144,-1.1078329,0.01026599,-0.050581086
ACTGAACTCTTACCTA-1,-5.5083647,1.3210969,-2.3423486,-4.1174307,5.504501,0.47525203,-2.7125077,1.1491159,-1.5947052,2.0059028,0.35120934,1.1073807,-1.8389016,-1.2722276,-0.8606727,-1.7011682,-1.7382628,1.6063629,-0.050296336,-3.4982967,-2.4246714,3.2075975,-0.9823632,0.15576948,-0.21840309,-0.6320329,0.33048797,-2.0281122,-3.2145767,1.476808,0.93957824,0.708827,0.36051008,1.9517579,-0.10724531,5.313589,-0.69805604,1.3321549,-2.3418283,-2.062952,-1.9209281,1.7794722,2.6607156,-0.9515417,-1.2779763,2.4564326,0.7498099,1.0440046,-1.7711579,4.534039
ACTGATGTCGGCGCTA-1,9.498069,-4.475226,-4.159529,4.5043573,-4.4430394,1.9747809,-4.6739974,-6.954548,-12.070474,-5.6310616,3.132678,-1.6266721,2.664631,1.2558382,-0.3793864,0.39747754,1.2984234,1.4331044,-0.7744175,-0.21069223,-1.226311,-0.30173856,0.94194406,0.030000644,0.62342924,0.5340173,0.25745955,-0.13600811,-1.1162027,-0.13365284,-0.66919154,0.8672442,-0.47155306,-0.4747929,-0.114402406,-0.0059077595,0.109198906,0.04753415,0.38687712,0.8697581,0.55323,0.6565442,-0.45102593,0.3984335,-0.8270692,-0.9471984,-0.2017065,0.4595788,0.04488392,-0.61014473
ACTGCTCCAACCGCCA-1,-2.0279462,-0.15805186,-0.03226111,-3.3035226,4.732277,-2.098825,-5.567996,-3.7928302,2.6777616,1.3778735,0.42988262,0.8133764,3.396297,-0.124122374,2.6615725,0.89724034,1.7383052,4.0693407,3.2730443,0.7616315,0.8290409,-0.40739477,-1.026782,0.89643556,2.987313,1.2639601,0.5971938,0.7910564,-0.80726653,-0.012135921,2.4552672,-4.7068443,1.0198853,-0.9712871,1.7958385,0.24574372,2.629329,-2.9464762,-2.236844,-1.4270822,0.4939156,0.80047816,3.0046613,1.2067527,0.040445093,4.7722125,-1.9988931,1.6051795,-5.132318,2.2930984
ACTGCTCCATTCACTT-1,-1.3726981,0.61863,-1.1419663,-1.2860844,3.0182261,-0.09624952,-5.1023417,-3.7020044,1.9362794,1.8440596,1.399616,0.9134257,5.1835175,-3.111042,1.7138419,-1.0392435,1.5659645,1.6539087,-1.5797164,3.0352318,4.197247,-0.90620756,1.0811508,-2.062434,2.52204,2.5020854,-0.612601,0.10669941,-0.9323273,-0.23415047,4.8450766,-1.6101471,-0.1944041,-0.6280207,4.4436145,0.65647143,1.7659853,0.087873235,-6.4191403,-1.2878456,-0.31214097,2.3844244,-1.4944772,-1.1912254,-1.6511269,0.5636674,-3.248715,1.8124896,-0.71075845,0.20929126
ACTGCTCGTACATGTC-1,4.42606,-1.4530908,2.3738906,0.40044,0.9892581,0.23092227,-2.256158,-1.9348187,1.5471779,2.6203277,0.71013075,2.2742093,0.33845884,0.21913609,0.6938318,0.33895212,0.15893067,-1.2028527,1.0846941,-0.5461526,0.25948843,-0.031410478,-0.011333789,0.93060917,-0.2052957,-1.52866,1.3159229,-1.4695607,0.63399905,0.9172311,-0.6895112,-1.256756,1.4690447,-0.8350297,1.3929532,-0.5029419,0.21097797,-0.9280238,1.1430193,0.92499137,0.14565058,0.12740676,0.61342585,-0.8533484,-1.1894951,-1.4550083,0.03830668,-0.9642327,-0.03412682,-0.013422513
ACTTTCAAGCGTGAGT-1,12.797204,-0.37745893,-1.7241654,-0.118014984,-0.21329789,-0.5349498,1.6421186,1.0617487,1.3738897,0.78944457,-0.17921403,-0.047375135,0.50036854,0.75520116,-0.31178653,-0.17138979,-1.0380211,-0.2777036,0.5123683,-0.080200605,-0.46401528,-0.2648086,-0.67764145,0.38446888,0.41988534,0.5855741,-0.47707292,-0.44048268,1.763538,-0.25349817,-0.29620436,-0.67057365,-0.055545773,0.62646145,-0.07208905,-0.21585138,0.2669581,0.17852044,0.2728962,0.07375537,-0.34754857,-0.5504162,-0.3257043,0.3286443,0.007557147,0.4381725,-0.33109802,0.06683598,0.38383204,-0.2584913
ACTTTCAAGGACCACA-1,13.442402,-0.6255354,-0.56324244,0.46228847,-0.89214504,-0.1920984,0.3631012,0.53210413,-0.43275952,-0.23174132,-0.06253032,0.4691457,-0.88676673,0.7211269,-0.712191,-0.16922098,0.16684161,0.026551034,0.86718106,0.26505476,0.40277386,0.7864354,0.14422801,-0.5015856,0.2783453,-1.0355085,0.4355835,0.2940439,-0.23364626,-0.46624374,-0.21564245,0.37704694,-0.49283037,-0.22617394,0.392043,0.44266832,-0.24794164,-0.015798572,-0.43490347,0.29364762,0.14483842,0.40591463,0.43140715,-0.6378911,1.1584072,0.22523269,0.4373494,-0.34604508,-0.12561545,-0.89062804
ACTTTCATCCATGCTC-1,-0.33366808,2.8327293,6.461264,-2.971512,1.9244789,1.1402783,-2.2565353,-0.97674257,-1.3412169,2.532468,2.7381606,1.8472569,-0.028844906,-0.73453414,1.9047036,0.47616696,-0.6734253,-2.310273,3.1821003,2.1979582,-3.1757407,-0.24239062,-0.15934955,1.1800238,1.210938,-0.16097273,-0.13526636,-2.5264733,0.4686866,-1.317541,0.8970649,0.11170166,-0.9702609,-0.4139564,0.24457443,0.67646986,-0.0087368265,-3.445884,-0.94434214,-0.16587712,-1.3396472,0.17519452,-1.6558923,0.49507904,-3.6966944,-0.42641413,3.3456748,-0.18601286,0.9810451,1.1211758
ACTTTCATCCGCAGTG-1,-3.814537,1.1670691,0.14727928,-2.9356976,2.1200438,-1.9316889,-1.4622488,-0.1850574,-2.676373,4.0351734,2.1286373,-1.337859,-1.5982556,0.4296746,-3.8366501,1.1856633,-2.4455328,0.58791816,-0.7636667,1.418767,0.2623715,3.4057298,-1.7948745,-1.1014957,0.2526606,-0.6848956,0.8756597,-1.0748994,1.3443071,0.38288638,-0.5090693,1.066695,-0.91333437,-0.72391754,-0.90480477,1.985864,-0.33012617,-1.2376401,0.30019206,2.140157,0.5695183,-0.4169206,-1.7691196,-3.7895741,-1.3384959,1.8033456,-1.8815364,-0.15939568,1.2526246,2.4105773
AGAATAGTCGTTGCCT-1,5.967069,-1.2928516,0.798285,0.83529013,-0.07406692,0.32803252,-3.1889002,-2.4474065,1.765348,2.1539543,0.5565689,1.0998826,1.0472193,-0.7273124,1.198071,-0.43475682,0.40423524,-0.0049933046,-1.0521692,1.1924337,2.6561887,-0.016952097,-0.21844392,1.0696554,0.6614456,0.45313323,-1.7248094,0.6048477,0.32404092,1.8830588,-0.026354033,0.17828523,0.11482015,-0.7366791,-2.2141073,-0.29282102,-0.45210883,0.11216576,0.6169369,0.9295167,0.60952085,-0.2712485,-0.4532835,-0.09611964,-0.17780924,-1.5579851,-0.3299468,0.58905566,0.16695108,0.81388223
AGACGTTCACATGACT-1,-3.564452,4.85328,1.9534625,-1.6398914,2.4516592,-2.4747784,-2.3732824,-1.2794793,-2.9490404,3.896665,-0.4961314,-0.6188793,0.6805681,-0.12401455,-0.328991,-0.20281832,-2.4975467,-1.5827588,-1.5341734,0.2189246,-0.85496837,-0.81873596,0.3945819,2.1571355,2.5031266,-2.256675,-1.8364165,-2.36207,1.9656539,-1.9052426,-1.1353201,-2.023157,-0.98047453,-0.65118295,0.44380566,-2.5789707,-1.6528691,-0.23233953,-0.55873436,-0.63119704,-1.5755976,-0.3157184,2.806777,-0.7827488,3.1064293,-1.2007293,2.6555743,-2.85393,-2.7708614,2.1617079
AGACGTTTCCCGGATG-1,15.145038,1.250265,-1.2264627,0.024885722,-0.38445616,-0.56864095,2.7426522,2.1922798,-0.19007392,-0.053408187,-0.785265,-1.0633208,-0.6463608,-0.8540075,0.10607189,0.12266548,-0.06550402,-0.91331714,1.097951,-0.0283011,0.36849594,0.236516,-0.49445197,-0.6723154,0.41926947,0.47770143,0.65044624,-0.28090408,-0.475484,-0.27829173,-0.032221477,-0.18611525,-0.27900058,0.3633341,0.98522246,-1.0402807,-0.21358027,0.3321988,-0.4404217,-1.8491844,0.30429018,-0.40242723,-0.34114766,0.011186644,1.8854921,0.5245529,-0.078012586,-0.30462322,-0.5893962,0.3118944
AGAGCGACAAGTAATG-1,14.551477,-4.5792136,-5.9678698,4.856893,-5.3842874,1.4608269,-3.5252953,-6.854233,-16.259949,-8.436413,3.2174015,-4.6087255,2.6898332,1.7731364,-1.8224958,0.97065353,0.84682226,2.4900699,-2.533171,0.9344928,-1.5314977,1.8022985,1.0574872,-0.6032658,0.9091051,-0.81615996,-0.5685121,0.4616772,-1.4344295,-0.9181499,1.0671697,0.2211496,-0.25896716,0.41880503,0.16737503,1.1604316,-0.736031,1.4630332,-0.30294168,0.58532333,0.09888804,-0.21269843,1.3175452,1.1072263,0.48045084,-1.265321,1.1146727,-0.81336325,0.34301203,0.027795475
AGAGCGACATACGCTA-1,-7.1415515,3.9701107,-3.05263,-5.45323,6.5571957,-3.6060293,0.002360756,1.1102377,-1.6435171,1.2205609,-0.88942975,-1.7841399,-3.3035529,-0.96058744,-3.0562537,2.3509345,-2.8106232,1.7596194,0.818982,3.2953146,-2.2773006,-0.18310301,-1.3383975,0.13357793,0.6586236,0.29396722,-1.1666673,0.76362956,-0.20558913,3.5182295,-2.7176325,-3.582293,-0.79744565,-0.73948157,-1.9966086,-2.6977758,-0.22001238,-0.101090185,3.558324,-1.905193,-1.7760185,-0.5554973,-3.3877647,1.6798302,-1.5995191,-2.1631637,1.874825,-0.20037267,-0.28670794,3.3549352
AGAGCGACATATACCG-1,-8.696772,4.013296,0.97141427,-0.439129,-1.0759826,-2.0501392,0.6234504,3.4909108,-4.2211595,4.3780293,-1.1854625,-8.905311,1.2160515,-1.517608,-5.7007704,-0.8424807,-1.3283591,3.2020657,1.5355824,8.602707,6.535575,5.839466,-1.011546,-0.011548236,2.3954384,1.6967394,-0.46932,0.5358996,0.2832784,1.3756351,3.1070623,-1.0832062,-3.9467645,3.8909974,5.1010733,-1.5475335,-2.644608,-2.2752626,0.68237686,5.2825685,0.3341983,-0.4252498,-6.4026856,0.9116937,0.9999906,-1.9801244,5.2528033,-1.9331889,-2.602574,-12.363623
AGAGCGAGTTCCACTC-1,2.7003026,0.43766418,3.0715525,-0.8424432,0.8854866,0.3755696,-1.058962,-1.4518305,-0.076867335,1.6315639,-0.8701158,0.3139409,0.051131897,-0.20895828,0.5414781,1.0639707,-0.58000535,-2.0819669,2.2761314,0.67950135,0.47247273,0.18020412,0.37300894,0.20280808,0.16065677,-0.7543569,-0.1458724,-0.78270674,0.1441265,-0.32343787,0.5900377,1.0538611,-0.46242744,-0.47100952,0.012629657,0.87251246,0.18742037,-1.2088197,1.9732982,-1.8476679,-1.4162755,-1.7910649,-0.5908175,0.6564759,-0.55470496,-2.8304935,-1.4375272,1.1646862,1.3220495,0.4677512
AGAGCGATCGTTACGA-1,0.16664344,5.682835,12.246078,-0.47296983,0.4710652,3.5897877,-1.3125203,-1.368015,0.4539869,-5.5808964,0.55779797,0.18070309,-2.0709162,0.82950693,-2.0849879,-0.43464762,-0.82425934,-1.0125456,1.4256418,-4.900055,3.714285,0.27675155,1.944906,2.3179908,-0.16235201,-2.7124918,0.14864208,-0.97960734,0.48201033,2.077125,1.9893681,0.60766715,-0.5943312,-1.4791353,-2.6795368,-1.9177868,2.113115,1.4697373,-1.6463528,-1.2919302,-2.9611511,2.799007,-5.466917,-3.699379,1.6656995,-0.69357646,-3.5053055,4.0806336,4.4693866,2.2014942
AGAGCGATCTTTACGT-1,-0.9074529,-0.82853967,1.577936,-1.9742337,1.8444691,0.38347495,-2.157119,-1.5110822,-2.472058,2.957772,1.8937937,-0.5907963,-0.28230405,-0.8322727,0.024480546,-0.88940775,0.13021056,-1.7607881,-1.0603998,-1.6743227,-0.57494044,0.05879452,-0.20315565,-0.14222823,-0.9208309,0.13713928,-1.666487,-1.3486631,-0.31308392,-1.2987866,-1.1354717,-1.4294777,0.48272634,1.8139907,0.6604539,0.48129123,0.09162419,-2.1673746,-2.3871446,1.3049537,-1.4529048,-0.45790276,2.181336,-0.35417268,1.5981891,-0.49569786,-0.7988807,-0.41344205,-1.6082815,-1.4452981
AGAGCTTCAACGCACC-1,9.0117,-0.4972128,0.05517454,-0.4420994,0.46913236,-0.28722608,-0.9223462,0.46885657,1.6597799,1.7708021,-0.6536006,1.2891663,-0.48969412,0.19279446,0.5211238,0.11526206,0.10287265,-0.38056254,-0.90352386,-0.3616586,0.37514758,-0.31442785,-0.14004095,0.7061567,0.045016535,-0.3820892,-0.070018716,-0.8576938,-0.4828259,1.4963881,-1.138314,-0.58098096,0.72720677,-0.41367337,-0.22491214,-1.0600358,1.1293012,-0.04200226,0.75925505,1.0705211,0.65438575,-0.52660984,-1.0157022,0.44843915,-0.6270975,-0.45087546,0.009534864,-0.62072647,-0.12780914,0.7975914
AGAGCTTTCGCGGATC-1,7.907032,0.28571147,0.052920926,-1.8906827,1.3238695,-0.9166001,0.06851075,1.2067871,1.9562362,1.2379395,2.0018964,0.31125504,0.82791394,-0.5290421,1.5007048,0.3265129,0.55907655,-0.729912,-0.29856738,-0.90267336,0.6885283,-0.25795025,0.08151437,0.5426142,1.3194835,0.92182887,0.11581764,-0.41039357,-1.5740557,-0.54906154,0.63188314,-1.1800039,1.0102842,-0.61662364,1.4227858,-0.5424919,-0.61087716,0.6792809,-0.6841644,-3.0301306,0.96645486,0.6559591,0.55506,-1.5236006,-0.50184816,-0.33497295,-0.8847444,1.4045473,-2.3839147,0.32871112
AGAGTGGTCCTTAATC-1,14.517646,0.39453253,-1.2376261,-0.5748924,-0.8853474,-0.8485426,1.6521103,1.9764068,-0.018400978,0.2054339,-0.3344995,-1.0043827,-0.85691994,-0.8653521,-0.963335,0.49036694,-0.5687583,0.63564306,0.12968343,0.07702049,-0.4057776,0.7962765,-0.85052127,-1.3218223,0.3018318,-0.38567567,-0.058276974,0.273993,1.2958701,-1.0147082,0.29864833,0.69466066,1.0377084,-0.15978543,0.57688755,0.42728755,0.666036,0.1745658,-1.0706499,-0.9632366,-1.6409794,0.04796221,0.28110287,-0.15211385,-0.4500229,0.6771128,0.47370422,-0.08975212,0.5129178,0.59413457
AGATCTGGTTCCACAA-1,1.8144612,-0.007201612,7.179303,-0.36374295,1.050974,0.7940786,-3.0926678,-2.0628433,-0.7203759,2.3966928,0.4194012,2.4979556,-0.021813061,-1.5646795,1.8867621,0.54277354,-0.855675,-2.6732905,1.9467415,1.6132084,-1.0105798,-0.32078332,0.24223591,0.3385458,1.0775603,0.5485872,1.0303593,-2.0157776,0.6396869,0.8835482,-0.1903257,0.24837284,1.3027564,-0.47263724,0.8468,-0.2080952,-0.80452615,-1.8499631,1.2391753,1.2732046,-1.8635098,1.213053,1.0932394,-1.446173,0.058238696,-1.5351766,-0.7576217,0.9665352,0.3736007,0.10730252
AGATTGCAGAGACGAA-1,11.69876,-0.53282744,-0.9150085,-1.0229158,0.034515873,-0.3918714,1.1955112,1.1061051,0.8317399,0.9414763,-0.41171813,0.84930354,-0.8651445,0.63890916,0.4618065,0.7143883,-0.012245864,-0.14764027,-0.020587284,-0.4362192,-0.6239298,-0.8344671,-0.17063788,0.53309757,0.21120551,0.053251907,-1.0921139,0.08078324,0.25199288,-0.679498,0.59335196,-0.38482228,-0.4523092,-0.94217986,0.05368837,-0.12722486,0.023019837,-0.49728644,0.7174057,-1.3588603,-0.5517233,-0.07458164,-0.20629272,0.69695204,-0.91530037,0.356292,-0.78591627,0.25679502,0.68494576,-0.54104316
AGATTGCGTAGCTTGT-1,-4.420426,0.3453038,-0.71800894,-2.165123,4.2994914,-1.5573696,-0.33389413,-0.44972667,-2.3429375,1.39608,-0.06358373,0.76184404,-1.5901798,0.4447035,-2.2440133,-0.53366375,0.14934762,-0.8427093,-1.7364866,0.37390813,2.501641,1.5908407,-2.3045692,-1.1683452,-0.69224757,-0.72892183,0.65329844,-2.5794644,0.73735785,1.8617786,-2.6166525,-1.7073864,-0.19330871,2.2362764,-0.24104333,-0.690931,-0.7102686,-0.54310334,1.0073339,-0.9279647,0.10480715,0.36052114,0.049493525,2.226468,0.8179489,1.6846355,1.8875724,1.379092,-0.45472857,-3.4256856
AGCAGCCAGTAGCCGA-1,-1.7036114,-1.8376508,-2.5603511,-3.326466,3.3469968,-1.4052877,-2.645595,-3.57668,1.5641989,0.08482958,0.6220795,-0.61055183,-0.03211352,0.42584813,1.2253675,-0.80912066,2.2713628,1.8385541,1.6790123,0.058599897,0.07378922,0.4295947,-1.5463496,-1.0483,1.4185027,-0.7577599,0.91142106,0.66175497,0.5556678,1.3387922,-0.26319355,-1.8791491,-1.7867426,-1.6223913,3.0136056,-0.6067805,-0.53053033,-1.7582667,0.4348061,-1.6092579,0.15867636,-0.23940371,1.5651804,0.38386902,-0.80994505,0.5944648,0.14858693,1.7378199,0.013967279,-0.96488583
AGCCTAAAGAATCTCC-1,-7.6043677,4.883655,-1.1333429,-1.9120982,-2.6396704,-3.4994836,0.941142,4.032145,-3.7797134,4.078464,-1.6679802,-4.067567,1.6259509,-0.1326305,-4.240282,-0.4177688,-1.0442929,3.1614609,-2.6337094,4.7724915,2.834067,1.3126483,3.0404727,2.8250656,1.6248397,0.29804093,2.223803,-2.7065353,2.1480098,-4.280126,2.5234013,1.1514032,-1.9148333,3.2632635,5.496707,-7.873604,3.1415014,-1.2827184,2.4384084,0.4225948,0.45224938,3.228039,0.32876527,-0.7184215,1.9216232,2.2353916,2.0068457,-4.820839,4.464274,-7.080532
AGCCTAAAGCCAGTTT-1,-4.3679037,2.2942295,1.0866538,-2.995781,2.211311,-3.0131245,-0.022394048,0.44922668,-4.5710697,5.874949,-2.3103094,-1.3033806,2.4035642,1.03075,-3.3457105,0.13170317,-1.6777304,-2.0712204,-0.4033811,-0.7577807,-3.0655754,1.9077846,1.0062826,1.7763189,0.46376884,-3.4858232,1.0135566,1.7584852,1.7102151,0.4829143,-2.5298314,-0.03412638,3.2036724,3.319517,-1.0439098,-2.2317793,-0.57410896,-0.047230527,-0.26433492,0.18553914,-3.8507602,-0.08773397,-0.6789322,1.2027524,0.8692183,-1.9644471,-0.14108384,0.1574206,-0.9564804,4.5549445
AGCCTAACAGATTGCT-1,-2.6879272,0.08746285,1.5048139,-3.669475,6.1241636,-0.9032882,-2.3588026,-2.9225194,0.47653976,1.8919027,2.64691,0.49159622,-0.46602926,-2.5812593,3.0972772,-0.4620562,-2.1574209,-0.018544968,1.3738253,-0.8339123,1.5681424,0.96505904,0.21351981,-0.9000206,-2.5110235,-1.5893745,1.484108,-2.0891151,-1.8295015,-0.5432276,1.0366068,2.4172869,-1.3744153,-1.2016842,-0.65158945,4.1678324,-0.75203633,-1.859931,-0.5303216,-1.5452757,-1.0922304,-1.491523,2.2107775,1.0686225,0.4582012,0.9189471,0.4988541,0.9607081,-2.489451,0.5606239
AGCCTAAGTTTCCACC-1,1.7421926,2.519527,6.577064,-1.1036603,2.9495456,0.7933457,-1.9924463,-1.1465096,-0.5033667,0.37142432,-0.36844876,2.5521836,-1.672141,0.33317482,1.8621025,0.6085719,-0.4088527,0.81847566,1.6824845,-2.0231931,-1.4691237,-0.86125255,0.15974304,0.7653291,-1.6914732,-1.3402406,-0.37271836,-1.0800713,-0.19811158,0.5592137,-1.3065914,0.80203795,0.7525469,0.6982073,-0.09783501,-0.24567156,1.9561154,-0.29973516,1.4311663,2.2267137,-0.20280752,-1.2164154,0.04439567,0.490396,0.0769415,-0.28041625,1.2175589,-1.0114849,0.015792968,0.61545074
AGCGGTCAGAGCTGCA-1,12.00382,-0.054582115,-0.6217601,0.38368952,-0.72011197,-0.17611092,1.860628,0.9033902,0.7418897,0.80428165,-0.12695698,0.24374431,0.02479805,0.25766745,-0.3617108,-0.16564754,0.09875861,-0.80212444,-0.6272729,0.59837973,0.47847766,-0.46847743,0.025534352,0.030879503,-0.05609028,0.67412335,-0.55740404,0.45056602,-0.82849467,-1.7071573,0.71089256,0.04423305,-0.3217053,0.31463423,1.0032458,-0.36044317,-0.02210668,0.33748385,-0.3371551,-1.0094362,-0.16655405,0.45839682,-0.54022264,-0.86439604,-0.50166225,-0.17280231,-0.61918956,0.49177024,-0.081023894,0.49139044
AGCGTATCATTCTTAC-1,12.709664,-4.6640024,-5.2750754,5.3108196,-4.787432,1.392415,-3.9920397,-6.818754,-15.901179,-8.041054,3.6395361,-3.7740717,2.6343586,2.3839374,-1.4213268,0.78749657,1.3829712,1.8320062,-1.6222008,0.44900647,-1.1898718,1.5251019,1.3577651,-0.73309934,0.87265056,-0.94465,-0.4465784,0.27815926,-1.2870097,-0.4520301,0.5730806,0.88539785,-0.5121221,0.19619982,0.4635699,0.4093127,-0.73184365,0.81845313,-0.32925302,-0.16919927,-0.9224932,-0.34351692,0.09136482,1.3915104,-0.3365555,-0.7922407,1.310905,0.1715607,-1.2355789,-0.23470323
AGCGTCGAGCACAGGT-1,0.115858115,3.9644883,4.6581445,-1.7972703,-0.1622931,1.5138289,-0.97776043,0.07008118,3.3587277,-0.66057175,0.3619366,-1.8867601,2.0885465,-1.6145786,1.3525788,3.0531359,1.2265812,-2.657692,-3.1327343,2.0404954,-4.8344707,-0.24794346,1.5496728,1.0415341,-0.8367913,-4.2113934,0.6679319,-0.74145406,-1.2458179,-0.86190397,0.5030034,0.6414478,0.045445908,-1.6923902,1.767451,-0.38268965,0.0035308872,-1.2676209,0.611175,0.19681798,-4.375852,-0.6782646,-1.579257,1.0574089,-1.7290714,-3.923722,-5.163992,0.6107506,-0.9677243,-0.11288284
AGCTCCTAGCATGGCA-1,11.141075,0.34744546,-0.22727264,-0.6735591,0.52140373,0.10860045,0.6568347,1.7576226,0.5843023,0.017560828,0.67503715,-0.5322928,-1.2588779,-0.20307386,0.55625314,0.99444,-0.5925384,0.05920186,0.2869687,-0.16211417,-0.07076729,0.9789336,0.3053592,0.20312436,0.03467255,-0.9884133,-0.7665023,0.7692217,-0.46252006,0.37050313,-1.0242856,-0.6344085,-0.19685222,-1.1972423,-1.6720848,0.40591362,0.14094725,0.14281493,0.15571891,0.39196196,-0.6726227,-0.46966717,-0.26183102,0.1114148,-0.2646576,-0.9235773,-0.08678873,-0.47259846,1.202264,-0.67000085
AGCTCCTTCCCTAATT-1,11.763235,0.01792986,-1.0938776,-0.7051931,-0.3443061,-1.142897,1.011946,1.6318345,0.26635486,1.328618,0.00030273543,0.55504847,-0.74654466,0.9147124,-0.5827852,-0.4886188,0.9478118,-0.74176985,-0.22935888,0.61864805,0.48433006,-0.28986257,0.25419,0.2180496,-0.07969941,-0.5216585,-0.7112463,-0.3542077,0.5369159,-0.43824074,0.20084105,0.1391999,-0.32510692,-0.49886367,1.0298789,-0.78353184,0.62172145,-1.2455927,-1.425005,-1.644909,0.06193544,0.3000869,0.18051773,-0.6165661,0.089017004,0.8591354,0.22425832,0.14954965,-0.46661142,-1.0802636
AGCTCTCAGGGATGGG-1,-0.21684358,4.18071,7.4653635,0.18714821,1.2385068,3.5128875,-2.8942847,-1.5276891,-1.0581032,1.7261392,-0.32095048,0.29052734,0.24309441,0.24733414,0.42454264,-0.2652658,0.5884911,-3.2174268,-0.40399736,1.0024475,-1.0743169,1.6493846,0.66344833,1.0155607,0.47358546,0.2696447,-0.5760898,-0.6398216,-1.0359498,1.047983,0.4737989,-1.3471569,0.7009831,0.320778,3.2437692,-0.6501335,1.3468323,0.7199384,0.618606,-0.040269803,-1.7017044,0.4624732,-0.9993405,-1.7263803,1.5911629,-0.7365644,0.03547574,0.6044253,1.8589889,-0.6284131
AGCTCTCGTGTCTGAT-1,6.118899,-0.23426096,-0.46996984,1.4002377,-0.4786404,1.297741,-0.5224503,-0.73024005,0.709916,1.4890553,-0.97709894,0.6475053,0.9025088,0.064860284,0.43051276,0.21252783,-0.095701516,-1.8246692,0.355738,-0.5321765,1.0112163,-1.1031104,0.38113502,0.81456786,-0.5057448,0.041673254,0.9014781,-0.0969927,-0.25183198,-0.51861817,0.1572574,-1.4522818,-1.1749684,-0.38962975,0.565748,-1.5773407,0.3547615,0.3239703,0.18936723,0.7377815,-0.3114943,0.55639845,-0.385736,-0.4106908,-0.23493803,-1.0378752,-1.892058,1.1802794,0.7485383,-0.17417589
AGCTCTCTCACAATGC-1,-3.8706298,0.83444905,-0.6256233,-3.111814,2.0895026,-3.1143808,-2.7768583,-0.5846149,-2.3558822,1.4180698,-0.48883507,-1.0493754,-3.0824451,-1.1393523,0.5277048,-0.66651726,-1.0294447,-0.95571536,-1.1918012,0.15670942,1.0977898,-0.7793664,-1.0243505,0.0039461814,0.20697097,-0.855275,-0.3995562,0.674397,-2.3680265,-0.49252802,-0.85166293,-0.93466896,0.020944845,0.54523915,0.4112921,-1.7126412,1.9590687,0.5812993,-1.7181059,-0.77365077,0.71178544,1.3562219,-2.0980885,-0.48752108,-0.20883562,-1.2424614,-1.128019,1.3533322,-2.3314912,-0.19897814
AGCTTGAAGAGAACAG-1,-0.645603,3.2589128,3.6964378,-4.1558356,2.247685,-1.0941807,-1.9508281,2.1323025,2.711498,3.5143485,-1.4979253,-6.079629,6.1428194,-0.9954413,3.274547,0.87226117,3.7047606,-1.2760018,-0.7607799,7.876966,-2.5409958,-2.6267974,7.495266,5.033999,3.662702,-1.8557813,1.7012974,1.5900745,-3.4761517,3.296582,2.532558,1.463918,2.8117015,-7.840609,-1.345944,0.025570376,-1.8702883,2.5684478,2.558839,-2.852088,-0.6202302,-0.4248367,5.1186924,-2.4181561,-1.5564028,-4.1206574,-3.3670187,0.32183242,-6.9852586,0.3955415
AGGCCACGTGCGAAAC-1,15.718444,0.7472274,-2.01318,-0.6026401,-0.68249524,-0.42831385,2.2559123,2.0172691,0.052077267,-0.5751895,-1.3175583,-1.4434447,-0.2917541,0.31350404,-0.9825114,-0.4624554,-0.9392262,0.11685928,-0.24148527,0.56574714,-0.61780256,1.4847176,-0.1609623,-0.9718655,-0.5533108,-0.28189924,-0.035910364,-0.09294657,0.4850102,-0.27256915,-0.08797028,-0.55978847,0.31751767,0.7281404,0.19655739,0.19869843,-0.45664197,-0.073653854,-0.8215172,-0.06442051,0.70611703,-0.3532659,0.08228,0.102375306,0.47185466,0.76181215,0.7019651,0.28442872,-0.22205885,0.32949215
AGGCCGTCACAGCCCA-1,11.903097,0.030470977,-0.90028435,-0.82983756,-0.36622512,-0.10252296,0.91052425,1.087842,0.9670024,0.037336823,0.39021334,-0.15582588,0.15847689,0.16459674,-0.2365739,-0.3102705,0.36299562,-0.54961026,0.7959422,0.53949654,-0.6059799,-0.61322093,0.22485442,0.3459719,-0.5164344,0.6028275,-0.9470223,0.08252773,1.057299,0.12699349,-0.15122171,1.157055,0.27761963,0.3153983,-0.15950727,-0.22301365,-0.37083527,0.13277577,0.45598575,0.7943127,-0.90193313,0.6884654,0.019846557,-0.00085816934,-0.5520387,-0.84888256,0.2169922,-0.7884116,1.0189127,0.104985885
AGGGAGTAGACAGACC-1,16.162136,0.9102419,-1.853806,-0.1616815,-0.815348,-0.57626903,2.6185431,2.9798813,0.05252662,-1.6839174,-1.1132586,-1.1576093,-0.4747372,0.11596989,-0.6016777,-0.6174745,-0.51125944,0.21293783,-1.0020308,1.1024332,-0.60277,0.27978396,-0.3548338,-1.5181645,-0.5589531,0.084371276,-0.49795958,0.28658158,-0.1137848,-0.19523172,0.23163494,0.21243428,0.4693535,0.1785745,0.5424163,0.8575818,-1.1067263,-0.78849524,-0.6921373,0.40926975,0.2733612,-0.20979308,1.0615432,1.082252,1.0410367,0.051100183,0.6569804,-1.1978561,1.095685,0.5825166
AGGGATGAGGGCATGT-1,-6.469907,0.1369566,-2.4006352,-1.8823887,1.1171066,0.6472378,0.6474726,0.750618,-1.5117974,2.083037,1.2383354,-2.5080726,2.002038,-0.96592695,-3.360724,-0.1654432,-2.378486,-1.2767068,0.8389198,5.390552,1.8599257,2.3590474,-1.3322654,-0.47648665,-1.2930094,-1.4924289,0.216687,-0.8550501,-0.9935393,-0.4425776,4.186546,0.056686647,1.0474256,-0.53510857,-0.5476579,1.6432025,-0.13468085,2.3861017,-2.7055054,0.032862484,0.32738158,-0.69360065,1.3041532,0.8074408,2.62218,-1.7810724,-1.7322221,-2.130683,-2.2918172,1.816503
AGGGATGCACTTAACG-1,10.965532,-0.2557484,-0.036599558,0.31009802,-0.44490692,-0.33315137,0.55164987,1.2482,1.6829596,2.023694,-0.5895225,0.34333408,-0.9274377,-0.41370562,0.2536988,-0.79336447,-0.27589983,-0.9064748,0.18772973,0.21943794,0.50199693,-0.25387534,0.16395943,1.4662985,1.2347033,-1.3683106,0.3104982,-0.96314186,-1.2019342,-0.9396625,-0.552274,0.005511393,-1.3382875,-0.5017155,0.72016233,-0.057751812,0.2207911,0.056022365,-1.0251497,-1.8213127,-0.49732476,-0.12720132,-0.7316016,0.021418238,-1.1320863,-0.46724796,-0.7671814,0.5021823,-0.959244,-1.4859529
AGGGATGGTCCAAGTT-1,2.826646,1.156164,8.531402,2.0411537,-0.5854678,3.7078576,-3.6049795,-3.8978748,-0.05518062,-0.6004933,-0.02141093,1.9610509,-0.848147,2.4350688,-1.0786797,-1.7747334,-0.44326022,-1.8711219,-1.2377137,-0.22339411,0.55024886,1.740512,-0.8279378,1.7105247,-1.1253223,-0.9504057,-0.60641986,-1.1999767,0.50233924,0.72407985,-1.4547889,0.96230865,0.048600156,-2.2038965,0.45615134,0.3475351,1.3332957,-0.68478596,0.33408076,0.029197354,0.3219482,0.08929423,-1.5021063,-0.80619925,-0.76200634,1.7350875,-2.6002972,2.1169732,-0.34504217,1.2250668
AGGGTGAGTGACGGTA-1,10.570253,-0.28607726,-1.5203358,0.09381006,-0.5414019,-0.31724602,0.65931386,1.640434,0.57480377,0.5324288,-0.9133883,-0.5103204,0.9048457,0.00969213,-0.6537149,0.7241782,-0.80684906,-0.27992398,0.10008958,-0.34581286,-0.042541515,-0.42664394,-0.5071837,0.8687821,1.4853808,0.13920632,-0.52218163,0.2246528,0.21600506,-0.29060563,0.02907775,0.22425073,0.02559386,0.26006103,0.7731163,-0.654723,0.7067714,-0.37377924,-0.44807303,-1.6714604,-0.10365037,0.57226175,-0.18827286,0.08367823,-0.53041553,0.54303104,-0.43946216,-0.2176811,-1.2943612,-1.4072553
AGGTCCGTCCGAATGT-1,9.213768,0.4465132,-0.08026772,-0.89919657,1.067696,-0.34447613,-0.30485097,0.34488547,2.6207092,1.4019799,-0.7800169,0.68597424,0.5964595,-0.7058151,-0.19714078,-0.47447407,-0.18637778,0.47311172,-0.7297284,0.78602684,0.67471594,0.51373833,0.38138014,0.8303577,0.35589916,0.45296004,-1.4266417,0.41405743,-0.31001833,1.499644,-0.50936383,-0.87438786,0.2958181,-0.76623327,-1.337428,0.0018098002,-0.96943593,0.521523,1.5231274,2.0253482,-0.0983693,-0.42458084,-0.32610378,1.2553531,0.3398482,-0.8224257,0.211538,0.16678843,0.57684153,1.1552696
AGTAGTCCACGAGAGT-1,1.9661592,-1.4814821,2.9018712,-0.25108066,0.8459271,2.1732523,-4.5545154,-3.325339,1.1770176,2.2955015,1.4785029,1.1583304,1.1134291,-0.72496873,1.2229292,0.18290657,0.36606348,-0.89817595,0.030722082,1.377326,0.9695551,0.3328853,0.23869792,1.3802156,0.1333941,-1.4146395,-0.39032272,-0.5008383,-0.40670612,0.10758542,0.9998591,-0.16843681,-0.23678903,-1.3778578,-0.9751498,-0.99154717,0.92990917,-0.023149954,0.41951564,-0.36589253,-0.52167916,0.30929896,-0.589389,0.060297526,0.05747115,-0.6747578,-0.38826343,-2.1077359,1.3652862,0.094254844
AGTCTTTTCGCTAGCG-1,1.1130955,1.8381389,2.6072793,-0.22998147,2.215459,1.1080861,-0.9234898,-0.3014496,0.8631744,1.4350722,1.029512,-1.4023892,1.5904326,-0.56583816,0.76326716,0.8916133,1.1919556,-0.6405916,1.603564,0.61225325,0.86915624,1.2750783,-0.619984,0.2085455,-2.2890284,-0.5250508,1.6793427,-1.359609,0.28452381,1.9066709,-0.15843037,-0.567378,0.8083556,1.8086132,2.20276,-2.1873045,0.8450347,-1.0909559,-0.4360671,1.1691473,-0.2613761,0.8197453,-0.6615463,2.498533,1.6186466,-0.24701709,0.05442051,0.4779741,1.4363997,-0.4068786
AGTGAGGCAGGACCCT-1,9.934761,0.01672733,-0.5803898,-0.7157907,0.9301553,-0.18518357,0.7659538,0.4513943,1.1272584,0.28562656,-0.03920232,0.85361797,-0.22918707,-0.7050178,0.4527235,-0.5777923,0.728967,-0.3914513,-0.06320788,0.28988782,0.8586322,-0.5728325,-0.1434902,0.320903,0.8423904,-0.4260596,-0.61921865,1.4207271,0.37868923,-0.06273551,1.0096748,0.70168054,0.3477978,1.4357896,0.24448447,0.24732769,-0.19759485,-0.8148864,1.6065404,0.2387107,0.44832584,-0.2124911,-0.5300453,-0.5045515,-0.5856555,0.67382824,0.32745942,1.047576,0.2183,-0.0802755
AGTGAGGTCTTAGCCC-1,-3.449809,0.8202494,-1.8467896,-3.533969,5.2400465,-0.89740855,-1.1693175,-2.9702928,0.23499237,1.5056669,0.48155773,-0.3273855,-1.3069732,2.0165126,-2.967652,-0.88424736,-1.5797776,-0.27377975,-0.21673967,-0.5826537,2.0289974,2.3556533,-1.268038,-3.1995163,0.10681331,0.67571944,0.104900196,-2.3272202,-0.10719469,0.689273,-0.33241484,0.92560124,-0.7318105,0.3285474,0.5120086,1.8492035,0.32915017,-1.9578618,0.1821084,1.4759747,-0.015023177,-1.8836411,1.2433676,1.7928993,3.1426759,1.1911069,0.5164344,-0.5178038,3.6907125,1.7815248
AGTGGGAAGGATGGAA-1,9.800741,-0.79435015,0.020147901,-0.4077631,0.11428728,0.0012231993,-0.7087171,-0.31364447,1.0757444,0.6663854,-1.1252534,0.6040486,0.64014673,-0.74393296,0.5476523,0.2606498,-0.6651072,1.2899121,-0.0067465752,0.7748105,-0.8223828,0.60292834,0.3885373,0.098696165,-0.05430898,-0.59105337,0.013818641,-1.9937935,0.8870396,-1.5901161,0.4017382,0.16388968,0.699632,0.24343859,-0.29078972,-1.0585833,1.753751,-0.078113854,-1.0474693,-1.2349691,-0.037753448,0.01770212,-1.7619122,1.570608,-1.2496481,-1.2334951,2.0229495,-1.1470393,-0.75172234,-2.4553723
AGTGGGACATTATCTC-1,-5.2232094,1.2896413,-2.1088762,-6.2786417,7.5748053,-3.7364948,0.8683857,0.13429351,-1.1217035,0.18822023,-0.6506884,-0.020265387,-2.495741,0.74952024,-0.30034614,-0.99275166,-0.1753764,1.6797837,0.81438303,-0.51417494,0.6088058,-1.047752,0.61310375,2.8963063,-0.29106534,-0.9939889,-1.1470567,0.86503524,-4.481594,-0.6052287,0.28363198,1.6764672,0.06710198,0.044544734,-1.2869579,2.4032729,1.7304432,2.405945,-0.25478727,1.7466651,-0.4942792,0.16508043,1.3957843,0.7001755,2.1402695,-1.1307031,-0.3480342,-2.257506,2.0083294,4.0606933
AGTGTCAGTTCGCTAA-1,2.8912559,0.21084905,3.890418,-0.03027698,1.5715182,0.50156075,-3.2733586,-1.9970275,0.7445475,2.6768084,-0.2252764,1.454919,0.7611991,0.7739858,1.7913567,0.34805408,0.12771524,-1.6205107,0.35027018,0.87721294,0.068622954,-1.354653,0.22419561,0.064450756,-0.28956598,-0.5313206,0.49548015,-0.51828015,-0.0002297616,0.24160062,1.027475,-1.5122823,-0.5449478,-0.18408535,-0.6621201,-1.3049421,0.9723192,-0.9095905,2.8134935,1.8074172,-1.9128295,-1.492219,0.67816746,0.37766784,-0.19616069,-1.9482201,0.29237208,-1.5185763,0.23635998,3.5225046
ATAACGCGTCAGAGGT-1,0.42868528,-0.13515846,-2.9721856,-0.7832367,3.7496696,-0.4986485,-6.088678,-4.430802,1.6865182,1.3273753,1.2833667,0.47608787,0.070937805,0.3954789,0.10449198,-2.065076,1.0743729,4.207067,0.50384396,-0.24584237,2.2220066,-0.28772387,-0.115174845,-1.8494495,2.1453419,1.8903174,-0.21171503,0.12722614,0.51309305,0.43574333,0.27907375,-1.4747758,2.9039364,0.3024409,3.1257193,0.45596808,-0.82603806,-0.35133877,-0.8704166,0.7095132,-0.55298334,-0.5849888,-0.29997423,-1.5683094,0.41039875,0.46164978,-1.788873,-0.46741542,-0.70495105,-0.15744379
ATAACGCGTTCGTTGA-1,1.4363456,1.2764419,5.4568295,-0.09404149,0.18595219,1.0680883,-2.090391,-1.5353205,-0.08815851,2.5847154,0.3481314,0.725801,0.50908387,0.07381888,1.2899683,0.47457945,-0.14186127,-1.7465099,-0.8762877,1.6738327,0.2672656,-0.1321015,0.03560548,0.17784916,-0.4212346,-1.2659293,0.01999552,-0.20904821,1.1514103,-0.3801822,0.54984134,-0.29400814,1.1528987,-0.24319498,0.19888632,-1.5637763,0.85163623,-1.9676528,-0.3329538,-1.3229789,-1.1449536,-0.20819819,-0.16869675,-2.4467158,0.78335315,-2.1170726,-0.5567375,0.6770889,0.55384475,0.41258335
ATAACGCGTTGTTTGG-1,9.844721,-0.2974983,-0.013908274,-1.2902199,-0.0033038878,0.10488114,0.3791596,0.8764226,0.33961347,0.39092705,1.0977154,0.58114797,-1.0056759,-0.39368698,0.9474256,0.3438704,-0.45375395,0.17531282,-0.07605383,-1.5653533,0.48385483,-0.64075714,-1.2620343,2.0683212,0.39650288,-0.8852148,-0.010651612,0.23827706,-0.6685219,-0.29754788,0.054730594,0.3114693,-0.111359455,0.06509348,-0.45557886,0.34377214,0.68489045,-0.21100146,0.22907864,1.0318052,-0.5185945,0.58109397,0.096509255,0.24595328,-1.985974,0.32754686,0.7092469,-1.102213,-0.5531652,-1.7270296
ATAAGAGCAGATCGGA-1,15.101316,-0.24878101,-1.2829102,-0.26294187,-0.6637528,-0.5230511,2.2586265,2.2541566,-0.41926742,-0.45003268,-1.2452832,-0.6923958,-1.1433417,-0.42914218,-0.6008907,0.075195156,-0.69769245,-0.21041815,0.48807648,-0.24708736,-0.38767192,0.3369965,-0.044207163,-0.80662614,0.7237412,0.5769655,0.5503828,0.6597122,0.4165955,-0.93389654,0.23553914,0.27920184,-0.59027296,-0.23671189,1.2445273,1.0920714,-0.23044465,-0.42881498,-1.5953377,-0.5463414,-0.50574034,0.25220907,0.31725228,0.27713847,0.06060811,0.5652882,0.1521889,-0.1851075,-0.21961088,0.26385087
ATCACGATCTTAACCT-1,0.6995105,10.870519,11.88291,-2.0570571,1.0558767,4.3664646,-0.8529728,-0.06289493,2.2867212,-6.9195895,-1.7109202,-2.2777257,-3.0248404,1.1525675,-3.8342488,-3.4207292,-1.2184274,4.4818554,-1.977408,-2.6389198,-1.0372134,4.439633,-2.8445246,-2.0628042,1.1317968,1.6571164,-1.6626573,3.5015736,0.49643666,0.14677724,-2.0650609,0.62799615,0.73703504,-2.0155108,-3.7100723,-0.70727324,3.2041368,0.021964611,2.7569046,-0.7235617,1.6861293,-1.8864493,2.0986187,-0.076428354,-0.07865363,1.9126186,-0.0064549264,-0.13838969,-2.0658355,0.08582629
ATCATGGAGCCCGAAA-1,0.27938098,-0.15125759,-1.4671875,-2.9264271,4.5573273,-1.6129783,-3.5428324,-3.147357,3.3005266,0.06503733,-1.3867241,-0.0722013,3.5137246,-0.4991053,-0.4067036,-0.50655705,3.124348,3.7339625,-0.35150242,-0.4445547,0.7928514,0.10860958,1.5188909,-1.4344407,-1.554063,-0.54076636,0.74916327,-0.56179875,0.16440976,1.3611132,-0.48876905,-2.1452394,-0.016189154,1.4612855,2.0477324,-0.9108555,-0.24957247,-2.4293747,-1.0725453,1.8160169,-0.21849227,1.0473627,0.69142663,1.8963488,-1.9189724,2.086996,0.27668548,-0.9624936,-1.9970456,1.3365495
ATCCACCGTCAATGTC-1,13.628612,0.4217826,-0.87921166,-0.8840566,0.3793939,-0.9574157,2.541178,1.8325033,-0.075929046,-0.95439935,-0.4634188,-0.0052847895,-0.6641308,-0.4117835,0.5044316,0.17305993,-0.76179403,-0.04492378,0.9784028,-0.57535744,-1.008096,-0.0038799753,-0.85261095,0.5776261,-0.21087457,-1.2065729,0.6950871,0.28197533,-0.7094758,-0.3664208,0.9812689,0.8311731,-0.6249864,-0.52161247,0.5445415,1.1888161,0.33109677,-0.38694808,-0.4381832,-0.08548699,-0.57269144,-0.51749784,-0.9202584,-0.5626437,-0.19173616,0.39708483,0.23441128,0.72108305,-1.4672054,1.5218326
ATCCGAAAGTTCGCAT-1,-1.9977335,0.72824967,0.19313285,-3.4178064,4.002753,-1.399654,-1.3119315,1.134384,-1.8746189,2.222458,1.5452793,-0.119950764,0.29903877,-0.10796493,-2.554466,0.37463233,-1.3273895,-0.13462265,0.43344098,-1.6271409,0.14389269,0.6776621,1.0686533,0.51888555,-0.36844236,-0.7039808,-1.2173654,-0.38848245,1.8322129,-0.8682797,-0.76876086,-2.5851738,-0.61424357,1.1679952,0.3782383,-1.123124,1.7951995,-0.14610174,0.17515594,-0.7939194,0.90776163,-0.7720759,-0.99537694,1.4194512,1.211945,-0.2611866,0.25003403,0.70494914,2.0558112,1.3540741
ATCCGAATCGAGAGCA-1,-0.19759628,3.8238568,11.04774,1.3960726,-0.74322087,4.054102,-1.2394903,-1.7924329,-0.52414036,-1.2646974,-1.4996061,-1.435016,-0.5085016,1.271844,-3.003438,-1.3273499,-0.13387196,-1.6740042,-1.6496363,-1.4844092,-0.5289836,1.2570344,-1.3758471,-0.079030186,0.486473,0.95654035,-1.4381921,0.23881957,-1.210641,-1.0638709,-1.7131286,0.029658606,-2.214611,0.6612528,-0.15401416,2.983662,-1.8241712,-0.68599844,2.4843187,0.4844727,1.0053022,1.2854191,-0.39778036,-0.28186643,0.9860276,-0.28546268,-2.1594145,-0.48211193,1.0995907,-0.74995846
ATCTACTCAAGCCCAC-1,-2.438807,0.7127032,-0.46286982,-2.4209135,4.6979446,-2.166058,-0.8387931,-0.09807873,-1.0055069,3.1871786,-0.20084621,-1.3128152,-0.6066878,0.90566635,-1.0444654,-1.9389524,0.21024565,0.17623484,-1.0872699,-0.34534806,-0.2416508,0.9153206,0.72800547,2.5733898,-0.7698935,-0.61811054,-0.16019891,-1.1693262,1.4506643,-0.35010278,0.14740491,0.24092717,-0.025176577,1.6803963,0.50526524,-1.3951994,1.4165983,-0.050248224,2.191743,0.29981813,-0.50915486,-0.9689338,-3.2988427,1.0816975,-0.44457006,-0.45084992,-1.1948645,0.850431,-0.027914181,-0.62249416
ATGAGGGAGTATCGAA-1,-2.0030057,3.4519756,1.9233539,-3.8695467,2.8973794,-0.9340404,-2.0917914,0.6607852,-0.7219593,2.542326,1.6986744,-2.1025078,2.2107794,-0.32182005,-2.458237,0.18548942,0.11713045,-0.87214,-0.77786344,0.94771767,-1.8533155,0.48708296,0.13786814,1.1325108,-0.77655715,-2.4897165,1.9753325,-0.64883476,-0.3348791,0.07045532,0.9944582,-0.8079489,-0.3340514,1.296454,1.5274438,-2.8577938,1.006358,-0.0053454554,-0.49303865,0.58584577,-0.094112985,-1.5624874,-0.40705857,0.5746537,0.41793475,-2.1407695,0.5510031,-0.9376042,2.0337043,-0.30773228
ATGAGGGGTCTACCTC-1,-2.4496067,0.025648175,0.48703966,-2.4661195,3.779601,-2.219142,-4.7010217,-2.4296963,-0.60389125,1.6061944,0.46557343,1.7135772,3.1026907,-0.9316039,2.3801854,-1.0905092,0.14853157,-0.4235598,0.70015,-1.6659036,0.5457448,-0.12647282,1.3598658,0.9752058,0.73808527,-2.133877,0.7939554,-0.9212008,2.283976,-2.2559183,0.63229144,-1.7817923,-2.5665238,1.9203272,0.8679826,0.40548328,-1.2039624,-0.1499064,-1.5603234,0.17542289,1.1476798,1.5466115,-0.39528883,-0.9227633,-1.8092558,0.9375777,-1.4597517,0.3831469,-0.40147856,-0.92673343
ATGTGTGTCGTACCGG-1,9.703743,0.30821475,-0.19219936,-1.1784877,0.74134207,-0.90326875,1.0400335,1.5069964,1.3616544,1.2578818,-0.06918237,-1.2685229,-1.0571048,-0.99774116,0.8556601,0.8565641,-0.36357507,0.51099086,0.48458466,0.1751426,1.2860448,-0.2697136,0.5579809,0.9027769,-0.9478912,-0.2793448,-0.36365053,-0.03375012,-0.9065975,-0.13805906,0.6453036,0.5877976,0.91978955,-0.30895883,0.629994,-0.16798618,0.6846329,-0.17057626,0.6472732,-0.17701931,-0.09775159,-0.5638197,-0.31233647,-0.15577702,-1.506031,-1.0148128,-0.689844,-0.1952255,-0.58803636,-0.27138323
ATTACTCAGAGGTTGC-1,4.9667096,-2.9509413,1.0063864,1.1669706,0.017736446,0.7537712,-4.6869583,-3.9725244,0.3614445,1.9656659,1.0680716,0.6506631,0.9371501,-0.46218804,0.68854016,0.86470723,-0.50577086,-1.6151575,1.0932109,0.5453814,1.3966696,-0.96940947,0.48399404,1.3529613,0.94186467,-0.20981687,-0.423098,-0.879859,0.08681381,0.25844908,-0.2942306,-0.36810508,0.73524076,-1.2608967,-0.403911,-1.3601235,0.30109608,0.115437336,0.9806849,0.5416036,-1.6056185,0.025620172,1.0239762,0.11778274,-1.7107729,-0.6331137,-0.8853351,-1.3233774,1.0540459,0.5338183
ATTACTCTCCGCAAGC-1,0.57906884,0.23273851,6.690878,0.6248109,1.451391,2.202718,-3.0643632,-3.1335359,-0.64803493,1.0647975,0.76448584,1.4200383,-0.3237237,0.3313835,1.8568553,-0.24528459,-0.012271746,-1.9860293,0.3055401,0.34134036,-1.0363994,-1.0700344,0.57670575,2.266209,-0.49861717,-1.6029406,-0.87393314,0.67712235,-0.03847411,-0.1955553,-0.07885103,-0.059064735,-0.52624464,-0.6338103,-1.8323356,-0.91660297,0.3591504,-0.77638483,1.9141059,0.9689359,-1.1622641,-1.23651,-0.6387161,0.5674601,-3.2933605,-1.3857267,0.4306243,-0.5056765,0.5731189,1.1910963
ATTATCCCACATAACC-1,13.087818,1.3992153,-0.61748105,-2.1663089,0.8398195,-1.2444708,1.4481844,3.1391475,1.2783898,-0.022008661,-0.12271453,-0.29010564,-0.579038,-0.47735772,0.16822404,-0.68383217,-0.039677493,-0.004569721,0.46819842,-0.13689883,-1.4996978,-0.2882611,0.5291152,0.09902835,0.7950492,0.03296806,0.063415706,-1.1618683,0.43847895,-0.31378746,-0.19814424,0.830776,-0.6931496,-0.36530462,0.018689493,-0.10651357,0.62331843,1.2194221,-0.89347297,-1.6711708,0.21258435,-0.5284566,-0.5268397,-0.44895768,0.9171795,-0.79268396,0.87493104,0.49809808,-1.9608673,-0.34705815
ATTGGACAGATGAGAG-1,14.85399,0.6028605,-1.3276223,0.46503332,-0.24083593,-0.6381551,2.0533397,2.0874095,0.828621,0.571864,-1.1409007,-0.19538218,-1.564891,0.14623341,-0.4748252,-0.60609317,0.039036177,-0.48030105,0.065766364,0.07104517,-0.33584535,0.46709117,-0.97171074,-1.5322652,-0.28096735,0.31738967,-0.2771765,0.277398,-0.6883548,0.19972944,0.24237551,-1.3527507,-0.63536745,-0.20191225,-0.27370134,-0.039079085,0.32506534,-0.18032736,1.1403191,-0.5194595,-0.34868726,0.6353389,0.582603,-0.0974593,0.7221127,0.8467318,-0.56981593,-0.4343018,-0.6793761,-0.18307734
ATTGGACTCACCTTAT-1,12.173127,-0.10296847,-0.4592802,-1.2192974,0.18730943,-0.7358822,1.2810789,1.9818919,0.7418566,0.2943216,-1.1169325,0.43316856,-0.71149546,0.47698554,0.13123488,-0.11931575,-0.05972924,-0.7751867,-0.580632,0.3759114,-0.20381548,-0.020689448,0.09581787,-0.45950243,-0.23569211,-0.5741301,-0.35986337,-0.69973654,0.12084783,-0.086846985,0.008345655,0.20789419,0.29110244,-0.26331988,-0.026057383,-0.004971187,-0.49959072,0.16470309,0.64350504,-0.2586441,0.40771407,-0.34044623,0.98334795,-0.19376408,0.2361758,-0.289404,0.0900591,-0.51318675,-0.36774212,-0.4032853
ATTTCTGCACGAGAGT-1,-1.0810051,5.428488,7.072175,-1.5034317,-0.9795604,0.06090588,0.7808374,-1.0691617,-0.87510425,0.56782794,-0.030105274,-0.25472078,0.7468819,0.69777244,-1.512793,-0.40856048,2.738024,0.7586281,-0.24895532,0.2289285,-0.038455367,0.20268732,2.3390853,2.7521439,-1.9764422,-0.2544643,0.4894199,-0.94715774,1.4090947,-0.22941399,-0.782529,-2.3560388,1.9429874,3.1809733,0.2925782,-3.5555344,3.1449633,0.34315798,3.0563943,4.1785216,1.997287,0.24870616,-0.17401503,-0.3359317,1.6086241,-3.8236868,-0.33186668,-2.3230832,-1.0713072,0.3878644
ATTTCTGGTTGATTGC-1,11.368916,-1.2196878,-0.8992587,0.78032833,0.1876904,-0.67355615,0.39068758,0.6290004,1.5445151,0.3952073,-0.60496235,-0.5747605,-0.8869091,0.32496655,-0.43802646,-0.44155416,0.065103434,-0.37482435,0.7843333,-0.30730814,0.826121,0.08597032,0.06187235,0.3236941,-0.5901979,-1.2304885,0.07549722,0.023847742,0.39504042,0.3157799,-0.502261,-0.5756142,0.27519256,-0.19632185,-0.27400428,-0.63708556,0.7048054,0.2788947,0.8787423,-0.14837237,-0.39809927,-0.21585646,0.6581506,-1.3570563,-0.28496265,-0.17159906,0.2672009,0.9123244,0.0829885,0.7110113
ATTTCTGTCTGTTTGT-1,-1.558039,6.519425,5.0733285,-3.6957242,2.4612427,3.3728175,-7.291511,-3.1144977,3.556015,6.867039,1.5241615,-2.6333723,11.431123,-3.7005537,7.541,3.0384603,4.988403,0.6641133,-1.6817342,16.507263,4.6577206,0.62533,5.7764106,4.285678,13.577035,8.143669,-6.5272017,7.488346,-6.171332,4.5870337,3.696881,8.92247,1.1584343,-2.5030522,-8.678334,2.067978,-0.39398816,1.8405505,0.3318441,1.4621037,-2.512566,3.6077833,-1.1572578,5.9507046,7.9447613,2.3724484,0.7593281,-3.3537061,4.0551677,2.9105616
CAACCAACAATCCGAT-1,-4.3694453,-0.4027697,-0.25937748,-2.5856159,3.1138625,-2.3282127,-1.4419026,-1.3411666,-2.658292,3.8753693,0.10243646,0.85737973,-2.1433241,0.9860482,-2.620856,-0.24573436,-0.41881692,0.32134995,-0.15823178,-1.2804122,0.1438411,1.8664142,-2.2673202,-1.6898302,-0.23368546,0.8916978,0.29823327,-3.5830648,2.1693583,1.2859946,-4.0672894,0.85539985,-1.4638237,-1.0642463,0.1616905,1.7445937,-4.6721063,-1.1431938,-0.79608136,-1.6428449,0.72051996,0.09915653,-0.7291959,-0.8341977,0.55417484,1.7556792,1.2281996,-0.622027,1.3094211,0.23598085
CAACCAACACTTCGAA-1,-2.5839093,-0.78840905,-1.016247,-3.6041305,3.7976656,-1.8314751,-2.2903528,-1.791006,-1.1184074,1.3204857,-0.39038652,0.516206,-1.057951,0.9449197,-0.7188168,-1.6051086,-1.1268978,-0.48065478,-0.09835704,-1.6600552,0.7401461,0.8040064,0.9139654,-0.42895904,-0.94066715,-0.12711227,-0.1800891,-1.927153,0.06951884,2.2500107,0.6538932,0.8088291,-0.14271171,-2.0922232,0.542463,-0.91202325,-1.243084,-0.43123785,-0.34630182,-1.678412,-0.38740766,-0.6236161,-0.20862204,0.7221747,0.7864262,0.54929703,-0.5050602,-0.046027202,-1.640044,1.1485268
CAACTAGCACCTTGTC-1,12.306592,-4.2481165,-4.916296,4.635374,-4.821113,1.9825568,-4.252369,-7.1330395,-15.316914,-7.6248555,3.5491848,-3.3849938,2.9283106,1.4332246,-0.99578166,0.5139963,1.5315136,2.0763564,-1.4230514,-0.018128896,-1.4433467,1.028658,1.1656196,-0.09341153,0.8896042,-0.4747007,-0.0054511116,0.10549965,-0.631085,-0.88862306,0.42625657,0.96244645,-0.5275212,-0.29415917,0.13621032,0.65312654,-0.27864715,0.4769904,-0.6880329,0.5561154,0.33157244,0.66005707,0.17811288,0.45493293,-0.91609067,-0.38336655,1.2526423,-0.7588375,-0.45433065,-0.5368904
CAACTAGGTTTGACTG-1,-0.78635913,2.6339447,9.259974,0.65055394,0.1865194,1.9675132,0.08655454,-0.98292863,-0.2984942,-0.7796135,0.29945853,0.448705,-2.7792363,-2.4111726,0.16798595,0.9258168,-2.6346571,-0.28399244,-2.3505163,0.1311189,-3.1342056,-0.26575992,-1.348413,0.95547634,0.54749805,-0.24511892,0.20502885,-0.95732176,0.3534927,0.085489474,-0.45614618,-0.51291263,-0.8010539,-0.44909623,0.17989922,-0.35952315,-1.2291408,-0.80353343,-0.8049461,1.2826803,-2.3337631,0.3431275,-0.769564,-1.4773974,-0.07617887,-0.020811118,-0.42060906,0.72273225,-0.70171034,-0.18854213
CAAGAAACAATGACCT-1,-2.4560342,10.765665,16.636257,-3.417566,2.5983646,4.3816934,0.9558535,0.112459086,-0.9449918,-6.0818725,-2.8271482,-3.0824635,-4.6264424,-0.9515,-4.466701,-2.3813972,-0.53727096,0.36758083,-2.1207483,3.2481623,-1.8588341,3.1317036,0.8213905,1.3056561,-0.18773888,0.7284102,-3.350696,3.2313159,-2.552351,-2.0423965,-1.3489002,-2.666386,-0.9519348,1.1860025,1.2152523,-1.5404475,0.49444303,1.6580461,-1.27736,-3.806748,0.1237461,1.6907687,1.585145,3.2223258,-4.374499,-0.73428196,-2.6671665,-1.021184,-1.967022,1.5575649
CAAGAAACACGACTCG-1,12.95088,0.5405899,-1.326025,-0.26155853,-0.05035204,-0.9665729,1.4414142,2.0268,1.1895517,0.78002423,-0.5644389,0.13537693,-0.23280725,-0.23285048,0.14237003,-0.99481183,0.02702453,0.32936916,0.54514855,0.66972333,1.2008176,-1.0655842,-0.58133656,0.20795034,0.74369186,0.27297556,0.08043922,-0.8647718,0.68920213,0.14571959,0.03788833,-0.1880991,0.46438918,0.0006809013,-0.9403842,0.70099014,-0.020125853,0.15560886,-1.2291749,-2.0724084,0.42360196,-0.0802424,-0.54673886,-0.043960005,-0.19437903,0.044613224,-0.002561747,0.0028539049,-0.41412985,-0.40076888
CAAGAAACATCCCACT-1,-3.9072082,-1.0351851,0.33539093,-1.8070678,3.155824,-1.7445068,-2.1054356,-0.9030732,-3.0722284,2.878889,-0.049204767,0.22987005,-0.2693403,-1.8500327,-0.8179329,-0.13130587,-0.5259571,-0.22769342,0.21195924,1.0601456,-1.1928111,0.4674176,-0.98685896,0.6679659,-1.0690858,0.27015868,1.8875134,-0.33813497,1.1100024,-0.054325834,1.7485802,0.24689235,0.63130176,-1.6787297,0.47733468,2.1889927,0.94518805,0.12513885,0.4386117,-1.0539099,2.8729818,-1.1900678,1.1526406,0.18708211,-0.45986018,-0.42546135,2.2952251,-1.6888229,-0.21824086,-1.6146833
CAAGATCAGGATGGTC-1,11.546326,0.21373907,-0.6731612,-1.5030732,0.86136955,-0.9601943,1.0254967,1.3509176,0.48467913,0.7369711,-0.24279782,0.10349147,-1.732063,-0.36659348,0.45714217,-0.043681405,-0.5416582,-1.1882188,0.48859277,0.3373753,-0.62826097,-0.7328547,-0.17864738,0.39422274,-0.138767,0.8802738,0.8327763,-0.19220786,0.24237652,-0.13940169,0.39565602,-0.1536186,-0.76489794,-0.87711793,-0.6685901,0.57404864,-0.23727167,0.40716413,1.1849607,-0.6738736,0.9304757,1.0988641,0.3954808,0.36936975,0.061162375,0.37516746,-0.022988787,0.05825903,1.2797034,0.76761144
CAAGATCCAATACGCT-1,11.9796505,-0.45136678,-0.6864168,-0.38062972,0.40733966,-0.6370543,0.7019737,1.5318146,1.5376778,1.0011865,-0.12845507,-0.061473276,-0.011256133,0.4101734,-0.009588297,0.19064258,-0.26786843,0.44796306,0.24563994,0.2746887,0.34111363,0.57971454,-0.37235937,-0.21694638,0.8224929,0.039688215,0.9470446,0.6550986,0.41029036,0.008416064,-0.89857924,-0.068182975,0.47330716,-0.18954463,0.1854499,-1.0784674,0.07736823,-0.12388907,-0.14153737,-0.91072255,-0.6589526,-0.6362176,0.39887646,-0.6469228,-0.07811036,0.12702988,-0.6495633,-0.09325248,-0.39032114,-1.3944346
CAAGATCGTATCTGCA-1,13.55374,0.20551932,-0.8213235,-0.32903382,0.11946144,-0.9661696,2.2147808,1.6694156,1.3261586,-0.26834458,-0.39148915,-0.8682176,-0.47988176,0.16163988,-0.30136934,-0.34750372,-0.2401354,0.5320673,-0.08153724,0.47112677,0.76951414,1.0553966,0.20278256,-0.9585517,-0.43347132,-0.23420854,-0.566765,0.077021345,0.1941872,0.0075505804,-0.009067072,-0.7141773,-0.1795797,0.17395933,-0.94606864,1.1625339,-0.39337707,0.99773824,0.6203903,0.7439277,0.60878825,-0.5990187,0.67391837,0.49026206,0.5570477,-0.30779538,-0.36264095,-0.12848689,0.6249387,0.5751416
CAAGGCCTCTTCATGT-1,12.250565,-0.14686282,-0.43206343,-0.09039342,-0.058552273,-0.36193264,0.9082161,1.5446885,1.4499395,0.94677275,0.71852803,0.5964488,-0.44054917,0.20854947,0.15902562,-0.25509584,-0.37297115,-0.5960598,0.6906824,-0.0038330571,0.40094075,-0.5391306,-0.8776786,-0.1977546,-0.5811014,-0.19862378,-0.76749384,0.056424145,-0.096378535,0.38333932,-0.26312923,0.26834142,-0.9311051,0.28744304,-0.22923492,-0.1063506,-0.56462985,0.5924623,0.34292045,-0.99703604,1.0223628,-0.19118354,0.3988623,-0.0542348,0.5412201,0.8607829,-0.23579822,-0.15994862,-0.51468426,0.074697144
CAAGTTGAGTAATCCC-1,9.769624,0.59201145,-0.094257824,-0.3960826,-0.4453248,-0.7150018,0.6837056,0.49657235,1.758112,1.387864,-0.6644193,0.5148826,0.3119613,-0.25327,0.14396903,-0.042829815,-0.72394377,-0.5860431,1.5944641,-0.54448086,0.7701625,-0.70554894,-0.18715541,0.28510007,0.406609,-0.60093707,0.24267729,0.8550224,-0.25104684,-0.60803235,-0.43415707,0.6049054,0.50334424,-0.6109499,0.5677932,-0.5685725,0.06500823,-1.1208534,-1.2272096,-0.11410806,1.1291714,-0.80412054,0.6901591,-1.9912795,-0.9164337,0.49603477,0.9631276,0.08701588,0.12754321,-0.1528148
CAAGTTGCACTTACGA-1,4.1633615,-0.6887848,3.7964046,0.10674408,0.8834038,0.037402783,-1.6813775,0.17910418,-0.41880998,2.7156432,0.15360755,0.07112965,-0.56146777,-0.41478813,1.2583262,0.25798282,-0.92111045,-1.4474537,-0.28520465,-0.4644319,1.0737197,-0.6803106,0.9904468,0.34361047,-0.42660952,-0.72512084,1.5663027,-0.020205202,0.86190826,0.3514135,0.11358863,0.38346192,-0.32818204,-1.2640082,-0.15508404,-0.14998338,0.12344079,-0.65524125,0.34175304,-0.55226654,-0.97073174,0.13058965,-0.11032033,-0.9643073,-0.7076187,0.90496665,0.07726287,0.22791815,-0.453455,1.2435299
CAAGTTGTCCCGACTT-1,-0.6560165,-1.4448802,-1.9244672,-0.98671246,3.0322163,-1.2309366,-3.9756806,-3.8698537,1.2638229,1.6225913,0.16539183,1.027472,0.5050547,-0.11470458,0.5684938,-0.92626244,1.4796772,2.9298458,-0.8476949,0.5862607,1.9208808,0.46826422,0.93766844,-1.2666441,0.6899265,1.1345725,-0.4245977,-0.3689574,0.6562313,-0.16676757,0.3298423,-2.2025886,0.24263695,1.0037807,2.2623413,-2.019715,-0.5643972,-0.97975653,-0.5750315,-0.80365765,0.16322316,-0.91907924,-0.15435846,-0.10318277,-1.5856763,-0.11889635,-1.9721285,-1.2641516,-1.6088717,-0.7193521
CACAAACCAAGCTGGA-1,6.9915524,4.07863,-0.7004094,-2.3329914,1.3892132,-0.22253715,2.3981082,4.014491,1.5878409,-0.3529426,0.16558361,1.1629493,2.963211,-0.42281893,0.59571344,-0.9487788,-0.015224148,-1.4639163,2.0035365,-0.53420067,-0.22870842,-0.26449043,2.0649111,-0.84971803,2.1213827,-0.70749223,-0.82326174,-1.6883456,-2.4026413,-2.0199697,1.3653772,-0.5998288,-0.6496319,1.8947095,1.1373613,2.5508075,-1.730315,0.98403484,-2.445955,-0.9694738,0.5296354,2.502101,-3.8302302,-1.914323,-1.1144361,-0.5128683,1.62505,1.1529404,-0.5036738,0.4829993
CACAAACCACTGAAGG-1,-3.8278315,1.4613224,-0.3313118,-4.609007,2.8626544,-2.041995,-1.4359595,2.0153472,-2.2357776,3.66364,-0.7884257,-1.3462764,-1.431439,1.5603358,-1.5192298,-1.9636074,-1.2650189,0.7604308,0.7507396,0.15929,1.5682462,1.7390962,-1.1059568,-2.201884,1.1632563,1.7640879,0.4939283,-2.259638,1.2963903,1.0367022,-1.5656958,0.6138211,-0.25513804,0.9668295,1.2724518,0.8675879,-1.0864005,-1.3739481,0.12957244,0.49952897,1.3947384,-1.496322,-1.1752012,-0.19691338,0.5405614,-1.4880835,0.38461873,1.0775925,1.5279323,-0.34820166
CACACAAAGTTACCCA-1,1.5081011,4.3181934,12.532243,1.1729672,-0.8917599,5.3503237,-1.4212483,-2.525863,1.3155111,-4.0983253,-1.3342544,0.19850542,-3.4559307,2.293695,-1.6270647,-1.3226604,-1.4460865,0.38319418,-1.2139469,-1.5183623,0.1049402,1.5598843,-0.53120244,-0.71143043,0.1422975,2.2681448,-1.6604681,-0.058193494,-0.27111125,-0.29540384,0.8548459,0.12127806,2.0517333,-0.7753967,-0.1387327,0.637981,0.64058316,-1.0323814,-1.1007515,-2.242208,0.14697513,2.574123,0.71314156,1.0785977,-0.8215046,0.37551227,-1.5526265,1.7228062,-0.25072646,0.25414106
CACACCTCACGCGAAA-1,-3.6526482,63.046413,-21.574057,-4.4621396,-22.539894,-1.2907742,67.26851,-65.73689,-4.4215994,23.018908,-0.54900336,1.0601877,9.660747,5.6614156,14.50601,-9.480395,-8.286353,-0.54706717,1.846184,-3.4239962,2.6905904,-0.9177056,1.9804014,1.1104667,0.60786283,-0.35624337,0.8255019,-1.4554635,2.48209,-0.57160884,-0.555533,0.716774,-0.82393855,0.75370556,0.1261979,0.6086663,-0.41035134,-2.285482,1.330858,-0.2879611,0.77487975,0.20183435,-0.06598967,-0.22512616,1.1833898,-1.1663458,0.504805,0.18820336,0.25375876,1.5864187
CACACCTTCGACGGAA-1,-0.7569617,0.14134029,3.382122,-0.38164717,1.0018159,0.49812335,-3.6988246,-2.6571815,-1.5472826,2.7748215,1.9578782,-0.26487625,1.1130215,-0.55835134,1.5541826,0.90603137,-0.6734368,-2.27057,0.91619205,-0.4314923,-0.66935337,-1.4205445,0.020440485,1.0236788,0.55866855,0.6765406,0.8215742,-0.5627371,-0.38620606,-0.2931674,-0.00013357296,-0.012282258,-0.18722402,-0.8657743,0.69156027,-0.2329305,0.96034944,1.0104033,-2.1473372,-0.020543167,0.2626424,-0.36599013,2.372198,0.13143568,-0.5913699,0.21937989,-1.4710776,-0.57847226,0.42477316,-1.4339705
CACACTCAGCGATTCT-1,-3.4751942,1.6576557,-2.7365463,-5.85693,5.1227145,-4.170445,-1.7953315,-0.20917849,0.3338948,0.788,0.43050838,-3.5091574,1.5985465,-0.68883395,1.0278124,-2.0839884,-0.037560333,-0.8224567,-1.3444515,-1.9179643,-1.228402,-0.81640875,1.2688185,-0.2898933,-1.3047197,-1.8146937,0.9951662,1.3793069,-0.69974077,-0.25341955,0.4183874,0.49974447,-0.51243955,-0.025095398,1.995933,-0.94947726,-0.6438994,1.0403516,-1.6554457,-0.11904451,0.13063131,-0.98877245,-0.41602892,-0.09916087,-1.1384122,0.90473336,-1.254451,0.3256068,-2.43492,0.9195832
CACACTCCACAGGTTT-1,-4.9571366,2.13682,4.0565214,-2.3285837,3.640373,-0.36962944,-3.043951,1.0007377,-5.310461,3.5184011,0.5245378,0.022271706,-3.6424522,-2.3341084,2.7955022,-2.0892112,-1.9632659,-5.284233,-0.30571732,1.6624937,-1.0415441,-0.46222797,-0.6174844,3.2197511,0.3728734,-2.2748835,2.5374253,-2.074782,2.3181167,-1.808801,0.31085578,-0.8833824,-0.73864126,-1.5982026,0.96771324,2.4704356,0.550043,0.28464305,-0.3787807,0.0915303,-0.2823708,-1.2515497,-2.1334336,-0.020637652,-1.0835845,-1.1664169,0.104509726,1.6322097,-2.630877,0.08171312
CACAGGCGTAAATGAC-1,9.1245,-0.48974484,-0.8974994,-0.4523034,0.3906678,-1.3996398,-0.5120986,0.21432318,1.8360186,1.4678136,-1.0392425,0.9084317,1.0086445,-1.5065937,0.7109776,0.74193877,-0.62671065,-0.9526055,-0.35355592,0.9350775,2.0641615,0.19301742,0.17490532,-0.41404724,-0.041252434,0.7684351,-1.763927,0.83166367,-1.1380318,-0.030296803,-0.05759254,-1.1095451,-0.940835,-0.37757355,-0.6425524,0.6291357,-0.25058806,0.47496104,1.8901439,-0.21202233,-0.57940304,-0.11118832,0.49336076,0.6546996,0.2085776,-0.39809653,-1.5252274,1.0411966,0.17920011,-0.6867809
CACAGTAAGGGCTTGA-1,10.9665365,-0.30544633,-0.7425278,-0.020889979,-0.0973466,-0.35885853,0.5484574,1.4281245,0.9170667,0.84153676,-1.11252,0.061920986,-0.80511,-0.34263995,0.54214793,0.673539,-0.44244355,-0.82207716,0.33292112,0.030489204,-0.11462267,0.005029817,0.060504872,0.31564844,0.78158295,-0.50654936,0.15081736,-0.20091127,-0.07195909,-0.31857377,0.2322348,0.62307215,-0.32177612,-0.40893075,0.22399202,0.6599698,-0.5280793,-0.737043,-0.7920449,-0.5535789,-0.21382074,-0.99475026,-0.25583595,-0.339715,-0.05721667,0.5902841,-0.22719276,0.71211594,-0.5109191,-0.105679974
CACAGTACAGACTCGC-1,14.624192,0.43912902,-1.9080676,-0.007410706,-0.2677916,-0.61721015,2.0646183,1.0199891,-1.6363633,-0.5270835,0.23940986,-2.0690415,-1.2387606,0.0444448,-0.5357666,0.12309448,-0.3341385,0.6401903,0.030016178,0.42975372,0.30497584,0.37727997,-0.5092805,-0.04077378,1.5040251,0.37957484,-0.1504219,-1.149779,-0.31193683,-1.7440395,0.14482403,-0.27931222,0.17839439,0.76889616,1.4802246,0.9007887,-0.41073343,-0.8819897,-1.187077,-1.7811847,-0.8479284,-0.45703298,1.2221406,0.052808523,1.0754182,0.5238068,0.6719813,-0.22012125,0.047973108,0.3857852
CACAGTAGTAAATGAC-1,10.581177,2.1706398,-0.08816306,-1.7610803,-0.15506382,-0.3283663,0.10224417,1.6562259,2.3423731,-0.51444334,-1.049365,-0.9365196,1.6302885,-1.3073077,0.5155368,-0.37446803,0.471431,1.3372854,1.0884321,-0.06771753,-0.7829023,0.18916734,-0.64680475,1.5601989,-0.9644272,-2.2904558,0.103905946,0.17178988,1.4974867,-0.44766214,-0.9858031,-0.28210074,-0.62375456,0.31234962,-0.91232884,0.25899774,-0.37190968,1.2340872,-0.14744593,1.6775583,1.3375455,-0.63415486,0.36581683,1.2252796,-0.074769706,-1.8085219,-0.38567063,-0.44923043,0.2822949,-0.6646333
CACAGTAGTCAAAGCG-1,-6.3885655,-0.61714596,-0.45051104,-2.5041463,5.857407,-2.6051004,-0.55602646,0.53702533,-5.3114295,3.2408288,2.813999,1.2156008,-2.8856707,0.5700747,0.28252536,-0.66765666,-3.8709252,1.8006759,-0.8439657,0.4886024,1.4530383,3.1884196,-3.3464332,0.9473818,1.8008217,-3.1561043,-2.6047213,-1.5254333,0.024540054,-0.50569046,0.009960318,-0.65455323,-1.1832473,-0.38211724,1.6080737,-0.71058345,0.98174787,-0.27336967,-2.700564,0.8213698,0.7323647,1.3983237,0.8279365,-1.297883,1.2557567,0.7284441,-2.6835284,2.181519,1.8164783,0.6771545
CACATAGCAAGCTGGA-1,1.6592361,2.0459101,4.452849,-1.5834377,0.023465961,2.8774068,-5.3539257,-1.2508775,3.3154156,2.7518556,2.868626,2.5818574,6.0647535,-1.0902828,3.5405946,1.1775551,2.0734565,-2.3674264,-2.6311605,11.431328,4.18863,0.004926506,4.152749,0.74064183,6.477728,3.4507961,-4.670576,1.6899742,-1.9467769,4.660515,2.615364,2.8190353,1.7398916,-5.344386,-8.168826,1.767052,-0.9672349,-0.696538,1.9452139,-0.32123438,-2.0129466,0.12686685,1.0751326,1.0347434,1.7144616,0.1390364,0.0020185914,2.3004951,-1.1951671,-1.4274788
CACATAGCACACGCTG-1,13.420692,1.0218453,-1.0334752,-0.46641552,-0.2524423,-1.152174,1.8857452,2.7467601,1.8115865,-0.4187453,-0.24328919,0.16693985,-0.31798786,-0.4442273,0.27850312,0.12226582,0.14236839,0.32456747,-0.7483707,-0.71336645,0.76126164,0.87924266,0.0905652,-0.654991,-0.45893174,0.75768214,0.49682474,0.25881448,0.010232596,0.94003636,0.05718255,-1.2725089,-0.22600079,0.53578645,-0.586432,0.201239,-0.49102435,-0.43715632,0.66665053,0.8865334,0.76641506,-0.75445944,-0.1835746,0.99013585,0.61937493,0.17500691,-1.0129648,0.72127,2.0612495,0.73211837
CACATAGCACTGTTAG-1,-2.0029292,-0.032632273,-0.25841376,-3.9330468,4.7480426,-1.8173058,-2.8816116,-2.3032556,1.1800808,2.0213041,0.27335158,-0.16318935,0.7396993,-0.09547702,0.57531786,-0.94439596,1.7449737,1.5831451,0.19089246,-2.406128,-0.32420185,-2.5205472,1.1064624,0.38508728,0.66368675,-1.2947537,-0.031131271,-0.45985174,0.90238196,-1.2857635,1.9836631,-1.433416,-0.111739114,0.68918264,0.96889484,-0.2846392,-0.2210906,1.0497509,-1.7795775,-0.826302,-0.30732104,-0.76429904,1.4033178,0.9219457,-0.857857,-1.0521592,-0.23287833,0.13856645,-1.9183751,1.6914996
CACATTTAGCCGCCTA-1,-1.8799477,0.4659693,4.0939302,0.025393613,1.1180438,0.8808452,-2.8878367,-2.5256584,-2.2407343,2.8759294,3.313415,-0.43163276,-0.34132174,-0.673912,0.2179566,0.27397865,-3.1724458,-2.0494993,0.0123173585,0.36120924,1.4954034,0.41790673,0.48971418,0.8279907,-0.77375716,-1.091109,0.86182624,-2.752536,1.1940501,-0.21363738,-0.19839676,-0.7356605,-0.21798691,0.34986588,1.8253869,1.5778687,-0.9774109,-0.027469693,-0.22062513,0.77342695,-0.61399955,-0.4918079,0.4615174,0.39169863,1.197446,-1.2191855,-0.016294857,0.076893665,2.627755,0.016913855
CACATTTCATACTCTT-1,-8.321682,0.933717,-3.727952,-9.727955,7.5709925,-7.0828047,7.730405,1.8149157,-10.209949,-24.052994,7.549635,-3.186506,-19.629143,-52.758583,32.078735,-18.614628,11.597167,-8.607324,-35.49911,2.3287477,2.9326777,7.8685384,-9.105889,9.446079,2.7124264,-6.7322044,-0.9239863,-8.58148,6.4936457,-0.5741222,3.3989124,0.46320805,2.969393,3.0224712,1.9395547,-4.346514,-2.1095128,-5.4986253,1.1951152,2.9432404,1.1116794,6.7442603,-3.7474637,-2.5844395,3.5814934,2.6597562,-1.6926209,-2.7612092,-1.4660708,-0.0011464144
CACCACTAGATGAGAG-1,-3.772063,0.63202703,-2.0465393,-3.4992657,0.70118743,-2.922401,-0.13863708,1.1239214,-2.2640986,2.8247573,-0.03649472,-0.0724967,0.559017,0.38563192,-2.0510857,1.0558801,-1.5678056,-1.2731675,-0.34938902,-0.10541067,-2.8213415,0.0070526907,-0.34390393,1.5971547,0.73003995,0.18517113,-1.9014622,2.0782332,-0.42874104,-2.754093,-1.3919659,-0.8179814,-3.0265613,1.9352043,0.88872427,-1.0807103,-0.14854838,0.553256,-1.0433124,-1.4018488,-2.9999166,1.1335932,0.41438428,0.055546526,3.2418633,0.322769,-2.2793016,0.4578075,-1.7222316,1.2237425
CACCACTTCACTATTC-1,2.2580857,1.0205323,3.1162589,-2.2073367,2.7441392,-0.11033661,-0.7751723,-1.2874,-0.16900209,1.7528323,-0.77522457,3.274219,-0.5177501,-1.0812994,2.394852,0.6860379,-1.6671228,-1.4096861,1.4990427,-1.8155471,0.75552833,-0.87111294,1.230164,-0.11491194,-0.25995985,-2.1136432,1.1406279,0.18345058,-0.34077948,-1.7011985,-0.025020963,1.6114563,1.324555,-0.80881006,-0.43461254,0.21231331,-0.1665562,1.6896336,0.52704614,0.364215,-0.34892657,-0.004227504,0.18586954,0.2598552,-2.9058797,-0.8204285,1.1728436,-0.2919875,-1.3119029,1.1595426
CACCAGGAGTACGACG-1,13.817305,0.4596401,-1.6156288,-0.72942066,-0.25289372,-0.8184076,1.9224472,1.985707,-0.19635409,0.4086638,-0.50363153,-1.3440043,0.18017873,-0.6381123,0.67695576,0.049946673,-0.31126335,-0.12278342,0.21689099,0.20062596,-0.08387544,-0.30272654,-0.8990893,-0.57721984,-0.38558468,-0.27779204,0.5281518,0.14772253,0.3766237,0.58625495,0.55218637,-0.7679435,1.0966014,0.61435825,1.131787,-0.03098205,-0.26781213,-0.95241916,-0.67923373,-1.342875,-0.047861703,0.657181,-0.59165585,-1.5604094,0.77930516,-0.27157754,-0.83811224,0.10558824,-0.14766128,-0.7153201
CACCAGGCACGAAAGC-1,11.015263,0.114773564,-1.2578524,0.33267668,0.17882784,-0.85780543,0.15230514,1.3969486,0.56613994,1.2555887,-1.1992966,-1.1034126,-0.28256738,-0.5160922,-0.52130604,-0.31139195,-0.015648542,-1.2565371,0.38180485,0.3920088,-0.18323594,-0.850414,-0.2574833,0.27354664,0.5713485,-0.48842347,0.08292304,0.26192725,-0.38940948,-0.7292565,-0.2970689,-0.05487888,-0.58328885,-0.3244038,0.65687525,-0.4451901,0.318678,0.7249037,-1.6734345,-1.377231,-0.8077064,0.14014573,0.3544851,-0.38434878,-0.64727235,0.28803694,-1.2164005,-0.3315562,-0.42363042,-0.4574915
CACCTTGAGACGCTTT-1,-1.8383448,0.2743247,-2.1646209,-5.777877,5.181534,-3.9233344,2.1947362,-0.6742074,-1.411582,-3.1068475,0.5878652,-4.3808694,-0.28237316,3.5576482,-7.810312,-0.24488936,7.4925632,1.3444077,-6.375856,-0.71919775,-18.45239,-13.801691,23.43038,0.9804241,-16.91892,20.556688,-17.90903,-9.202357,39.43376,10.796621,-2.3119292,-2.6754942,11.134493,0.20469052,-6.831837,-3.2796276,-1.933178,5.949064,-8.332723,1.8149487,-10.075361,4.7149987,-2.9392188,6.4825554,0.5115034,8.540051,-0.7043316,0.8966973,-0.39967,-3.477584
CACCTTGGTTACTGAC-1,14.921335,0.18560748,-1.408802,-0.65116245,-0.16246486,-0.99097896,2.1585386,2.8474274,0.77846843,-0.5631134,-1.4984316,0.14539163,-0.63729036,-0.5507875,0.42348054,-0.17348032,-0.7238172,0.7049763,-0.51122576,-0.03214187,0.31192783,0.55700827,-1.5308423,-0.8382008,-0.58282506,0.18683524,0.13780126,1.1714436,0.25367057,1.159909,-0.7310994,-0.45696256,0.8646189,0.54547393,0.80596393,-0.22909287,-0.6401248,0.41110516,1.5063387,1.2851261,-0.063172184,0.29497427,0.8945721,0.16409412,0.8097516,0.19679683,0.36827272,-0.37381214,1.9351249,0.7247667
CACCTTGTCATCATTC-1,11.77221,3.275164,-0.5582119,-3.6523533,0.87346363,-0.83581084,3.3466892,3.6179144,1.4439362,-0.6230188,-0.1320119,2.0417101,0.8388495,-0.6142545,2.5807748,-0.48643687,-0.43883586,0.5578614,0.45409307,-0.87759334,-0.89891225,1.1234827,-0.69259393,-0.5699814,0.5973262,0.28437766,-0.5190679,-0.043812238,0.1663696,-1.2669681,1.0319759,1.0880973,1.3810942,-0.63041794,-0.911845,1.4524394,0.72899264,0.038375597,-0.8685641,-0.21241969,-0.6612079,0.12362873,-0.63372743,-0.5001876,-1.2787901,0.5295814,1.6821896,-0.28534877,1.5741509,-0.52492446
CACTCCACAAGAAAGG-1,13.205762,1.0387634,-1.4544815,-1.1737752,-1.2271779,-0.6109372,1.1115574,1.3426447,0.36629832,-0.5786039,-0.47139302,0.07133932,-0.5375475,-0.71023715,-0.8467865,-0.056669675,-0.09982744,1.2340335,-0.18336195,0.5704016,-0.1338949,-0.38022664,-0.2453594,-0.40595508,-0.52742416,0.024693513,-0.8760317,-0.63585556,0.30904797,0.38148227,-0.4061493,-0.42670396,0.3440869,0.23634966,-0.59299654,0.90373784,-0.5263599,1.1069765,0.27734247,1.2457055,0.47633302,-0.42631447,0.40232855,0.9976973,0.52694577,-1.0671641,-0.1356457,-0.7525204,-0.013360097,-0.31112686
CACTCCACAGGTGGAT-1,11.102516,0.37398368,-0.7100554,-1.4104228,0.68552476,-0.64816463,1.0536691,2.7123911,0.47205094,0.80286205,-0.46722117,-1.3733778,-0.04260047,-0.82671225,1.0661665,-0.68702286,1.4205651,0.855908,0.51398766,0.8265286,-1.0643749,0.022001296,-0.26242423,1.5780839,0.21441074,-0.23088802,-1.3192034,-1.2820547,-0.77405345,-1.388991,0.20699407,0.29708567,-2.0146804,0.57469165,1.6764177,-0.4198991,1.4081763,1.6693804,-1.6703242,-2.5885992,0.18133838,-0.22762692,0.140429,0.62900555,-0.52622104,0.28323486,-0.19982426,1.575039,-1.2516112,0.34977114
CACTCCACATGTAGTC-1,12.599016,-0.365255,-1.0370579,-0.38507688,0.5096094,-1.0678887,1.3008376,2.2120016,1.1434635,0.43693593,-0.39054507,-0.7608908,-1.3666353,-0.32215115,-0.42571044,0.1627975,-0.69122005,0.8457256,-0.43643668,-0.29769224,0.6863561,0.08382986,-0.8837342,0.45445952,0.06372218,-0.16057526,-0.7158525,-0.4636852,-0.4267505,-0.104236394,0.30968863,-0.26926705,-0.16100155,0.27766776,0.40656355,-0.03240029,0.025896236,0.76326793,0.019872217,0.72412574,1.0422137,0.41371995,0.79543525,-0.2564859,-0.29417917,0.6259951,0.030888585,0.005986499,-0.13389625,-0.33029404
CAGAATCAGGCGACAT-1,5.233602,-0.2448462,1.4875214,-0.9854663,1.42609,0.2429677,-1.1290421,-0.74199384,1.7880824,1.7450985,-0.49203894,2.627793,0.72702634,-0.05567842,1.1486357,0.08120645,-0.46681648,-0.97337866,0.49873298,0.07034939,-0.66381645,-1.5825586,1.4317796,1.9827296,0.9456794,-1.7310258,-0.9189494,-0.0060008178,0.21939577,-0.065343656,-0.8306841,-0.46397108,-0.5499803,-0.3881983,-0.64959055,0.7834855,-0.7495202,-0.19429801,0.64420617,-0.9229385,-0.37855324,-1.8135521,-0.62740874,-0.8406139,-0.4072222,1.0841241,0.13473426,0.40725726,-0.93684363,-0.35193408
CAGAATCTCGTACGGC-1,11.785233,-0.2805063,-1.8177398,0.25584236,-0.6117584,-0.39470345,0.9949311,1.5201501,1.1216216,-0.7523951,0.3605119,0.9338326,0.5676283,0.07499652,-0.5615263,-0.6933434,-0.11973953,0.82677984,-0.39281556,-0.31828558,1.1970187,-0.5018444,-0.6326146,0.3220522,-0.48006663,0.45922828,0.7299935,-0.031141581,-0.13691053,1.2888076,1.7631433,-1.8926071,0.45392534,0.59573287,-0.6760106,-0.35714036,-0.71485704,-0.71785986,0.5629022,1.521565,0.08352708,0.31432468,1.0001682,0.18374379,0.9148272,1.0083073,-0.21867405,-0.7073548,0.38273636,1.041092
CAGAGAGCACATCCGG-1,11.542342,-0.36930665,-1.9237621,0.45829344,-0.26586384,0.5132841,0.6284278,0.770606,0.19691579,0.11389161,1.0325813,0.60280234,-0.5661712,0.8853632,-0.8433901,-0.03710851,0.1588341,-0.054030456,0.12894347,-0.26977593,0.61145085,-0.5724688,-0.3375749,0.27155298,-0.6765371,-0.61138546,-0.08488098,0.64502144,0.38358554,0.6323534,-1.0001398,-0.8065141,-0.39418796,0.2827293,-0.28204593,-0.32162783,0.39080814,0.08936398,0.13323161,0.18125045,-0.48062062,0.33361623,-0.74487513,-0.5530604,0.5357898,0.1019021,-0.003637784,0.35021466,1.608145,-0.06311318
CAGCAGCGTGTCCTCT-1,-1.3644011,1.8509953,3.7275612,-2.547279,2.1027334,-0.64277726,-0.5238916,0.30674168,-3.795249,3.7251415,0.62660754,-1.4734011,-1.4632773,-0.8189938,-0.19227402,0.6436116,-1.1997082,-1.4538231,0.6283397,0.7672266,-0.20621021,0.9413672,0.20492104,0.4644585,0.27202728,-0.28189284,-0.38503298,-1.7176377,0.11618533,-1.9105546,-1.5613202,1.0383596,1.1321461,-0.09754585,0.29838556,-0.96746564,-0.76863843,0.48628888,0.13366285,0.046709396,1.2977283,1.081211,1.4288312,-0.058610164,-0.35053697,0.10905903,0.63888544,1.01144,0.89816934,-0.9681556
CAGCAGCTCCATGCTC-1,-2.7687218,1.0800827,-1.232364,-3.6080654,7.818633,-0.92691845,-5.631389,-6.801731,5.2593703,0.5378448,2.964202,-0.48667723,7.584842,-2.285508,5.346001,0.22958264,6.0649242,10.060506,3.741111,-3.3931391,0.8196889,1.3290842,2.5733771,-1.1829162,2.9514356,1.1090314,2.0048957,2.623457,1.449826,-2.6404843,7.6496663,-6.9871254,2.4500284,1.8598442,7.2173147,0.76101446,-2.8323247,-3.4466171,-1.5091681,-1.643416,-2.5075867,6.488407,3.4451604,4.213314,-1.2014841,4.0384016,-4.8082895,3.1080394,-3.0184312,7.132227
CAGCATAGTACGACCC-1,-2.8006873,0.21146603,-1.7402356,-3.0808163,4.3686275,-0.8314,-2.2468112,-1.6578841,-1.5442901,2.8259416,-0.39344615,0.054878414,-0.76331586,0.26611015,-1.4095907,-1.1830789,-1.2884532,-0.014298306,0.8634306,-0.52532893,1.8176588,2.1833138,-1.8213266,-1.6998596,0.40834662,-0.7916317,0.14213024,0.27053535,-0.29184785,-0.21498895,0.306219,-1.1978476,-0.24356163,2.158108,0.7498296,-1.1065348,-0.3668461,-0.03930989,-0.9227499,1.4981445,-1.5998216,-0.3287223,-0.7454334,3.1367018,-0.6167951,-1.0471468,0.43330687,-0.41313028,0.49643648,-0.8064075
CAGCCGACAGACGCAA-1,9.824244,-4.682336,-4.2929215,4.579648,-4.056189,2.069987,-4.1246,-6.61039,-11.898305,-5.629586,3.0282938,-1.9635774,2.4825108,0.97552437,-0.4514703,0.22583167,1.3907803,1.1818303,-0.6888539,-0.0330878,-0.62277436,-0.071402475,0.97396594,0.1440115,0.2680456,-0.23993753,0.16960907,0.532382,-0.6185117,0.028261365,-0.13027558,0.5778928,-0.73399806,-0.24713103,-0.5248771,-0.106816925,0.30376875,-0.018563451,0.41225034,1.2083181,0.2973872,0.373042,0.30993056,0.23484471,-0.9081443,-0.69359463,-0.1289626,-0.06812137,0.6660516,-0.2732914
CAGCTAACAGCCTGTG-1,-2.213911,-4.4255996,1.3309397,2.6542559,-2.2164812,0.85406315,-2.049773,-0.84283036,0.83849406,1.7226473,-0.9152841,2.32858,1.3131241,-0.9103242,2.185617,1.4219992,-2.6044543,0.9143454,-2.074294,-1.2913703,-6.115101,0.18547048,-0.77779186,4.0388336,3.4741378,-0.7432674,0.86237144,1.085649,-7.7002463,-1.58024,-1.5305358,4.1037364,-2.056684,5.990432,-1.1810857,-0.46041498,10.568459,2.0573487,-3.8736398,5.2098265,6.977687,-8.555245,-1.7342118,0.38703966,1.2775526,18.749937,7.4699416,-5.159872,8.739531,7.4380264
CAGCTAACATGTCCTC-1,-3.2748513,0.73389286,4.1217203,-2.200428,1.4300143,-0.07277193,-1.4600972,-1.2666218,-3.1299899,2.9898248,2.8632247,-2.1088972,-0.21991417,-0.023587521,1.7200807,3.2342787,-1.811908,-0.6772494,-1.2682828,1.4903599,-2.2289746,1.5620637,0.14951655,0.8403429,-0.17714338,-4.058937,2.0279148,-2.0729861,-2.4868894,-0.6393615,-0.6323385,0.94000024,-0.30964088,-0.9442715,-0.4508597,-0.4246635,-0.00842043,-0.8108451,-1.4598954,-1.0712012,-0.60632795,1.4930531,-2.1741302,0.40784636,0.41948864,3.0612833,0.6481512,0.811875,3.1673765,2.840134
CAGCTGGGTAAATGTG-1,14.376184,1.4060173,-1.2167753,-1.4149604,-0.3421867,-0.6351101,2.2238843,2.2220175,0.10873936,-0.04852859,-0.6583262,-0.68393457,-0.6318332,-0.46545747,-1.3604022,-0.6394239,-0.69977987,-0.29051897,-0.21118452,0.38389987,0.10228338,0.5734807,-0.5771752,-1.0221936,0.36606556,-0.21021245,-0.84561783,0.62148577,-0.19663908,-0.24705997,-0.22299963,-0.4609177,-0.76070625,-0.18341142,0.09698646,0.82384294,-0.5225918,0.31205517,-0.35382196,-0.09262719,-0.45933512,0.38988456,0.93317175,0.24739213,0.66322386,0.34358868,0.18920973,-0.2688087,0.18000208,0.041599855
CAGGTGCGTACGAAAT-1,0.99248374,1.3172474,6.9535494,-0.43579698,1.0336407,1.8293674,-2.4948313,-2.1772892,-0.7100023,0.22555782,2.14842,1.3491062,-0.9412185,-0.8708754,1.8386074,1.2548941,-1.0870714,-2.1344795,3.6468058,-0.46611863,-1.2352608,-3.8003953,-0.56135255,0.34700048,-2.837029,1.1630057,-1.2873002,-0.4404254,-0.036778327,1.181537,-1.7882571,0.28669176,1.3066007,-0.2229068,0.4824246,1.1913742,-0.71497846,-2.7900274,-0.78443205,1.3354084,-1.4362615,0.014571404,1.3809274,-3.9591694,1.7539997,-0.82086134,1.2109033,-1.1508454,-0.72738695,-3.222966
CAGGTGCTCCTTCAAT-1,11.765496,2.4208438,-0.61535376,-2.0337322,0.7921805,-0.93761766,4.1660347,1.7340206,1.3246527,-1.2211852,-0.55732477,0.66470355,-0.10296705,-0.69805664,2.7283087,1.5704178,0.6589894,0.17850058,-0.49807596,-1.9284053,1.7669433,1.4525084,1.7155305,0.6446489,0.2618591,-0.47928092,0.025290776,0.42423087,2.0053098,-0.0175579,0.60886705,-0.54803205,-0.1724526,0.54115224,-0.5480312,-1.1560998,-1.24121,1.8330969,-0.21785662,-3.088899,-0.48857102,0.23131105,-0.87117374,-1.7530587,-2.6148992,-0.032671653,1.9839574,1.6849061,-2.9683604,-0.18485118
CAGTAACAGTTATCGC-1,1.903898,0.026070368,5.3427124,1.3365687,0.25783226,1.6212223,-2.3055584,-2.4825697,-0.80700374,0.9538592,0.4697722,0.53862363,-0.124342196,0.0043254704,0.527869,-0.1681271,-0.43317544,-1.6137223,-0.46405512,0.04542219,-0.13301836,-1.1447649,0.95532537,0.2941073,-0.09702647,-0.5730686,1.1273348,-0.86359924,-0.2713202,-0.88912296,0.5852387,-1.072919,0.57615674,0.41812143,-0.70826703,-1.4359788,-0.22624171,-1.0120257,0.3990649,0.3241169,-0.68620086,-0.42195693,-0.83642,0.4700344,-0.9654826,-0.055370755,-0.7538411,0.86223567,0.5544249,1.2900567
CAGTAACGTGCAGGTA-1,12.551446,-0.3406511,-1.1819047,0.54305065,-0.64248157,-0.0788473,0.6514602,0.47186568,0.9360191,0.64194685,-0.9436466,0.19582622,-0.83555263,-0.84468234,-0.4121127,-0.63612044,-0.61805964,-0.9547442,0.99979043,0.10216812,0.49873543,-0.7111627,-0.12046764,-0.9933446,-1.1180491,-1.2096857,0.73944837,-0.32002982,-1.2746778,-1.2532357,-0.20683357,-1.6210674,0.9458176,-1.2089249,-0.43812516,0.2886596,0.3120762,1.7164953,0.20673695,0.012681704,1.4210435,-0.1872224,1.7173544,-0.41889858,1.3917321,1.3235836,0.13347138,0.15504931,0.30769446,-0.9405433
CAGTAACTCATTCACT-1,6.7538733,0.5420999,0.99475956,-0.19168574,0.76298326,1.3930104,-0.4658521,0.9724843,2.1673896,0.46445438,0.33262497,1.4914176,0.17258951,0.35115469,0.11414586,-0.40511188,-0.7931645,-1.9964193,-0.034494147,-1.1682878,0.8928956,-0.6998199,0.124806926,1.6137352,1.071593,-1.3291601,-0.18977064,-0.30980387,-1.2935555,-0.559798,0.038932044,0.1414575,-0.025803212,0.47415078,-0.5561472,1.4631675,1.1794858,-0.8514792,-1.142547,1.5916542,-0.56267333,-0.7039726,-0.3537247,-0.64999473,-2.6249263,0.5523088,0.6613526,-0.35662484,-1.7551296,-0.29185548
CAGTCCTTCTTGTACT-1,8.552009,1.361861,0.59917414,-1.5941175,1.1200446,-0.95484334,1.8274678,0.716295,0.99052817,0.81476563,-0.008792516,1.4901601,-0.3033921,-0.26180878,1.0846152,0.025016276,-0.6349869,-1.5384625,0.51489854,-0.90515536,0.14957622,0.10509246,0.82818246,-0.0021359012,0.51683336,-0.17050387,-0.08551324,0.008648231,-0.768376,-0.09478804,-0.27766052,0.21783128,1.1345576,-0.21484333,-0.6695767,0.09336918,0.8568,1.441886,-0.5475156,-0.19881344,0.2108395,-0.2878558,-0.30471644,0.086016916,-0.36380306,-0.45998895,-1.0647963,-0.64139813,0.3189158,-0.31557783
CATCAAGAGCGTGTCC-1,14.130673,-1.1462704,-2.1502476,0.98046213,-0.62599754,-1.1051351,1.3202789,1.4520029,-0.81997806,-0.12267281,-1.2057456,0.84042126,-0.9373755,-0.3045479,-1.1321057,-0.3045663,-0.12202191,-0.13146088,1.1724275,-0.06483004,-0.9668971,-0.009887093,0.4034045,0.1828899,0.0108198635,0.33067963,0.6800568,-0.18196496,-0.27362707,-0.49436745,0.11915797,0.10896561,-0.05619352,-0.5166823,0.6823862,0.79639,-0.3362782,-0.41049054,-0.5730513,-0.5527602,-0.6957535,1.8480779,0.9784548,-0.18329339,-0.7986626,0.65522295,0.7071413,0.35954002,0.770485,0.2871983
CATCAGACATGCCACG-1,-5.5347214,2.7787287,-2.1025665,-5.205564,5.873025,-2.8804529,0.25333884,-0.610655,-1.6332841,2.4872482,0.20213239,-0.048194684,0.45464557,0.71936536,-3.5534256,-1.2753848,-1.4703472,-0.5261049,-2.8652186,-0.2757971,0.3261108,-0.22970593,-0.078047805,-2.4154236,-0.9244068,-1.6118323,0.43400908,-1.0730922,0.16178244,0.8291926,-2.576354,1.0133029,0.1212068,-0.014827154,0.15740982,1.1325852,-2.1904721,1.7872944,1.0962504,4.314342,3.843951,0.5415097,-0.20434864,0.7313683,3.7173896,0.58790195,0.65587497,-1.9204577,-0.20629758,-1.0016236
CATCCACGTTCACCTC-1,11.03558,-4.49387,-4.558129,4.9381957,-4.9618077,2.3816159,-4.277336,-8.039816,-14.950089,-7.4463515,3.9581866,-2.7776237,2.5379946,1.9340761,-1.7155286,0.5904208,1.5428983,1.4773384,-1.3012481,-0.11090278,-1.1358615,1.4745995,1.7229471,0.38601267,-0.05972603,-0.016316814,-0.24724257,-0.10270911,-0.56947434,-0.2485141,0.44965655,0.75061995,-1.21346,0.6117621,0.66674906,-1.1298833,0.45074615,1.242296,0.20365654,0.31848937,-0.57115,-1.1802785,0.12264791,0.85474145,-0.122722544,-0.13520114,-0.20836112,0.18931907,-0.75164586,0.2434044
CATCCACTCATACGGT-1,-3.3897092,2.4537437,7.789012,-2.4218104,2.1594408,0.55028015,-1.2440934,1.6800637,-4.411341,2.5637522,-0.04967834,2.1481616,-0.1917942,-1.5389113,2.1608818,-0.14574774,-1.4112298,-4.3689246,1.6026124,0.59219486,-1.0464863,1.0701494,0.6752549,0.6606019,-1.4045924,-2.3509707,0.14783385,-0.75705767,0.7741499,-2.561422,-1.6237227,-0.6163216,1.1867512,2.113461,2.1900175,-0.25882375,-0.737566,0.2774992,0.31179717,0.16782711,-2.137406,-0.83021736,-0.8946225,-1.7686049,0.8183759,0.1283367,0.7561975,-0.5707952,2.1301687,-0.96141285
CATCGGGTCCAGGGCT-1,1.4464478,1.3137184,8.054456,0.10375695,-0.14194153,2.1505134,-1.9903625,-2.7991536,-0.6583624,1.4361295,0.7219644,2.5306184,-0.24137785,2.8427572,1.1001008,-1.2516452,1.072075,-2.1568768,2.4070954,-0.7394999,0.34543958,0.49955395,0.09286847,-0.2319277,-1.936243,0.40607223,-0.07544726,0.45916826,0.67617095,-0.7597178,0.3535697,0.94722086,0.7215732,1.6724489,0.5099539,-0.69493884,0.45365712,-0.32771125,-1.5677392,-0.5385402,-1.0205866,0.428675,-0.41004634,-1.4199231,-1.1834226,1.0557264,-0.33650595,-1.2359986,1.0749257,-1.104666
CATGACACAGATGAGC-1,11.791226,0.066265576,-0.4972715,-1.0006689,-0.25981846,0.31583157,0.80791515,1.3491806,0.6604675,1.0155683,0.49165007,-0.22878806,-0.08955529,-0.24422292,0.37702623,-0.5485456,-0.2797376,-0.18338285,1.0744729,-0.19645669,-0.275469,-0.35376576,-0.6570259,0.79917395,-0.018808207,-0.051951736,0.34677756,0.3099347,1.0094343,-1.0558966,-0.45566085,0.86891407,-0.106606945,0.081004396,0.38460025,0.14094493,0.16289441,0.017417809,-0.9324664,-1.0573267,-1.0281168,0.28647012,-0.3092194,-1.0895729,-0.5677245,0.46162117,-1.1020557,-0.34855238,-0.94424105,-0.30857623
CATGACAGTGTTTGTG-1,-5.7502213,-0.74808526,1.0857649,0.004408215,0.5596256,-0.073198386,-0.78572005,1.700837,-4.59356,1.510855,-0.200383,-0.15388463,-1.3126302,-2.4713805,-1.8056774,0.45724803,-2.6402056,0.60871804,0.60968345,2.3785422,0.3637343,2.7803786,1.1540251,2.6013908,1.592098,0.62094367,1.1137663,1.1648717,-1.4189223,-0.4376759,-1.0975877,-2.0394106,2.2629936,4.1810775,0.0639138,0.85516405,0.9281658,1.4370502,1.173514,2.0325665,3.5495346,5.043058,1.3470063,-1.0784543,-2.9830809,4.0715637,2.3326097,-4.7593617,-0.6384592,-2.2737079
CATGACATCCAGAGGA-1,13.619957,-0.14059298,-1.154181,-0.8072937,0.2613985,-0.56043476,1.3890026,2.799692,0.88900584,-0.864573,-0.9400671,-0.8742648,-1.1254101,-0.17009391,0.18800096,0.8466295,-0.93604493,0.8291875,-0.08776975,-0.088465676,-1.026334,-0.3438223,-0.67445934,-0.82085633,-0.598248,0.9457115,-0.1751519,-0.25482202,0.15130289,-1.1783162,0.5910985,1.0655129,0.61279887,-0.0057631414,-0.4766145,-0.11629834,-0.25135556,1.0640055,0.5873768,-0.46435013,0.6625226,0.31430152,1.0082539,-0.37020555,0.10488055,0.3740466,0.21366341,0.3690946,0.45474535,0.8298826
CATTATCGTCAGGACA-1,9.742859,0.3708829,-1.0651388,-1.2261859,0.3374142,0.040415954,1.4863898,0.4366372,0.93656564,0.10679079,-0.44982997,1.2788159,-0.38336515,-0.49110505,-0.11687003,0.37430844,-0.2225224,0.9018125,-0.032628193,-0.61076057,0.86698645,-0.49264896,-0.6410625,0.32529658,-0.56295794,-0.12221949,0.096204035,-0.26168105,0.4981167,1.1797812,0.22923039,-0.4754344,1.9906864,0.77485186,-0.52412236,-1.0433664,-0.04243747,-1.3706334,-0.55796856,0.9055383,-0.42874825,-0.47160408,0.67996496,0.19936202,-0.24541368,-0.32287943,-0.44696775,-0.3837421,0.5789089,-1.0600983
CATTCGCGTCTGCCAG-1,7.007744,-0.02280812,0.6001363,-0.531296,1.0102869,-0.39132053,-0.8045453,-0.9737147,1.5671434,1.189302,-0.32312772,2.0241225,0.3616525,-0.7164966,0.8465313,0.4954229,-0.049527433,-0.5268694,-0.6847009,-0.6078465,-0.12479746,-1.2066097,0.13466214,1.1841596,-0.9429999,-0.6958802,0.26180947,-1.0164994,0.22480209,0.36908373,-0.2146463,-0.21459691,-0.33422673,0.23145662,-0.025036275,-0.19135624,0.8577531,0.2625228,1.3871313,-0.50553405,0.42184767,0.029886892,-1.1132491,0.40716892,-0.903028,-0.21231003,-0.62951815,-0.43603146,-0.40268323,-0.48875478
CCACCTACAGCTCCGA-1,10.45759,-4.027548,-4.928743,4.7158575,-4.421075,3.21916,-5.044908,-7.3192434,-13.902149,-6.396546,4.1680155,-2.2313855,3.0113523,1.4363015,-0.9252549,0.48496014,1.901789,2.442759,-1.04926,1.0473441,-1.4004322,-0.042122878,0.86711043,-0.46794924,0.81150526,-1.4784209,-1.2744311,0.20724602,-0.51262087,-0.2298432,1.3119552,1.9077266,0.3729479,-0.8184174,-0.12037188,0.30612588,-0.6412695,0.37072176,0.6627433,0.7267567,-1.1065964,-2.019919,0.63037926,1.3981923,0.42948928,-1.1221272,0.45139563,-0.5625093,-0.19360265,1.2262384
CCACGGACAGAGCCAA-1,-1.2063843,-1.103947,-1.3911366,-3.2925174,4.679184,-1.3405209,-3.984324,-3.2706316,3.0100734,1.0931404,0.022442793,0.5363885,2.539751,0.8391975,1.2247545,-0.017293766,2.329511,3.5237746,-0.07453197,-1.293077,1.248797,1.5095103,1.587115,-3.7929945,-0.059140835,0.45281526,0.3847334,-0.6353025,0.21040602,0.62741995,0.51412976,-6.083526,2.0332773,1.0512882,4.9691095,1.0753024,-1.677714,-1.1936609,-1.8884219,-0.13948755,-0.043507904,2.82935,2.0627387,1.5189067,1.5462388,1.2471735,1.1615254,0.23660345,-0.88557327,-0.28706643
CCAGCGACAATGAATG-1,0.10744943,1.3188052,6.1694193,-1.1971962,1.2046787,0.81950873,-2.0084097,-1.2859437,-0.4515599,2.4564614,2.8290315,1.6175358,2.0449307,0.32671615,1.3449665,0.36878842,0.02677431,-1.9285309,0.9745665,0.13422377,0.26965612,0.36396027,-0.745549,0.7605124,-1.2700478,-0.7556472,1.3566772,-1.03136,1.5049707,-0.4340535,1.0524569,0.16291234,0.2225837,-0.7067297,-0.6240793,1.4727114,-0.6728451,-0.7204055,-0.75859296,-1.3977039,-0.6954824,-0.46304932,-0.724698,-2.4087262,0.011875907,-1.1280365,1.6307827,0.38371435,-0.4612617,-0.38164058
CCAGCGACACAGCGTC-1,-2.0994833,0.7524245,-1.4630811,-4.7992277,4.5447755,-1.6990172,-1.0492963,-2.298533,0.63268024,0.9739091,1.349352,1.0696199,-0.036033046,0.24877186,1.2206541,-0.6135158,-1.1697477,0.03358011,0.73790705,-0.1109911,-0.8294357,-1.3616245,-0.73637444,-0.033332866,-1.1589894,-0.8045534,-0.67661977,-1.7933317,0.048209935,-0.07359298,-0.24548884,-0.1518353,-1.5147939,1.1495535,1.9958314,-0.8637788,0.4589897,-0.7622491,0.22468166,0.7862517,-3.076112,-0.9262986,-0.6122095,1.1360295,2.547292,0.19554831,-1.9171815,-0.88889545,-0.7554362,1.3137039
CCATGTCCATCCCACT-1,-5.4817348,2.2840579,-1.5893261,-5.575451,3.7236953,-3.2615926,-0.27153295,1.4269588,-1.6070688,2.6503866,-0.22831774,-2.3630013,0.9415569,1.1676918,0.78190213,1.2665135,-2.798073,-1.090548,-0.640074,0.15975265,-3.2872634,-1.7787426,1.0809413,0.8068613,0.6241234,-1.4507133,-0.71231514,-0.119072475,-1.6535335,-3.598855,-1.4895096,0.047640942,-1.4604659,-0.34691116,-0.08072896,-0.49834868,-0.8126741,0.10774771,-0.011898798,1.7551,-1.7369025,1.1975563,-1.4766984,0.19060622,3.0639055,1.1732757,0.2811484,-2.3916445,-2.0391893,0.2502162
CCATTCGGTCTCATCC-1,7.018272,-0.09227196,-0.11028656,-0.64391875,1.1281631,0.06582041,-0.16353445,0.1964065,2.0335634,-0.24799633,1.1475024,1.053381,-0.63599265,-0.3278858,1.5549601,1.7235398,0.1832016,0.30401602,-0.52776295,-1.174378,-0.03593226,-1.5137122,0.42918813,0.5604921,-0.47809806,2.1098197,-0.25993848,0.41938186,1.4096872,2.000773,-1.1866611,-1.3510246,-1.0755649,-0.42928088,-1.2721112,-0.48465592,-0.19569287,1.320832,-0.22826172,-0.51272005,-1.5218258,0.4477633,0.26711994,-1.3133808,-0.60936815,0.4389795,-0.2793485,0.3144323,0.95013976,0.9490485
CCCAATCTCACCACCT-1,13.340917,0.22508334,-2.0616589,-0.76360875,-0.16013476,-1.4107927,2.8054883,2.1884546,0.06569914,-0.020808175,-0.8788291,0.51013255,0.22064213,-0.7844337,-0.7435617,0.23059304,0.3434394,-0.19596013,0.78543836,-0.723045,0.78747046,-0.47426045,0.16067456,0.85610676,-0.9207128,0.15737952,-0.41868755,-0.33644038,0.85909534,0.1048068,0.033783168,0.63033646,0.18861203,0.95604956,0.90143704,0.06860126,0.15452874,-1.2884022,-0.6486536,-0.24018118,0.19580083,0.80194527,-0.47731882,0.5730962,0.43215385,0.5813458,0.7527731,-0.26312506,-0.041467566,-0.17267834
CCCAGTTCAGGTCGTC-1,12.385923,-0.42815393,-1.0293576,-0.16333397,0.40889633,-0.45956647,0.55950737,0.3654564,-0.08524762,1.4367483,-0.83316594,-1.8687642,-0.7963326,-0.52460676,-0.31421658,-0.36087757,-0.8523866,-0.60404897,-0.5244249,0.33264396,0.49871978,0.23459822,-0.7733048,-0.964518,-0.0625764,-0.13589056,0.11760022,-0.1681097,0.05200913,-0.46627483,-0.44262993,-1.3359778,-0.4207772,0.7112637,0.27384487,0.59835935,0.21190816,-0.6659914,0.15648624,-0.0050305524,-0.46544015,-0.73964417,0.17187671,-0.3550252,0.3135962,0.8079211,0.5697727,0.40602058,0.41360122,0.16104475
CCCAGTTGTTGACGTT-1,-3.3136916,4.057778,-3.679064,-4.254546,7.518719,-2.455172,-5.6643887,-3.2665567,6.416273,-1.4855285,0.2656989,-1.9588323,10.228409,-2.185671,-0.24697128,0.25486106,7.310862,9.076451,0.029029353,-1.0249383,3.5245273,-1.1841669,3.2856486,-5.3880606,-0.4938779,2.011919,1.3869027,0.98545665,-0.07522378,-0.6429038,3.6794236,-8.037118,1.1614126,1.791155,10.942346,3.0357046,-3.7154024,-7.4774876,-0.03729582,0.8253927,2.9547348,6.432074,2.4401948,4.441551,3.7158976,7.0188956,1.0388951,2.171838,-2.281675,2.0543585
CCCTCCTCACGCCAGT-1,-3.336338,2.9251974,-0.9821256,-5.7964067,5.881367,-3.559957,-0.38031927,0.94635,-1.2419577,3.0119126,-0.06180846,-1.954061,-1.3593218,-0.08403457,-1.7850568,-1.6000082,-1.928006,-1.3699628,0.4567099,0.25852585,1.8516395,0.89723885,-0.068671875,-1.261395,-0.36533716,-0.38365877,-0.6185973,0.047825426,1.6309625,0.90336853,-0.48916742,-2.6134577,-1.1235178,-0.3638875,1.583497,-0.9610127,-0.50615966,-0.45646173,0.66017675,1.4579715,1.9253329,-1.367111,-1.9445556,1.3838139,2.049674,-1.8682703,2.039729,-1.085721,-0.8897356,0.09734426
CCCTCCTCATCACGTA-1,-2.6065838,-0.95929766,-3.0714347,-2.4991007,4.334785,-1.4356418,-2.705379,-2.2548375,-0.29404828,-0.1305023,1.2463096,0.3999794,-2.348262,0.9005258,-0.3656257,-1.3307239,-0.9936658,0.90560824,-0.82682395,0.7155818,0.83947474,-0.97356254,-1.1707464,-1.6261618,-2.1168659,-0.4995946,-1.6813303,-4.180876,-1.797395,0.67373544,0.5911799,-0.3413466,0.7897429,-1.7679338,0.20077893,2.0335195,-1.6107805,-2.0823274,0.89032406,0.4422211,-0.40061826,-0.08982926,-1.3964214,-2.1741972,1.3928978,-0.47316197,-0.30381522,-0.031579643,-3.7043662,0.91778874
CCCTCCTGTTATCACG-1,-2.3872802,1.068583,-1.2845124,-5.001679,5.132138,-1.1393191,-2.845844,-2.245241,2.0796387,0.21879102,0.95926523,-0.94924307,0.73431,0.37693506,-0.9840863,-1.8074242,1.1900725,3.2854881,1.6765548,-2.5343719,0.6962308,-1.8391751,-0.5774975,-0.6676622,-2.3390467,-0.60513073,0.30646822,-1.7896777,0.926725,1.9796318,4.4507585,0.9713633,-0.05050875,-0.014442908,0.5728892,0.8284343,0.16236155,-2.6870997,-1.621208,-0.60327065,0.7774765,-2.9135387,-1.1652898,1.3456057,-1.5202332,-1.2915431,1.1408929,2.8608258,-1.4561468,-0.45278263
CCGGGATCAATGTTGC-1,-4.6117554,-0.055527333,-0.9212331,-3.4612265,5.340007,-2.397036,-1.7545248,-2.0315204,-2.1740668,2.0935998,0.90082407,-0.7384633,-3.151139,-0.11996401,0.40136802,-1.6286334,-1.3817396,-2.5380347,0.96689445,0.49243546,0.55483663,1.9339435,-0.33846787,-2.7418857,-0.5813373,0.15313368,0.97411615,-0.9056607,2.815963,2.8292902,0.5298151,-1.7099761,0.8808687,-2.1427011,0.65310425,2.2636366,-0.8375152,1.5464911,-2.1499329,-4.761083,2.975394,-1.663629,1.6899256,-0.6317425,1.9465204,-0.42702976,0.7918028,0.57004,0.57039565,-3.4359317
CCGTACTTCTGCGACG-1,2.0114946,2.1184504,2.4875226,-0.026906373,0.14083411,2.074138,-4.7164154,-3.5982957,2.6959536,5.046107,2.0891373,1.1943486,7.3123918,-2.4714944,3.7575326,-0.39333087,2.2756846,-2.2333074,-3.5198414,13.579228,4.295609,-0.25266093,2.794195,2.458225,5.323846,4.872875,-5.0225124,1.3316815,-2.8660064,6.163739,3.0216103,4.339769,0.21621722,-2.9819865,-4.6796827,1.2779633,-2.1244538,2.5484712,-0.1292699,-1.5986929,-0.7108849,-0.35997346,-1.4799283,0.5467515,2.157792,0.28022286,0.29663295,0.119992256,4.5221696,0.53506505
CCGTGGAAGCATGGCA-1,1.1082615,0.544205,4.1348934,0.6617406,1.8260484,1.9425755,-2.9299164,-3.7129245,0.003359338,3.7180338,2.9986045,2.1953766,3.3427556,1.2465609,2.2733316,0.5611423,0.77421385,-1.3710089,0.038808372,2.0363994,-0.21821727,1.6108989,0.25700253,1.9457333,0.31783813,-1.636423,0.053742077,-1.4944079,0.96468186,0.2724729,-0.18887083,1.3292038,-0.3716874,-0.42042032,1.2783985,0.20395412,-0.35682598,-2.320241,-1.2661463,0.6612984,-0.4088687,1.9725304,0.42948234,-2.280595,-3.5152721,-2.3666975,-0.13866088,-1.4761819,2.064971,0.10022035
CCGTGGACACGCTTTC-1,-4.1132784,10.723805,17.305243,-2.423008,-0.9505919,4.1329813,0.5170006,1.8718396,0.25663978,-5.556201,-5.326978,-6.77907,0.016021065,2.7693942,-3.9392524,1.1225444,1.1311727,3.1677237,-2.569619,3.400081,0.4259024,3.5356803,3.1362576,-4.374246,0.73594713,-3.1735938,-1.456798,-1.1738927,-4.3921065,-1.6854283,2.9333892,-0.08405295,0.22875853,0.03258177,1.5295455,-3.0382125,-2.544188,-2.810547,-2.9094746,-10.949128,-0.45829022,5.3851132,-4.6451178,-4.5635757,0.9891469,7.1200314,3.1926413,4.0609007,0.9225052,0.5818541
CCGTGGATCATCGCTC-1,15.221242,0.66748536,-1.5751927,-0.09649232,0.25306383,-0.6049495,2.2904418,2.1798968,0.28226057,-0.3711809,0.5150877,-0.10913486,-1.7205223,-0.4174841,-1.1395825,0.21464817,-0.3181662,0.09199591,-0.26675245,0.43552592,-0.10980056,-0.38042828,-0.5473506,-0.2770013,0.030402152,0.8228346,0.6553201,0.48841512,0.26129097,-0.06846028,1.6937771,0.4097535,0.81572616,0.5977648,1.4940997,-0.15786955,-0.6603197,-0.20367905,-0.67890626,-0.60881126,-0.42911586,0.86306536,-0.8796213,-0.57816064,-0.5469247,0.25630307,0.14152968,-0.38903552,0.8153413,0.08865595
CCGTTCAAGATGCCAG-1,-0.41561854,-0.6306911,3.2834818,1.5558022,0.9106423,0.01888915,-1.4665232,-1.8784957,-1.5346606,3.084006,1.0989146,1.2193804,-1.7063417,0.8874718,-0.5647696,-0.6763257,0.009834167,-0.8871064,-0.19563983,0.28993884,-0.1172973,-1.0810915,-0.10813465,1.3864828,-0.5594896,-1.2043749,-0.82297534,0.65615886,0.3963956,0.25210768,-0.18861152,0.4953832,1.2547853,0.97667474,-0.9204612,-1.5638365,1.3145077,-0.86121446,2.74817,1.3997557,0.6226937,-0.09800171,-0.8688483,-0.11202183,-0.50671375,0.3126482,-0.43758196,0.15526204,1.0118921,-0.59243226
CCTAAAGAGTATCTCG-1,3.5653367,2.4778144,10.198705,1.0245084,1.3268032,3.538066,-0.94086444,-2.620535,2.1317217,-2.634208,0.5087299,2.3901947,-0.99583435,1.2680905,-0.24275328,-1.4108112,0.30431342,0.10350461,0.8183925,-0.84948134,-0.57817143,1.9075805,-1.024052,-0.7043744,-2.3741875,0.53903854,-1.0324147,-0.84359056,0.5087568,0.44884154,1.0186998,-0.46621525,-0.4366763,-0.31377834,0.97862697,0.42998776,0.6876819,0.0032982621,-1.5527325,3.6885257,-0.032707416,2.3062267,-1.1363099,0.5337882,0.13218218,-0.4147264,-1.6250383,-0.020433307,0.537803,-2.2144523
CCTAAAGTCTTATCTG-1,-6.427986,1.4283009,-0.10555628,-5.260386,4.951993,-2.727938,-0.19268431,0.83484405,-4.195752,4.3733454,0.6202398,-2.151823,-3.4035113,-0.05532619,-0.9274663,0.107427426,0.36058003,-0.888404,3.0737388,-0.64209366,2.4236784,2.4138007,-0.44850802,-1.9638339,-1.2183635,-1.6171794,-0.08431321,0.1280266,1.1433778,1.2118491,-0.6675812,0.5679602,-0.09138605,1.0811769,-0.6412296,-0.2569831,0.48365173,-0.94534993,1.580594,-1.3874276,1.057848,-0.5363702,-0.63745505,1.7244219,0.5119497,0.5587852,1.8810021,2.1576169,0.33393082,1.6260958
CCTACACAGCCACGTC-1,0.27025387,2.286366,6.5660458,-0.8182031,1.144873,1.179323,-3.2564414,-1.248239,-1.0482342,1.6769657,0.45699623,2.1219518,0.6982152,-0.35970396,1.5445,0.603191,-0.95464146,-2.8857718,0.16164285,1.3493469,-0.7184389,-0.76254565,-0.7923901,2.078256,2.1481965,-1.5747899,-0.42194918,-0.65006685,1.613845,-1.1555353,-0.30815297,0.6942952,0.34447014,-0.80381626,-0.08158991,3.3078966,-0.28384888,-1.3813914,-1.523787,0.9330585,-2.535889,-1.1103348,1.3226677,-1.5976415,-1.0909479,-0.16474548,0.7911207,-0.044934995,0.31677604,-0.5984661
CCTACACCAGCGTCCA-1,12.056219,0.07966799,-1.8175633,-0.8071657,-0.9403583,0.15761943,0.65641993,0.15265734,0.06692357,-0.39641228,0.01477236,-0.3449009,-0.7818645,-0.06157278,0.051470265,-0.10720896,-0.71650946,0.55506545,1.0909078,0.4933408,-0.29102752,0.39026755,0.06078189,0.31430146,0.6335631,0.6857906,0.2886979,1.1357229,0.12570757,-1.0748116,0.68849903,0.09926421,-1.534568,0.15444584,-0.97932994,1.2188523,-1.1084476,0.5822218,-0.98825586,0.8169596,-0.008408877,-0.10969804,-0.32443556,-0.074205145,1.6109437,0.8125313,0.46636665,-0.99684393,-0.40383834,-1.2513766
CCTACACGTGCAGTAG-1,-2.394349,-0.43186015,-0.26301518,-2.552193,3.688208,-0.70578134,-1.8874941,-1.9343243,-0.8197084,2.4338405,-0.18179558,-0.12122517,-1.3888549,0.63753325,-1.4352719,-0.18147932,-1.0978581,-1.2121578,-0.19813119,-0.02448793,0.7841172,-0.22934945,-0.7405726,-0.36496878,0.68595684,0.12079531,-0.7839398,-2.0659173,0.8662055,0.30206174,0.22934765,0.35169074,-0.41951108,0.37299004,-1.1006601,2.0148962,0.5652398,1.1702322,1.3435689,0.7468432,0.7219524,-1.1691759,0.48828164,0.7842961,0.6714215,-1.2761877,1.2658225,0.5731763,0.061828393,1.8090988
CCTACACTCAAACAAG-1,11.588117,-0.23206118,-0.2116567,-0.009376512,-0.16251612,-0.13072756,0.59863824,1.176416,0.1544137,-0.32359877,-0.22534716,-0.44491324,-0.6630102,-0.4345497,-0.26824477,-0.14308168,-0.4649163,0.7464006,0.72160655,0.71254337,-0.0003617476,-0.6166239,0.051618814,-0.26150933,-0.11525422,0.027472993,0.70134336,-0.044509385,-0.56058365,-0.07723897,-0.15274441,-0.17062186,-0.36029756,0.6491763,-0.1839464,-0.22737512,0.37038454,-0.1846908,0.20711836,-0.012711002,-0.2932273,-0.20494197,-0.15130241,-0.7639357,0.36679798,0.373724,-0.15117049,0.6575856,-0.14013992,-0.69956577
CCTAGCTAGAAGGACA-1,11.00702,-0.1686533,-0.6010954,-0.27774906,0.21596654,-0.24936484,0.41306478,-0.7973884,2.2399552,0.3311748,0.5211241,0.054022737,0.274954,-0.65045047,-0.293815,-0.35460305,0.1157906,0.9346354,-0.081946574,1.191687,1.5898203,0.18827683,0.5217958,-0.16815168,1.2794822,-0.7249406,-0.79657316,1.0941775,0.6796082,0.7647992,0.376411,-0.43838066,-0.16215211,-0.48755386,-1.7181329,-0.05251453,-0.31913474,0.51911867,0.88231146,0.56799334,-0.07963629,-1.1248766,-0.21335597,-1.0117159,0.08770889,-0.3739288,0.22931822,0.9812265,-0.4076357,0.25247478
CCTATTAGTACAGTGG-1,12.473726,2.0140011,0.14135718,-1.4729568,0.3505522,-0.44468394,2.5135884,0.8228889,-0.06133351,-0.094143346,-0.6417522,-0.87001836,-1.6359748,-0.26055232,1.0588243,0.6711044,-1.3927292,-1.5511714,0.396554,-0.21992674,-0.515796,0.693973,1.0055735,-1.5412663,0.79535294,0.101692274,0.71373713,-0.6011758,0.929477,0.22020514,-0.27119485,-0.9222655,0.3555468,-0.068326995,0.6721773,0.23696591,-0.5207533,-0.31732586,-0.4559191,-1.1257875,0.61310095,0.12772487,-1.3846505,0.10473462,-1.152306,0.35053,0.18066713,0.33625153,-1.3474126,-0.32279664
CCTCTGAAGCACCGCT-1,10.778019,0.3087705,-0.49221534,-0.2635396,-0.2719677,-0.6928752,0.29057273,1.701495,1.3553401,0.33075726,-0.70275116,0.13630414,0.2267468,-0.46015537,0.08739153,0.81578135,-0.5670658,0.41505626,0.3239427,0.17249939,-0.036972184,0.41273504,-0.047636334,0.31191948,0.63165677,0.29751652,-0.42077604,-0.2807477,-0.5900505,0.42473504,-0.26553702,-0.26049063,0.11221975,0.18250653,-0.6492097,-1.011588,-0.5959646,-0.7355219,0.02055203,0.19601874,0.2725063,-0.15883404,-0.9664606,0.34358087,-0.20504157,0.44969836,-0.19458637,0.60030186,-1.2365999,0.26836672
CCTCTGACACGAGAGT-1,12.393361,0.23923257,-2.1788998,-0.7461684,-0.62589043,-0.6071404,1.717931,1.1016301,-0.30289936,-0.19727904,-0.6301036,-0.37361425,0.3918747,-1.0354425,-0.2827181,-1.3989381,-0.78698933,0.25222918,-0.12560335,0.07942748,-0.7420249,-0.352349,0.02666568,-0.3655839,-0.26656425,-1.248171,0.3283204,-0.011304489,-0.24518517,0.14989749,0.025607582,1.230627,0.61418086,-0.09332149,0.08069694,1.0500635,0.7962235,-0.7078034,0.40240282,0.4505797,0.06304259,-0.8276441,0.6673018,0.2738354,0.5659752,0.2079752,-0.10339147,-0.17084268,1.3978935,0.08941605
CCTCTGACATGCGCAC-1,12.650982,0.22383904,-0.2211296,-0.785541,-0.26251972,-0.82680523,0.71927327,2.326403,0.34452128,-0.23447944,0.36574852,0.7042211,-1.1461897,-0.81713724,-0.08595647,0.91014975,-0.18298629,0.43979195,0.10992691,-0.22101694,1.0470552,0.16812551,-0.16182943,0.50628555,0.5747842,0.014899413,0.12122901,-0.1339767,0.24261016,0.40721372,-1.0424131,-0.18190512,-0.5256727,0.5313592,-0.19613157,-0.28386828,0.4125443,0.2579302,-0.7298473,-1.1226377,-0.15030646,-0.18819171,-0.4191945,-0.1911712,-0.16225411,0.75453925,0.37906262,0.6476014,0.06878734,-0.7225319
CCTTACGTCACAGTAC-1,-4.670931,-2.0086572,-0.24040218,-2.5793507,2.6118119,-0.9568921,-1.631267,-0.9069129,-2.3607876,1.2746828,1.3720424,-0.8922865,-2.6242566,-1.4374228,-0.2610287,-0.2398918,-1.591545,-1.1909007,-0.9938581,-2.4297814,-1.8826152,0.9552752,0.50586843,0.062744424,-2.7128494,-0.25743604,-0.6138563,-0.7520722,1.2618709,0.64815414,-0.086211875,2.815436,0.66690856,-1.1478955,-0.18564646,1.2015991,0.2826642,-0.80148506,-0.8328543,-2.003969,1.4630952,-1.2404526,-1.9102476,-0.13500808,1.1313021,-1.2627176,1.710822,0.41530424,1.7361429,1.8558733
CCTTCCCAGCTAACTC-1,-1.5243659,2.9998,5.9773135,-5.142763,4.3315783,-0.68959695,0.50886434,0.7142113,-12.733313,-8.255685,5.301716,1.5560399,-3.828455,-1.1011716,23.347893,5.0814595,8.607341,1.9646846,24.389465,7.438869,-21.318018,-17.123571,-9.40817,-12.590602,16.66661,19.339172,9.760771,-19.968283,-14.145937,8.0489645,-30.64967,-7.998949,0.4669516,12.698306,5.3182526,1.5259082,-6.915898,4.2969046,1.4558362,-0.24361245,-0.25632885,3.419618,-7.7296605,-3.4101598,1.2969501,-4.137997,-2.3444886,-0.45418411,-0.4876356,-0.0638895
CCTTCCCGTTATCGGT-1,-3.3448396,2.1346574,-1.2178545,-2.6649978,3.056217,-1.5518006,-1.144627,0.26766318,-0.36058733,0.28469303,-0.90044045,-0.014552677,-0.8785419,0.5959187,-2.2653356,-0.8388849,-2.8073308,-1.4013417,0.7203746,0.11660733,-0.69035566,2.1211684,0.33687767,2.435281,-0.445307,-0.748719,-0.43755278,1.3494668,0.2859049,0.9998867,-0.02202672,-0.969248,-0.46652722,1.0190952,-1.489979,-0.54765075,0.49096614,1.9567078,1.7880296,1.5819763,1.7884067,-0.26399052,2.8751566,0.023609422,-0.45294577,3.1772175,2.3376095,0.76882875,0.9365841,-3.7890487
CGAACATAGACAAGCC-1,-3.270821,-0.49707654,0.9808049,-1.9794903,2.0359788,-2.8838453,1.0032337,-1.0982026,-2.1757915,0.9535064,-0.21933492,-0.4686049,-2.0505528,0.096025154,-1.7866611,-0.3015228,-1.8139671,-0.5318402,-1.2163093,0.99428964,-0.11987387,0.5705675,-1.8891233,1.015944,0.20789954,-1.0688133,-0.36578345,-0.5847183,1.2915504,1.1288978,-1.528361,-1.2053553,-0.98069316,-0.09801833,-0.92709506,-2.993034,0.7328681,0.08831667,1.4182656,-1.6382083,1.0936295,-0.05001244,-2.1137369,1.6467865,1.0282564,0.45371407,1.2891444,1.5661039,-1.9659995,1.063956
CGACCTTCAGCTTAAC-1,8.7634735,-4.6088114,-3.4207616,4.740557,-3.6223783,1.879403,-4.7680397,-6.7687044,-11.967936,-6.132848,3.5894408,-1.5294751,2.6974208,1.5591904,-0.85522807,0.40878567,1.4711336,1.267433,-1.066498,-0.31021976,-1.1447443,-0.29232278,1.2202178,0.17555934,-0.27646694,0.08410926,-0.2959899,-0.11238863,0.43392473,0.41491845,0.14694265,0.5632099,0.2985538,-0.39534673,-0.16009146,-0.116154015,0.052867316,0.13474058,0.30047005,1.4910198,-0.15594268,0.24644451,-0.26928416,0.42765123,-0.7190903,-0.10863373,0.49112296,-0.17695324,-0.3136996,-0.29282466
CGACTTCGTTTGTTGG-1,15.483237,2.3869655,-2.0267575,-0.77232385,-0.3843402,-0.4953599,2.7448459,1.777785,-0.07592709,-0.29850733,-2.1176794,-0.4877171,0.31235647,0.11150566,-0.7998227,0.06914787,-0.54247135,-0.45460483,-0.21491136,-0.078997605,-0.773674,1.3017037,0.18755722,-0.8434385,0.95070016,-0.068805896,0.61825633,-0.004457717,0.6441687,-0.42738774,0.61779714,0.71817625,-0.6993703,-0.09257965,0.7728923,0.8865122,-0.16012694,0.29873562,-0.86391574,0.29756173,-0.04573089,0.10537769,0.2751949,-0.13234036,0.2244603,-0.31696156,-0.036644746,-0.2740665,0.0009461984,-1.2974354
CGACTTCTCTGCAAGT-1,-2.575245,-1.6788511,-0.71204,-2.4304416,3.1492712,-0.56505245,-3.2250948,-1.1254464,-4.440878,3.0879,-1.1226579,1.1753706,-2.6988883,-1.1201268,-0.16926709,-0.12475,-1.7082638,-1.7131958,-0.68265843,-0.06384953,2.2520695,0.89641106,-0.7510311,-0.24985021,2.062832,-0.95050937,-1.7141206,-1.5429591,0.82639974,-0.8775809,-0.7893191,-1.6515257,0.7357522,1.188555,2.8433766,-0.9432648,-1.0665276,-0.23888314,0.38363647,1.1076155,-0.360368,-0.7944114,-0.7631654,-0.12023259,0.31994483,0.23141554,0.82674414,0.56750906,1.1528629,-0.37598902
CGAGAAGAGAGCTGGT-1,13.296277,-0.10583633,-0.8488069,0.0069872024,0.13158801,-0.35266373,0.72608304,1.783205,2.1293597,0.03353199,-0.00494303,0.618204,-0.65653485,-0.13746433,-1.0142727,0.14852266,-0.5554781,-0.067592286,0.21669544,0.271504,0.8652299,-0.09187547,-1.2441593,-1.1548827,-0.9776232,0.43811724,-0.5014546,0.25627276,-0.8244568,0.37096265,-0.8630926,-1.5401272,-1.0137194,0.53539306,-0.5495549,0.43197212,-0.6563148,0.7984437,0.8237117,0.72654164,1.5320994,-1.055567,0.3862277,0.7527763,0.94175255,-1.2397302,-0.8627772,-0.020162202,0.8013369,-0.43858913
CGAGAAGGTCCAGTAT-1,-6.87667,-0.59791857,-2.1191814,-2.5688791,1.1192693,-2.9076405,-0.92357886,-1.3751861,-1.9451369,1.8691502,-1.9154102,-1.4853293,-3.4606497,-1.900642,-1.1820246,-0.59512514,-2.2718647,-0.84825003,2.0617952,-0.33357412,2.4731052,1.6580548,0.64269036,-0.91662353,-0.60142875,-0.8786389,-0.54156893,0.10113483,1.7826447,1.7245513,0.48372686,1.1242615,0.72807,-0.22047895,-0.34902576,0.16602752,-1.0933899,1.2486207,1.861823,-2.9805257,-0.14947534,-2.0375922,0.3626872,-1.3530053,-1.9450157,-0.7285191,-0.7682972,-1.3363104,-2.885422,0.3351562
CGAGCACCACCTTGTC-1,13.520844,-0.85120875,-2.1736543,-0.08923667,-1.0270133,-0.2661002,0.8982728,1.630431,0.8473942,0.3018728,-0.6255496,-0.15409489,-0.097082995,-0.26394325,-0.3463242,-0.0817313,-0.4700673,0.80999,-0.4685154,-0.78358984,1.4218308,-0.41034958,-0.5278166,0.07336662,-0.68404126,0.27880487,0.66755897,-0.54523337,0.15301852,0.74532944,-0.10754051,0.1465716,1.1063223,0.49392453,-0.9244722,0.23666206,0.1917612,0.1813146,0.05502305,-0.7370245,-0.39302137,-0.07909154,0.5907768,0.6859342,0.29415157,1.2112596,-0.48712805,-0.87127584,0.03236507,-0.7543443
CGAGCACCAGACGTAG-1,12.393582,-1.6751103,-1.6868402,0.77465683,-0.49346694,-0.55801225,-0.58934903,0.91155976,0.6854369,0.44738832,-0.16146103,-0.26396412,-0.8924533,-0.905899,1.1702915,-0.6533636,0.49076226,-0.3598263,1.0974612,0.30490226,0.3487461,-0.43492958,-0.57369375,0.91774905,-0.24460042,-0.2288579,-0.54606247,0.7534589,1.0306174,0.13066082,0.018483568,0.9234138,-0.47664812,-0.40833503,-0.5267823,-0.44580716,-0.2867258,-0.54301137,-0.0007656649,-0.99078643,0.6529488,0.1922286,-0.2828632,-0.08113485,0.021350034,1.066361,-0.806958,0.048231035,-1.0238998,-0.24218997
CGAGCACGTTACGTCA-1,12.719991,0.5959407,-1.3874599,0.09693401,-0.013738576,-0.53486335,2.1818092,1.0605191,1.1937745,0.78511256,-0.16377912,-1.6724392,-0.26757544,0.46873295,-0.8984967,0.21917297,0.03108524,-0.18724579,-0.42624766,-0.2505328,0.94781435,-0.30145156,0.09121211,-0.6309922,0.17664726,0.903764,-0.06233837,0.00012615927,-0.92566496,-0.6291185,0.2189447,-0.6960682,0.07225026,0.12338821,-0.6106526,-0.0206871,-0.16278195,-0.80394405,0.669327,-0.8541536,0.676503,-0.36447784,0.5991934,-0.1670572,1.5334948,0.36609414,-0.67348546,-0.40859383,-0.10175578,0.30252346
CGAGCCAGTTAAGACA-1,-4.3356,0.6667357,-2.0735216,-3.5337694,5.015343,-1.6373779,-2.1614668,-2.0550373,-2.5216818,2.4396865,1.2894771,-0.28958008,-3.1578028,-0.40706506,0.06790808,-1.0208124,-2.6626608,-0.99815893,0.7088647,-0.3023495,0.37996715,-0.81685156,-1.7997518,0.03705426,0.04009397,-2.2767456,-0.022763105,0.48499933,-1.1800606,-0.39121312,1.439604,-0.5358684,0.870793,-0.42297456,-0.10653643,1.8356405,0.3181152,2.12676,-3.3171864,0.11927894,-0.41502604,-0.07858673,0.6102084,0.11117398,0.30782086,0.32359204,-2.0811033,-0.61685306,1.029178,-1.6112831
CGATCGGAGCTTATCG-1,-2.511853,-0.6866303,-2.3134663,-1.4260391,5.6719713,-1.2416884,-6.5689745,-5.049708,2.5525906,0.7823512,0.46127018,0.9663085,2.284557,-2.5999897,1.4130439,0.42663127,3.2443438,4.9554844,1.004872,-1.3690785,2.173812,0.35926315,1.5410615,-2.1675208,2.1203656,1.5816665,0.17785223,-0.116433345,0.105126284,-1.6872876,3.4806051,-3.0888143,1.0200053,1.2245736,3.3913903,2.6256351,-1.0031143,0.53566515,-0.44738135,-1.863727,1.2448988,1.5522051,-1.2755734,-0.48951325,-1.4939101,0.7478953,-0.7587112,2.288625,-3.7009997,1.7486221
CGATCGGCAATACGCT-1,13.001597,-0.29236302,-1.1246333,0.026813779,-0.67786086,-0.17188366,1.1700188,1.7629639,0.907709,-0.23104893,-1.078999,-1.0492102,0.8540173,0.097260095,-0.9711322,0.33466834,-0.04286811,0.2433349,0.85041976,-0.83883816,-0.8582774,0.5500577,-0.12699676,-1.120518,0.9694585,0.04802759,0.5410165,0.9486991,-0.1830111,-0.77319235,0.10372724,0.4595398,-1.2489285,0.14732073,-0.33199638,-0.08703499,0.19560535,0.12773748,1.1946237,0.5641416,1.2782246,0.44942096,0.005584833,0.644639,2.343025,0.57014143,0.06281309,-0.3070271,1.1583964,0.034178708
CGATCGGGTCTTCTCG-1,7.167148,0.7321449,1.9255319,0.53685105,1.4140756,1.0067419,-1.2877345,-0.87335515,2.0072155,1.7177266,0.10541486,2.4255462,-0.47031814,0.56274277,1.3740243,1.0159448,0.16238876,-1.0311711,1.1380959,0.5741971,0.5641374,0.22514935,0.76279175,0.7969963,0.032946907,0.34167454,-0.77689344,-0.35278383,-0.2597255,0.46262628,-1.283939,0.20258673,0.2441764,-1.202864,0.064595245,-1.1081399,0.29948327,-0.11121896,2.0085974,0.7368027,-1.9324248,-0.05477169,0.59243643,-0.9386702,-0.76745284,-0.86306244,0.1569291,0.3301903,0.02708595,-0.87280905
CGATGGCCACTTAACG-1,11.528425,0.5831598,0.070626184,-1.3856394,0.48982808,0.5278766,-0.31267676,1.0160494,1.8305849,1.0737228,1.2446165,0.5100782,0.43308127,-0.95606965,-0.42547175,0.24953024,-0.028330088,0.36074352,-0.66541916,0.9837869,-1.3631759,-0.40548214,0.18462422,0.62184584,-0.77157795,1.3157763,-0.2556552,0.5630297,1.1464467,-0.39536732,-0.98992246,-0.9717888,-1.3107996,-0.17579018,0.07688105,-0.095003024,-0.5622756,0.41588727,0.79583186,-0.13095702,-0.5014902,-0.61678606,-0.2099996,-0.12852256,1.261965,-0.29104167,0.04767544,-0.35940373,0.16923833,-0.20118172
CGATGGCGTCCGAAGA-1,-3.0800562,1.5637707,3.727772,0.28682315,2.8633606,0.6054565,-2.9543307,-2.74041,-1.8172525,3.7020748,1.7856205,-1.0809051,-0.5427982,-1.2315997,0.90838605,0.75976443,-3.3679519,-3.4955597,0.15879217,0.26974568,0.8569536,1.0765258,-2.1029475,-0.4666187,0.23130105,-1.4078323,0.38159418,-2.8273847,4.017601,-0.1745052,0.5295538,0.19186467,-0.3893816,0.40753165,1.5701399,1.0791464,0.22366332,-0.6589345,-0.5113344,0.94238794,0.7411798,-0.62928325,-2.858057,-2.2241788,2.7886944,-0.21637014,0.792666,-0.16939616,1.4702607,-0.6646796
CGATGTAAGTACGCCC-1,14.758848,-0.6048601,-1.3785671,-0.058338545,-0.07813421,-1.140557,1.0383432,2.558757,0.85274637,-0.5767988,-1.3687129,-0.73326004,-0.6745197,-0.017712666,-0.24859326,-0.02617671,-0.08290125,0.110106386,0.3797136,0.3771635,0.9163569,1.0110419,0.5197182,-0.40322194,0.18584503,0.444042,0.024956703,0.7533788,0.19621302,0.3238521,-0.7258007,-0.53842086,-0.02318514,0.6735249,0.4762187,0.2282043,-0.9021059,0.2779739,0.50627035,1.8277217,0.16999483,-0.7427594,0.49245808,1.0327476,1.1391568,-0.44034225,0.051504716,0.189992,0.91502666,0.3066962
CGATTGAAGACACTAA-1,12.749261,-0.7315563,-1.4910566,0.56661934,-1.6026098,-0.65855175,1.0392208,0.738066,0.87955594,0.7966406,-0.332175,-0.90584624,-0.46431467,0.8330007,-0.6045072,-0.20090006,-0.5949945,-0.11635079,0.4789505,0.04948651,-0.12696913,-0.5019269,-0.34664112,-0.13762519,0.30548623,0.97884864,0.362582,0.4142173,0.3458856,-0.049133614,0.5710701,-1.116776,-0.099262305,-0.38078302,0.75673884,0.21168818,0.36027586,0.054625828,0.16011332,0.33202532,0.010100661,0.58969325,1.1651555,-0.7060261,0.38264123,0.3416157,0.26428053,-0.71823937,0.08508923,0.10859212
CGCCAAGTCAACACGT-1,11.18383,1.6129436,-0.037429348,-0.85968906,0.41511366,-0.09564604,2.361918,2.1433275,1.4278965,0.19096488,-0.27948442,-0.84584165,-0.7032848,-0.21710457,0.7545282,0.70910126,0.55247945,-0.31385466,0.21793766,0.3106842,-0.99128443,-0.40930954,-0.6125892,0.92369264,0.7232202,-1.1153189,0.4333703,0.22603472,-0.23984735,-0.68021196,2.0743177,0.24389495,0.13427247,-0.2623304,0.72291005,-0.8872944,0.14622575,0.9297275,-1.5264788,-1.2774309,-0.934354,-0.5250896,0.05257297,-0.38524154,-0.14705257,-0.8567915,0.92518634,1.0178081,-0.52478373,-0.24513093
CGCGGTAGTTACCGAT-1,4.0656576,1.0976753,3.8371942,0.09343362,0.5107833,0.63659835,-2.7890918,-2.5756419,0.0974883,1.1905129,0.11219227,1.667136,-0.36011013,0.052203618,0.65714616,-1.0430065,-0.5056445,-1.589071,0.8078269,0.35341844,-0.5756769,-0.5593832,-0.49466372,1.3090882,0.55124176,-3.0715632,-0.24679254,-1.398894,0.63752836,0.70594215,-1.7260883,0.26558354,0.08615569,-1.0962943,-0.28097194,-0.8849077,1.413343,-1.4532313,-0.14569676,0.03148267,-2.1631372,-0.888981,0.4629978,-0.25917763,-3.1090462,-1.0994154,0.9480807,0.9563951,0.65753466,0.3106006
CGCGTTTTCAGGTTCA-1,-0.531875,-0.7811286,-1.1805793,-2.3838356,2.7785954,0.50637686,-4.241093,-3.7474,-0.47423017,0.92198694,0.58125156,0.3804866,2.0538251,-1.2982897,0.699218,-1.2760848,-0.3027741,1.021352,0.25103882,-0.743398,1.6892926,-1.2005179,1.4943107,-3.1299074,0.7757793,0.37333563,-0.35658497,-1.7940218,0.48804685,1.281288,2.0620296,-1.9072978,0.7277478,0.60071516,0.7508371,0.33826885,-1.7783347,-1.3434296,0.77469826,-1.3853961,-0.6147185,-1.7072887,0.916548,0.030710759,0.18299966,1.3320923,-0.7123362,2.2183044,-0.87550545,-0.8681218
CGCTATCCAACACGCC-1,-5.4195447,-1.268393,-1.550002,-3.5405228,4.9981976,-2.6060233,-1.497328,-0.9284614,-3.2313604,1.6329008,0.62363774,-2.7294705,-4.3998966,-0.8663078,-1.5524557,-0.3965025,-3.0855367,-0.30447435,2.130349,1.7414155,-0.6649885,1.6687237,-1.7284634,0.90669364,0.43765363,-0.20788443,-1.5412239,-1.0060273,4.486282,1.688564,-2.262066,2.0524893,1.8225551,-0.82329303,-0.010270775,3.0398552,-0.62418985,-0.46746987,-0.023118146,-1.9623188,0.71376175,2.022946,-0.4046931,-2.0894697,0.37856233,0.85268503,2.4712853,-1.5780816,-1.9815346,0.54145616
CGCTGGATCGCGGATC-1,9.919469,-0.09267823,-0.9380379,0.553438,0.6331823,-0.8560353,0.4133505,0.6174043,1.66899,1.8005283,-0.43373966,0.65414995,-1.1196628,-0.567747,0.7355952,-0.8466027,-0.4731295,-0.9302614,0.80944043,0.28084302,1.9475152,-0.5327388,-0.35305446,0.7317566,0.038959384,-0.7969829,-0.640032,0.19807214,-0.38719484,-1.1642107,-0.98441523,0.65982336,-0.54427737,-1.0605811,0.18513294,-0.60638595,0.13394034,1.0534967,0.07269572,-0.6826025,0.8298035,0.68552774,0.34401718,-1.0380387,-0.8387556,1.1698298,-0.5056335,-0.31577045,-0.7948732,-0.46332118
CGGACACAGGCATGTG-1,11.002285,-0.44168845,-1.255537,0.30810454,-0.965289,0.069472745,0.64174235,1.3275928,1.1423454,-0.0717808,-0.9841834,1.998585,0.7621719,-0.19581644,-0.29532307,0.5058343,-0.21799615,-0.7455744,0.32838887,-0.034167286,2.122847,0.18402882,-0.3833429,0.008160561,-1.403709,-0.18607801,-0.085455105,-0.12626147,-0.17048357,0.5022786,-0.46447793,-1.6444122,0.3835819,0.3963357,-0.30423048,0.060833015,-0.28907332,-0.89113164,1.3739917,1.6293399,0.7001396,0.22500339,-0.73478067,-0.26209393,1.16568,-0.59306306,-0.5665794,0.76784295,0.67935336,0.09715334
CGGACACAGTGCGTGA-1,14.118986,0.3595445,-2.1532822,-0.20643504,-1.025657,-0.9442483,0.8777764,1.9525752,1.6455888,0.35925013,-0.26901907,-0.42685747,-1.0189909,-0.9327996,-0.23424226,-0.2797591,1.1281012,-0.08315264,-1.4933027,0.06100406,0.13555928,-0.4523156,-0.31524572,-0.2789979,0.017186197,-0.2183327,0.58410585,-0.19107099,-0.73022085,0.72542685,0.6702977,-1.2384365,-1.222206,0.37622347,0.08586924,0.036367223,-0.06442044,0.55852824,1.0379205,1.3022273,1.3853801,0.36252326,0.2895019,0.19057454,0.9804629,0.2715608,0.4206353,-0.5961178,0.7071336,-0.16512725
CGGACACCACTAGTAC-1,-6.628659,-1.4609834,-1.6354579,-2.673397,1.7777667,-1.886768,-1.3400804,0.903375,-3.4356253,3.1415331,-0.7885132,0.51129353,-3.7326756,-2.1310565,-2.0141017,-0.868276,-2.270126,-0.79714704,2.0931022,-0.8776423,0.0902732,1.0486792,0.45786294,-0.9832991,0.7233549,-1.7524618,-2.00596,0.75693995,-1.0605483,-3.5278697,1.4586526,-1.7951927,1.4669552,2.2578459,-2.4701571,0.46604174,-0.584817,-2.616287,0.11726581,-1.764008,-0.63586336,-3.6396642,0.8258087,0.7009032,1.2301024,0.37351507,-3.6328046,0.2710753,3.3590906,-0.21419998
CGGACTGAGCGATAGC-1,-4.725137,3.0197515,1.9729966,-5.7371345,4.8738213,-3.9200754,-1.1342742,1.1233594,-2.892616,4.3335705,0.88882864,-1.6553992,-0.5310299,-0.9410067,-0.72878045,1.11521,-0.5930084,2.9044151,-1.0450637,0.19872674,-1.6565423,-0.41929787,2.855959,-2.1870239,-0.4507671,-0.83158904,0.2727059,1.6905477,1.7970012,-5.7052393,0.7048944,1.9059557,-3.2413628,0.63443196,-4.2783585,-1.950129,1.5944128,-0.8988773,3.1366234,-4.3007407,0.9202993,-2.3167934,-0.99293554,-0.0067075887,2.306409,2.6031857,-0.017093478,1.5164247,-0.9418462,0.3029625
CGGAGCTTCTGAAAGA-1,12.850007,-0.5781709,-2.1343055,0.5671883,-0.20356414,0.23538817,1.3314551,0.679375,0.12365689,-0.20727442,-0.0018599886,-0.21627508,-0.9316466,-0.7018367,0.14619653,0.010822042,-1.235669,0.6288129,0.19443773,-0.06834618,-0.37042522,0.2622448,-0.62646633,0.10922079,1.6360407,-0.3316998,-1.5829246,0.62885255,-0.096777804,1.4700304,0.28324628,-0.084635794,-1.3923203,0.62382674,0.4837237,0.09708049,0.30736205,0.97327673,0.4565129,-0.43281782,-0.54448277,0.5538753,1.2524408,0.8184222,0.9057246,0.04525224,-0.6624675,0.08686702,0.07725078,-0.45464304
CGGCTAGTCAGTACGT-1,-5.1851916,3.078965,1.5290477,-2.7787871,1.1574534,-0.85511,-2.7073164,0.11377514,-3.06704,2.589154,-1.1673726,-2.5481496,1.5393778,0.35002264,-2.990354,3.5467322,-0.077545226,-1.3729733,-2.1007237,0.8194382,0.6446811,-0.98161715,-0.9912151,0.46196756,0.865318,-2.3524165,-0.8890333,-2.8759897,-0.11699556,-1.7003529,1.0678116,-0.53396076,-3.5786521,-1.5838472,0.89367425,3.4979274,-1.8141752,0.99593294,-1.1181556,-2.7679226,0.9366686,1.9660664,-0.55752194,-0.44280556,2.5105429,-0.22068717,2.9046042,-0.8108911,1.2851245,-1.1457733
CGGCTAGTCCAAATGC-1,1.0270785,2.660079,5.275476,-0.25554985,-0.4726232,2.9266315,-2.1576328,-2.194044,1.4229288,0.29521444,-0.79200274,-1.0305436,1.2033259,1.0757018,-3.2668173,-2.1170492,0.74704665,0.7634673,-2.0282009,0.5262237,-1.2521427,-0.08748738,-0.9881583,-0.7093665,0.7797031,1.5681789,0.5671195,1.3471926,-0.7924992,-2.095903,0.4831912,-0.85245574,-1.5202047,-0.35165876,0.71468234,-3.3590267,1.7671679,-1.0288833,2.1846972,2.3855035,3.6604435,-1.1684803,-0.4214476,0.537859,0.22933765,0.054880615,0.05578581,1.5532126,-1.3259562,0.16156913
CGGCTAGTCGGTGTTA-1,-1.8010311,0.23109803,-0.13459122,-3.4676971,1.496917,-2.6715024,-0.96510464,-1.6748227,-0.5721698,1.7051378,0.6375528,-0.934525,2.284183,-0.9177863,1.4224608,1.5368365,1.1949061,-1.9211856,2.0666254,-3.4220374,-0.55698794,2.0579782,2.3294995,1.6159168,0.94798815,-1.9339968,1.288441,0.12507288,1.1722991,-1.3862048,1.518288,0.03682956,-2.6885085,1.1109885,2.3863559,-2.859178,1.9800144,-2.1878471,0.19780967,-0.3050659,-3.4131021,-2.595331,3.2028754,1.09632,-2.4927094,-1.9102746,-2.5552444,-1.0247401,-1.3759003,2.3148127
CGGCTAGTCTGTCAAG-1,8.780388,-1.2921623,-0.19498637,0.062114365,0.28691137,-0.394036,0.18281251,0.43392977,0.4494048,0.4037574,-0.6835036,1.1548284,1.2302406,-0.11658966,-0.43933198,-0.8428303,-0.24563307,-0.76978695,0.18620895,0.47824553,0.7840247,-0.30485702,-0.07672513,-0.012030624,0.5899623,1.1435885,0.2828147,-0.67641336,-0.5954901,-0.38122585,0.31370333,0.09902134,0.8633839,-0.92594945,-0.11218806,-0.22549659,-0.124212295,-1.6503222,0.77052927,-0.29183385,-0.027276129,-0.25038633,-1.1957688,-0.34954184,0.4174065,0.7927062,-1.2916489,1.0294114,0.45570156,0.68660146
CGGGTCAGTTGGTTTG-1,11.38583,-0.081990846,-1.0401254,-0.23324938,0.19153121,-0.6793334,0.7234183,0.46831593,2.0007348,2.602059,-0.20938317,0.3973872,-1.389051,0.5949969,0.044149965,0.02491098,-0.3913522,-0.30930564,0.553066,-0.30612707,-0.84980845,0.0979121,0.3970799,0.58725214,1.3942345,-0.1253389,-0.5397139,-0.66531044,-1.1554519,-0.60657513,-0.13618842,-0.685199,0.21321328,-0.6094838,0.04504921,-0.006080847,-0.21032539,-0.9249457,0.075024806,-0.60872793,-0.38712585,-0.9590063,-0.7886633,-0.5669484,-1.0969591,1.8681282,-0.94836885,0.25213897,-0.020031774,-0.99875957
CGTAGCGAGAGTACAT-1,15.556408,1.71964,-1.9620839,-0.019479414,-0.6550558,-1.1905972,2.6880138,1.850542,0.63173723,-0.7760548,-1.1100397,-0.5810473,-0.97610897,-0.25232422,-0.8577581,-0.5328544,-0.06111217,-0.13159898,0.74179035,-0.27383715,-0.12688898,-0.037112236,0.49029368,-1.488471,-0.9511921,-0.1891374,0.15540138,0.85933393,0.08407447,1.0187534,0.17076086,-0.038123444,0.15972242,0.545762,-0.79317224,1.6142942,0.77042043,-0.33612034,0.6277478,1.7916434,0.2205591,0.34004053,1.289904,-0.08437717,0.18510032,2.1038177,-0.33740297,-1.1431627,0.3453938,0.9097641
CGTAGCGCAACGATGG-1,-0.610809,-0.8682324,0.33215314,-2.3686244,2.376562,-1.8327445,-2.5799227,-0.72176915,-0.03559405,0.9507637,0.08622064,-0.23224239,0.3410826,1.035813,0.21430677,0.8086088,1.2318381,0.7525253,1.4629811,-3.775921,-0.28740358,0.107411355,1.3307259,-1.3562316,-1.4633588,2.0642335,-0.4395213,0.069777876,0.8433524,0.93175054,-1.9577128,0.04689914,0.38488105,0.028540716,-0.4520306,-0.59245855,-0.130824,0.59289956,1.1406865,-0.6011471,-0.55558985,0.13117878,2.0285053,0.3536539,1.0557525,1.0793995,-0.5891786,1.9405075,-2.6154296,-2.705352
CGTAGCGTCAGAGGTG-1,12.611134,0.4316856,-1.0937705,-0.12727083,-0.24139984,0.68352616,1.5594536,1.0394472,0.012626682,-1.2827673,0.34481123,-0.99279565,-0.1441846,0.14923188,-0.08779386,-0.74279034,0.5351301,0.02809537,-0.3977625,0.2705306,-0.7464789,0.02917089,-0.46077514,0.42295152,0.1990138,-0.13299377,-0.7646216,2.4593194,0.3349404,1.5069407,0.2665333,-0.21079278,-0.85525393,1.3630201,-0.9500081,0.23273766,-0.17912787,-0.31758487,-0.13796045,-0.1621077,0.45687464,0.24500905,-0.74588954,-0.2077021,1.4664087,0.70987076,0.18918209,0.304209,-0.5201875,-1.3786554
CGTCACTCACCAGCAC-1,15.537542,0.41931504,-0.99796677,-0.2684487,-0.44246754,-0.24118961,2.2169578,2.4134958,-2.022421,-1.5140035,-1.0050403,-0.49368516,-1.413928,0.4012847,-0.17404763,0.08555998,-0.7735051,-0.017349573,-0.693601,0.81644857,-0.014839285,0.3300208,-0.2925791,-0.5194513,0.5370295,0.370709,0.8319895,-0.0374758,-0.42515036,-0.06231991,0.540957,1.3516667,0.26838303,0.6809976,1.3799665,0.27968684,0.19164902,-0.1472332,-1.7837783,-1.1233754,-0.9659383,0.10010251,0.04365131,0.72397655,-0.033140074,1.6765296,0.39512908,-0.5372857,-0.770803,0.12345884
CGTCACTGTGAGTGAC-1,12.356835,0.85490733,-1.2821505,0.26819676,0.1909509,-1.0607088,2.4796672,-0.37774384,0.69052386,0.23992714,-0.5828965,0.44404033,0.016249835,-0.15673013,0.21247426,0.34773353,-0.52201784,0.67177814,-0.1408014,1.011219,0.783471,0.22838463,-0.265216,-0.93327177,0.4502926,0.24070132,-0.8683777,-0.21392904,-0.6245324,-0.37755024,0.18098396,-0.07354831,-0.4809458,0.21419902,-1.1520206,-0.4391402,0.44097465,-0.4439428,0.4075108,-0.006389833,-0.046341486,-0.17364992,-0.14548351,0.6351286,0.39923954,-0.67923117,-0.20381694,0.026086323,1.0123246,0.7599528
CGTCAGGAGGTACTCT-1,12.187882,0.743398,-1.6084881,0.16674355,-0.25039217,-0.20326228,1.504593,1.1642598,1.8211685,1.0122974,-1.2779651,0.374759,-0.55044055,-1.114417,1.0698667,0.73072165,0.04505367,-1.1780165,0.5053632,0.10673873,0.2152869,0.7231585,-0.48744875,0.26693383,0.60683966,-0.55972797,-0.36106974,-0.5818225,-0.88613236,-0.3120077,-0.52107626,-0.47401032,-0.6272422,0.29052714,-1.3622195,0.5626998,-0.198213,0.3206805,-0.17759213,-2.4011867,-0.8096486,0.43626106,-0.2186448,-0.9462585,0.13925877,-0.06561005,-0.34925523,-0.3087579,0.010368328,-0.795663
CGTCCATTCCTTGCCA-1,-0.45274755,5.5095496,11.802676,-0.6539655,1.0820638,1.6357126,-1.1042581,-0.024557307,-1.9786633,-0.9625166,-3.09585,-2.5205894,-0.8947416,-0.67248917,1.3343045,-0.36151367,-0.42877167,-1.157273,-1.5099856,1.7045155,-2.2412229,-1.4229282,-0.19953193,2.0282311,1.787277,-1.4635513,-0.72429407,0.74464536,0.7943182,-2.5506692,-1.3389815,-0.08027272,-1.4761381,0.62689596,-2.3463373,-2.219429,-0.25478163,-0.46032047,1.3197888,-0.4706165,-2.3706648,3.096473,-1.2601662,-1.1647673,-2.7112148,3.0879889,-0.36729097,1.1533023,-1.183904,1.1589764
CGTCTACAGACACTAA-1,-3.3702958,1.3272822,-0.4071982,-6.983272,6.675322,-2.7121906,-1.1094112,0.14266196,-2.4673915,-0.108188994,2.5863423,1.1899966,-1.3741394,-1.1071244,1.3847082,2.3411286,-1.7241666,1.9371855,0.9030298,-4.788871,-1.5755982,-0.8718396,0.71266276,-0.21749887,-1.6131139,0.7766061,-1.0909799,1.7812656,-2.5709026,0.8641802,-0.10785723,0.037872527,2.5528977,3.394102,0.669352,-0.20452148,3.952181,3.3108008,-0.7123478,0.5034963,1.8700585,-0.7440238,-2.5827694,2.0377162,0.21770734,-0.49362683,1.9465476,0.83268875,-2.3870745,-0.95107317
CGTGAGCGTATAAACG-1,14.319797,0.5598244,-1.627295,-0.45132494,-0.7110263,-1.5553749,1.593531,1.1535971,0.6426286,0.30923948,-0.15581614,-0.5371435,-0.85596395,-0.3326987,-1.5393237,-0.047752757,-0.32549742,0.0052817813,-0.51107556,0.41420355,0.62446636,0.16927549,0.2202606,-1.0414065,-0.47231832,0.77209073,-0.7045483,0.19333702,1.052665,-0.4675553,0.08870245,-1.2075676,-0.19308567,-0.18736324,0.8383207,0.08921539,-0.010500359,0.3523988,-0.08062727,-0.010770002,0.55568415,0.056919634,-0.8280092,-0.21072282,0.8527284,-0.44119978,0.1998932,-0.31582582,0.84595394,0.82718015
CGTTAGAAGTTGAGAT-1,11.311019,-0.33683667,-0.97551495,0.51939654,-0.31047362,-0.7851541,0.4781571,1.0600857,0.6314433,1.073521,-0.8498459,-0.21812408,-0.64432,0.029561274,1.0488933,-0.1565937,0.26932296,-0.3282422,-0.07318526,-0.14491566,0.63729167,-0.18913057,-0.218527,0.45327854,0.32219347,-0.8331124,-0.49700144,0.23423968,-0.5688791,-0.13842449,-0.044217933,-0.088742875,-1.6048348,-0.3519687,-0.95039994,-0.33990413,0.28257915,0.29615223,-0.15971333,-1.3065176,0.13378537,-0.36917424,-0.52205783,0.43218398,-0.27818292,0.23042886,-0.79119927,0.06362771,-0.5951216,-0.81393176
CGTTAGATCTGCCAGG-1,-0.3131989,0.06680099,2.0702777,0.14355077,-0.28605402,-0.8354263,-2.184275,-0.6774041,-1.3952652,2.5920043,0.6081886,-0.72989416,0.4987576,-0.89599264,-1.1520137,0.23378444,-0.62319404,0.4303461,1.2559036,-0.86791,1.2064632,0.43419424,1.4535623,2.2757835,-1.5011992,-1.9690803,-0.67505467,-1.1622335,1.5162737,-2.112271,-1.090548,-0.33850825,-0.3798973,1.0949253,-0.3781996,-0.48978412,1.2730024,-1.4378728,0.4235513,-0.38589415,1.568205,1.015496,-2.3250732,-1.9744533,-0.4968966,0.260817,-1.0367761,-0.10721997,0.72556734,2.730812
CGTTGGGAGTTCGATC-1,-2.822132,-0.11917555,0.63870203,-2.4391787,3.673733,-2.5620368,-0.85002875,-0.15739416,-2.7210605,2.8777106,0.47961077,1.1519032,-0.7892923,0.6964906,-1.6752466,-1.5284669,-1.5198672,-0.9070281,0.7567807,-0.48297048,-0.7435913,2.2696187,-1.124634,1.0432941,-1.8024971,-2.2711592,-0.2604673,-1.3737504,-1.5675237,0.15279648,1.1455983,-0.99518937,-1.9823711,0.061014652,-0.5354189,1.042689,-1.206225,0.04409025,-0.43165755,0.05950338,-1.0299424,0.14241691,0.44744772,0.277272,2.039218,0.6470511,0.88591933,0.29576263,-0.66219646,2.1822307
CTAACTTCAACTGCGC-1,-4.5124855,0.6779951,-1.346897,-2.9973395,3.226896,-2.133946,0.2774015,-2.4389763,-2.1308594,3.3613155,0.20886713,-1.0805467,-0.867281,1.0878022,-2.9874175,-1.1968257,0.42420456,-1.2452987,-1.4491899,-0.86896485,2.1573222,1.493202,-1.6498821,-1.8651335,0.3523148,-0.7304064,0.004362047,-1.5331961,0.7632761,-0.14666767,-1.289995,-0.1785995,1.0075732,-0.5660486,-0.30262253,2.3170235,-0.99037206,-1.9525614,-0.7878038,-0.3695278,-0.54799515,-1.0690453,-0.14917487,1.3759032,-0.8374121,0.19889168,-0.26034978,-0.7904617,3.6174366,0.04848501
CTAACTTGTGTGAATA-1,7.7387376,-4.814161,-3.0303137,4.2179284,-3.3574688,1.8134856,-5.122629,-6.6558847,-9.586921,-4.4799595,2.7911572,-1.0910965,2.3770056,0.63541317,-0.511485,0.07214166,0.93198806,1.13463,-0.40985826,-0.30460495,-0.35264143,-0.40674642,0.9174587,0.09032663,-0.22217886,-0.5047731,0.15408051,-0.46253556,-0.33502105,-0.43198505,-0.3225013,1.2406325,-0.51676387,-0.3558625,-0.18078963,-0.09831954,0.45054308,-0.042215247,1.3755736,0.27791885,-0.26017922,0.5286117,0.03136942,-0.4121378,-0.09096176,-0.32116693,-0.43311656,-0.1955161,0.13681932,0.2762152
CTAACTTTCTCGTATT-1,-4.3512273,6.4458394,-1.9923525,-6.017197,6.5003896,-0.66357833,-5.506914,-1.9324399,2.62205,1.865953,3.6780581,-0.8966373,4.134268,-1.7364881,1.419203,-0.3194279,2.0099592,2.8362937,1.78154,0.9635243,4.209423,1.0784477,0.5268899,-0.5693832,3.730108,5.9621515,-0.9363079,0.81713665,-0.27714577,0.7390477,3.0966465,-1.4973007,0.27127537,-0.5923284,6.6572747,1.2311956,-0.41910604,2.2949457,-6.11568,-1.1659852,2.4457426,0.33314177,1.8726784,0.76425505,0.58416176,0.31276456,-2.3892848,1.5571392,-4.0741944,-2.9906242
CTAAGACAGAGTAATC-1,12.514755,1.8366939,-1.3276685,-1.4187918,-0.108481765,0.005431894,2.819816,1.9854972,1.8854305,0.48258337,0.3146935,-0.506104,0.7852676,0.41432086,0.12854004,0.008095541,0.045231737,0.80915314,-0.6308771,-0.63602096,-1.7802856,-1.2586366,0.912938,-0.3757634,-0.09302156,0.7150383,-1.2200235,-0.41689512,-0.40840068,-0.81820154,0.8271641,-0.709024,-0.33615884,-0.021393262,0.21865925,0.65121394,0.64946884,1.7008369,-1.3168604,-1.3676898,0.6384631,0.8995582,1.1903175,0.10130328,-0.819082,-0.53408426,-0.5973199,-0.48190722,0.26376498,-0.48013744
CTAAGACCATGCCTTC-1,12.049331,-0.2965348,-1.1541452,-0.26504296,0.12979865,-1.039945,1.2981946,2.1950262,0.61897016,0.49156058,-1.2804018,0.4098164,-0.5931833,0.4878544,0.108590394,0.63836485,-0.40388134,-0.12534103,0.10519976,0.13526328,-0.12454965,0.13364355,0.035151664,-0.73907495,0.8343426,0.33084887,-0.5405885,0.2846459,-0.8637542,-0.5800393,0.76519316,-0.9665809,-0.53610027,-0.98981166,0.20250234,0.8039386,0.21923354,1.2593993,1.1967305,-0.9674543,-0.6307128,-0.19541384,0.6205559,-0.52923435,-0.91841745,-0.37801516,0.05861883,-0.2483232,-1.0229132,-0.2562425
CTACATTAGATATGGT-1,13.99835,0.8387213,-0.8855194,-0.32683057,0.1350861,-0.9138009,2.59905,1.7163416,-0.2847326,0.12589127,-1.3734143,-0.07935094,-1.2429229,-0.32124153,1.2555385,0.22751345,-0.26589674,0.6519202,-0.48578322,1.1277614,-0.28305253,-0.78594613,-0.12393007,0.24451959,0.97655267,-1.0935138,0.23489757,-1.319926,-0.5516,-0.8360706,-0.10119116,0.28639457,-0.9892032,0.58980983,0.040611364,-0.64343065,0.44465208,-0.4371714,-2.36724,-1.6863183,1.2326732,1.2785733,1.0836911,0.080024086,-0.45888987,0.4208565,-0.258862,-1.2112311,-1.2329043,-0.53248304
CTACATTCAACTTGAC-1,-4.9188504,2.577434,0.6775838,-2.7568684,2.6346693,-2.7609806,-1.0384057,-1.9982806,-2.3402083,3.4997034,-0.6407789,-1.4139405,0.89837277,-1.1112924,2.1736524,0.58521503,-1.7364361,-2.8381393,0.66765743,-0.08163251,-2.2795508,-1.1282884,2.7932155,0.52573,0.29910818,-2.411895,-0.7326122,1.140604,0.23710261,-3.9999135,-1.158469,-0.86561054,-1.7574474,1.4390342,0.45540515,-2.2490797,0.42396134,0.82079864,-2.2211533,-0.41393018,2.2559297,-1.2398852,1.9949849,-0.7674387,-1.2696939,0.4048946,-1.5941063,-1.6963835,-3.510779,-1.5622138
CTACATTCATGCCTAA-1,0.6982636,1.4407288,4.8358135,-0.6740205,0.87873775,-0.04611202,-0.82237977,-0.7251777,0.014779698,1.9514519,0.2826355,-0.24432613,1.1650053,1.1725942,-0.15540498,1.0870004,-0.071833834,-0.19782583,1.59476,-0.33218735,-1.5610875,-1.7729685,1.4817734,0.0029209845,-1.7283299,-0.770078,0.33462277,0.6222296,-0.095462926,-3.0257092,0.96706945,-0.19170016,0.45713502,1.6803871,-1.4910351,-0.41913366,2.0868645,1.3781977,2.361637,0.7274071,-2.0322924,0.57914966,-0.8403303,0.17197706,-1.4252582,-0.050757024,-0.09250255,-0.9671721,0.021636866,0.19959946
CTACCCATCCCAAGTA-1,12.8538,-1.282651,-1.842733,0.55266815,-1.0416532,-0.64116776,0.71340865,0.41371873,0.29641396,-0.7666842,-0.34947833,0.06024539,-1.1026881,0.17415741,-0.26776797,0.058910906,-0.35509405,-0.4125298,0.14892551,-0.22490448,-0.6344044,0.6091683,-0.9639726,-0.4750857,-0.5071829,0.56304216,-0.21325232,-0.004939252,-0.7283829,-0.300262,0.3224403,-0.9699464,-0.25732103,0.3704111,-0.5025223,-0.030435672,0.51505464,0.91985446,1.4622269,-0.047182057,-0.65989935,-0.018007834,0.87408864,0.88899094,1.1323415,-0.112815626,-0.09914794,0.13745038,0.7535452,0.30602673
CTACGTCCACCTATCC-1,13.056582,0.69188726,-1.2236109,-0.92497224,0.21343376,-0.34285522,1.6417462,2.414294,2.0686224,-0.05154579,0.8262994,0.4789845,-0.98118734,0.56147045,-0.57629603,0.38947812,-0.0097776335,0.37956437,0.14328867,-0.04187425,-0.1499196,0.21407452,0.09910491,0.37277606,-1.8523974,0.17779686,0.084482804,0.77488303,-0.275229,0.8713651,0.16391307,-0.226038,-0.54052687,0.62955034,-0.9445432,-0.015017379,-0.5748256,0.3472264,1.2889179,1.9324725,1.4480058,-0.8204861,0.977329,0.5207516,-0.27793732,0.44208875,0.09148034,-0.022662915,0.16958605,0.024512572
CTAGAGTAGTCATCCA-1,-0.16011667,-3.8897197,-0.23867011,2.4297462,-0.71844876,-0.655221,-4.2463036,-2.3194447,-1.7613255,2.3604789,1.5842248,-0.8459502,0.022637665,0.2473227,-2.7571201,-1.5627942,-3.4855218,2.2163482,4.251508,1.8103371,-0.76896316,2.0430784,-0.20618883,-0.6865349,-2.8564398,-2.9528828,2.1058943,-1.0330422,0.51661056,-3.2952425,1.509496,-0.9552211,1.5707109,5.3261805,-7.1761575,0.39911926,4.729598,4.374255,2.53773,-2.9881492,3.4938657,5.691183,2.8752766,-2.0208573,2.533554,-0.4088635,1.8734545,-3.6871502,0.52898824,8.026566
CTAGCCTAGCTCTCGG-1,11.094075,0.14967576,0.55362755,-0.9634034,0.84145087,-0.7355128,1.2012786,1.3794527,2.7061672,1.0185647,-0.4422882,1.0402355,-0.53000337,-0.119439,0.5667319,0.20638789,-1.0187392,-0.32522947,-0.1763892,-0.46313944,0.27115256,0.553776,-0.057604592,-0.10008679,-0.5300184,0.7000452,0.10826998,0.67574626,-0.040791072,0.6750024,0.48010865,-1.7463413,-0.23317237,0.089831054,-0.7594825,-0.17656568,-0.40349633,0.011419792,1.4030664,1.9883691,1.0690997,-0.6581628,-0.4161798,0.40226763,0.6854832,-0.7106308,0.031507086,0.3124678,0.07799821,1.0501277
CTAGCCTCAAGCCTAT-1,12.203047,0.25960636,-1.0186011,-0.45484507,-0.19481106,-1.4987293,2.1162333,2.8934271,1.5552036,0.88761383,-1.110695,-0.14097346,-0.43363705,1.0544248,0.10794259,0.22771361,-0.38488236,0.74973977,0.40906167,0.349408,0.057554677,1.206404,-0.3052748,0.066225976,0.10684846,-0.28295586,-0.33699778,-0.061185807,0.13801524,-0.30487627,0.23214118,0.122527935,-0.5935987,0.15511245,-0.6619914,0.1659502,-0.8393226,0.17688738,-0.6268782,-1.1032455,0.16811676,-0.36672172,-1.7825993,-0.47660822,0.078194834,0.6409588,0.6955969,0.48754042,0.105492644,-0.17994775
CTAGCCTCAGTGAGTG-1,11.544515,0.62441695,-0.13583297,-0.86393636,1.0428728,-0.01484337,1.5218111,2.4728274,2.636514,0.69700485,-0.27024674,0.99320674,-0.86832666,-1.7947035,-0.25357124,0.79920906,-0.5328117,-0.654893,-0.08596033,0.44744852,0.101583816,-0.9894265,0.18521646,0.40021545,0.74322355,0.26993385,-0.9186751,-0.4205727,0.46769422,-0.9525229,-1.8980161,0.14903541,-0.7355422,-0.8906277,-0.60383314,-0.43552762,1.7481811,0.18727717,0.19583699,-2.3271132,-0.55944103,-0.31325424,0.7909702,-0.21237125,-0.8178419,1.1866004,0.44442382,0.051493324,0.66009885,-0.17764172
CTAGCCTGTGATAAGT-1,5.056195,1.637444,3.0741942,-2.5459728,1.3885807,-1.08683,-0.30520183,1.4353089,1.7048895,2.3999403,-1.1983116,0.8593931,0.19297057,-0.48775265,1.4168963,0.057935562,-0.29925224,-0.43840715,1.6482505,0.08217086,-1.070508,-1.7667946,1.3675902,1.1899133,-0.22714517,-0.639344,-0.64775974,-0.3986429,0.7569728,-0.8325791,-1.003995,-1.0027044,-0.3476609,0.32591575,0.19311717,-0.22114274,-0.18620852,0.2185511,-0.018722242,1.312627,0.53421277,-0.39702067,-0.32881132,-0.37211496,0.4182074,-0.9352152,1.1265863,-0.033682298,-1.6174912,-0.707619
CTAGTGATCGTTTATC-1,-5.532342,1.5203753,-0.5567121,-3.5108309,3.8848038,-2.592993,-1.1490362,2.0189548,-3.1353023,2.3549392,-1.5575052,-1.3252885,-0.01721822,-1.226491,-0.5878684,-0.7271033,-1.6269723,-0.7464061,-3.575891,-0.7117944,-2.0368297,-3.1095152,3.625302,1.9315951,0.22173399,-1.7990857,0.44804764,2.5954633,0.32142663,-1.8463039,-2.8828943,1.0001158,-1.2046831,-1.8222165,0.99818397,1.3738093,0.95303875,0.5958059,-0.8882965,0.7804486,-0.8658826,1.2438886,-2.6973372,1.4457462,-1.3477457,-0.053245462,-2.9218276,-3.6836708,-1.4412023,-1.5031468
CTCACACAGTCGTACT-1,0.05906634,1.9948298,8.343883,-0.36792165,1.5854924,2.8615181,-1.6811234,-2.1584408,0.47392377,-1.0706444,1.0181359,1.9616164,-0.70591295,-1.1679703,2.5389855,0.14130102,-1.5746895,-2.7791033,1.5966629,-0.72481626,-2.9415905,1.5069431,-0.16390787,-0.46650445,-0.382895,-1.1928623,-0.117778875,-2.0006769,-0.23239768,0.9994232,-1.8559403,0.005656684,0.92491525,0.08815403,-1.1162885,2.892964,-0.049325597,-0.61574584,1.3559271,0.92213565,-0.5191042,1.4989576,1.1864291,-3.241629,-3.5986247,1.2588162,1.5327792,0.2898766,-0.555872,-0.8899388
CTCACACTCTCATTCA-1,-2.3410513,2.1268716,-0.7141955,-4.441402,3.5872438,-2.551307,-0.22169033,2.9336648,-0.9684376,1.3390275,0.815022,0.042347092,-0.5745659,1.6626374,-1.7339656,-0.5484053,-1.5589477,1.2998961,-1.7845038,1.0683695,-1.7188932,-0.8086878,2.473299,-0.45042697,-0.29337865,0.2023719,-1.6670583,0.3824438,0.23129588,-1.911252,-0.95037556,-1.5616997,0.11190884,0.6491909,1.0921398,-0.20523635,1.08321,1.3062514,4.312889,3.2506013,0.21600017,-0.54913276,-1.6138619,2.1638057,1.1355643,-0.43370843,-2.5687523,-0.81755185,-1.0538319,0.20275778
CTCAGAACATTCACTT-1,9.029035,2.1585693,0.7550453,-1.3365337,1.8374043,-0.69279927,0.8191234,1.3165405,2.533845,0.111685,-0.1829605,-0.17197822,0.027105374,-1.0113398,1.8322337,0.25335523,0.20147088,-0.5697285,-1.3006567,-0.18284723,0.09122415,-0.37410253,1.0607505,0.46477613,-0.39960748,0.5068383,-1.4237467,-1.475968,-0.3231715,1.7436016,0.7146883,-0.53491366,0.9162248,0.025642611,-1.1090958,-0.14231342,0.26159808,1.0131367,-1.0293112,0.0029421295,0.5270464,-0.47686335,-0.10475324,0.57894707,-2.5393384,-1.6511887,0.29488483,-1.24647,0.5828412,0.52238154
CTCATTATCGTCCGTT-1,-3.1167274,0.07620571,-1.0858198,-2.5802166,4.5331903,-1.3708895,-2.2009041,-3.0428908,-0.22135587,2.6691566,-0.5188908,-0.62124366,0.39816135,-0.029499438,-0.80165005,-0.72313935,-0.8090686,0.11986286,-0.22628237,-0.44944698,0.04411671,-0.9759669,-0.66110647,-1.9726249,1.1807427,-0.3436749,1.1814854,0.6063231,-0.7987379,0.93807775,0.09240877,0.80214006,1.2908692,0.30394867,-0.9300498,-1.5220271,-1.2881949,-0.82118124,-0.046193242,2.13545,2.3710861,-0.9097289,-0.75001466,0.5999232,0.51155615,1.0286212,-0.47750083,0.10441622,-1.7024744,1.3709949
CTCCTAGTCAACGCTA-1,-6.9565783,3.0998778,-0.75989616,-5.954703,5.956091,-1.2711967,0.6432802,1.6818745,-1.4869492,2.754122,-0.9590511,-2.6566734,4.44554,0.9729741,-1.9881742,0.95609283,-0.46699667,1.0849638,-0.61938125,2.109231,-3.1762092,-1.0036367,1.820817,3.3151443,3.42963,-0.094987474,-3.7433796,-0.63388854,-0.89246154,-3.673741,-0.0013271545,2.013312,-0.94883585,0.5043503,-1.2398677,0.2910094,-2.0348186,2.2612827,-2.0409632,-4.325447,0.30224043,0.82327205,-2.160398,-1.1428586,-3.6733701,4.1722436,4.328263,-0.2624641,-1.9799869,-4.58866
CTCGAAAAGACACGAC-1,12.339043,-0.2352613,-1.1153762,-0.14313465,-0.7248105,-0.617727,2.1928399,1.1018894,0.9044136,-0.64460933,0.02378683,-1.4584,-0.33474925,-0.65193737,0.5844223,0.36344016,-0.22851348,0.20556638,-1.3756734,-0.04030056,-0.76289916,0.61439,-0.27272102,0.27866513,0.0105472915,-0.10682994,-0.9464639,0.6149847,0.27719948,0.20976761,0.23425603,-0.2114142,0.5411326,-0.61019826,-0.5746162,-0.70115083,0.18917933,0.39986876,-1.1876575,0.8777908,0.34262207,-0.932126,0.8760313,1.3306177,0.24608965,-0.5168159,0.7972027,-0.43098676,0.4153855,-0.08803578
CTCGAAAAGAGGTTAT-1,12.809793,4.046977,1.5649327,-7.5400605,2.8313692,-1.9799473,2.7047331,8.851958,-3.2697577,-0.9810217,-1.4668672,1.5158134,1.226632,-0.89432794,1.2964612,-0.5182183,-1.6325179,4.8151927,11.501053,0.6049817,-12.347564,1.7644094,0.727531,-0.7135768,-2.4951198,11.859266,19.249731,0.1726708,4.6377587,-9.407616,6.2876678,39.37644,20.727665,-13.917393,16.105429,-11.065271,1.4640281,-19.313461,-1.8652889,-2.2228372,-5.4069223,8.8432865,1.9536132,-1.4836528,3.402889,-2.9013634,1.9405069,-2.2607195,3.496928,-0.37693352
CTCGAAAAGAGGTTGC-1,8.201935,-0.97644013,0.09002767,0.37967005,-0.16518027,-1.0998133,-1.5800123,0.08254558,1.5524988,0.98914003,0.18382719,0.78195,0.6657825,0.47630006,0.28328487,-0.7522059,1.0226421,-0.41261643,-0.29855242,0.22581397,0.34075224,0.3486418,-0.5012308,-0.34078896,-0.070164636,0.038509633,0.080639325,0.33567804,-0.11693388,0.99383587,-0.72196984,-1.4876277,1.1048999,1.7541832,0.06634589,-0.6706454,-0.04541884,0.41772154,1.5803869,0.42435473,0.44189692,0.08759689,-0.58886695,-0.02078731,-0.96747047,-0.88030034,-0.04250612,-0.124596044,0.7979523,0.8865217
CTCGAAAAGTAATCCC-1,13.146511,0.9433494,-0.7907205,-0.8131781,-0.35441613,-1.0240424,1.7909533,1.9302449,1.1244065,-1.4400356,-0.76984274,-0.70029914,-0.20055091,-0.60482454,-0.6188048,-0.30456087,0.095298745,0.277375,0.2156157,0.12771696,0.10023394,0.8680155,0.37739903,-0.6891218,-0.39183813,0.20744282,-0.83958423,0.0682854,-0.34676757,0.04966813,-0.03292492,-1.9102703,-0.05518959,0.74825406,-0.18958417,0.041548237,0.6735919,0.24325027,0.29836538,0.61554945,1.2356896,-1.0476468,-0.048155434,0.8976773,0.687678,-0.8790381,-0.51741236,-0.34140572,0.44510168,0.39964914
CTCGAAACAGTCCTTC-1,-5.115941,0.056909386,-0.6810225,-3.128031,3.5519872,-2.4720616,-0.42476752,0.39034435,-2.9859912,2.121806,0.52496547,-0.449059,-0.34826678,0.14666402,-1.0098702,1.0525999,-0.006249764,-1.67975,0.19171827,0.4432029,-0.24752821,0.7749449,-1.0529456,0.2960373,-0.88971484,-1.3128738,0.0017138098,-0.8431336,0.99762285,-0.47765177,-1.6400287,0.8844646,1.5434408,-0.03005998,1.0928892,3.2389793,-2.0170307,-0.7901073,-3.4033144,-2.1843643,-0.9740481,-0.5264644,2.0373783,0.8532479,-0.43290862,-0.32955897,0.46052507,0.5002755,1.4759326,0.33828095
CTCGAAACATATGGTC-1,-0.4334767,4.581814,4.4957056,-1.890133,2.4239228,3.5503957,-5.16925,-0.40214184,1.8315471,6.455073,3.2537532,-1.2134004,9.782981,-1.9187995,6.9155436,1.4800124,5.9892154,-2.9731348,-2.3750467,17.164703,5.012149,-1.5477898,4.9742036,2.671359,10.192007,6.4829535,-6.5038185,1.7429352,-5.052433,7.9790974,1.5133188,5.4398017,3.2027218,-2.5942798,-2.5795815,1.9560575,-0.6495175,3.253614,0.9702961,-0.24496897,-3.485221,-0.17450291,0.1415157,-0.037202388,4.6677713,-2.2125273,2.5414479,0.9563267,0.68169063,-2.7055624
CTCGAGGAGTATCTCG-1,0.7632739,2.1622562,7.619216,1.6605597,0.8208712,1.6908511,-2.8247678,-1.4810205,-2.227692,1.5518515,-0.9545019,1.3192381,-2.7029376,-0.031225976,-0.25064528,-0.20979047,-1.5681593,-1.3534783,1.7829788,-0.08851784,-1.2021247,0.4840178,-2.3007255,1.3386134,0.35870022,-1.8163531,2.0265663,-2.2173676,0.98303324,-2.0254905,-1.5456588,-0.14433528,-0.024261633,-0.27463934,1.6448901,-0.6093991,-0.007952483,-2.2218025,-0.9485839,-0.13741133,-1.3089057,0.027958667,0.42403492,-1.02708,0.63903475,-0.6675116,0.31841153,0.6459258,1.3802835,-0.332203
CTCGGAGAGGAGTCTG-1,13.630138,0.22964379,-0.49002367,-0.42915025,-0.75795317,-0.6248743,0.86169523,1.2865741,1.480445,-0.74071556,-0.5164798,-0.13972114,-0.2011054,-0.17510407,0.05352129,0.09559309,-0.34790793,0.73033816,0.18275341,-0.056886822,-0.28917995,0.24496214,0.26680973,-0.4333822,0.2695706,0.06793121,-0.07469927,0.06992251,1.391228,1.1568991,-1.6817051,-1.3766038,0.24071765,0.79386246,-0.22758438,-0.15386535,-0.152354,-0.029638523,0.98002154,1.0833176,0.23820706,-0.48457858,-0.666273,0.17615838,0.60157716,-0.09610612,0.107734144,-0.77119094,1.1763545,0.0061676065
CTCGGGACATCAGTCA-1,16.803986,0.097372055,-1.0047823,-0.086459816,-0.25485617,-0.51623875,1.985947,2.2470112,-0.10669283,-0.3994061,-1.1599462,-1.5176075,-0.81007093,-0.16926895,-1.1658368,-1.0111543,-0.30603477,0.3938179,-0.7754374,0.62423563,-0.11463583,0.8477217,-0.13010642,-0.27713665,0.12002617,0.37385383,0.19617258,-0.22337908,0.22607554,0.94883615,-0.04546422,-0.40047708,0.046950333,0.049241625,0.68295074,0.36933213,-1.152479,0.07572712,-0.5390424,0.6029394,1.0714172,0.6697188,-0.46186396,0.011407507,0.66773903,-0.48868987,-0.19780378,-0.764886,0.15579988,1.2090269
CTCGGGACATTAGGCT-1,12.949164,0.3268573,-1.9078696,-0.49504775,0.46982315,-0.84748554,0.94875264,1.8951553,1.5785594,-0.76625234,-0.5841294,0.055764966,-0.5610266,-0.34432933,-0.48487085,-0.91457874,-0.07302973,0.318272,-0.63366264,0.18486592,0.31134877,0.24776237,-0.0008384165,-0.66823244,-0.2711622,-0.77186143,-0.7796687,-0.11767101,-0.698897,-0.039121278,0.7200781,-1.2042708,-0.33529767,0.014982275,-0.0014307819,-0.7025026,-0.13337085,0.9002484,1.1248571,1.8865205,0.8587849,-0.2088957,0.83938605,-0.26071084,0.6045823,-0.50017697,0.39160982,-0.39828935,0.2890947,0.3703758
CTCGGGATCTCTGAGA-1,-6.4970107,-1.115129,-0.5593745,-4.5420256,5.2465506,-2.5627162,-1.9982105,-0.15876082,-6.3380795,0.37416336,1.298953,-1.7852848,-6.0989695,-1.5758238,0.6334632,1.1299629,0.6604575,-3.9745567,2.6760838,-0.4684573,-8.252154,0.0050322325,4.276728,7.239477,2.7295167,2.098352,-1.8097107,2.004911,3.2228162,-4.5909195,-4.8992577,-0.3089426,4.135206,1.9613469,-9.101946,-1.5668895,5.1035767,-7.107666,22.54588,-20.680925,16.180784,-3.4412193,11.746575,10.859614,10.776472,2.701492,-5.659022,9.848454,-1.9643594,-9.491405
CTCGTACGTGCAGACA-1,11.753228,0.77825207,-1.6792871,-0.731011,-0.8530408,0.6701256,2.0449526,3.303728,0.2841194,-0.9710803,-1.3381027,-2.2245507,1.4777828,-0.7190906,-1.7263987,1.102238,1.3157529,-0.14489919,-0.8013025,0.23771527,1.1122875,0.88668454,0.61663693,-2.3912487,0.9292149,0.32297164,0.21192716,-1.8124077,-1.02066,-0.8388021,1.6435155,0.26715633,-0.47618032,-0.95422566,-1.3887632,0.8929676,-0.027458468,-2.200561,0.014828314,-0.6819059,-1.3420359,1.671391,-0.5075998,-0.7277436,0.7189951,0.46869832,-1.4877592,-1.6019807,1.2915636,1.8511149
CTCGTACGTGGCTCCA-1,-1.7792304,-0.31311044,-1.0511914,-2.4420013,2.6090941,0.32516158,-2.0484872,-1.6427445,-0.7758713,1.5234928,-0.37933978,-0.40058252,-1.3717018,-0.62303394,-2.2781317,-1.0046697,-1.4133052,-0.390142,-1.2960969,0.34192297,-0.0020681627,0.2797012,-0.5272236,-0.41196007,0.88622296,0.29486158,0.41091678,-0.51966065,0.29931486,1.5108999,-0.99951786,0.5791454,-0.4272825,0.08384931,1.7344607,0.44220546,-0.89507955,0.09767251,-0.2268322,2.2514782,0.22314766,-0.5194905,0.94193745,-0.44413865,0.59026563,-0.047322568,-0.09387985,-0.12488851,1.3375105,-0.011797749
CTCTAATGTTGTTTGG-1,-1.8510264,-1.474088,1.098052,-1.8340683,2.4337041,-1.132692,-1.2446288,-1.7532183,-0.9240643,2.000936,0.8570722,1.438072,-1.8812851,-0.496379,-0.5757754,0.09573734,-1.698961,-1.3813052,0.32967165,-0.2249766,-0.680075,0.31947708,-0.96065074,0.3924501,-1.4430653,-0.03486058,0.011459548,0.61344934,-0.5540111,-1.5115982,-1.097733,0.3411359,-0.2541456,0.83201826,-0.3952626,-0.29527757,1.3911505,-1.8232936,0.52602285,1.2597176,-0.06766498,-0.7054985,0.32288447,-0.30806842,-0.25123394,0.96979666,-0.47925526,1.4373591,1.9731684,1.6561085
CTCTACGAGCTGTCTA-1,-2.3636212,0.7745139,-0.5026538,-1.927459,3.4522004,-1.8582522,-1.3991607,0.37179157,-3.7181275,1.8989576,0.19972931,-0.69192857,-2.8194726,3.680248,-1.627985,0.7999324,-1.8310369,-1.9894906,0.7298732,-0.057825718,1.0942247,2.6823757,-0.5477949,-0.5058176,-0.39814207,-0.8249875,0.98500943,-0.2238075,-0.051826887,0.31620136,-0.51533246,0.97014326,0.1912115,-0.44345495,0.81306267,1.3279335,-0.6194594,-0.4874978,0.092759855,1.7386742,-0.25452697,-1.7173998,-2.300101,-0.84618884,-1.3016782,2.7366264,0.17535916,-0.827018,0.48029226,4.9085197
CTCTACGGTCCGACGT-1,-5.300052,-0.34754273,0.7976226,-3.752341,4.170975,-1.4541694,-0.9056186,0.64950407,-3.6947217,3.7993643,0.8342669,0.1468689,-2.7158833,-0.33659664,-1.7961254,-0.09193665,-1.4064077,-1.1101637,0.4490574,1.2530783,2.201256,-0.55184835,-0.20204341,-2.8057919,1.9113861,0.21613781,-1.0934539,-0.6998834,0.68787307,-0.95979315,-0.94240326,-0.405428,-2.0069203,-4.7631803,-1.3886067,-0.58355546,0.65038884,1.0229603,-2.183322,-1.3660709,2.200032,-2.3707552,1.653669,-1.4400017,1.2976743,-1.3002142,-0.06856148,0.66653883,-3.31086,-0.04471923
CTCTACGTCAGTTAGC-1,8.040609,0.46961948,0.5723498,0.7605339,1.5129747,0.96554524,0.6241494,0.26904178,1.1577972,-0.3741998,1.2386074,0.8234011,0.023263067,0.049094286,-0.029687738,-0.35470495,0.6814254,-0.9879856,-1.2059762,-1.371884,1.1046766,0.35679078,1.1591014,-0.37621114,-1.3890129,-0.6557769,0.2554027,0.8063037,0.67031837,1.1305717,-0.7316313,-1.0549179,0.97457695,-1.5115781,0.7121888,-0.039649203,-1.5508636,2.1148949,0.7346242,1.2612334,1.5363691,-0.7946517,0.14270763,-0.35334688,-0.30621496,-0.43739954,0.45870844,0.8489579,0.7962068,0.57183075
CTCTGGTAGGGATACC-1,3.1986616,-0.41076255,2.7878528,0.073860295,0.06793714,0.3903055,-2.1089842,-3.3081024,-0.8717239,1.7626152,0.3609229,1.2342358,-0.2425401,-0.631219,2.2405443,1.0822135,0.11381303,-3.1834998,1.6021096,2.1558058,-0.18004397,-0.789963,-0.18921258,1.3332111,0.029508168,-1.0231245,-0.3183842,-0.95665646,0.67880803,-1.696684,0.86607945,0.1457018,0.21944207,-0.98031336,0.3607442,-0.66292536,0.057622373,-0.27123928,-1.1339325,1.4517915,-9.21098e-05,0.5986467,-0.22981906,0.007844819,-0.29947054,0.7967516,1.8208686,-0.38933927,0.6664387,-0.031848304
CTCTGGTCAGCTGTGC-1,11.415775,0.011152092,-1.5095979,-0.19605185,0.22227877,-0.4111589,1.4385114,1.0702226,0.39041185,1.0736614,-0.2838657,0.6171319,-0.006121354,-0.84084046,0.4993148,-0.098898165,-0.68162566,-0.43847486,0.12962131,-0.3041845,0.20586227,0.08317732,0.7047688,-0.15495168,-0.32098654,0.3705618,-0.34341866,-0.6856332,0.222258,0.004448517,0.8094925,-0.49976534,0.3322696,0.1531382,-0.8627782,-0.41803074,-0.35432133,0.12419017,0.75847304,0.069320425,0.1463067,-0.63092977,-0.374504,0.9076913,1.160829,0.44957384,-0.053495213,0.05529381,0.27494028,-1.8993427
CTCTGGTTCCCAGGTG-1,-7.922047,5.1700525,-1.5608844,-8.1067505,7.828011,-2.8210993,0.03499572,3.4299614,-2.9039378,2.3297648,1.5109571,-3.4045322,-2.3194437,2.5860553,-4.1899743,2.221682,-0.74574983,0.118468426,0.65936637,1.6475275,3.21461,3.0742166,-0.9668803,-5.3739314,2.9378374,2.3867311,-0.4612848,-3.5346754,0.5173735,1.1638023,2.7117548,0.40279016,1.0950259,1.7819833,-0.2544686,4.8524566,-2.3133507,1.1876895,2.1104486,5.274301,1.6417513,-1.6347207,0.20032075,4.24092,3.1135306,1.1379343,1.5437129,-1.3283393,4.4696712,-3.21705
CTCTGGTTCTGTACGA-1,-5.105506,0.82334024,-0.34869733,-4.8701367,2.849949,-4.7547784,0.063136086,-1.5140818,-9.671057,3.2935498,-4.564289,-2.8463743,-7.3739734,0.784251,-7.829043,-4.6355634,-7.529872,-1.5461837,0.26954016,-0.4625655,-22.331459,-5.7373114,-8.3982115,25.812868,9.63339,19.96549,31.836523,20.055098,3.9081337,15.091469,25.629025,-21.288923,-4.4327164,-6.1456275,-1.2983752,5.0749817,-3.9812627,-0.6507771,-0.86405736,1.5633601,-0.16320826,0.38244164,-1.5981494,-7.9238625,-1.4627275,1.0623418,-0.47304723,1.4501052,6.1755977,3.6314929
CTGAAGTCACCGGAAA-1,12.232439,1.2724348,-0.45062628,-1.4879745,0.41187018,-1.1020112,1.0498183,2.0292487,0.4109352,0.56943583,-0.9705579,-0.005222212,-0.6878893,0.37103924,0.1349122,0.21862622,-0.6884343,-0.9761855,0.7229512,0.2781449,-0.802854,0.12210496,-0.36096057,-0.23534659,0.05795538,-0.67355126,-0.31808677,0.9948101,-0.4964402,-0.7391306,0.3101601,0.82214135,-0.84890765,0.15050419,1.081001,-0.5748306,0.14747372,0.09095097,-1.0914909,-0.9283807,-0.7543987,-0.7640002,-0.75341386,-0.7536004,0.36548778,0.9732848,-0.2803205,0.2489998,-0.6505158,-0.1770473
CTGAAGTGTGCAGGTA-1,7.791391,-4.7331066,-3.5164378,4.0938873,-3.4475577,1.5379229,-3.9037542,-5.935585,-8.626693,-3.7632484,2.1665356,-1.138219,1.9732418,1.5043303,-0.752407,0.3835164,1.1735213,0.47271577,-0.6390821,0.005448352,-0.245609,-0.046131432,1.2464572,0.42228273,-0.07658899,-0.5920085,-0.43289724,-0.032650556,-0.3867728,-0.37720546,0.14193667,0.5353356,0.0949161,-0.17479727,0.09235128,-1.1697907,-0.41453072,0.91025007,0.6485449,0.30770695,-0.35999417,-0.4973306,-0.23503268,0.1585089,-0.51092315,-0.73968005,-0.5835932,0.5170303,0.046291415,0.9152269
CTGAAGTTCTGTTTGT-1,13.861242,0.20069659,-1.215397,-0.40866727,0.2904849,-0.47456947,1.4289815,2.4513247,0.7747663,-0.74406874,-0.47927275,-0.4423426,-0.78334653,0.30523318,-0.47035125,0.52980536,-1.0066593,0.56860834,0.30885506,-0.63365006,-0.012591619,-0.40351114,-0.74173385,-1.174073,-0.439336,0.2495235,-0.36573252,0.28214523,0.3049536,1.5479006,-1.1422544,-1.1024673,-0.18748713,0.27141425,-0.33993584,0.3533129,-0.23263347,0.2978729,0.7799172,2.3117924,0.9483659,0.0833327,0.21147814,0.49663174,1.2031025,-0.15704466,0.17986636,-0.63241166,1.2079124,0.32408497
CTGAAGTTCTTGACGA-1,-0.8273191,-0.13167314,2.4456108,-1.7386158,1.5862887,-0.14826746,-2.4942415,-0.79712546,-1.1528677,2.9935672,1.7420903,0.4177624,1.1274687,-0.37300587,0.56776977,-0.017227342,-0.0039910194,-1.3042326,1.0695746,0.251471,-1.2647738,-0.51874685,1.2468101,1.1044986,-1.3373419,-1.0201297,-0.1663469,-1.4999697,0.4405803,-0.029318374,-0.5552346,-1.5774293,-0.22335042,-0.14518335,0.095709495,-0.08051744,1.4489717,-0.9201684,0.062052824,0.16285841,-0.4115418,-1.5007793,-0.4458537,1.2111372,-0.39456165,-0.13698612,-0.84807795,-0.5961882,-0.16690794,-0.911908
CTGAAGTTCTTGTTTG-1,13.450127,-4.2944465,-5.1803417,4.8447704,-5.2440286,1.674745,-3.6608286,-6.581131,-14.87655,-7.515422,3.0183325,-3.749022,2.3717203,2.3561585,-1.8484179,0.60356057,1.4628459,1.8302995,-1.7038559,0.5476324,-1.8915846,0.5618177,1.890416,-0.36197665,0.4536309,0.40770918,-1.0225998,0.009590781,0.6379966,-0.15025342,0.85925215,0.84530026,0.13475889,-0.45996997,0.5364411,0.35001063,-0.512981,0.25006688,-1.5021005,0.57835793,-0.33277792,0.0159784,0.015189173,0.94873834,0.5365311,-0.77730656,0.8479004,-1.3315028,-0.58392864,0.20787753
CTGATAGAGAGCTTCT-1,-8.602981,12.7145605,1.5879937,-8.628069,6.25041,-0.4212167,8.721428,5.3779263,-0.8698448,-2.8238196,-1.8760093,-25.308147,24.045958,-4.701905,-6.4205065,10.471089,2.771009,-6.6724453,-16.728241,11.435375,-11.151773,6.17862,5.0847173,-26.180853,-14.93774,-20.533072,22.542322,6.5054235,-11.013228,26.740019,-5.9004383,-3.712308,12.067445,0.086539544,-10.1443815,-1.0638092,5.2626634,-0.8991824,4.5527835,-5.7057886,-4.6716433,4.447647,-4.3293467,-2.580932,-3.1021235,5.423541,-3.714663,4.400458,-0.655366,-2.8418052
CTGATAGAGTCCCACG-1,-5.025842,-0.8582894,-1.1038016,-2.3638275,2.8323312,-2.1823123,-2.7781477,-0.24323887,-4.1999598,3.5151942,-0.787708,-1.6772777,-3.124622,0.74841315,-1.4400154,-2.4455287,-0.95102143,-1.3933629,0.6271369,-0.4087522,0.9720563,1.5347148,-1.2524875,1.2285872,2.0528693,-2.1032858,-0.7666122,0.6711477,-0.44658887,-1.4302561,0.70566064,-0.82642734,0.9325308,0.35191062,-1.3655771,2.599947,-1.5703574,-0.78698486,1.685538,-0.21191601,-2.6945553,-1.6414142,-1.6731508,1.2539808,1.7090781,-0.24554554,-0.914031,2.5236037,-0.7194201,3.3531182
CTGATAGTCCATTCTA-1,9.194163,0.90763366,-0.8931232,-0.9608242,0.19608566,-0.53374946,1.8009123,-1.841215,1.2081813,1.0490602,0.12196116,1.2124925,-0.21576943,-0.87819916,2.0170321,-1.5188708,-0.8584994,0.022755004,-0.0008315515,-0.1727544,0.21278356,-0.22946796,-1.2523706,0.6391909,-0.3678176,-0.5420503,1.2377943,0.40330014,-0.6747923,0.3683378,0.47003806,-0.022405496,0.5094748,-0.27182004,-0.20000528,0.051110253,0.29864866,-0.45762217,0.8919322,0.33723333,0.6201728,0.80901486,-0.47912878,0.11807549,0.36840335,-0.5471192,-1.7010807,0.90820324,0.5981195,-1.5302962
CTGATCCAGACAGAGA-1,5.577717,-0.5334486,1.2287544,-0.71935785,0.96700746,-0.088611886,-1.64116,-1.092785,1.387943,2.4058132,0.8042906,1.4216931,0.12860776,-0.75721425,0.94400954,0.6043916,-0.4383256,-0.11399785,-0.3489382,0.35937598,0.35611755,0.34764314,0.90826297,1.5817741,-0.07822935,-1.3151866,-0.16030177,0.001595349,-0.63579744,0.0358626,-0.33109355,-0.13157982,0.652936,-0.41179672,-0.52208287,-1.1520729,1.2455424,0.4225781,2.0354404,0.1088713,-0.31490535,0.23111352,-0.9870309,-0.14765695,0.08237095,-0.7198425,0.11376063,0.4959058,-0.38258195,0.043079164
CTGCCTAGTACTCGCG-1,12.493108,-1.1042385,-1.8974006,0.42402458,-0.9774111,-1.1375283,0.04111669,0.9890194,0.07977372,-0.24171107,-1.7768383,0.7562517,-0.29655394,-0.13192253,-0.723606,0.036123127,-0.81714904,-0.44386515,0.36073816,0.1546874,0.28196743,-0.55707574,-0.66575897,-0.19848415,-0.049214005,0.57840806,-0.56727105,0.04986547,-1.0560014,-0.74778616,0.7474031,0.07859795,-0.8394456,-0.53507805,-0.08955336,0.8363973,0.020794196,-0.10019275,0.17528412,0.62708145,0.46375856,0.2587435,0.7374477,-0.78509855,0.4460999,-0.12975007,0.13625649,-0.1089031,0.67634237,0.13611306
CTGCGGAGTCTCAACA-1,1.239405,2.0429714,3.393718,-1.6235701,0.9426047,1.0928996,-1.4750317,-0.454965,1.4782015,0.6449321,2.0305035,2.4181323,0.5656351,0.14306366,0.17250781,1.2421367,-0.7092971,-0.56768495,-1.4673712,0.5265255,-1.0808628,0.92062163,0.989434,2.8907616,-0.8038816,-2.132196,-0.104412526,-0.81789887,-0.06247972,0.8998697,-1.7890933,-1.0079993,-2.3145177,0.9472944,-0.36232623,-3.0349095,1.4317397,-0.29461947,3.5830386,1.8619267,-1.9720548,-1.1794394,-0.40828663,1.1793774,-0.16016784,0.9154128,1.5133198,-0.79905456,-0.32363382,4.182377
CTGCTGTAGATCTGAA-1,-0.1008719,-1.0833861,0.052780915,-1.0161619,1.8991455,0.46436346,-3.0401618,-3.1327858,-1.9570994,2.5440881,-0.25759584,-0.1187137,-1.9590989,0.4479496,-0.08659701,-0.70016986,-0.59838533,-1.6555303,-0.42362422,-0.25320864,1.7442571,1.725071,0.6461108,-0.766608,-1.4312453,0.81984586,-1.0541958,-0.46454647,1.7091475,2.0014148,0.20506042,0.49091882,0.0036953434,-1.0314633,1.5537492,1.5278522,-2.1585917,-2.1422782,-0.4365686,0.4452643,2.4644835,-0.28571853,-0.96046454,-1.7318075,0.48624644,0.94633555,1.8202966,-0.053945795,0.72038,-1.1594255
CTGGTCTCATCACCCT-1,5.1532764,1.5446292,2.1821928,-2.7562122,1.7971781,0.4147593,-0.73574287,1.441234,0.38245898,1.291279,0.31222406,1.8856509,0.5195051,-0.68924516,0.55663234,0.31598687,-0.329159,-0.21586807,0.76027894,-0.6373852,-0.43087614,0.8240639,0.5582278,0.52478725,-0.51063764,-0.92145514,0.17258228,-0.7592797,-0.35951325,-0.7329566,-1.26327,0.3296616,0.77933204,0.3508573,-0.4736511,0.25009477,0.7876012,0.5396003,1.7414935,2.043712,-0.4854779,-1.9968286,0.8191083,0.6397577,-1.3108941,-1.1228539,1.6045574,0.51338524,0.34528968,0.87251246
CTGGTCTGTACAAGTA-1,-3.8394976,-0.22878926,-2.7633789,-4.090694,4.4574175,-2.1843135,-1.0676249,-2.5900202,-0.93208754,1.7130287,0.29586628,1.3719108,-1.4491525,1.8407066,-0.06725378,-1.1721954,1.0508013,0.3331224,-1.9724071,-2.124042,0.34404957,0.94930273,-1.8326001,-2.2644567,0.052924942,1.2169557,-2.417691,0.45840856,1.0365916,2.3665333,-0.6306294,1.1005601,-0.59067184,-2.2566557,-0.86964554,1.1578802,0.737797,-0.74122226,-0.1605787,-0.3366776,1.1727998,0.439127,2.875065,-1.6157471,-1.573433,1.8800269,0.5494158,-0.8086034,-0.8022244,-3.1708055
CTGGTCTTCCTTGGTC-1,-5.5165935,0.7592002,3.0593612,-3.1106913,3.878402,-4.0533457,-1.486568,-0.96568966,-3.4924033,3.9374266,1.2319303,-0.9148717,-4.065574,-0.45460328,1.3426175,0.46510816,-2.729173,-2.448963,0.20124719,-1.8682799,-0.50253415,1.8940936,0.029724905,0.82304704,0.21489319,-0.9852945,1.1918038,0.23896885,0.39505315,-1.0505205,-0.53504574,-0.9021023,0.71179146,-1.9347683,1.7702515,0.9859853,-0.14322047,1.3436999,1.2249756,-1.8219119,-1.0973641,0.86156446,1.1977952,1.4735752,0.058501385,0.99903286,2.0853333,0.42415613,-3.0397668,0.294566
CTGTGCTTCTCTGCTG-1,12.889093,-0.7036839,-1.746761,0.113771774,-1.0837736,-0.95948076,0.3745243,1.1009216,0.41397467,-0.20452346,-0.79257125,-1.0556169,-0.16397302,0.30625966,-0.67845184,-0.17647582,-0.22422883,0.37756965,-0.54351383,-0.19294788,-0.00773268,-0.758633,-0.87610924,-0.41018045,-0.13400497,0.7270859,-0.010547164,-0.09908949,0.01638144,0.3193301,-0.013913302,0.22095378,0.52795255,0.46287596,-0.051128723,-0.022201864,-0.1885442,0.23148312,0.88657945,1.743927,0.57508796,-0.26715243,0.10427015,0.030895056,0.8274301,0.05707712,-0.25355175,0.3649601,1.2589172,-0.06571274
CTGTTTACAAGGACAC-1,3.395632,-0.7213477,2.7361429,-0.06154845,-0.3593927,-0.16275056,-0.96184486,-1.5732975,0.68491054,1.6590797,0.3030544,1.7556146,0.8789455,-1.7232304,2.9560525,1.1186308,-1.3336567,-0.7967923,-0.27847144,-0.05610348,-0.5165373,-0.88398206,1.0085112,0.52474135,0.14365552,-1.4283841,0.9140841,-2.706724,-1.2862297,-0.27558044,-0.33883357,-0.74983966,-0.37814677,-1.3896143,-0.28665584,0.03650493,-0.49072123,-0.12078369,-0.50845444,-1.2329053,-0.6441859,0.41554248,-1.696111,-1.8381121,-2.6702156,-0.5733826,0.18990485,-1.4902917,-1.4429562,-0.08658337
CTGTTTAGTCAGTGGA-1,-6.08594,5.715291,3.993573,-18.21988,17.31915,-12.677145,17.814245,15.724985,-33.16452,-19.044098,-27.352434,70.57272,34.205093,-5.98566,-11.198251,-4.8098326,7.5468645,-0.71874475,2.6687,3.3644226,5.8627763,4.6564574,-1.4025736,0.1530436,-3.7812822,0.17706642,-0.67632794,5.70486,-0.97731465,3.6423862,-2.4270558,-1.3359199,0.58660495,-0.3264395,-2.3234892,-0.20690168,-1.812586,-0.19465111,-0.72521585,0.0056309127,1.8037018,-0.16143653,0.12014605,-2.940582,0.7595079,0.13118371,-1.5265626,-1.7020104,-1.024015,-1.0245367
CTGTTTATCCTAGGGC-1,-0.48014316,2.3943322,7.410421,-1.4570978,1.1708702,1.5900292,-0.6416876,-0.4096856,-0.95149153,-0.888105,-0.45017874,0.4238681,-1.6548407,0.3928251,0.29454184,0.07261613,-0.69695747,-0.6846403,-0.7870742,-1.0680282,-1.0956209,-0.7701904,0.7286035,0.60928345,0.5224829,-1.8688983,-0.43564418,-0.34846392,0.3606934,-0.21709426,-1.5573025,-0.91372955,0.8334196,-0.30208847,-0.10175382,-0.62529373,0.021608628,0.21177323,3.8142035,1.3232137,0.76705056,-0.23409916,1.3525155,0.85722893,-0.9470194,-1.0846194,0.60589826,0.30609128,0.31491047,0.73892725
CTGTTTATCTGATACG-1,-2.478176,0.61842567,5.920548,-0.9910639,4.4444785,-0.33928803,-2.021128,-0.5931752,-4.128423,3.6140316,0.23935029,0.8912021,-1.1500285,-0.0879337,2.0642433,-0.23096004,-0.74134165,-4.2623296,1.1424716,1.7127895,-1.6743236,-0.3726355,0.0063823108,0.9983365,0.20903072,-1.5859045,2.569451,-0.24776883,0.47082096,-2.021411,-0.10610418,0.27882695,-1.1651919,-0.6231226,-1.8014034,-2.6780534,-0.03170617,0.5536335,-0.5444936,-0.5371252,-3.589943,2.6951346,-0.20734483,0.8389473,-1.9391615,-2.029035,2.0402439,1.349407,3.943126,-1.1043049
CTTAACTCAACTGGCC-1,9.374035,1.0712569,-0.18911909,-1.4640445,0.12875561,-0.6783775,0.018635003,1.4133595,3.1604314,1.3762088,-0.36836058,-0.42966452,0.9772304,0.005918808,2.0481188,0.84064776,-1.6609995,-1.4856164,1.2378396,0.7505055,-1.2692577,-0.7995269,0.5158711,1.8319696,0.2685046,-0.16784976,-0.0066636787,0.0515099,0.56292593,-0.5388958,-0.38122585,0.90967965,-0.93433326,0.35909003,-0.81430477,-1.4713776,-0.70291823,0.6164102,-0.7995838,-1.2168262,-0.39566162,0.40754852,0.2206749,-2.0565727,-0.863383,-0.0285468,0.4142922,0.82207745,-1.2998159,-0.3660663
CTTACCGAGTCCGGTC-1,0.19137843,0.24546646,6.2699285,0.09527411,1.4855887,0.21563774,-1.7719707,-2.0698786,-1.524354,2.4056165,0.4745747,1.9758594,-0.23304297,0.41349632,2.33373,0.8935967,-0.70527047,-4.0700746,0.79452103,1.5533019,-2.3166862,-0.2904657,-2.0816092,1.8809009,-0.6212328,-0.7713617,0.3556154,-2.402369,2.0016847,-0.16533199,0.6229611,-1.426922,0.088789955,-1.8577086,0.15939124,-0.9228277,-1.0527858,-0.6101528,0.9801352,0.116260074,-2.2719274,0.17495985,1.9146371,-1.0070022,-1.0105152,-2.1911516,1.8142763,0.017097937,1.6378045,1.2028978
CTTACCGTCAACCATG-1,-3.1286194,-0.7233207,-1.8050897,-0.60960597,2.2766523,-0.86362225,-0.90537703,0.05545265,-2.4597533,3.458749,1.1779555,0.32617676,-2.946073,-0.273911,-0.78445554,0.7455187,-0.8512127,0.15199386,-2.3626325,-0.6863918,0.6024423,1.2145824,1.2041663,-0.92366433,-0.11479269,-1.2897384,-0.30411386,1.5828527,-0.45664513,0.9216829,-1.0721459,-0.72907037,-0.29437372,0.5683192,-2.0990508,-1.2050538,-1.5811446,-1.2541502,0.332779,0.72136426,1.1095264,0.53022546,0.47586203,-0.8029125,-0.99187785,-0.43436247,1.9003648,-0.23964733,0.17814323,0.19811185
CTTAGGAAGAGTGACC-1,16.013279,0.9585995,-2.0826263,-0.5784425,-1.5978283,-0.8250109,2.0576854,1.6639955,-1.2342397,-1.036491,-0.46913654,-1.5018469,-0.6914478,0.1635329,-1.2413846,-0.51226306,-0.45734584,0.44622478,-0.5553444,0.5893531,-1.317627,1.4193181,-0.6394354,-0.88515276,0.20273525,0.19031355,0.40308028,0.3847238,0.11154449,-0.30671594,0.93465716,-0.38818634,-0.5734583,0.15790418,1.3590013,0.4628203,-0.29094177,0.21026498,-0.8171866,-1.1080935,-0.27733794,0.2991236,0.7777138,0.21882083,1.1029412,0.2790351,1.352822,-1.0067343,0.08430404,-0.33257145
CTTAGGAAGGCAATTA-1,-0.9489687,0.032294348,-1.1183158,-1.7573746,4.0425143,-0.7383941,-5.6145487,-4.973128,1.9298302,1.8181243,3.1845207,2.8169258,3.198914,-1.2419385,2.998881,-1.9712137,1.9789402,5.4151254,0.39609563,-1.5480987,1.8959594,2.0549746,0.40521207,-0.8978403,1.638702,-0.4309355,-0.57854164,0.5290375,1.5575815,0.57457674,1.9023902,-3.5927303,2.087487,1.1984732,4.598665,0.83431894,-0.075330876,-1.4564195,-1.4375004,-0.49896285,0.50103456,3.3383539,2.5607598,0.48453617,-1.4079891,0.23206228,-1.3430647,0.7707165,-0.58039594,-2.2629642
CTTCTCTAGATGGGTC-1,11.452537,-0.15640192,-1.6695291,-0.2861404,-0.4839302,-0.39066595,0.8468072,0.7969246,0.73458475,0.60772943,-0.055160366,-0.8632995,0.25687876,0.21904089,0.012207403,0.83941984,-0.012659944,-0.03352903,0.29025614,-0.5749126,0.9280034,0.02895045,0.6410716,0.25175533,0.33734834,-0.54369134,1.0319599,-0.93823576,0.9165487,0.10091984,-0.68345034,-0.058192957,-0.94284666,-0.71157104,-0.010759854,0.4236082,0.024032384,0.42153597,-0.98681366,-0.56531024,-0.23676124,-0.12637138,-0.9073789,0.4549621,-0.53787667,-0.3008467,-0.22682641,0.37754872,-0.75613344,-0.6490492
CTTCTCTCACCGGAAA-1,-0.37252975,-0.748985,-1.7076831,-2.9455922,4.8559847,-0.96232647,-3.4873252,-3.0125942,-0.6413463,0.3224499,0.67605954,1.2353638,-1.3620101,1.0691041,0.8420753,-0.77180266,-1.3104684,-0.108659625,1.2468525,-1.574943,-0.5240414,-0.26501584,-0.046545062,-0.5705465,0.8418269,1.3612075,1.6003969,-1.2041687,-1.6435033,1.5436832,-0.13154635,-0.21159332,0.00035127066,-0.29426995,-0.37257555,1.9109944,-1.0044343,0.23287325,2.6747835,0.26856384,0.25429413,-0.5912032,0.3758601,0.7700813,-0.9017304,0.0054029264,1.4476564,-0.0854811,-0.98912334,-1.1759485
CTTGGCTTCTGTTTGT-1,12.76154,-0.12557775,-1.8541973,-0.6210973,-0.6469232,-0.8850432,0.9551194,0.47032547,-1.1145933,-0.8096157,0.25359026,-0.29018548,-0.23799297,0.17623937,0.5479523,-0.082549006,-0.76161957,0.019204054,0.4680334,-0.42518997,-0.9922635,0.12222951,-1.9478033,-0.4738666,0.66501963,-0.6003274,0.21629398,-0.22942865,-0.53971595,-0.42174342,-0.28331506,1.3493822,0.39237761,-0.4503218,0.37378922,-0.43501565,0.6898372,-1.5042735,-0.87207025,-1.4694377,-1.2561381,1.2073609,-0.16363996,0.24693565,-1.5962701,-0.93075955,0.49285233,-0.90050715,0.09426414,0.18476623
CTTTGCGAGAATCTCC-1,14.599052,0.39040852,-1.1095624,-1.4645927,0.11309035,-1.020559,2.2738023,2.6838193,1.0840864,-0.19629183,-1.0750786,-0.30013028,-0.4056179,-0.42555818,0.36247975,0.4330207,-0.44007713,0.68056226,-0.40700796,-0.024544988,0.03338996,0.5262367,-0.8993475,-0.23618709,-0.2507925,0.6268136,0.28924942,-0.2612366,0.6239668,-0.59609467,-0.14124046,0.012554838,-0.10345121,0.059953023,-0.27053466,0.040715944,-0.54530555,-0.29954427,-0.33818227,1.0127989,1.3878759,0.483433,-0.49451977,-0.17062101,0.21181577,-0.2618024,0.21540323,-0.96808463,0.65586716,-0.15041524
CTTTGCGAGGCACATG-1,-4.8343606,4.0773144,-5.754439,-7.4440627,5.6255345,2.536636,-0.42559314,-3.7409441,-0.22403339,-0.29482237,2.8753428,-2.515202,-0.04423869,0.7349106,-2.7516232,-1.114392,-2.575843,-2.1420572,-0.55276513,3.3218715,5.5016756,3.0835154,-3.80548,-4.0229583,1.6395015,3.3130496,1.7556398,-2.5597942,-0.94315916,1.9702058,3.0207622,0.0049313414,-0.21466684,-1.0090501,3.002084,3.8914297,-0.2016798,1.9825584,-6.975154,-0.36369917,0.97671473,-2.5156553,-1.5143644,-2.4922714,-1.8120831,2.2385125,1.6460513,-3.746646,-0.69127655,-7.355081
CTTTGCGCAGTGGGAT-1,9.100312,-0.44963995,-0.41521582,-0.9650482,0.7948423,-1.0571258,-0.44819695,0.22340521,1.377011,2.0580544,-0.11369286,0.052861847,-0.84047496,-0.7502679,1.0713662,0.017662805,-0.18662179,-1.1542966,-0.11961727,-0.5605111,0.5286616,0.20821705,-0.35677826,0.6154036,0.24569553,-0.7459819,-0.6048496,-0.39108258,-0.016433043,0.031694405,-0.15926361,-0.523094,-0.65227723,-0.1637907,-0.20620404,-0.62324566,1.3254514,-0.3410204,-0.2201462,-1.1657379,-0.6375221,-0.24337824,-0.17357607,-0.57388985,-1.2733432,1.4226087,-1.171994,0.22927344,-1.169728,-0.6708943
CTTTGCGGTCCGCTGA-1,11.111507,-0.30052897,-0.20831712,-0.44847345,0.32085255,-0.38559943,-0.13901408,1.2323501,0.7019978,1.6887308,-1.1812086,0.83864784,-0.4487424,0.3653929,-0.21311143,-0.055207957,-0.15839426,-1.3147333,-1.8222997,-0.38432556,0.13934246,-0.49618173,-0.7355406,0.63808256,-0.15232329,0.08620415,0.61897194,-1.0478455,1.132482,-0.010035357,0.40490115,-1.1618006,0.2934695,-0.46637276,0.3928658,0.4867542,-0.30757496,-1.113383,-1.6338695,-0.6703704,-0.91699225,-0.25162402,0.088526264,-0.8681005,-0.582334,0.027767332,-0.14384003,-0.72333086,-0.70540583,1.0072794
GAAATGAAGTTACGGG-1,-3.8873425,1.7846495,-0.35628173,-3.0321221,1.8234422,-0.7050477,-1.7863098,0.7428265,-3.0342925,2.850798,1.3554384,-1.1779478,-0.24253972,-1.6492031,-1.7097154,-2.1297626,-0.36612597,-0.35625115,-0.5138315,-0.13129641,1.2573298,3.9896064,-1.3142937,-2.6979382,1.6005548,1.3076773,2.5436664,-0.884202,1.5492145,-0.8258142,0.33136815,0.8005133,1.5090342,-0.19432865,2.3284833,0.7907821,0.60340136,-2.386955,-3.8433273,-2.0501904,3.9526048,-2.2666683,1.0769819,-1.9268535,0.9567692,0.5156007,2.5315087,-0.13702644,1.8574392,1.9207393
GAACCTAAGTCAATAG-1,8.961375,-4.7303543,-3.6997612,3.902092,-3.5118716,2.4945521,-4.644851,-5.632468,-10.323573,-4.1659436,2.5049572,-1.5128626,2.0474975,0.8803564,-0.6636724,-0.06300654,1.0674305,1.2510415,-0.84750605,-0.110705264,-0.45985928,-0.07584366,0.45969307,0.21574493,0.33995405,-1.2023135,-0.3103102,-0.26908094,-0.6791895,-0.48161262,0.54386336,0.5939418,-0.055481307,-0.17624183,-0.06563277,-0.19919373,-0.42514974,0.16452767,1.0227603,0.0039144573,-0.53076607,-1.2062218,0.36421093,0.65088326,-0.5001166,-0.13601962,-0.23669934,0.2728132,-0.10136108,0.57232285
GAACGGAGTAAGAGAG-1,14.917997,0.48756754,-0.8964085,-1.2326467,-0.020328868,-1.0595254,2.8212845,1.0372303,1.4990691,1.1494823,-0.49927518,0.040194623,-1.063785,0.40393174,-0.18562686,-0.05683332,-0.6016083,0.0051003993,0.28498262,0.22961946,0.2688726,0.59110653,-0.48133394,-0.2453562,-0.59114915,-0.30907193,0.84946764,-0.21073051,0.22526717,-0.14062828,-0.8408014,-0.48041162,-0.09584585,0.88060635,-0.6104947,-0.34808964,-0.12362471,-0.29708827,-0.4434879,0.06348919,0.32863614,0.40089807,-0.09860912,0.54856795,0.2676314,-0.014196439,-0.35474554,-0.37103987,1.2394085,0.6099368
GAACGGAGTAAGTAGT-1,-1.609297,0.15544498,-0.4950559,-4.3519125,3.4355435,-2.107991,-0.7202538,-1.0800599,-1.7490599,3.3211827,-1.1657423,-0.60123646,0.3250943,-0.3278076,-2.1225684,-1.8357251,-0.77253944,-0.758251,-0.58704287,-0.5938094,0.770094,0.8112959,0.861735,-0.5149312,-0.86465454,-0.11114519,-0.7567346,0.3657492,1.095216,-0.47121796,-1.0307939,-0.5429417,-0.7139429,1.1206648,1.9162166,-2.676324,0.41045007,1.4283597,-0.8516401,1.4096891,1.1334323,0.005193533,-1.1178266,0.20496964,0.9407909,-1.4710612,0.46668464,-0.35729435,1.3672024,-0.13751332
GAACGGAGTATAGGGC-1,-0.054643314,9.251915,17.925608,0.07921359,-0.20141026,7.607366,0.64169145,-3.32853,1.1137364,-7.142655,-3.6843886,-2.7485824,-5.4198833,2.4145913,-4.6580625,-4.515794,-0.40199828,3.253516,-1.2071006,-1.4798875,0.6371669,2.5577574,-3.4949934,-2.582481,0.6703521,3.4968715,-3.5503967,3.344187,-2.0357628,1.1637924,0.03312131,-0.45087233,-0.3211984,1.1397043,-0.14222722,-0.04018577,-1.095807,-1.1501169,-1.2242391,-0.40235975,-0.12319621,1.237915,-0.4592698,-0.7023985,0.6294557,0.5126072,-1.8456447,-0.6123162,-1.2867421,-0.013762698
GAAGCAGCAAACGCGA-1,10.273845,-1.2533038,0.15316692,0.060849786,-0.77590466,-0.10457864,-0.5074317,0.5287141,0.9968735,0.2677479,0.08322713,0.20552033,-0.42042026,0.25802842,0.49773917,0.3277434,0.03868264,0.49407867,0.5960287,0.31824768,0.30751044,-0.1370528,0.18459782,1.2470652,0.40236777,1.7082403,0.47137696,1.1587642,0.9797098,0.4632198,-0.36190152,-0.6438604,0.49552262,0.9732347,0.021186844,-0.2000739,-0.634546,0.88944685,0.2430794,0.074990295,0.028732423,-0.3427157,-0.37065548,-0.010975518,-0.51989645,0.29732934,-0.9033919,0.41850543,0.9800794,-0.10757589
GAAGCAGCAAGCGAGT-1,-1.8178217,3.3709357,8.009276,1.2215171,1.3079629,2.3399928,-3.1000712,-2.9472568,-0.8282674,0.9696305,0.9040052,-0.30799446,-1.7122306,-0.4240718,0.16880405,0.27769053,-1.1341463,-1.623122,1.4088218,-1.1105813,-2.5161033,-0.2951809,-2.2132378,-1.7018656,0.625779,-1.8271608,-0.18073045,-2.7975585,-0.73355794,-1.2177864,-1.3374327,-0.015417766,-1.102057,2.3191214,0.7019082,0.44682592,1.682107,0.6621716,-0.58732307,-1.8471293,-0.8246113,1.0608228,1.8574854,-1.5407263,1.0197487,1.349481,1.0310212,-0.7288298,1.2157184,-1.5894947
GAATAAGGTTCTGGTA-1,-3.2739017,0.63649637,0.58921176,-2.5060053,3.410912,-2.003277,-0.4807746,-1.0621142,-1.9165497,0.72145015,2.068447,3.893772,-0.6043091,-1.9835489,-0.03808123,-0.86305743,-0.67489105,-2.2714083,0.66160303,-0.91531724,-1.4286302,2.1667745,-1.682467,-0.58652675,0.37637082,0.05278822,0.8007447,-1.0628943,-0.32635912,0.47457555,-1.0479056,1.7676809,-0.2658161,-2.9003005,-2.4280143,0.18118617,0.63184667,-1.1035569,0.94634366,-1.1804721,-1.8053284,-1.9911479,3.0546856,1.4422226,-2.5213633,0.53679234,1.1937958,0.6968915,-1.2463511,-1.0419773
GAATGAACACCGATAT-1,-1.0553653,-0.562998,-1.7168267,-1.5690212,2.8973384,-1.077694,-1.8377143,-2.6072643,0.7470176,-0.124618545,-0.28241533,1.7549669,1.0043643,2.2735472,-1.6736587,0.06216726,1.0212938,0.36662465,0.7111575,-0.21332434,0.6962831,0.620291,0.55203664,-2.2632148,-4.305381,-0.30180037,-0.78334665,0.40367842,1.701083,1.9967651,-0.18310684,-2.9762769,0.7065173,-0.048510827,-0.13194007,-0.5351074,1.1749406,-0.97210205,-1.4012797,3.6707282,1.3932506,1.0523963,1.9316181,0.71397734,2.620083,-0.15870026,4.307396,-0.91021085,2.269262,-1.0695424
GACACGCCAGATCTGT-1,-3.100642,-2.1965961,-1.7916068,-1.856267,3.0457315,0.27602828,-1.9307417,-2.8269005,-1.0436486,1.8190192,1.0386659,1.767536,-2.525874,-0.33322608,-0.86465466,0.06307359,-2.7002938,-1.1670645,-1.0201061,-0.54292315,-0.50624883,-0.24455869,-0.7114781,-1.1842839,-0.8722868,-0.75195116,-0.17974317,-1.4456966,-0.21190631,0.050248656,-0.5013943,0.5451194,1.480846,0.7915107,-1.9926625,0.1559849,-0.3751248,0.22307687,-2.6922207,-1.247098,0.8882875,0.4622993,1.120885,0.6686682,1.0805427,0.64883035,1.6512302,0.105085865,1.3365582,-0.0047812792
GACAGAGAGACACGAC-1,-0.020963253,0.19668977,6.0883017,0.022012504,0.6903491,2.0355449,-1.9518479,-1.6001419,-0.5558902,-0.124916986,1.5473658,0.5115962,0.09497146,-0.5528096,-0.32840583,0.7624155,-1.2968891,0.7870984,-1.1140475,-1.0832059,0.49177977,-2.6748755,0.37538344,2.0193515,-0.6369479,-1.7736311,-0.86416084,-0.4569069,0.23108815,-0.42155176,1.0829405,-1.1633636,-1.0443976,1.5304337,0.8234029,-1.1307751,0.8905068,-0.42458326,1.0235525,1.1072619,-1.6321131,1.4629868,-0.751313,0.17752375,-2.1208472,-0.82150555,-0.84898764,1.1230863,0.7022242,-0.3947398
GACAGAGAGCCACCTG-1,12.852284,-1.0844066,-1.7287948,0.23574217,-1.1709571,-0.47680786,0.278896,0.48374924,-0.21284968,-0.38219446,0.011527296,-0.18755004,0.102655694,-0.4775162,-0.07083455,0.28727618,-0.31083298,0.0864312,-0.9906215,0.8299754,0.12924668,0.42605343,0.57748836,-0.55569935,0.4800487,-0.49378517,-0.17169425,0.34044117,-1.4554924,0.0033560449,-0.5266884,0.1240512,0.51500094,0.08777327,0.58695763,0.42710721,0.6625215,-0.092119195,1.3957791,-0.30803084,0.9024396,0.20240775,0.30861074,0.82301575,0.74345845,0.34011886,0.13225439,0.37979954,0.008688747,0.79383326
GACAGAGAGCTAGTGG-1,-1.1955384,0.7316505,6.1907244,-1.2607625,2.166606,0.97075677,-3.3424957,-0.8781172,-2.4960258,2.1125848,2.2425005,-0.7621031,-0.23499204,-1.6486844,-0.7195377,-0.5639725,-1.2143011,-1.0029416,0.35131925,3.4379783,0.1371012,1.4303685,1.0733488,-0.28103128,0.6449487,-0.85295385,1.3265855,-1.8614078,-0.35494903,1.5537004,0.31868878,0.122058384,0.22947115,1.4238163,0.5854042,-1.6165861,0.6128138,-1.0543981,-0.38209164,1.6079309,0.2758161,-0.5314425,-2.6986167,-0.8708649,-0.45699227,-0.48283556,0.25165546,1.5036094,1.2505289,-1.4153235
GACCAATTCCAAGCCG-1,13.417574,0.0038173362,-0.9614457,0.026714507,-0.1543823,-0.7364958,2.0376952,1.7766548,-0.7113662,-0.111180544,-0.9407904,-0.03608631,-1.0742979,-0.24008131,-0.024202432,-0.09930987,-0.5745816,-0.2707321,0.31066927,0.38956362,0.27863428,-0.5023321,0.9930561,0.68361723,0.6157176,-0.2867865,-0.10862811,-0.087797925,-0.07434677,-1.0253577,0.2836581,-0.032282464,-0.58078986,-0.3173606,-1.1086575,0.8845547,-0.17105867,0.3369218,-1.0938703,-0.82348603,-0.525745,0.35029793,-0.3053325,-0.1368587,-0.8423723,0.2638599,-0.22956863,-0.50598395,-0.12490278,-0.7238204
GACCAATTCTCGATGA-1,14.537213,0.61862195,-0.9760201,-1.5087701,-0.60803485,0.015950333,2.2238517,2.0189013,-0.18527722,-1.5432615,-0.38419035,-1.4229506,-0.15117244,-1.1718225,-0.6221527,-0.7200949,-0.09334905,0.5821178,-0.08787463,-0.27630314,-0.1408751,0.9607911,-0.8159346,-0.18910807,-0.71528846,0.23081286,-0.3752692,0.53897965,-0.34270072,0.39940733,0.10810445,0.3947564,-0.71423537,0.31618214,-0.5929556,0.7536489,0.272079,0.3383962,-0.90316474,0.20798092,0.40497836,-0.6574604,0.70333874,0.48983377,0.21531872,-0.30285236,0.46889284,-0.43935353,-0.47273234,0.70736223
GACCAATTCTTTCCTC-1,-5.666121,1.3589034,1.4550251,-5.599726,6.1535287,-2.9906335,-0.17021663,0.3018153,-2.8638825,2.0916958,1.0400451,0.3008794,-2.0323489,0.1430922,0.7091865,0.9940832,-2.515445,-2.3185208,1.3978426,0.5429923,-2.3074436,0.98686045,0.8929982,1.3150134,0.279157,-1.6253061,-2.6025732,-0.9448578,1.8902826,-1.7806674,-0.86535585,0.14589407,-0.6248718,-1.2020653,-0.40234894,2.3337944,-1.7407931,0.88692886,-1.3228672,-1.4151331,1.4307588,-2.6231022,4.4043717,1.0385678,-0.0905746,3.2677789,4.740253,1.306081,-4.90762,-0.9166064
GACCTGGAGTTCCACA-1,-0.061226044,9.314096,13.845483,-1.3347256,1.15142,5.113868,-0.36672834,-0.9981383,-0.6968715,-5.3121943,-4.5946136,-0.35166475,-1.525667,2.8665364,-6.0411615,-3.650001,-0.12126157,4.640652,-3.1962006,-1.0046694,-0.38582513,4.074525,-1.5689502,-1.4441862,-0.13080557,3.1808667,-1.6141353,1.1385154,-0.9790006,-0.58471847,1.1740686,-0.22628659,0.7355779,-0.90841466,-0.04764715,-1.8443333,-0.30510047,-1.545744,4.631307,-1.1807691,3.177418,-2.676251,0.9818415,-0.34011593,1.9035492,-0.76687974,2.6003625,0.56275886,1.6385876,0.2507617
GACCTGGTCCGCAAGC-1,-3.0036998,-1.6130662,-1.2175788,-0.5246777,3.3021915,-2.2027545,-2.0900977,-0.3192797,-1.9024043,2.0587378,0.115525655,-0.19956593,-0.3769357,2.1923375,1.0892539,0.46059448,-0.35244048,1.729039,0.10337763,-2.451887,0.48572564,-1.3007301,0.3663927,-1.2138261,1.6338761,2.8830695,-0.4206112,-1.9433284,0.13761416,0.48325944,2.6919343,0.25875902,0.05285619,-0.34846643,-1.5209618,-0.43381923,0.671228,0.93362534,-1.8545958,0.94960946,-0.21567705,-0.97940344,1.7479898,1.6473695,1.012355,0.79504883,-1.7458736,-4.016729,3.5647,-0.7844395
GACGGCTGTAAGGATT-1,2.9917216,1.3297347,5.908091,0.36751777,1.0503731,2.5678046,-3.307893,-2.804899,-0.17833523,1.151261,0.86760664,2.5613449,-0.3000547,0.61245215,0.4290776,1.1558857,-0.6867197,-1.2187711,0.15626161,0.0097139785,-0.6934234,-0.90869445,0.7032362,0.95893216,0.18544903,0.070635065,-0.008982992,-0.7618228,-0.19636664,0.82984746,0.17061067,0.3327703,0.5112066,-0.5789791,0.8532574,-0.94361776,0.81153905,0.13431191,-0.29738873,2.5329382,0.8430234,-0.49595484,-0.5094014,-0.8147705,-1.4180042,-1.5200667,-0.41407335,-0.25624156,0.7886965,-1.1002804
GACGGCTTCAGCCTAA-1,-2.79084,-2.056448,-1.7168609,-2.0396674,1.6745784,-1.7983652,-3.0038943,-2.1581354,-1.5061781,1.4657751,0.111237645,0.2128531,-0.7707454,-0.86951244,0.7934262,-0.19614586,-2.8759334,-0.80585665,-1.0186548,-1.7771524,-1.3805596,0.17470779,-0.9651879,0.9647895,0.15100133,-1.3628677,1.0719299,-1.093428,-0.16877608,2.095107,-0.9139679,0.42941523,0.1980436,-2.6529214,-0.8429046,0.5574912,1.0827391,-0.47060674,-0.96979904,0.8327081,-1.6832286,1.307786,1.3139597,-0.77852386,-0.8534289,-0.4377392,-0.3933065,1.6248443,0.3151888,-0.5504933
GACGGCTTCAGCGACC-1,-2.1131012,8.525755,15.2375555,-1.8048313,-0.5094794,5.21691,-1.1569426,-1.0094416,2.7564952,-6.411298,-4.1980066,-2.955906,-0.79750264,-3.55231,0.9465327,-1.6272656,2.3374524,4.850487,-1.4485192,4.0701795,-3.1748931,4.726031,-4.7563505,-3.0185893,2.797392,2.4317605,-6.2647634,4.7772684,-2.8093941,-1.7299669,1.1915392,-1.2539269,-2.882003,-1.6107366,0.052843835,1.4131011,-0.9728937,4.30811,-3.6531038,-1.0457842,-0.4113685,1.4278376,4.519525,4.7990656,1.4081241,2.3298955,-1.2659224,2.870948,-0.70174974,-1.4093269
GACGTGCTCGCACTCT-1,16.312971,1.4138955,-1.4000415,-0.8011965,0.01046755,-0.93232167,3.4567504,2.737704,0.5350799,-0.31539083,-0.52198,-0.8444267,-1.4153409,0.0034425273,0.13512874,-0.6679694,-0.3968801,0.068007156,-0.8291419,-0.112715095,-0.8712112,0.21829903,0.40227622,-1.0133107,0.09334518,0.953824,-0.120138936,-0.16562633,0.5154604,0.372734,0.052871153,0.018393163,-0.51479846,0.37868723,0.0048024687,0.6739121,-0.74763614,0.1800706,-0.6590091,-0.44020334,0.9732886,-0.27478147,0.4310437,0.36667034,0.84144443,0.11155746,0.12270462,0.1059196,-0.46520242,0.35636625
GACGTTAAGAATCTCC-1,-2.5718732,6.320431,9.6058445,-1.3406302,-1.77432,2.2941475,-0.43173096,0.014488164,0.66355586,-2.3431284,-0.74942994,-3.0470653,0.5336309,2.0658145,0.04525921,0.7855566,0.8685584,1.0569382,1.1528478,0.24012968,-2.1361327,0.25130886,0.85133857,-1.0508133,1.7489011,4.475508,-0.96408594,-1.298841,-0.8321502,-5.2411,0.0025275,-2.3194995,0.7986791,3.435018,-0.42290217,-0.9181467,-0.4990018,-0.90454906,0.63339984,-0.98858213,1.1868455,-3.1785412,0.2366978,-1.2506763,0.90969956,0.9525984,-1.806422,1.9323685,-1.2775102,-0.17188105
GACTAACAGAGACTTA-1,14.371096,-0.10213932,-1.8257015,-0.10451073,-0.3214059,-0.82851917,2.2019432,0.9278587,0.18747404,-1.2248019,-0.76223546,1.005216,-0.17742911,0.16029058,-0.28220946,-0.2700542,-0.77833337,0.16834463,-0.5787807,1.2376765,0.7524639,0.13878709,-0.22936903,-0.13141201,0.090710364,0.44132102,-0.18179502,0.32922894,-0.24279822,0.43674958,-0.69484293,-0.9731999,-0.024262117,0.19852343,0.5225557,-0.076130554,-0.045759246,-0.26398453,-0.08155998,0.2968648,1.3540121,0.27007863,1.0985601,0.20364319,0.5277092,0.31946108,0.15741502,0.065845646,1.0889388,-0.36851683
GACTGCGAGACAAGCC-1,5.0269375,-0.87515074,1.7170353,-0.6004349,1.4287963,1.0341711,-2.2391179,-2.1666758,0.6635112,1.1071151,1.0350938,1.4270873,0.25261617,-0.33277985,-0.34845152,-0.5145313,-0.86746967,-1.4226878,-0.80396307,0.94668597,1.1349496,0.34799984,0.4841171,0.8742247,0.28768325,0.07846269,-0.57302594,-0.1867559,-0.4846991,-0.16588591,-1.1199292,0.96141255,0.15086311,-1.0136682,-0.18167959,-0.21718,0.9520252,0.73034763,-0.3429178,0.2606651,-0.62762606,-2.193677,-0.09468249,0.75047773,-0.06486827,-1.2471704,-1.4486079,0.90212816,0.4872182,0.07430746
GACTGCGCAGATGGGT-1,12.915649,-4.769027,-4.9829535,4.8824725,-4.6580954,1.6462212,-3.752965,-7.1945906,-14.720554,-8.004829,3.4012992,-3.08429,2.5621493,1.8624007,-1.1470555,0.4520429,1.439337,1.6572046,-0.9871995,0.1780091,-1.2078769,0.9231752,1.4507838,-0.5505272,0.50553066,-0.37623206,-0.32551357,0.3491776,-0.4467199,-0.33551243,0.3797088,0.5032469,-0.42164522,0.14593387,0.5130016,0.13599592,-0.2857964,0.54103065,-0.084733434,1.1868492,-0.19078563,-0.45350057,0.14466915,0.79479855,0.031404022,-0.80989355,0.54052246,-0.15390083,-0.2253199,0.37383315
GACTGCGTCCTCGCAT-1,14.731006,-0.09789656,-1.6023878,-0.12548238,-0.8854702,-1.2911536,1.0768784,1.2369289,-1.6753867,-1.2743025,-0.9190368,-2.1192102,-1.0813322,0.0020512221,-1.6566732,-0.020634392,-0.49299756,0.34704983,-1.2406677,0.5512338,-1.1703787,0.46719778,-0.59603804,-0.1675671,0.48856005,0.33492732,0.069373205,0.105815396,0.21987143,-0.6255478,0.9906459,0.40236104,-0.41964,-0.1316726,1.485806,1.0055051,-0.55759925,-0.13598855,-0.12378875,-0.64784503,-0.21316628,0.2980094,-0.43951547,0.21355745,0.36726677,0.30123976,0.8129771,-1.0506767,-0.3494201,0.39796004
GAGGTGACATTAGGCT-1,-2.3660831,-1.5481994,-1.0199076,-2.8016381,3.8097513,-0.539872,-4.116693,-3.8207548,-0.77274793,2.1771374,0.23815599,0.3376078,-0.2759353,-0.49736682,-0.104052655,-0.7133318,-0.50594133,-1.0571041,1.2015014,-1.9169914,0.5616489,-0.13101389,-0.3877571,-0.12572351,-0.9805462,1.3985955,0.71414983,-1.325581,-0.7554856,-2.3437505,1.7160059,1.9199942,-1.7964073,0.4090968,-0.41163313,-0.42401695,0.6399476,-0.5000792,-0.60425305,-1.1684833,0.8536343,-0.27125886,2.1393166,0.96363366,-0.37917453,1.7445904,0.1939276,0.32674715,1.4835187,-1.2692217
GAGTCCGAGACTAAGT-1,-0.90663105,8.47857,14.83604,0.21508604,0.80420625,4.8800883,-0.081469044,-1.5693004,0.70002437,-3.879206,-2.5408127,0.049922455,-4.896095,1.2751421,-2.3954341,-2.5294158,-1.1026415,1.5945363,-0.10452055,-1.0564301,-1.246388,0.9849182,-3.206848,-1.2534763,3.579242,0.38856557,0.43668723,1.2328454,-1.9216998,2.5033803,-0.5651576,1.7522196,0.7665488,-0.66124743,0.19943619,-1.1917685,-3.312621,-1.4628246,-2.7416565,-0.76023585,-0.3872776,0.40346363,-1.7715846,-3.6165295,2.5579498,1.8776851,-2.079245,2.8675377,-0.45114473,1.7735881
GAGTCCGAGATGCGAC-1,-3.9952455,-2.099116,-1.3329766,1.1458818,-1.6902634,-2.0300725,1.1079868,-1.570143,-3.9691355,4.630766,1.7686943,-1.0379728,0.14461032,-0.43334442,-3.5296953,-1.3441403,-3.3655822,0.27494892,0.9964079,2.8801894,3.1521356,3.4944584,1.4113677,-0.03227798,2.3776412,1.0882986,1.5303674,1.2873311,0.9399961,1.1940979,0.20188758,1.1185613,2.115063,2.1197686,0.4445798,1.9397664,-1.3370023,1.0533854,-0.74906397,1.3325508,2.3834584,2.694126,-2.1348782,-2.0148933,-0.24973692,1.8080336,-4.70505,-3.3028471,0.4423853,-1.1870229
GAGTCCGAGCTGATAA-1,9.0257225,-5.250996,-3.8191917,4.499311,-3.5639668,1.3799372,-4.9289527,-6.2347794,-10.883532,-4.514263,2.5867324,-1.9696954,1.7352445,0.77724606,-1.0111396,0.1459139,0.7874053,0.52312857,-0.2305569,0.3839226,-0.4060658,-0.4942271,0.88722247,0.0144339455,-0.6859894,-0.7182204,-0.40500993,1.174821,-1.07769,-0.66181105,0.18636996,1.0541682,-0.66835344,0.18603164,0.38256657,-0.25628763,-0.25411707,0.55343926,0.43771002,2.2563286,0.3607887,-0.9427206,1.7450565,-0.6553491,-0.7802815,-1.206734,0.08956026,1.6552691,0.07427899,1.2608588
GAGTCCGAGTCTCCTC-1,9.626999,0.6696514,1.236195,-1.6157092,1.7705463,-0.32172778,0.21392383,0.30107188,1.8204973,1.7694372,-0.19088,0.25165197,-0.12803306,-0.21794891,-0.10366534,-0.010951161,0.14312054,-0.8464623,-0.096757255,0.44347247,0.82199347,0.72389185,-0.51228374,1.1709993,0.017145148,0.11039936,-1.4443467,-0.56298596,0.33549455,-0.25120145,-0.27855852,-0.38632846,-0.17190236,0.23349631,-0.4215827,0.85939175,0.1724117,-0.8351038,0.6888036,0.08619111,0.03020444,0.46038127,-0.4198336,-0.901695,-1.7645986,0.11930657,-0.16081582,0.07685917,1.4659315,-0.7618536
GATCAGTTCAACACCA-1,11.611947,0.013863128,-0.95558447,-0.3708351,0.5026751,-0.64311147,1.5336535,1.5124029,0.74343896,-0.505094,-0.34681165,-0.67105407,-0.16043226,0.17749158,0.60152406,0.28748333,0.8797653,-0.72710687,-1.511983,-0.042407077,0.07801169,-0.74981886,0.678065,-0.4373338,-0.6097064,-0.0895681,-1.1987584,-0.011612224,0.3048893,0.8699351,0.22510438,-0.91577536,0.07310065,0.52229893,-0.5253739,1.1235993,0.24091299,0.031828295,0.17948216,0.8610967,0.3479197,-0.5568928,-0.10659502,-0.1017699,-0.20506537,1.2677184,-0.13251229,-0.10838285,0.92844194,0.27471206
GATCAGTTCGTTTATC-1,-2.6790714,-2.2423294,-1.20544,-1.6650324,3.269813,-1.7715629,-0.99621284,-0.6788396,-1.4456391,0.61139953,1.0893548,-0.023267468,-3.9070318,0.0051759114,1.2847987,-0.9718473,-0.95819193,-0.17470172,-0.13736014,-1.6322219,-0.18661512,-0.6336126,0.26600483,0.48989588,-1.0058868,-0.80314016,-2.4610581,-0.8404897,2.7911055,-0.6056143,-1.0502559,-0.8586676,2.2688305,-1.1527566,-1.0784117,0.18831888,2.7659965,1.470123,-0.9853868,-0.27158493,-1.3127005,-0.31098473,0.19481556,2.3867345,-0.47262615,2.1640992,-1.0068498,-1.2186284,2.5086088,0.21049292
GATCGATGTACCTACA-1,12.884663,-4.0243196,-5.843319,5.33067,-4.4882836,1.8663453,-4.518967,-7.91553,-17.912687,-8.975308,4.3452163,-4.2809453,3.2425926,2.968974,-1.580328,0.10558849,1.6861031,1.6748328,-2.3782897,0.17098731,-1.3067145,2.0595808,1.098296,-0.5039574,0.95499945,-0.46932524,-0.71639377,-0.15782319,-0.82100224,-1.1547371,1.8916104,0.29792616,0.048092764,0.8167508,-0.060856286,1.168513,-0.7256044,1.0376,-0.40715674,1.2946452,-0.026473925,-0.5586855,-0.08137817,0.6670162,0.35429683,-0.7520423,0.7639099,-0.9638469,-0.3640944,0.5033702
GATCGCGGTCCTCTTG-1,-2.2154782,3.933923,-0.22067925,-2.9709716,5.4361935,-1.5817065,-0.69602346,0.8429547,-0.32023093,1.8600696,-0.38910842,-0.22741506,1.3527898,-0.29483026,-2.2305808,-0.092910014,-0.90860516,-0.2543504,-3.1207893,0.44553816,-2.3619847,0.25422278,0.05170678,1.5309217,0.06375774,-2.0219195,-0.83985174,-0.39126265,1.1449724,-2.453974,-1.0549814,-0.30137572,-1.8009171,1.6335667,1.1109155,-0.89678806,0.14951994,-0.60768384,1.1812932,2.7636852,0.59912443,-0.09637143,-0.02303364,-0.53746504,-0.9534391,-3.0336561,0.47612852,-0.5745603,-1.6141766,0.5210703
GATCGTATCCACGACG-1,13.209319,0.76574856,-0.75300276,-0.750151,0.2361279,-1.1045841,0.6007353,2.0252798,0.5015789,0.70152324,-0.30637705,-0.5221002,-1.5651287,0.340789,-0.15187836,-0.2234525,0.09534007,0.27469042,0.10333542,-0.3773222,0.064321585,-0.14619552,-0.23508823,0.15597436,0.26571488,0.41582146,0.6042057,-0.12159053,-0.06870892,-0.33461043,0.30814576,-0.7674941,0.21862574,-0.1963907,0.7645204,-0.37381464,-0.11897235,-0.05578096,-0.63965726,-0.6484989,-0.17381588,0.11968169,-0.80763626,0.43074852,0.10951914,-0.40965265,-0.85309404,-0.32237273,0.34078902,-0.13499017
GATCTAGGTATATCCG-1,11.417743,2.0544233,-0.06891418,-2.3531163,0.4426276,-0.9672531,3.69473,3.2082186,1.7779617,-1.841217,-0.14551094,-1.8918437,1.2158058,-0.9276579,-0.18222438,0.32322398,-0.3568842,1.355224,-0.14307432,0.5872627,-2.030649,-0.8938837,0.730996,0.44862407,-0.03643346,-0.9755276,1.5672246,-0.41289997,-1.2437469,0.37923798,-0.013098746,0.45077506,-0.6185228,0.28309557,0.6393209,0.13913025,-0.6577373,0.74471784,-0.24022533,-0.22212999,0.9962893,-0.26362404,1.4780457,0.45637956,1.2286813,-1.847698,0.23951049,1.3504257,-2.1904595,-0.54954904
GATGAAAAGAACTGTA-1,1.178504,2.1681175,8.715048,1.5514693,1.7785698,2.613848,-2.3050723,-3.0148985,-0.31622073,0.92200243,0.86363536,1.3686997,-0.26796454,-0.75370127,2.369286,-1.3262063,-0.27110353,-0.7823887,1.2733697,-0.10559897,-0.67993146,-0.4331368,-1.4069986,-0.19401468,-0.74999404,-0.10221376,1.0752081,-1.7018414,0.6867562,-0.7365642,-1.450045,0.22883536,0.8183424,2.2986465,0.6104474,0.013475893,0.23957293,1.728291,0.46664965,-0.050199416,1.2517682,1.2433996,-1.2351553,-1.4130361,0.23181465,-1.444172,-0.26923943,-0.6055134,0.5432643,-1.1486622
GATGAAATCACATGCA-1,13.128107,-0.661535,-1.7210487,-0.15119974,-1.1973537,-0.4333964,0.18879732,0.621664,3.1450247e-05,-0.40019673,-0.3305729,-0.08399144,0.636815,-0.4637471,-0.89334166,-0.54222405,-0.1058948,1.0225853,0.008079028,0.54594386,0.25586805,0.57211196,-0.22294477,0.22794609,0.06274044,-0.09450122,0.32521957,0.60359865,0.026982313,0.24675182,0.045288634,-1.0969251,-0.9809427,0.5267834,-1.040813,0.6368546,0.15381525,1.351257,1.0401039,0.8886382,1.0267104,0.15581416,0.96881855,0.91064656,0.871395,0.4394857,-1.1223917,0.55695945,1.1553488,0.9137013
GATGAAATCATCTGTT-1,5.308072,-1.2085207,2.9032242,-0.065754585,0.9820262,0.332919,-0.5933329,-0.39870802,-0.055343907,1.0868467,-0.04404233,3.5194128,0.86755663,0.08123762,1.6785123,0.82484657,-0.6494828,-2.6442182,1.1700985,-1.4899298,-0.93039036,-1.0816584,-0.6025141,0.91674334,-0.6199409,-0.06333803,1.5248404,-1.125577,1.0280474,-0.14227073,-0.17017359,0.26488003,0.01761689,-0.6669708,0.26150072,-0.1281513,1.4112064,-0.025630312,-0.54522014,0.37545794,-0.38033268,1.7890469,0.069600634,0.33278644,-1.1153787,0.83399874,0.61183274,-0.7233689,-0.6493148,-1.0533924
GATGAAATCGTTTGCC-1,14.061984,-0.29089054,-1.8661699,-0.28843018,-0.63472044,-1.2534484,0.8114286,1.5550925,-0.3823806,-0.65851754,-0.64093894,-1.6631782,-0.9596839,-0.09400373,-0.61254096,-0.27564615,-0.11301033,1.0362123,0.4624539,0.42096326,-0.19449656,0.07506654,-1.1976564,-0.80958587,0.35846815,0.42628056,-0.44640338,0.42448524,-0.08255146,0.29301837,0.075971164,-0.74536157,-0.08984226,0.5920221,0.3095117,0.8149315,-0.86969256,-0.7687668,0.28286907,0.018196188,-0.069182575,0.085555024,0.2570565,0.5799779,-0.21165335,0.8597427,0.42301556,-0.334718,0.25304297,-0.33958957
GATGCTACAGCTGCTG-1,-2.9704847,-0.85798115,-0.18090646,-2.5340896,2.8728716,0.4028476,-1.3994969,-0.73620033,-1.8451836,2.2923787,-0.2949022,-0.784616,-0.79910165,0.8629191,-2.6485496,0.94536245,-2.2908082,-0.732392,1.236926,-1.0827382,-0.19296244,-0.7011534,2.0458941,-1.433184,0.44007987,-1.0952572,-2.9440398,-0.60428554,0.39431968,1.2738558,-0.41976836,1.406582,-1.4328568,-0.19392894,0.332964,0.80411273,-0.56714714,0.21122395,1.0604074,-1.5656517,-0.5344299,1.5167121,0.25173247,0.07919871,-1.2056863,-0.58002,0.59955734,-1.5549021,-1.7110963,-1.3496668
GATGCTATCGTCCAGG-1,-4.6242137,-0.065042034,-1.9913073,-2.2271166,2.9852996,-1.4954532,-0.23603478,0.45434898,-2.853914,3.6499312,1.1745166,-1.8688327,0.398237,1.5010484,-1.4215505,3.484922,-2.302375,1.2562548,-4.0447164,1.4656246,-1.4496914,0.7294242,-0.23152947,0.1504285,3.0328197,-0.058241256,-2.1429465,0.112280756,1.5752231,-0.2658567,-1.1575199,-2.830485,-1.4791509,-1.5714535,0.7560969,0.70867836,-0.26415896,0.75779563,-1.0170969,1.5562413,-1.0479362,1.9497398,-2.4191425,-1.7551404,0.9100915,1.4098755,0.53142744,0.54483217,-3.9544513,0.5061043
GATTCAGAGCATGGCA-1,11.396872,1.2100204,-0.9760209,0.53809637,0.9577813,-1.061468,1.6516023,2.4102228,1.3443942,1.1989951,-1.0251424,0.99697834,-0.35652354,-0.1294677,0.8681495,-0.44637895,0.84648746,1.0932668,0.38173756,-0.3878915,1.5057782,-0.04145719,-0.9960552,1.3110936,-1.431736,-1.486452,-0.03554159,-1.2490711,0.22554322,1.3488932,0.09508516,-1.0707115,0.94214743,0.12802623,1.2215524,1.3226353,0.23982696,-0.98493236,-0.41419077,1.4279373,-0.15523049,1.7093389,-0.878611,-0.23449716,0.116474465,1.9734256,-0.14990954,-1.027002,0.40628156,0.5991046
GATTCAGGTGTATGGG-1,14.127394,0.0065303696,-0.8390252,-1.2345,-0.082911424,-0.43039122,1.6512933,2.3051224,0.13719493,-0.19523382,-1.3205144,-0.24726349,0.16132301,-0.4976536,-0.8512914,0.51171345,-1.271509,0.17078623,0.19338714,0.4303139,-0.42887726,0.7573329,0.03530611,-1.2581569,0.2570567,0.052753758,0.58221287,0.036275774,0.44834286,-0.32222605,-0.44060928,-0.3166979,0.016690599,0.2699772,0.58593714,-0.20130405,0.11214115,-0.35821417,-0.62998706,-0.14916146,-0.14737697,-0.31888372,0.38192487,0.32372084,0.86954105,0.40893912,0.40090105,-0.9101071,-0.037771765,0.7059922
GCAAACTTCTTTACGT-1,9.57044,-0.47079703,-0.10728586,-0.40504298,-0.2259565,-0.74674904,0.9939495,1.4325287,1.1316452,1.0388727,-0.08719792,0.6666348,-0.7038581,0.21557172,-0.7993062,-0.015285999,0.2727446,-0.48829755,0.61275816,0.37328562,1.356717,-0.921903,-0.10030197,-0.10497929,-0.41700763,0.6660203,0.6089988,0.48895952,-0.56787753,-0.9236841,0.07540855,0.3515968,-0.3134519,-0.21584243,0.60187966,-0.13781814,-0.53370035,0.35201266,-0.7847809,-0.5129268,-0.33037367,0.05912683,0.0065964297,-0.9747717,-1.2922678,1.0169816,-0.46026093,1.010415,-0.54776937,0.061155215
GCAATCAGTAAACGCG-1,12.864378,0.10132411,-1.0166401,-0.53410244,-0.30469567,-0.4837312,1.946779,0.8245349,1.313148,-0.26133716,-0.31891018,-0.80316997,-0.30994058,-0.04656187,-0.62983876,-0.4864652,-0.051680144,-0.91029257,-0.78254896,0.3924791,-0.3243589,0.18515472,0.7619351,-0.30792794,0.11854383,-0.30298093,0.3979813,0.30990353,-0.14512892,0.2747006,0.52932525,-1.1009953,-0.32454127,0.29294392,-0.2745833,0.0009196354,0.32495794,0.12974077,0.43415987,-0.5055041,-0.10211955,-0.45443758,-0.18447185,-0.27339736,0.6597492,0.23995478,-0.5489205,-0.3825868,-1.1823326,-0.10143466
GCAATCAGTGTGAATA-1,-0.53686196,0.18353955,0.8922351,-2.3858335,4.665233,-0.46336982,-2.665292,-1.2462369,-1.8395905,3.6207094,0.11791201,0.41996333,-1.3008357,0.30246654,-0.9782968,-1.056758,-1.4093122,-1.0372113,-0.5136601,-1.5573825,1.0088042,1.0020063,-0.19478591,-1.6442643,-0.9427324,-1.355886,0.039536357,-1.3248787,0.7720844,0.8601978,-0.39292458,1.2046067,-0.04540676,0.29748696,0.754076,0.37644362,0.633564,-1.4439328,1.2443279,0.7297396,1.4725716,-1.0547872,-0.21710964,-0.97251844,1.1622971,0.41390052,0.66030455,0.022152847,1.6230052,1.1757427
GCACATAAGCTCAACT-1,11.464432,0.073217556,-0.25870007,0.01435736,0.44725564,-0.5190949,0.65645546,1.0136725,1.4764284,1.0406044,0.786171,0.337576,-0.8770209,-0.096126765,-0.11495085,0.40107328,-0.834549,-0.65913326,-0.11719397,-0.22728233,1.2270919,0.119292706,-0.2738289,-0.060848646,0.33814374,0.005717856,-0.8736261,-0.10828982,-1.1265239,-0.07351901,0.3184232,-0.7242872,-0.66999424,-0.13163757,0.027600665,-0.11480315,0.49758855,0.35634232,-0.28525499,-0.65170544,0.96133953,-0.06504612,0.07585496,-0.6529449,-0.8581867,0.91469544,-0.7574506,-0.12542906,-0.35677397,-0.46776748
GCACTCTGTTAAGAAC-1,9.721031,0.52877355,-0.4112993,-1.0976835,1.0592034,-0.1241705,-0.09120667,0.36462548,2.3882866,1.3042262,0.26732993,2.091221,1.1867906,-0.6080275,1.5773218,-0.088603616,0.8099774,0.46836802,-0.07290577,0.38075304,1.920745,-1.5413051,-0.1471894,1.2651062,1.2173386,0.34457615,-1.4845462,0.81538695,-0.5808643,1.0310341,-0.73897815,0.7584276,0.33729133,-0.31568143,-1.3261253,-0.1797229,-0.18270968,0.85852826,1.4617677,0.38949555,0.83277225,-0.41175804,0.5332482,0.16156867,0.18374299,-0.527613,-0.28924176,0.9589353,-0.465191,0.17461352
GCAGCCATCAGCAACT-1,2.2455177,-0.38403523,3.3594775,-1.1698148,2.5959153,1.5250582,-4.9431286,-3.210449,2.2689753,3.2511618,1.0354578,2.069571,3.7435358,-1.6553105,2.6836185,0.3664239,0.31116942,-1.3825829,-0.13864811,4.4942107,-0.018775135,-0.7287453,1.5533941,0.8311768,1.2478994,0.33059037,-0.86081874,0.054112166,-0.6567028,1.7050393,0.8744998,1.6935269,-0.22972988,-2.250391,-2.192104,-1.1323105,0.043863393,-1.188992,2.0278165,0.27094516,-0.99549913,-0.57323647,0.6909072,0.80586076,-0.9671347,-0.99174273,0.47522935,-0.62114656,-0.79327404,0.9851348
GCATACAAGAACTCGG-1,10.396059,-1.636502,-1.4328852,0.24628796,-0.26875535,-0.47908908,-0.67641443,0.49504858,1.1211486,0.23146512,0.06983877,0.2641048,-0.97752106,-0.8053807,1.2885284,-0.3012697,-0.4376575,-0.9142408,1.0192139,-0.43674514,0.95075595,0.64597815,-0.39161667,-0.62175405,-0.67700565,-0.3766895,-0.39285663,1.4881765,-0.56930333,0.11689405,0.34811547,0.053194243,0.8414063,0.1376076,-0.99819875,1.0874467,0.93004537,0.8377127,-0.01561077,-0.2673562,-0.4535987,0.33015087,0.38361895,0.38021207,-1.009545,1.3263713,-1.2209014,0.043939807,0.58275163,-0.94505167
GCATGCGAGACTACAA-1,9.379529,0.49890667,-0.36175156,0.10704297,0.85497427,-0.28467095,-1.5642984,0.9882181,3.4613645,1.6270326,1.0181894,2.0020328,1.0791944,0.19383766,0.93679386,-0.1601506,0.56227565,-0.28227797,1.1753619,1.5550132,0.06289834,0.19765054,0.1471123,2.0630903,1.3547446,1.232912,-0.80210555,0.88669616,-0.30872428,1.3211137,0.4140669,1.0862098,1.6687937,-1.3172739,-1.0483615,-0.1006573,-0.45994633,-0.32701606,0.88162255,-0.81669426,-1.582096,0.97495276,1.228893,-0.45320463,-0.8082266,0.5935595,-0.65275025,0.7023686,-0.1820766,0.90035546
GCATGCGAGTGGTAGC-1,12.865011,-0.7118986,-0.45747063,0.27332166,-0.38473016,-0.6839986,0.61872053,1.7688854,0.07166346,0.48293623,-0.52509934,-0.52408886,-0.6915143,0.042503413,-1.0173857,-0.21374501,-0.8553007,-0.36267897,0.08660221,-0.33664572,0.7232195,-0.19771728,0.7936525,0.1975113,0.22948031,0.016631903,0.20312576,-0.31074765,0.29854387,-0.3648623,-0.06509775,-0.62692326,-0.87827617,-0.12207799,0.1287513,0.42726642,0.0028443008,0.14864917,-0.26464176,-0.1824111,-0.7151068,0.40208122,-0.2117865,0.14807218,-0.20185839,1.0869632,-0.18530643,-0.061913084,-0.7382437,-0.5962699
GCATGCGTCCTTCAAT-1,6.6067157,1.0501534,0.585669,-1.0095143,0.8904673,-0.4281492,0.38021773,-1.1403687,2.2363987,1.6329529,1.4187962,0.25714305,0.5645343,-0.02056301,0.6340533,0.9269935,-1.403139,-0.72944856,-0.47515112,1.7106752,0.6678571,0.2641903,0.71951956,0.32279876,0.56436884,0.72603005,-1.4985716,-0.32248965,-1.0615635,-0.09855361,0.82329357,0.33193758,0.35304463,-0.26585186,-1.6217463,0.21373484,-0.7478034,0.50689536,1.017231,0.66123515,-1.3562254,-1.5679637,0.44678137,1.1747991,-0.28040656,-1.6139791,1.2040688,-1.541178,-3.2461016,-0.8858965
GCATGTACAGCTGCTG-1,8.3042,0.4024627,1.3163669,-1.3673987,1.7468734,0.7761355,-1.5760189,-0.70485926,2.570871,2.5780506,-0.20921972,0.4799763,2.3477578,-1.0308266,1.6564131,-0.9594507,2.0794754,0.17452191,-0.9700332,4.5513453,1.0903896,-0.23040156,2.426815,2.375269,1.9497575,0.9274995,-2.780725,1.7466209,-0.58947337,2.6276464,1.7346542,0.21419838,0.21475016,-0.6200045,-3.5452566,0.59449804,-0.55780816,0.44498554,2.2643461,1.358352,1.5982893,0.25243428,0.89047664,0.7532429,0.2553781,-0.37697303,0.048117816,1.1515287,0.5492197,-0.29047656
GCATGTAGTCTAAACC-1,11.936846,-0.165091,-0.91346705,-0.5839753,0.2824769,-0.8101485,-0.28260463,1.2156363,1.3648778,0.68756217,-0.51269835,0.7150492,-0.75895256,-0.03743206,-0.37748277,-0.44455484,-0.14268234,-0.1562171,1.0993112,-0.19196378,0.8927467,-0.2200868,0.54546005,-0.06340112,0.6702642,-0.1355126,0.7044706,-0.94640946,-0.30512878,-0.30153528,-0.062312394,-0.14099641,-0.069409385,0.6123627,1.0518626,-0.46295604,0.06672912,-0.59499574,-0.3539136,1.5525441,0.33759716,-1.15304,-0.21422245,0.64766574,-0.2254205,-0.5451739,-1.3337159,0.2219531,0.74756813,0.94869673
GCCTCTACAGCTTCGG-1,9.977631,-0.18409544,0.4251677,-0.5397905,0.38282922,-0.20338121,0.2501506,1.8368303,1.2761549,1.7151473,-0.97129464,0.85252225,-0.068896234,0.7090981,1.6282272,1.2419928,-0.9192977,-1.0400105,-0.12439974,0.3496645,1.209758,-0.77929384,0.6011074,0.4279321,2.1158247,-0.2629781,-0.827238,-0.011918326,0.20616749,-0.08810835,-0.7727377,0.39504656,0.5680088,-0.4249757,-0.77474153,-0.23766398,-0.5601016,0.52574193,-0.663129,-0.8589677,-1.4095709,-0.60389125,-0.9019359,0.3745458,-1.5214735,0.060614984,-0.5677227,0.36826402,-0.7792715,0.2763623
GCCTCTACATTTGCCC-1,11.321638,0.45509407,-1.471072,-1.2251222,-0.3549191,0.19750895,2.5860648,1.5934621,0.98369575,0.89714706,-0.11643266,0.54517406,-0.55689204,-0.5456327,-1.0967458,-1.3630997,1.6105882,-0.88465184,-0.59105384,-1.2379835,2.4397159,0.033169992,0.22276014,0.32185736,-0.43199825,0.5388318,-0.43844736,-0.9273748,0.6907942,1.2486887,0.7067407,-1.9195575,-0.41301683,0.5893914,0.0012301296,1.5263494,0.7619226,0.5430285,0.054397818,-0.66061085,-0.6436714,0.7582554,1.141122,-0.97904825,0.6600139,1.3918962,1.0542197,0.31916448,-0.41255316,0.43068144
GCCTCTAGTTGGTGGA-1,-12.49332,81.84397,-25.808197,-5.5316644,-50.447548,-20.763262,-49.81414,25.450256,1.3062365,-14.948004,6.2507915,5.1694636,13.986883,10.4696,19.389553,-21.26383,-31.220257,-3.440997,0.8029549,-5.776814,1.7874793,-2.743988,-0.6937321,-1.3266857,-3.476621,-0.3532377,-0.9940355,0.10181496,3.3736665,4.07568,-1.5239307,-2.836254,0.8408474,-1.2304242,-1.6375186,-1.3218273,-0.8941137,-1.6532531,1.6763035,-0.31174394,0.87755793,1.0460278,0.14718428,1.0599899,0.35057032,1.5690482,0.13647287,1.2983278,1.0977622,-0.5633612
GCCTCTAGTTTGTGTG-1,-3.3178365,0.9697516,-1.7776405,-4.1553726,4.4821835,-2.4617445,-2.1440854,-1.9407177,-1.415922,-0.018957876,1.4045805,-0.59087425,-1.2364097,0.10474597,-0.77391946,-2.0776446,-0.66076946,-0.33352724,-1.4882888,-0.42575434,-1.8693924,3.3166184,1.20792,-0.87264276,2.1856818,0.65661216,1.0002362,-0.97845066,-3.2769222,-1.1234958,-0.14227732,2.059138,0.44136715,-2.1238246,-0.9988967,-1.6352838,2.6776125,-2.6053815,3.0418751,-5.3510127,1.3034102,-2.2691057,0.43041408,-0.3190306,1.7024589,4.8823647,-2.735284,3.6276846,-1.0217062,-0.7845699
GCGAGAATCCGCAAGC-1,10.551816,-0.28611845,1.4809719,-0.48833412,0.8959986,-0.4426733,0.6394171,1.4460123,1.4937702,0.20960733,-1.4162874,0.12410319,-0.58708525,-0.11061266,0.5527608,-0.39398682,-0.51771384,-1.0231843,-0.16757797,-0.2261695,0.66518176,-0.8225569,-0.71884525,1.043719,-0.299387,-0.90096503,-0.21511275,0.66078866,-0.081476726,0.38101324,-0.4427278,-0.38676003,0.6486813,0.51417834,-0.90078014,0.053457722,-0.0760337,-0.32714295,0.07858359,-0.16894603,-1.3783792,0.3454519,-0.029899191,0.6272695,-0.32573244,-0.018120779,1.1756885,0.3149316,-0.49637905,-0.8606695
GCGCAGTGTGCCTGGT-1,-0.19618954,0.41632074,5.828999,-1.1186416,2.8034809,2.6761394,-3.7673266,-4.0659356,0.1855789,1.2055979,0.33944854,3.3752742,2.8750691,-0.5743557,1.3949337,-0.60826874,-0.14375685,-2.1729362,0.739883,2.379,-1.3697959,-2.2304628,-1.755994,0.74722296,0.061476257,-0.99892855,-1.6386065,-0.5524032,0.5064628,-1.2930392,0.81618035,-2.157944,-0.37413248,-1.3816416,-0.07170677,-0.39608836,0.72042215,0.5138932,-2.2868187,-2.0177603,-0.14439622,-1.1120268,-0.42440438,-0.12368963,-1.8204414,0.09726467,-1.1015846,-1.1772727,-1.5670024,-0.6826869
GCGCAGTGTGCGAAAC-1,12.13905,-0.31410918,-1.6987511,0.23828429,0.21088298,-0.41654646,1.2470913,1.7099792,1.0178975,0.25512323,-0.5411161,-0.5776158,0.3989903,1.2027991,-1.0237708,0.50973505,-0.1373058,-0.5469671,-0.64755523,-0.36892962,0.90616375,0.0018612548,-0.42412958,-0.081908375,-0.26664993,-0.4963007,0.102072604,0.4964661,-0.24951467,0.39264798,0.15221182,-0.92646277,-0.7036884,-0.05148332,-0.380378,-0.20853288,0.88303834,0.93045664,0.41549546,0.16372535,-0.22737254,-0.55897254,0.5264345,-1.0345081,0.5891906,0.5551468,0.38263178,-0.85743344,-0.041150108,-0.13772464
GCGCCAAGTCCAGTAT-1,10.345137,-4.362841,-4.184773,4.5513387,-4.191964,1.5007141,-4.621332,-6.7172203,-12.782047,-6.219715,3.435819,-2.5006351,2.7236855,1.3350945,-1.2174165,0.38531506,1.1708324,1.4348015,-1.3241266,-0.29636174,-1.2344717,0.20609209,0.99971765,0.021473413,0.32218406,-0.51153547,-0.3261696,0.1772473,-0.49555567,-0.2260599,0.29639703,0.48149917,-0.325383,-0.20438905,0.034042954,-0.09983104,-0.080611065,0.56715566,0.70603645,0.85429907,0.0026241767,-0.25218895,0.48001498,0.7548951,-0.33513469,-0.5913978,0.20710258,0.27560902,-0.340279,-0.14533867
GCGCCAAGTCGAACAG-1,8.093214,-0.5369576,0.109361425,0.4067515,-0.026705371,0.10180559,-1.7769668,-1.4398476,1.9032524,0.9391086,0.9674496,0.5172967,0.99597126,0.19104336,-0.09817129,-1.5827668,0.29842427,0.78408724,-0.5031018,-0.3837318,2.3117645,-0.40938255,0.08854895,0.60156614,0.5915605,-0.2510225,-0.2602442,0.053536396,-0.21165803,1.2981337,-0.3887906,-0.27073994,1.0998926,0.48826224,-0.121552125,0.7435089,0.40840605,-0.14500718,1.459935,1.9801558,0.97750264,-0.15549015,-0.9171191,-0.40813977,0.034985416,-0.069658786,-0.7931832,0.4851052,0.5930845,-0.0986896
GCGCCAATCATCTGCC-1,14.128661,0.8766987,-2.3389924,0.13693534,0.08422626,-0.29899913,1.1879557,1.6109108,-0.36105433,0.55962026,-0.18536487,-1.6062553,-0.26288742,-0.029541787,-0.73874384,-0.80018926,-0.21314469,-0.5261799,-0.23064747,0.9883266,0.28478253,0.25003707,-0.24868329,-0.36118323,0.08585417,0.12507421,-0.9826777,0.1644376,0.32632804,-0.23175731,0.46196288,0.2637809,-0.47149885,0.93097806,-0.31256363,0.19789864,-0.87246776,-0.011594328,0.2725858,-0.19259647,0.9419126,-0.32706743,0.13421908,0.74178296,1.5174971,-0.48605925,0.30388308,0.7564499,0.59674543,0.3787954
GCGCCAATCATCTGTT-1,-0.14639848,-0.26106006,1.5193802,-0.22717178,2.4241123,-0.108844995,-2.5053523,-1.5331148,-0.23189408,2.384617,-0.18710251,-0.3598672,1.5941467,-0.58867586,-0.18575245,-0.7099396,0.06560091,-1.1397398,0.75440145,-2.1441073,0.2512284,0.26879913,0.06340127,0.13349491,-1.9328784,-1.0810045,0.29674122,-1.6553015,0.80692774,-0.842775,0.4231822,-0.5632554,-0.21003951,-0.518592,0.24600282,1.1430914,-1.010784,-0.38773185,1.319332,0.6916667,0.5690769,-0.57799137,-0.33786708,-0.85900843,1.5846747,0.86285585,1.2290086,-0.58324933,0.31479126,-0.052473772
GCGCCAATCATGCAAC-1,2.327186,1.6418859,10.264141,1.9206676,1.318293,3.7520378,-2.3824265,-3.4139001,1.216102,-3.0288508,-0.68033546,1.5198224,-1.749242,1.0543195,0.3146006,0.06728798,0.67197156,0.9762411,0.18710926,-3.594165,-1.5077903,-1.6003187,-0.3378276,1.7115047,-1.687238,0.65883493,-0.9892774,0.30052662,1.8024205,-0.08593753,-0.726966,-0.14743485,-2.511736,-0.24485248,-1.3188491,-0.3497987,-0.8809428,0.031210931,-0.7623192,-0.4627996,0.89404595,0.53880775,-0.11408071,-0.17155667,1.3453901,0.96039927,0.4005826,-0.8546549,-0.0950909,-0.51161885
GCGGGTTGTTCTGAAC-1,-3.1479516,-1.7196741,-1.5431565,-0.99127316,2.567856,-2.6574192,-2.593424,-1.5587083,-1.9576423,1.4836211,-1.2837254,0.28188217,-1.2676461,0.18682857,-0.34308407,-1.926198,0.9093304,-1.4310044,-4.3523808,-2.1965714,-0.08294042,0.02164468,-1.3042337,0.9486117,-0.77077943,-0.61485827,-2.4254036,0.7683808,0.47210297,0.1726075,0.14552741,-1.1810186,-1.5298485,-0.7733039,0.25631002,-0.23728794,-0.07046201,0.31387487,-1.2560638,1.866669,2.1851983,-0.11786228,1.1067582,-0.47032404,0.7935351,0.012565217,-0.8722393,-1.4332243,0.42529193,-0.49925518
GCTCTGTTCATGCAAC-1,-3.9082959,-3.5954325,-0.2409848,-2.1145077,2.240932,-1.6218954,-1.1463578,-1.1275746,-3.4246802,2.8058178,1.2969404,-0.41241583,-3.4985862,-0.15456897,1.1081786,0.75292826,-2.6569345,2.044501,3.378033,-0.5225954,-1.8615144,-1.0819575,-1.8380505,-0.21329543,2.231926,-1.0163057,1.6939582,-5.2884703,-1.6476868,-3.6051965,1.7707855,-0.5826332,1.1767906,-1.631885,-5.5998573,-1.3574817,-2.1392336,-2.2466092,0.965416,-2.9660892,0.47976023,-1.8748548,0.048558835,0.050997727,0.13344023,-2.6724412,-0.8041038,-1.1915781,-1.6934057,-0.57962996
GCTGCAGTCCATGAAC-1,-2.7364392,0.7933418,-1.5972703,-3.6431994,3.5788577,-2.9976194,-1.6731594,-0.7900753,-1.1763852,3.1782725,0.2788224,1.7077675,-1.8303515,-0.0072741746,-0.9271826,-1.3283262,0.75941706,-0.65045047,-1.7029546,-1.2266054,1.387727,0.9091346,-0.54452205,0.7859138,-0.40174937,-0.18579695,0.5562877,-0.65343934,0.2064248,-0.7241934,-0.07866694,0.22796865,0.7519588,-0.07266391,1.0006313,-3.0255437,0.7251736,0.2988252,0.87278104,0.28771627,1.222391,0.37897262,1.0527488,-0.544167,-1.5659181,-0.5043477,-0.9996983,1.0033857,-0.8640801,-0.057976823
GCTTCCACAGGATTGG-1,13.42085,1.3438771,-1.8576944,-0.73466915,0.027008308,-0.35285696,2.3203177,2.0890863,0.87563354,-0.11154041,-0.5566031,0.34603077,-0.73857456,-0.45168,-0.9272646,-0.1775673,-0.03902467,-0.15682545,0.10251867,-0.37137395,-0.13845651,0.3820037,-1.1026771,-1.0331035,-0.0042028236,0.03236619,-1.1420035,0.13841334,0.24619825,-0.013048776,-0.49658152,-1.8931966,0.371904,1.0259932,-1.0536624,-0.403686,-0.93540365,0.2357528,0.9268713,2.1941729,0.02481301,0.61411613,-0.09043517,0.9731722,-0.25294146,0.024901025,0.10086399,-0.03960973,0.77863693,0.37578723
GCTTGAAGTATAATGG-1,13.648732,0.5111509,-0.97061825,-0.6983217,-0.08379768,-0.9218151,1.8009635,2.0954602,-0.8442555,-0.3763361,-1.738855,-0.68476975,0.0740996,0.12692273,-0.34597966,0.5617014,-0.2160977,-0.15435863,0.118800454,0.26119792,-0.1152543,-0.38164842,-0.9776152,-0.5749611,0.069894895,-0.04649434,0.18318151,0.12916546,-0.020800022,0.055804968,-0.4900151,0.21012428,1.120656,-0.480894,0.8125463,0.70759827,0.7216999,0.07320585,-2.2701867,-1.3048267,-0.7279755,0.36786056,-0.6131959,-0.26495248,0.3317528,-0.2260064,-0.2397392,-0.30421355,-0.1335946,-0.7234947
GCTTGAAGTCTCCCTA-1,11.81569,-0.2651435,-1.241977,0.06086695,-0.69005984,-0.65669477,0.0016595379,2.1205025,-0.017886264,0.7939718,0.27396667,0.83794904,-1.3688632,0.8533195,1.2429352,-0.75320905,-0.86917543,-0.82877964,0.08080494,0.7671986,0.5854814,0.08879685,-1.2354127,0.75026727,0.26572126,-0.6139944,0.30201983,-0.037356153,-0.330423,-0.5977764,-0.46835402,-0.22835806,-0.13965687,0.97690314,0.587304,-0.6157733,-0.6793538,-0.11406062,-0.4329396,-1.5551335,-0.51247835,0.17390609,0.1267153,-0.7194185,0.33707258,2.6672785,-0.024220303,0.990883,-1.4230348,-0.25874725
GCTTGAAGTGGCAAAC-1,-1.7612252,-0.122783855,0.23644696,-0.7531221,3.6060338,-1.5158075,-2.1799908,-1.3302301,-0.49562457,2.409948,-0.5322503,0.7852073,0.110476255,0.05501214,-1.370377,-0.74091125,-1.302481,-0.6683312,0.44477883,-1.6659704,-0.49107784,-0.62851024,-0.6281707,-1.3282552,0.003904466,0.80111885,-1.29411,-1.6600376,0.6803987,0.93074256,-0.6121229,-0.9992844,0.51548076,-1.8846847,-0.79276687,0.7306199,-0.5219059,1.1311675,0.16380228,0.5358293,0.6540664,-0.4822096,-1.4809586,-0.6678411,1.4491755,0.3713081,-1.1609,-0.40876567,0.73268944,-0.38404375
GCTTGAAGTGTGAAAT-1,3.3976188,5.764519,11.187013,-1.2111822,0.78081775,4.6605105,-0.71959317,-2.1482308,2.0249767,-2.6782768,-1.4847363,-1.5457807,-1.7705424,1.7838308,-2.4552372,-2.897173,0.15477931,1.1645457,-0.77273494,-1.4505892,1.088144,1.5604628,-1.5774964,0.3580107,0.5402129,0.76298976,-0.8516804,0.6621154,-0.13864106,2.4459488,-0.7422468,0.7497161,-0.195749,-0.7534595,1.0751519,-0.05363343,2.6409569,-0.4373842,0.64292645,2.6680903,-0.90884155,-0.8523753,-0.57246435,-0.28394395,-2.6296,-2.0026577,-0.93122864,-0.87812024,-0.4289644,1.5415815
GGAAAGCAGACTAGGC-1,0.72597724,10.532726,15.739135,-1.1999912,-0.73094386,6.7383986,0.17554897,-3.7890239,1.217192,-7.599874,-3.9786866,-3.1280582,-5.2732706,2.475108,-6.9063206,-3.8793788,-1.2107263,2.4617877,-1.1611574,-1.6575234,1.5885766,4.442291,-3.559807,-1.6499398,3.5239353,2.9887996,-4.4569817,3.0392048,-3.334654,3.8044713,-0.47831097,0.14964801,1.7308857,0.6429753,-1.6712458,-0.8770254,-1.7192715,-0.7008992,-2.5578098,1.217323,-0.40449783,-0.46076164,0.08678198,-0.56948334,1.4174768,2.5691547,-3.0654774,-1.602898,-2.6992161,-1.3185605
GGAAAGCAGAGTAATC-1,-5.608034,0.9787954,-3.4305964,-5.315057,6.776284,-1.6279671,-4.6361938,-3.651919,-0.7474682,0.801098,-1.8424836,-0.21030231,-2.3475902,0.82961833,-0.62206286,-3.3201313,1.1948109,-0.05005039,-0.11655966,-0.45026085,3.4130304,0.9220719,-2.3488564,-3.8983612,-1.2400894,0.05705931,1.5863408,-1.5931612,1.6195644,2.7207444,2.2618775,3.7835283,-0.65771693,0.97805613,-1.5125482,-0.40357652,0.69863015,1.7276924,-3.7182894,-2.0333834,4.757098,-2.396088,-0.9755371,-2.5738683,1.1515837,-0.7875754,1.2691519,-2.603293,3.6885114,-2.0653958
GGAACTTGTCCGTGAC-1,10.701892,1.1185087,-0.049496576,-0.8194563,-0.52301145,-0.32019165,1.2531738,1.5404589,1.3832428,0.51302326,-0.18139327,0.43738347,-0.728126,-0.66560376,0.44126925,-0.16865516,-0.90768635,-0.07716792,0.89523864,-0.5010468,0.06684473,-0.46041772,-0.87955713,0.9055474,0.4237702,0.3162655,-0.43862393,0.11127031,0.40035146,-0.70001006,-0.33903816,-0.91153985,-0.6477283,1.4166443,-1.5354414,0.8330267,-1.2083018,-0.0052263387,-0.10089988,-1.987485,-1.0234019,0.18584454,0.68505776,-0.4701036,0.25285634,0.9228083,0.17758766,0.97093123,-2.0361967,-0.42237705
GGACAAGGTGCACGAA-1,-2.0493383,-0.4660199,-1.2942859,-3.054268,4.0011363,-2.241972,-2.2394643,-3.3849447,1.2342107,1.0302588,0.9711348,-0.24075098,-1.7758942,-0.14524107,-1.1907616,-1.8547406,-1.8961378,0.3637283,0.05171153,-1.7978964,1.6688073,-0.88553625,1.6780075,-0.8359953,0.5691341,0.46097478,1.1653644,-1.3091397,-0.16034755,0.36757427,1.3760026,-0.31827182,-0.67097324,-2.3178515,0.13251066,-0.76270425,-1.9378433,0.866163,0.7760023,-1.3407025,-0.0441467,-0.7457197,0.09646893,-1.1538426,-0.4981225,0.38106096,-0.597206,-0.17927554,-1.9205103,-1.7723937
GGACATTAGCGTTGCC-1,13.94776,-0.07872479,-1.6064281,-0.83679384,-0.28196406,-0.48711652,1.922021,2.285289,0.853615,-0.32994205,-1.312002,-0.36470845,-0.7446868,-0.17939568,-0.0066558616,0.940821,-0.15210801,-0.69365185,-0.29947063,-0.37166214,-0.71542454,0.34039766,-0.35967958,-0.34990168,-0.3457136,0.5360676,-0.15523246,-0.151196,0.067827865,-0.14445826,0.13424371,-0.33608103,-0.60304993,0.6031128,-0.06841279,0.46398184,0.27621984,-0.37863162,-0.45996368,-1.1451743,-0.062603764,-0.8460685,0.30711707,0.4024916,-0.21975641,0.6903462,-0.16895084,-1.0160996,0.38545662,0.2407342
GGACATTAGTGCAAGC-1,-1.4483689,-0.09607888,-2.0417438,-3.6738172,3.9091222,-0.48859024,-2.1780984,-1.6022428,1.2613679,0.013277374,1.2150978,2.9760058,-0.3088106,-0.3664919,-1.134554,-0.5314211,1.5031426,1.41187,-1.2974169,-3.0340538,1.9269642,-1.8436136,1.0718825,0.28270963,1.6102432,-0.07838807,-0.27841765,-0.8664732,-0.5172549,-0.91791517,1.094742,-0.014443468,-1.0534184,-0.3811321,1.053784,-1.8849924,-0.678938,-1.3891828,-1.132728,0.33454272,0.5600631,-1.6810309,0.23264223,1.7527952,-2.3684723,-1.3554833,-2.126031,-0.93615794,-0.007253856,-1.132346
GGACATTGTGAGGGTT-1,-6.977485,2.787803,1.0938399,-3.5869024,1.9200531,-2.4530966,4.020466,0.30578595,-4.3550954,5.274719,-2.4799137,-2.5924933,1.6147071,-0.11874712,-3.3951616,1.1574402,-4.6011906,0.75385475,-0.32374245,1.9532738,-2.1806998,-1.3836571,2.1932132,2.5700984,2.8284292,-2.4825118,-0.23423097,3.4429865,-4.510522,-2.5864046,-1.4862691,-2.2042775,1.5275987,2.9154112,0.5860162,-3.9735565,-2.1351638,-3.121586,0.6857755,-1.3314233,-0.1293298,1.6910055,-2.4785929,0.22602047,1.34948,0.6908897,1.3884903,-0.40490893,-1.6885431,1.0813566
GGACGTCCAAATCCGT-1,-0.9234939,3.9894574,10.132449,0.11137922,0.5318244,3.0271592,0.06538995,-0.26799083,-1.3389059,-2.9477148,-0.63737875,-0.3526331,-2.9518456,-1.6786886,-2.7251818,-0.3743713,-0.4928347,1.7605302,2.3733828,-3.0316198,1.3024287,4.238193,3.9683332,-2.959638,0.18053035,1.8576981,0.4595812,0.49000785,0.05229111,-2.464145,0.18751596,2.522685,-1.2135046,0.7785761,0.4771547,-4.285606,-1.5582182,-0.8212749,3.2354245,-0.86295825,-2.1272995,0.2110389,-0.42487955,-0.98710245,3.0079389,-0.2202763,0.057260558,-3.3951712,2.7769709,4.361932
GGACGTCCAATGTAAG-1,11.800231,-0.2344759,-1.0827943,-0.16830505,0.71373427,-0.22039618,-0.02038563,1.1616096,1.8607982,0.0632812,-0.52085286,0.4323864,0.55771923,-0.8202453,0.5531725,-0.10067155,1.0531547,0.44586802,-0.36042938,0.61795914,0.99623764,0.9676052,-0.39470485,-0.044922132,-0.5354888,0.05170843,-1.0213033,0.8498559,0.45669368,-0.30737904,-0.74346954,-0.15640827,-0.0072901477,0.27627105,-1.4788038,0.14544624,0.06665319,0.29422608,-1.1911981,1.0105966,0.28224164,-0.14697704,0.35302526,-0.30935782,0.7013741,-0.64195657,1.2256958,-1.3138348,0.57737434,1.2303253
GGAGCAAAGTGCCAGA-1,-1.84359,0.017405033,1.9884766,-2.5887213,3.8992634,-0.4212533,-3.7134814,-2.1067946,-2.843881,4.7151847,0.80316216,-1.3774862,-0.19417103,-0.8535529,-1.2675575,-0.063602515,-0.85460913,-1.6914264,-1.0385199,1.9941089,1.502224,1.9193511,-1.0489016,-0.94924784,-0.73082465,-2.8809063,-0.07728938,-1.226276,1.8264663,1.9641734,-1.0422672,-2.2178056,0.38204587,-0.54345596,3.2496543,4.0937996,-0.1510832,-1.3572934,-1.5291189,1.7073354,1.5482548,1.0520047,1.3680935,-3.9443595,2.2580748,1.4821377,0.37511453,0.39587423,-1.0977756,-1.5658196
GGAGCAAAGTGTTTGC-1,-1.9335128,-0.9578643,-2.3992362,-3.0771358,2.8817866,-0.5158465,-2.4243705,-1.4205447,-1.5167369,3.5271647,-0.8344102,-1.4994943,-1.1862997,1.0230072,-2.8398457,-0.32595348,-1.7054489,0.22135966,-1.2169735,1.2396767,2.0089684,1.3059924,-0.32511145,-1.0663754,-0.9209164,-0.8704275,-0.48871407,-1.2108855,0.9978011,0.071512185,-0.29083982,-0.45301858,-1.1281761,0.29688647,0.5426993,-1.3825903,-0.6734356,-0.9678146,1.6894532,0.7559233,0.27349886,-0.5783947,-0.16522624,0.52682585,-0.3565079,0.3850999,0.72389346,1.3841484,0.9737798,0.3579029
GGAGCAACACATGGGA-1,13.47329,-0.03690832,-1.9420238,-0.032862455,-0.9151745,-0.7297438,1.0377839,1.838726,0.7783552,-0.3686853,-0.4623095,-1.6924505,-1.0433933,1.0069429,-0.10741755,-0.20041631,0.6991332,0.12997448,-0.46922672,-0.14999583,-0.46360004,0.59310263,-0.17250292,-1.1776712,-1.0356798,1.1640035,-0.5017018,-0.44042662,0.90181553,0.80540615,-0.09701466,-0.84832215,-0.029648906,-1.1680609,0.12108083,-0.644802,-0.30638796,-0.5162508,-0.22403865,-0.7223063,0.26032558,0.5363492,0.43367144,0.71153957,-0.15069897,0.43144703,0.12969288,-1.0389459,-0.65599227,-0.6995016
GGAGCAACATATGAGA-1,1.7313359,-3.4387066,-3.1253343,-0.13433018,3.9037404,-1.965115,-5.1009593,-4.665012,6.2546,1.0824599,-1.1306324,-2.579482,6.422601,-1.7200693,4.554308,-0.55488986,5.8395805,12.132347,5.303252,0.8873899,2.032729,0.29094478,2.2144005,-0.8767822,2.1779985,-2.0832474,-0.46715775,-0.7495681,-3.3563902,-3.435467,3.539437,-13.937913,5.432866,3.2094162,8.712268,2.1828895,4.9037423,-14.865713,7.0616,7.840987,-0.6871615,7.7085605,8.395545,9.2113,-0.9184785,11.463967,2.9437816,-3.9690824,2.2949212,7.976577
GGATTACTCCGCGTTT-1,-2.4451647,-0.1664587,-0.53099006,-1.8760643,3.4613726,-1.3279815,-0.07289748,-1.338894,0.68968403,1.027562,-0.24323964,-1.0519261,0.78498524,-0.0009381273,-0.39718175,-0.48049983,0.2872757,-0.5956718,-1.4282801,-1.3760185,0.7218465,1.6222113,1.4587387,-2.4152253,-0.7053,-0.079871945,0.68584186,-1.9610132,0.39284623,1.3241271,0.6011365,-1.7716342,-1.1969646,-0.4830693,0.097825095,-1.8459173,-2.1730545,0.5251088,-0.16249385,0.61882824,1.6989167,-1.1718496,-0.6241454,2.6016648,0.880496,-1.2700334,0.5699616,0.37679303,0.13216048,-0.4013865
GGATTACTCGCTTGTC-1,12.685353,-0.3146565,-0.9110967,-0.098348126,0.02088734,-0.90756863,1.1095543,1.414541,0.9161937,1.0397972,-0.41070148,-0.6707001,-0.096348755,0.23753871,-0.18193124,-0.000945903,-0.29586378,0.5181348,0.49409345,0.097283974,0.049565453,0.2315457,0.16633739,0.14806351,0.7169028,0.4082806,-0.7873297,0.3331856,-0.13289754,0.059989396,-0.1870439,0.29893973,-0.14932598,-0.027470132,0.76135355,0.5552923,0.83518803,-0.3914344,-0.7113663,-0.5041208,0.51323146,-0.44420794,0.4680357,-0.41589737,0.72200054,-0.27638298,-1.1421691,0.39766923,-0.7289662,0.13246374
GGCCGATCATAGTAAG-1,11.913969,0.7859712,-0.14820053,-1.2212653,0.9798618,-1.582475,1.647875,2.3396716,1.2235785,1.6372144,-1.2338572,0.89443296,0.017877415,0.2844045,0.49043185,0.039085925,-0.612018,0.0014774882,0.732542,-0.19966494,0.12822156,0.4518361,-0.97279674,-0.7461964,-0.392935,0.6045173,0.34548664,0.5098637,0.5489466,-0.46687824,-0.49197835,-0.021907622,0.18638457,0.027901933,0.007423554,-0.8230219,0.40141106,-0.257334,0.64423805,-0.1239333,-0.32315344,0.40611556,-0.6455806,-0.13944902,-0.3746954,-0.644355,0.35694954,0.15480967,-0.28239876,-1.3716593
GGCGACTCAGCGTCCA-1,11.514659,-1.1247749,-1.9364741,-0.07576828,0.3324698,0.16353455,-0.88409716,0.9026658,1.6528652,0.90204924,-1.0363445,0.01577108,-0.64834714,-0.32805702,1.8284161,-0.2950446,0.52481514,1.9260441,-0.1338851,-0.6999213,0.14263356,0.3696,-0.3421156,0.456996,-1.2601641,-1.1201544,0.30494514,0.14338554,0.28841567,-0.17688365,-0.44736978,-0.3454105,0.105119005,0.28251538,-0.8750715,-0.73500836,1.2013198,0.5185517,0.8154009,1.4169503,1.1635066,-1.6820022,-0.061484158,0.6435921,0.3396327,-0.6010407,-0.16034648,1.1740693,-0.86792374,0.31147206
GGCGACTGTTCTGTTT-1,9.927774,-2.0602493,-1.0637034,1.324625,-1.44649,-0.34059167,-0.8194738,-0.17379884,-0.4559621,0.81790787,-1.482187,0.34587562,-0.06652131,0.11326884,-0.46523833,1.2697531,-0.8320018,-0.20387231,-0.8834599,0.5440679,0.7706874,-0.10008552,-0.78403056,-0.01749913,0.15521103,-0.555639,0.2746855,0.7574643,-0.8733265,-1.14862,0.07349119,0.25818905,0.022129359,0.22457103,0.036004506,0.30760193,-0.26916096,-1.0403876,0.46190733,0.10257387,0.93024135,0.50684285,0.11169483,-0.45906234,-0.3419746,0.7980978,1.1476781,1.550513,0.77013516,1.5192285
GGCTCGAGTGGTTTCA-1,0.69663936,2.7141953,10.583006,1.6414826,0.036224682,3.9454658,-1.1030056,-2.5141408,-2.0282373,-0.08532119,-1.1254938,-0.5873481,-2.730669,-0.08020131,-2.326684,-1.8938979,-1.0493683,0.1445195,1.1542879,0.13412982,0.7639268,1.8264565,0.44496346,0.73147935,0.2925677,-1.776138,0.15688957,-0.0689694,-0.3652117,-0.11717568,0.88008344,-0.3188908,0.09132956,1.2376714,-0.17079227,0.90685236,0.40121356,-1.9057628,0.38372388,-0.37923715,-1.8950887,2.0006824,1.0352802,-2.4486413,0.16051199,0.6543922,-0.47918364,-0.99887073,2.226343,-0.88679755
GGCTGGTAGAACTGTA-1,-4.358533,3.9478161,-1.028314,-4.086583,2.6146665,-2.0452054,-1.1277035,-0.70922536,-1.5664622,1.7367774,-1.6037365,-4.6213217,2.5456235,-1.7797245,-3.652539,-0.24660642,-2.3316,-0.65137684,-1.1851574,0.72815007,-2.2959864,-2.151627,2.1135478,1.5011957,-0.11328706,-1.1872859,-0.8215958,-0.85029095,1.9318758,-2.0277126,-0.58638436,0.7652404,-0.21957329,3.4698987,-0.7479592,-4.3700285,2.1429327,0.0010250191,0.61779624,-1.6609553,1.8488984,1.1874284,0.9930608,-3.7311215,-0.20132329,1.3057854,-2.3167033,0.114617705,-0.10642452,-0.3270338
GGCTGGTCACTGCCAG-1,-5.5613365,-1.257868,-3.2048554,-1.6285263,0.48095456,-2.0692036,-2.0733907,0.15112315,-2.2814806,4.311208,-0.60980827,-3.684265,0.27054846,2.7749386,-0.82790667,1.0977056,-1.3492678,-1.1758614,-1.9865118,0.15506499,-0.49737924,2.4460428,0.17539535,0.9904205,0.79343307,-2.468012,-0.91356164,-0.8615514,2.415446,-3.1782737,0.38787577,-0.44575655,0.033103205,0.6268106,0.14293033,-1.5987728,0.73454773,2.69051,2.1395419,0.2745659,-3.9505243,3.5476515,-1.3099682,-3.8834174,1.9326262,2.1471615,1.5572339,0.98374987,-1.6836057,0.06929721
GGCTGGTGTAGCCTCG-1,2.685818,0.35349652,4.320493,-0.93393606,0.68723106,-1.0224327,-1.9063997,-1.1169165,-0.64272636,2.0472243,-1.1288283,-0.01674936,0.381809,0.45548818,2.676767,0.1830353,0.2253869,-2.692412,1.6638126,0.6432275,-1.8552333,-2.5034657,1.1818011,2.0087721,-1.1919208,-1.4863156,-1.014741,0.25338984,0.17770602,-0.93000907,-1.3512518,-1.553737,-1.1577781,1.0660797,-0.64372665,-0.8206001,1.5442834,-0.82305163,0.5225676,0.45001525,-1.9627984,-1.3561555,0.45340547,0.7246507,-2.1171134,0.6118886,-0.32480794,-2.7733614,0.36287987,-0.25007805
GGCTGGTGTCAGAAGC-1,6.845886,-0.5540432,-0.04349465,0.90075105,0.20586774,1.260942,-2.7504096,-1.8901688,3.046352,1.9878682,-0.53296643,1.3818393,3.6871288,-1.4242009,1.9653863,0.6792801,1.2941914,0.47439536,-0.734777,4.1349745,2.6977491,-1.2892445,2.2738128,0.8037447,4.053381,0.63669485,-3.7102726,0.7122979,-1.3912674,2.7762508,0.9857543,0.87944543,0.8497667,-0.9912405,-1.3603066,2.2656913,-0.8122743,-0.6483676,1.0720186,0.6000641,0.34196863,-0.28295356,1.2968341,0.8216539,0.26215553,0.24801306,-0.026602723,0.9004107,0.45348206,2.0630171
GGGAATGAGGCTCTTA-1,-1.9477379,2.9695241,10.995348,0.32361272,-0.42058188,4.300146,0.11308239,-3.6006815,-1.213694,-1.4960529,0.62372315,0.79735357,-2.7809622,0.44637054,0.966058,-1.2072634,-1.2414459,-1.5225259,0.43396375,-1.3320881,-3.3158262,0.648789,-0.40361425,0.2743298,-0.9861152,-0.004707038,-2.1082823,1.4928575,-2.2688837,-1.7824416,-1.4854498,1.2220026,-1.907189,-0.77206236,-0.6287155,0.58001137,0.2892285,-0.6077925,-0.0361913,-0.24009758,-2.7506893,1.0738679,-0.16326451,-0.83862835,-2.96262,0.69603884,0.09386253,-1.4407519,1.6699216,0.3601472
GGGAATGCAGGATCGA-1,-3.9731455,-0.29176915,-1.0494704,-3.1390054,2.939709,-2.12274,-1.9120315,-1.2040461,-0.33645564,0.47141197,0.5687794,0.1735248,1.5011947,0.06764818,-2.4042172,-1.5140098,-2.059665,0.14423469,-1.3613907,0.3925921,2.409457,1.3840863,0.56876093,-0.31458995,-1.2956616,-0.79393464,0.9650172,-2.5605626,-0.18433158,0.09453171,-0.8001551,1.4326807,-0.69922256,-0.11528413,-0.7959367,0.74808687,-2.4203155,0.057679698,-1.023161,-0.83557147,1.1944584,0.37294042,-1.1513028,-0.75694066,1.6261553,-1.1935257,1.1261637,-0.0518816,-1.9908984,-2.8036087
GGGACCTCAGACGCAA-1,13.597266,0.65468425,-0.77093536,-0.50264496,-0.7640057,-0.34276375,1.8334018,0.80531806,0.9047923,0.5148437,-0.65683454,-0.7716666,-0.8167036,-0.60023534,-0.033581827,0.088484235,-0.42577532,0.38681033,-0.3085163,-0.17621028,0.3657124,-0.5183614,0.06595827,-0.48941875,0.7511593,0.22142574,0.96326935,-0.17751758,-0.691607,0.431549,-0.39580753,0.6055618,0.4059536,-0.4088951,0.70299524,0.49943572,0.91498375,-0.124777935,-0.643813,-0.97745615,0.54009956,0.73045534,-0.0134030795,-0.53126234,0.11436943,0.6042092,0.19220124,0.28198332,-0.4965947,0.03167784
GGGAGATGTGCCTGTG-1,-2.5850153,-0.013938979,-0.089947924,-1.4640641,2.4801707,-1.9260714,-1.4702053,-0.24648081,-2.876558,4.5577555,-0.7284248,-1.0687702,-2.1880631,2.3141344,-2.3897085,-1.0147928,-2.6483326,-0.7344002,-1.2008535,0.11864006,0.16167054,1.2360193,-0.34709805,-1.2197663,0.9795816,-1.0571958,0.19302452,-0.8781662,-0.47866076,1.5362835,0.31754282,-0.11319278,-0.37101528,0.030976178,-1.1525233,0.4302116,-0.710996,-1.2613845,1.4943566,1.3705974,0.54529786,-1.173082,0.23219255,-0.4718611,0.5762775,-0.123763554,-0.88128257,1.138183,2.153904,-0.6395728
GGGATGACACTTGGAT-1,14.469134,0.17029063,-1.6349808,-0.55506736,-0.887688,-0.9505123,2.0396793,2.5520656,0.04400551,-0.08933706,-0.059653293,-0.23734471,-1.5672662,1.0294908,1.0028934,0.32863006,-0.72643954,0.9962855,-0.034085933,-0.48261118,-0.48913965,-0.8118494,-0.7936799,-0.605856,0.84157133,-0.58174384,0.2905894,0.7947999,0.9272154,-0.49158677,1.0317615,0.43823597,0.529597,0.171147,0.2516848,0.69973975,0.20981911,-0.34030774,-1.7297293,-1.3502468,-0.72076076,0.16327386,-0.42411435,-0.07936976,-1.2959393,1.532342,-0.67792976,-0.62463075,-1.0212946,-0.7653956
GGGATGATCGTACGGC-1,10.022043,-0.5692193,-0.5746399,-0.07419266,0.22668572,-0.41763774,-0.55666393,0.011140729,1.6394199,1.3373303,-0.11549806,0.6477894,0.050515063,0.56976026,0.24033657,-0.31575307,-0.2470466,0.40278658,0.0011221136,0.22429252,0.578703,-0.03598973,-0.012132042,0.16326573,-0.18454236,0.7838727,0.61485624,0.26612693,-0.27996063,0.3686786,-1.2535506,-0.58801776,0.59651464,0.8476494,-0.40706506,-0.014790809,0.6059078,0.01018794,0.4469528,0.85780466,0.72407293,-0.9488605,0.09335455,0.13400236,0.2520373,-1.5779757,0.07088807,0.15477352,1.0307542,0.3175269
GGGATGATCTCCTATA-1,-0.05957459,4.820402,8.486292,-4.270351,4.0735884,1.5060964,0.47772425,0.013822926,0.45596838,0.16350476,2.0110269,0.44857952,-1.454644,1.7247415,1.0053039,0.78518206,-1.0626179,0.28104082,-0.10574929,-0.7918139,-1.8191041,-0.010345047,-0.5538544,0.42342922,-0.98332465,-0.25085646,-0.031095473,-1.346336,1.6792822,0.7188417,-1.8876628,-1.2019842,-0.19234355,-0.59964633,-1.3239573,3.4303775,-0.76778895,-0.7113336,1.5362765,4.3509297,-0.13129008,-1.373251,-0.44747013,0.008973134,0.475375,-1.9840105,0.8485733,-1.5825061,1.3802786,0.9993513
GGGCACTCATAAGACA-1,0.120334834,0.64848703,6.810112,-0.27623954,1.1539491,1.0308478,-3.2017224,-1.8003868,-1.3962115,1.7248636,1.2423158,1.7936347,0.051331453,-1.7996981,1.9394567,0.28314006,-0.34289226,-2.2046137,1.6827375,1.6057361,-0.15060863,-0.3977193,-0.6010029,0.94250023,-0.8284984,-0.92026,0.13448115,0.28930333,0.29435405,-0.5868178,0.17189567,-0.5165386,0.7889833,0.09708956,2.1524065,-0.09601562,0.7768826,-0.29630908,1.0220789,-0.84119105,-1.7940599,0.7278389,-0.4779683,-0.81164646,-1.2843246,-0.37797788,1.4276646,-0.17541578,0.47988006,-0.19941628
GGGCACTGTTATGCGT-1,13.274003,-4.732336,-5.1440935,5.0815644,-4.009274,1.3527154,-4.0258884,-6.3894486,-14.194017,-7.1144114,3.147389,-3.525539,2.7755947,1.6602875,-1.7265576,0.41614306,1.2000272,2.0508366,-1.7307887,0.5624947,-1.268744,0.6741886,1.2747189,-0.35087162,0.36392468,0.15739492,-0.77446604,-0.17222859,0.028850935,-0.39396822,0.9407084,0.6697797,-0.05808407,-0.22064084,0.720366,0.58820945,-0.65426487,0.7789418,-1.1461401,0.5711476,-0.16894323,0.21154295,0.27085465,0.61719453,-0.4100068,-0.24997334,1.138425,-0.6817563,-0.7410645,-0.54579073
GGGCATCCAAGTAGTA-1,-4.657008,0.37804118,0.17423698,-1.7033322,1.659652,-2.4982786,-2.9791334,0.8125853,-2.2556581,2.987989,-1.1653869,-2.3692138,0.9245268,2.7040727,-3.6186805,-1.7447948,-1.6901157,-1.8167958,-1.1743847,0.9438666,-2.6258345,1.7037812,-0.2552751,0.39920393,2.0962064,-0.59341204,-0.79421437,2.5053709,-3.882883,-1.2089549,-0.8000271,0.7470768,1.8688897,1.7842858,0.90616685,-0.7065761,3.145937,1.2904239,-1.0336343,0.1598485,0.46949494,-0.37936267,-0.099368334,1.0021226,-0.066233605,1.572279,0.8828903,-0.9443196,2.7391067,2.263548
GGGTCTGAGAGGACGG-1,0.6026493,-0.12857929,4.3076625,2.2149527,1.6726137,2.064646,-2.2719235,-1.7153355,-0.75797373,2.6485667,1.9246688,0.24550305,0.2881371,-0.9407341,0.7442137,-0.1890854,-0.69423,-1.0876288,1.9656421,0.87005,0.14861721,-1.4926527,0.73139644,1.036431,-0.9226358,-1.3943057,1.4561758,-0.7023428,-0.57682025,1.1715648,-0.19128615,0.2184619,0.4745801,1.764169,0.34367913,-1.0388525,-0.10383365,-2.1921282,-0.15772715,2.7997398,-0.21350653,2.2795818,1.0315374,-1.1975404,1.389888,-0.19016013,2.1549532,-1.0143853,0.7139516,1.7021819
GGGTCTGTCTCGGACG-1,10.55502,-0.8404286,-0.92497605,0.4716582,-0.031091908,-0.47583553,-0.22114149,1.1135079,1.9080898,1.4606003,-0.15287331,0.0721456,-0.7836524,0.49774486,0.38002864,0.50290596,-0.28605658,0.020286873,0.38521346,-0.48293892,0.5704648,-0.79445356,0.2362869,0.3816625,-0.3062106,0.25909296,0.68160087,0.20574543,0.9244178,1.0325408,-0.66299707,-0.3770586,0.79164433,0.04187254,-0.22636658,-0.2916884,-0.31112868,0.6350844,-0.21827471,-1.4943408,-0.17680219,0.62221706,-0.12979649,-0.42471293,0.20372835,0.6921126,-1.2878888,0.36158183,-0.30606633,-0.27386945
GGTATTGCATTCACTT-1,-4.95507,2.213523,2.5963545,-4.9774,4.7292395,-2.5283573,-1.1196233,2.529973,-4.2877626,4.0036516,-0.5980549,-1.8450034,-3.153073,-0.45946026,0.13164043,-0.576334,-2.569556,-0.5820724,0.03921869,0.34348732,0.34126428,-0.049679708,0.68202716,-2.7755892,0.00640435,-0.49591222,1.2730602,-2.7243094,1.8871793,2.198014,-1.8990221,-1.6375682,0.32676017,0.98744994,0.5634425,0.91196257,-0.3240609,0.18098262,-0.12523414,3.8555346,1.1635294,-1.1658685,0.1878006,2.3414578,2.6435356,-0.7141336,1.8255544,-0.9878134,2.0532815,0.2918849
GGTGAAGCACGTCAGC-1,15.016319,0.90473276,-2.5103097,-0.43835574,-1.3697141,-0.22609127,1.4381909,2.726826,0.36461857,-1.1644171,0.37579846,-0.9465176,-0.690707,0.09948747,0.54068786,1.0819016,-0.7469492,0.84272236,-0.61116403,0.48709393,-1.648218,-0.91210794,-0.6082998,-0.4647421,1.4318681,-0.095261805,0.037315704,0.2724142,0.098820955,0.7328726,-0.951708,-0.20816901,0.082740515,0.6156639,-0.7071235,0.6992351,0.23814581,0.07999588,-1.2105653,0.7879501,-0.21711585,-1.0088687,1.3657457,0.6152944,0.21258262,-0.2143344,-1.0600897,-0.83233094,1.1738309,-0.013536173
GGTGAAGCATATGCTG-1,13.008628,-0.16425605,-1.6496563,0.9594548,-1.9481064,-0.3091246,1.1078275,-0.14677623,0.38099805,0.07592224,-0.8340241,-0.3783378,-0.30217415,0.38178927,-0.3043305,0.43219548,-0.37924427,0.22929054,0.25482127,-0.22609074,0.41758004,0.6002142,-0.5302353,0.15352122,0.34540015,-0.3195121,0.5946051,-0.563739,0.06677935,-0.48246348,-0.18770188,-0.81854266,-0.15452242,-0.03301108,0.43453076,1.0343215,0.14128383,0.27467036,-0.8833002,-0.7924162,0.58283377,0.28473115,0.55955917,-0.0072703427,-0.67022014,0.31684762,0.49207196,-0.067624785,-0.13479546,0.2597114
GGTGAAGGTACGCTGC-1,-0.5195331,-0.27274522,5.735859,0.1613544,0.994105,0.7244974,-3.642822,-2.155112,-0.61941874,2.4147174,1.0292217,0.0825056,0.7994289,-0.014764686,1.0435865,1.0896883,0.53832114,-1.8858669,0.21962704,0.9086301,1.1880487,-0.42046228,0.52422583,1.6681483,-0.79839313,-0.64363575,0.38426816,-1.0694374,1.0311832,-0.46147984,0.40602976,-0.1445405,-0.37341842,0.39966822,0.41192177,-0.7283153,0.7366248,0.16238783,-0.5888721,1.2177291,-1.0799187,0.45027837,0.6943915,-0.84188944,-0.14633119,-0.72395587,-0.13315524,-0.84121865,1.3822323,0.18793856
GGTGAAGTCGATCCCT-1,13.3436365,-3.6515374,-4.596763,4.182352,-4.131248,1.7757353,-3.8975239,-7.7723494,-14.638276,-6.248702,3.2511094,-3.4291492,2.6017847,1.7653378,-1.4424763,0.21257286,0.86199665,1.7826943,-1.3550243,0.9889285,-0.7325867,1.3751479,0.7091521,-0.074986905,1.0709779,-0.31102338,-0.1891033,-0.4521752,-0.3648855,-1.2114598,0.7165082,0.43344885,-0.5884553,0.5099321,0.44845152,0.983098,-0.6398121,-0.14143893,-1.0733429,0.43990093,-0.31619987,-0.9021198,1.0006198,0.67921644,0.25781098,-0.6524044,-0.029367797,0.06939793,-0.35234463,-0.8360567
GGTGCGTGTCCGAGTC-1,15.370783,0.57856566,-1.2832649,-0.44841486,-0.03179216,-0.42850205,0.9721052,2.1718028,0.8848396,-0.4094891,-0.6514332,-0.60386217,-0.6771655,-0.3504074,-1.3752881,0.13398673,-0.16950783,0.8386231,-1.0976661,0.73214316,0.28388566,1.6676931,-0.27623132,-0.8520727,0.95855296,0.315046,-0.47711173,0.9031722,-0.26776284,-0.026320105,-0.1322775,0.015961926,-1.1061678,0.34566364,-0.31450826,0.7069769,-0.686378,0.3701355,0.043619018,1.1006842,0.96500933,-0.25676516,0.7460027,0.30382538,1.4890254,-1.3197441,0.09812429,-0.3862986,0.21573679,0.37420583
GGTGTTAGTTTCGCTC-1,-9.981451,3.1061852,12.721743,-4.5074153,5.4495897,-1.2603428,8.234007,8.273611,-16.905802,-2.575739,-3.7827168,4.6872897,-9.392731,8.081636,24.703365,59.053448,-31.977652,28.737589,-20.13968,-5.9373918,15.354854,-8.647483,-2.8516386,0.60989803,-3.8801808,3.2443194,-2.7454677,2.5736222,-0.11509758,4.827587,3.0806854,-1.113632,1.0966145,-0.7962606,0.9211282,-3.3435276,-0.88369286,-2.9146538,-0.31821632,-0.51699144,-1.3306746,2.335718,-1.9779651,-0.095268495,2.689156,-1.2664353,0.28099304,-0.4051203,0.60320157,-1.2384211
GGTGTTATCGCCTGAG-1,12.389255,1.9725456,0.19156507,-1.7636802,2.0490186,-1.4688728,2.1711726,3.0401685,0.7456336,0.38729954,-1.1188861,0.5166362,-0.63538796,-0.84539413,1.534238,0.19898374,-0.755111,-1.0302492,0.06095382,-1.3003271,-1.2868134,0.11320628,0.093584724,0.43495578,0.448979,0.8668027,-0.42410094,-0.3402363,-0.32984212,-0.92365265,1.5381701,0.23894276,-0.48485368,-0.26869926,-0.11961251,0.6015515,1.5709437,-0.16492908,-2.2803729,-0.08707171,0.6861939,-0.60008276,-1.213293,-0.4199589,-1.5872408,1.1600949,-0.70858985,0.60336024,-0.79181445,0.99434257
GTAACGTCACGGCGTT-1,10.291482,-0.88434553,-0.706588,0.044756096,-0.3210366,-0.8147455,0.36246973,1.1285665,2.818005,0.89287585,0.1774945,-0.4740185,-0.0317459,0.69815445,0.41602418,-0.7150238,0.3538207,-0.3756737,0.23334223,0.48431814,1.4639127,-0.31028712,0.122692674,-0.06432111,-0.60179436,0.5338731,1.4559468,0.088056475,-0.06045188,0.9012437,-0.3151031,-1.5891759,-0.011083477,0.32097423,0.5849631,0.3140176,-1.2280024,-0.3494879,0.40777698,0.5504977,1.1247686,0.5590548,0.4947878,0.31361362,0.1108101,-0.13622248,-0.12248292,0.4644202,0.23624249,-0.0053167995
GTAACGTCATAAAGGT-1,-6.0775585,-1.8802876,-1.0779743,-3.388585,4.881091,-2.1423738,-1.3006886,-0.13467768,-3.824859,1.5394313,-3.0239136,0.25519982,-2.0018163,1.2444109,-1.8870637,0.6363259,-2.4003997,0.3842652,0.5388443,-0.25295457,-1.8943582,0.01734562,-1.2592621,-0.5332371,1.2404124,-2.6420052,-1.2224363,-2.3088534,1.97124,-1.5672119,-0.9372582,-0.16062438,-0.5589713,-1.9429147,-0.02739511,4.1606383,-2.0477018,-1.0810354,-0.4986094,-0.847216,-1.2971463,1.1869273,2.5904012,0.9014167,2.418911,-1.4341539,-0.23788588,-0.17054924,3.2190506,2.6463695
GTAACGTTCGCCCTTA-1,-2.3597329,1.0710288,-1.067583,-3.7476637,4.7240376,-2.2597938,-0.11388653,-2.3165643,0.54900354,0.21279898,-0.13228793,-0.06591796,-0.4700203,0.111081794,-0.48743352,-0.34467176,-0.50262445,0.59788793,0.03573247,-1.4059045,-0.48700428,-0.26209325,-0.30313748,-1.7063235,-0.7193643,1.224931,1.3919141,-2.6215906,0.67802185,2.6806629,-0.1571232,-1.7767744,-1.2859079,1.2962066,0.7443856,0.7006452,-1.1885556,-0.31418636,-0.9447363,1.739505,0.8949342,0.2088822,-0.039431565,2.1368356,1.9058719,-0.97596437,3.1878154,-0.59554976,2.3704917,0.10277266
GTAACTGTCCTGCCAT-1,10.622536,0.3270239,0.29572365,-0.6532143,0.02929255,0.11648201,0.98006815,0.18975526,0.61146086,1.2486616,-1.1240567,1.0799068,-1.0549835,0.21708182,-0.4125626,0.4034752,-0.9029734,-0.035833213,0.49556962,-0.57673883,-1.2450148,0.19711374,-0.93353146,0.40118006,0.009651154,-0.50759757,0.7847377,0.1859634,0.19560213,-0.6726531,0.27900928,-0.07170411,-0.6060584,-1.193175,-0.038875423,-0.054256395,0.28119174,0.14222856,0.05895005,-0.6030774,-0.5246844,1.4123455,-0.16253294,0.43788308,-0.47402945,-0.59863955,-0.24136235,0.5151784,0.8073983,-0.7742043
GTACTCCCAATGTAAG-1,-3.683743,1.4702299,1.886806,-3.5538783,5.9977727,-3.9280639,-0.32930622,0.4441919,-2.8793156,1.7353234,1.0941005,-0.61332446,-1.8843814,2.252437,2.4501839,-0.24429819,0.66823286,-1.7672975,2.8495677,-3.1034732,1.5089118,-0.17010647,-0.5626142,-2.5628247,-1.6354094,0.7890898,5.031592,-2.4704173,1.1913422,-1.0744239,1.833724,2.5093572,4.8615074,1.4018594,-4.3713336,1.8515501,0.86825126,5.3742976,-0.8967167,-2.5640023,-0.27853435,2.5400527,7.8850803,2.0796819,-1.3037311,-2.3265922,4.676355,-2.390711,2.9359796,2.742375
GTACTTTGTGCCTGGT-1,-1.8259314,-1.1599344,-3.6000006,-2.9635875,5.2750335,-0.7572687,-3.121749,-3.41331,0.33062997,0.30625877,1.2553828,-0.46955556,-0.7521334,-1.4622386,0.17964588,-2.7261584,0.294424,-0.8169861,1.0640945,-0.9743813,2.8698971,-0.57720274,-0.08229859,-4.7182484,-1.0080079,0.14141071,0.48185235,0.37965542,-1.1881447,0.40538895,0.8603759,0.49921677,1.5375851,-2.6923757,1.5238701,-1.0081555,-2.4165547,0.39615712,-2.6529946,-1.8421881,-0.70791805,-0.075831465,0.25335026,0.56553894,-0.77989906,0.10189735,0.65740895,-0.8331957,-1.8763068,0.27533704
GTACTTTTCCAATGGT-1,-5.5302534,-0.23123284,1.425351,-3.2097385,3.5130756,-1.4728552,-1.3431593,-0.87090796,-2.6578238,2.7040713,0.33386475,1.5013555,-1.9558121,-2.4067316,2.611458,0.6552924,-1.321027,-2.2574532,0.32404584,-1.0920321,-0.14762025,1.6739368,0.6408236,1.3375698,-0.3632748,-1.2757821,-0.94540435,-2.0363054,-0.5287457,2.015355,-0.34607342,0.77223116,-0.3632049,-2.423038,0.2791775,1.6483449,1.0159553,-0.4002368,-1.8534034,-0.68985504,2.7227616,-2.0741284,0.24111381,0.85952663,-0.66463315,1.8640413,0.5917593,1.0176804,0.21156184,0.9416841
GTAGGCCCACGTGAGA-1,2.1877868,0.76493406,5.423451,-0.098874755,2.307083,0.7853156,-2.3405166,-2.0296469,-0.05661229,1.4222509,0.14024475,0.102703415,-0.51202554,-0.09728983,-0.09716193,-1.0600892,0.3525967,-1.7654022,-0.21748063,-0.37232462,-0.40070033,0.124595895,0.015235241,-0.08826108,-2.442133,-0.94331676,0.41802466,-0.5980157,0.8579637,-0.051731665,-0.2263096,-0.6026058,0.89620334,-0.049556635,0.1227228,-0.25181115,0.61537045,0.15943424,2.0055075,0.43218982,-1.6509403,0.014691214,0.45712644,0.047658868,-0.6432894,-1.554031,0.28025067,-0.5411366,-0.46791402,0.895609
GTAGTCAGTACAGCAG-1,11.936434,1.0402308,-1.5576408,-0.64502627,0.8861856,-0.12940742,0.5714062,3.0120883,1.9973357,0.23861454,-1.2267535,0.980168,0.3943416,0.3015863,0.89879507,0.3796069,0.9829223,0.16048828,-0.00032457363,0.7264575,0.11804246,-1.067191,-0.24669057,-0.6034373,-1.1569076,0.078842,0.43925256,0.64451313,-1.7085346,2.1240017,0.27120817,-0.38421255,0.5270308,1.7003504,-1.0160607,-0.9915084,0.9203102,0.14508697,1.6442792,1.5368795,0.3879926,0.28444818,-0.4608797,0.82006216,1.5068024,-0.30948213,-0.81322527,-0.17069402,-0.35956287,0.5126803
GTATCTTTCTCATTCA-1,2.5697834,0.9988715,5.590802,-0.11702834,2.1131556,1.2089272,-3.250446,-2.154232,-0.5337058,1.6447569,0.3318746,2.2417085,-0.98595214,0.83061904,0.110321455,0.30486172,-1.474186,-1.0284989,0.26573643,-0.6758201,-0.832536,-0.9159856,0.77127594,1.1450846,-0.90670836,-1.6511286,0.43837225,-1.6314343,0.34239578,-0.6874248,0.24343258,0.3361743,1.3803599,-1.2647488,0.075851195,-1.0803714,1.2938693,0.04221321,1.6113964,0.8805229,-0.91146475,0.98694175,-0.86924976,0.8050172,-1.7155634,-1.5160785,0.3107989,-0.23434156,-0.19486293,-0.59110516
GTATTCTCAGATGGCA-1,0.2583126,1.748445,8.902557,1.0503598,-0.26466572,3.027345,-1.990419,-2.711322,-0.3462267,0.43422386,0.24848305,-0.38265342,-1.9339468,0.49892414,-0.103418775,-0.9302783,1.0197016,-0.54958487,-0.09348341,-1.0950048,1.0388794,-0.26630655,0.12423415,1.9420494,-1.584178,-0.24371648,-0.12253971,-1.3308376,-0.34587538,1.5029329,-0.67073876,0.42497757,0.8020101,0.07959451,1.2281187,0.106089436,0.82342654,-1.0302025,1.0523559,1.8536751,-1.0627517,0.8699974,1.0257518,-0.8984864,-0.83129895,-1.5636057,0.33268514,-2.6080265,1.0516686,-0.49576464
GTCAAGTCAAGTCATC-1,1.5860491,4.1294694,7.990118,-0.58858293,2.7477775,2.025708,-1.3514413,-0.56910485,-0.44190186,-0.6571198,-1.1620802,1.6769216,-0.9118093,0.8157688,-0.8793443,-0.8190674,-1.3055605,-1.5635597,0.85317075,-0.8049297,-1.129725,1.3871121,-0.82220477,0.27299425,-2.6021287,-2.1588569,0.67860264,-1.2491168,0.9906496,2.605538,0.20774454,-1.5530684,0.9897801,-0.16965249,1.2334986,0.58982825,-0.5381388,1.5734148,2.469565,1.8698914,-1.1334704,-0.5618288,0.21933693,2.4285052,0.20257674,-2.8923676,-0.1949988,-0.14204048,1.323382,1.1465268
GTCAAGTCATTAGGCT-1,13.503359,-1.1214556,-1.8028973,0.30900076,-0.98213583,-0.5945537,1.0005747,0.8246665,-0.54198754,0.26958847,-0.43912062,-1.5733334,-0.61113286,0.2832335,-1.018606,0.3912871,-0.79767245,0.43383905,0.35261783,0.5391671,0.21688116,0.65462846,-1.2083827,-0.16973333,0.11391293,-0.057029955,0.20418304,0.21947742,-0.64677846,-0.5604921,0.4287628,0.26756385,-0.33534014,-0.32683644,0.43432027,0.38412338,0.047670454,-0.3817874,-0.49494958,-1.0194187,-0.3334848,0.73059845,-0.111888394,-0.042967204,1.41194,0.38949594,0.09413817,-0.58202523,0.4336912,-0.95047486
GTCACAAAGACTTGAA-1,2.20154,0.26556686,4.3345294,-1.0728064,2.6774316,2.1530528,-2.597008,-1.2384075,-0.092672035,0.3843023,0.45553726,0.9635453,-0.78243345,0.44420746,2.2329335,0.9905808,-0.26082754,-1.31815,-0.16110244,-1.6573635,-0.3433259,-0.8038331,-1.5980145,0.24034931,-0.549423,-2.2977035,0.25426653,-0.8376265,1.110688,-0.2545796,0.07337908,1.091802,0.33048102,0.54867023,-0.3444352,0.92088974,0.4090501,-1.4425889,0.14943339,-1.059238,-2.0649316,-0.3680456,-0.008878808,-0.056895092,-2.7032688,-0.21178344,0.70091766,-0.71233517,0.6765629,1.0134346
GTCACAATCAGTTTGG-1,10.546055,0.843009,-0.34886935,-1.4564142,0.9191424,-0.5864846,0.8653827,2.26846,1.6613084,-0.11085033,-0.7475899,0.072023,-1.4127941,-1.3452933,1.0711133,-0.08433662,0.32382223,-0.9971595,-0.87735564,-0.7128323,0.11484036,0.40758455,-0.37482354,0.34092903,1.1819427,-0.051203836,-0.5999638,-0.42088002,1.0798011,-0.62907666,-0.41945073,-0.08262287,0.9946996,-1.466703,-0.6916361,0.7892295,0.3714908,0.62074447,0.06341385,0.41866317,-0.12155124,-0.04485599,0.0076176445,0.2960217,0.7156641,-0.2840108,-0.9325923,-0.26857123,0.46752658,0.30268517
GTCACGGCAAGGTGTG-1,-1.3024769,0.98450595,-0.26892215,-1.4800391,3.6685321,-0.40617305,-1.3275212,-0.751034,-3.4054592,3.50015,-0.11632021,-0.17677894,-3.7602878,-0.0607527,-1.7396055,-2.0098565,-3.484345,0.43236876,-1.4862924,-0.56907004,1.6067644,0.41675568,1.8649838,-0.26407224,0.014486753,-1.8210208,1.2019731,0.12430612,-0.25296438,1.9150436,0.11603912,0.1835311,0.51631755,1.8890848,-0.66129595,-2.539231,-0.75855416,-0.28375202,2.8501027,2.2705781,0.066646986,-1.1344675,-1.3397429,3.1678488,0.6769395,-1.8407584,1.1333089,-0.8399931,-0.21039979,0.40232626
GTCACGGCACGAAGCA-1,-5.1766524,2.3034785,-1.0015286,-4.827907,5.95586,-1.9942545,-0.31621787,-1.4447767,-3.3480566,2.3869262,-0.8854327,-1.4236116,-0.5799055,0.21594273,-3.6656053,0.1813086,-2.8107858,-0.22683,0.9279498,0.7425011,2.1567955,1.5036801,-4.178482,-1.1976044,0.19157794,2.8247607,1.2526869,-4.143419,1.8318251,0.10815431,0.09101306,-0.16067375,0.49195504,0.5466165,-0.14255485,2.2841575,-0.007569963,0.8995696,-0.2967134,-1.0193061,0.8907629,-0.7022102,-2.3712656,2.4195924,2.1046236,0.7673288,2.6278152,0.3917325,4.5448165,1.6461147
GTCACGGTCATTCACT-1,-1.731229,1.1762401,-2.0896192,-3.9769945,5.378949,-2.676486,-5.417679,-3.6810992,1.9273161,0.86871874,1.8673509,0.9710961,0.7303996,-1.6402646,-1.0668321,-2.498166,2.7788851,4.964535,-0.6592012,-2.4493752,3.8919227,0.21373416,0.19446166,-1.9745083,0.29693726,-0.3813521,1.9744139,-0.18077359,0.018421054,-0.23134685,0.9913154,-1.6528672,0.80801344,-0.15222456,3.3107257,-0.9674355,-0.43525648,-3.1770883,-0.5451282,0.20986739,0.081720866,3.60175,1.3800935,1.4132748,0.3576207,0.64284384,-2.3023303,0.24515446,0.86422646,0.95485914
GTCATTTAGAAACCAT-1,-4.4818397,3.2448084,0.90110606,-4.869009,4.6840754,-3.0018468,-0.9771699,2.0432546,-0.06942552,1.3575978,-0.7409459,-1.6957453,1.0246557,-0.9375219,0.487915,-0.21883276,-0.21410638,0.29971954,0.54654306,-0.78038836,-2.8563662,-0.3995271,2.7745967,-0.7370418,-1.213352,0.7705753,0.7142613,0.14248446,-1.4277905,-2.2275243,1.6176121,1.8511202,-0.7805716,0.20235927,1.1281829,0.09347626,-0.14807528,1.4063624,-1.1380378,-0.5307235,-0.51907486,-0.98200876,-1.8226229,0.021007698,0.054617163,-5.776509,-1.0440912,-0.17109872,-2.8527274,-2.465881
GTCCTCACAATCGGTT-1,9.168239,1.0879252,-0.15400769,-2.3260925,0.9072529,-0.59723544,3.0686617,3.6910112,2.7535655,-1.4339488,0.32427466,-1.3798305,0.7403357,-1.274095,1.4985858,0.33340982,1.0142246,0.2751372,0.43454683,-0.4642545,-2.4436166,1.1487864,1.5378305,1.9202372,-1.4395132,3.1290011,-1.3181598,-0.5723854,1.8121125,0.10322362,1.9398453,-0.98822504,-0.8117312,-0.37086713,-2.0613132,0.10269513,-0.8568583,-0.03983192,3.1567278,-1.7979244,-0.16903879,0.48061886,-0.5350422,-0.71645206,0.87658876,-2.255904,0.10763497,-0.17816246,-1.8994038,-0.8886243
GTCCTCACATCCGCGA-1,13.340135,0.2142306,-1.407651,-0.294701,0.06759245,-0.18819627,2.0727,1.8676271,1.4105598,-0.343978,0.097919635,-0.54731846,0.4326,-0.78683674,0.07830521,-0.06267427,-0.1448296,0.58874696,-0.6067983,-0.114645354,0.24084873,0.3117935,-0.123966955,-0.04028518,0.7541263,-0.4484825,0.13314834,0.08249118,0.12105528,-0.09939821,0.58390754,0.41410273,-0.099803016,-0.51663697,-0.68035394,0.94676614,-0.038598824,-0.21411179,-0.36401692,0.18340257,0.46639502,-0.12730809,-0.22066453,0.07820337,0.6082888,0.17412665,-0.93027824,0.8354519,0.40197802,0.44126266
GTCGGGTTCCTGCCAT-1,-5.2139454,-1.3945105,-1.4827396,-3.2174897,3.7412953,-2.1132903,-2.333872,-1.53235,-4.775584,3.847676,-0.92699295,-1.1445771,0.0666256,0.2349689,-3.0746138,-0.22558823,-1.1328846,-0.5967071,0.93189555,0.456493,0.5009822,0.8622125,2.5334632,0.737824,0.16997501,-2.3223596,-1.3035828,-0.3639155,0.1570757,-1.1846703,-1.423089,0.056071397,1.4239836,-0.30953178,1.2894527,-0.5197471,0.11195397,0.25398836,-2.8825397,-1.638317,0.067657,0.9357863,0.15277919,-0.054530222,-0.12118883,0.27329218,0.2641861,0.88267267,-0.48008347,-1.1511921
GTCGGGTTCGACCAGC-1,1.2112314,-0.44335327,3.7818675,-0.43178135,0.034975592,0.41958067,-1.444676,-0.64193976,0.62062186,1.3278402,2.1787837,1.2976885,0.20226088,0.94220346,1.4981967,1.9348242,-0.26888624,-1.0963224,0.16477433,-0.18727021,-0.51424,-1.4079373,-0.89887583,2.142389,0.30214718,-3.149213,-0.5357926,-0.07915449,1.1152726,-1.08608,0.13179283,-1.29845,-1.7727201,-0.014683651,-1.4614506,-1.8872792,-0.38522574,-0.5261504,0.81299603,0.12911786,-0.53735423,-0.4980022,1.0867755,-0.6811525,-0.51061493,-0.92117745,1.4542092,-0.02235358,1.0225667,-0.055927053
GTCTCGTTCTGCTTGC-1,-12.296052,6.742297,-1.9104774,-7.6422014,1.3642509,-6.3041377,2.4968948,7.0364475,-2.110142,2.7283297,-1.796378,-8.439381,3.9295745,-4.8727946,2.414881,2.2760198,-5.600725,3.6335747,-1.5338339,-0.59660137,-6.6023026,8.30801,-0.32496622,-0.46547344,0.777346,-2.1240427,-0.61584806,4.948791,-7.0428157,-5.3403277,-0.6978251,2.0297472,3.8814752,3.4681122,7.219386,3.9847095,0.24479721,14.468205,-15.797128,-10.731351,-6.0768437,-4.904009,14.415143,11.552103,-2.8793097,-10.274271,-14.635738,-15.075052,8.744983,-1.2511513
GTCTTCGCAATCTACG-1,12.440295,0.7223243,-1.2997601,-0.7177732,0.67379326,-0.87548,1.5214711,2.08503,0.7953352,0.70496434,-0.57905024,0.8059304,-0.46878096,-0.26968086,-0.06417517,0.24028264,-0.6616566,0.018497821,0.030677285,-0.027936827,-0.73602116,0.21770243,-0.35541362,0.5169103,0.5972245,-0.33478808,-0.40486774,-0.8197437,-0.00045932402,-0.9428989,0.14130875,0.20192313,0.63253266,0.59258497,0.794206,1.0392976,0.13914232,0.7256567,-2.5690525,-2.522298,0.25099754,0.38321185,-0.27357885,-0.9561948,-0.39522198,1.1821729,1.1081485,-0.63477266,-0.9963881,-0.69682336
GTCTTCGTCACATGCA-1,-2.8583837,-1.0881032,0.369281,-3.751042,4.1577077,-0.91982335,-2.3333235,-1.1470635,-2.7751348,3.2389572,0.76464856,-1.434655,-2.4469292,1.3009737,0.09062791,-1.6617289,-0.08105712,-0.6742038,1.3410008,1.8240843,-1.1952158,-0.29696375,-0.69025743,-4.0402055,2.7894547,-0.14063449,1.1098565,-0.8118327,-0.7029644,0.40247342,-2.9163408,-0.7731204,-1.8508515,-1.1983356,-1.4820596,2.1425948,-0.07009786,0.092367955,-2.3596969,-2.6803925,1.7699457,0.5942553,-2.2650254,-2.7641456,-1.4031857,0.83845925,0.170468,1.640118,-0.28535,1.0248914
GTCTTCGTCCAAACTG-1,13.448574,0.46980375,-1.3144777,-1.0885912,0.091249906,-1.2142524,1.7296817,1.352513,-0.44152722,-0.010217406,-0.6035282,0.2206553,0.038910735,-0.32166752,-0.52725923,0.011199231,-0.7213265,-0.38562667,-0.23566425,0.85692877,-0.37523213,0.6907277,-0.3041223,-0.73737025,0.07189092,-0.5597176,0.22276552,0.26869398,-0.2138487,-0.10213099,-1.216278,-0.4833144,-0.53839326,0.7955916,0.50049496,-0.18910976,-0.6969634,-0.026087115,-0.8575308,-0.39119273,-0.49629253,-0.077312544,-0.23126394,-0.028646035,-0.56245524,0.7425716,-0.39645028,0.32563466,-0.14527513,0.5131912
GTGAAGGGTGAGTGAC-1,3.810027,0.4612248,3.5515723,-0.3897201,1.1016827,1.3600153,-2.018722,-2.4149153,0.5232873,0.5776721,1.6368837,-0.49110633,0.54478353,0.19940963,0.68392336,-0.10989443,-0.09924164,-2.3619227,1.3673023,-0.2799767,0.7711074,0.24757029,-1.8474112,1.5746588,-1.7900474,-0.7983311,-0.071963884,1.1875834,0.3391933,0.8968878,-1.237292,-1.6841401,-0.97389877,-0.49089053,-0.11662889,-0.87538517,-0.06302597,-1.3156838,1.640389,2.2118652,-0.6963222,1.851087,0.023615038,0.6419668,0.7813728,0.344426,-0.6388407,0.5520104,-0.6684388,-1.6502991
GTGCAGCCAGCCTGTG-1,11.137808,0.7278511,-0.79793537,-0.98866165,0.46678853,-0.847756,1.2402811,1.2023416,2.4011505,1.1131711,-0.46671727,0.41405088,-0.36770767,-0.5647259,0.6135227,-1.0741812,-0.04794833,-0.11153481,-0.16817792,-0.19620721,1.2476124,-0.2213678,0.013350896,0.10330721,-0.30658787,-0.41903257,0.3319199,-0.4487169,-0.21494567,0.3806326,-0.7025634,-0.5031756,-0.17643529,-0.2290355,-0.73045105,0.6784959,-0.68742675,-0.37298438,0.6241766,1.4209049,1.0035084,0.10466694,0.22050965,0.7009084,0.39099362,0.6558655,0.04720684,-0.2587915,1.1790445,-0.24349709
GTGCAGCGTCAATGTC-1,13.926614,-0.2542839,-1.4284531,-0.1094238,0.31689918,-0.737971,0.7159692,1.528866,1.0996567,0.0851597,-0.5724768,-0.33764336,-0.6216109,-0.45230454,-0.29715353,0.095625445,-1.1272101,-0.2978577,0.31303796,-0.14832428,0.39995298,0.21433276,-0.48986357,-0.6695923,-0.39521384,0.598026,-0.3513144,-0.6796221,-1.039777,0.78900474,-0.021964177,-1.0498602,-0.07232376,-0.0032684375,0.13770658,0.099262565,0.4147263,0.50102085,1.4857153,0.93331337,0.7638312,0.4054002,0.94424075,0.4459971,1.6537482,-0.031890824,-0.18888985,0.69022006,0.6160941,-0.48555997
GTGCATAAGTTGCAGG-1,2.9239151,-1.2830498,1.6383202,0.9366449,1.968065,0.07029522,-3.9904199,-2.367861,-0.5230736,3.1728482,0.6698448,1.1197002,0.39203662,-1.495988,-0.77578557,0.27947828,1.4715248,-2.8628607,0.5737216,0.011963296,1.2655041,-0.8788697,-0.29737392,-0.5742116,0.29354557,-0.9906582,-1.3758613,-1.033079,-0.026693173,0.4743649,-0.49243015,-0.69063944,-1.4137332,-0.0012746858,-0.06275004,-1.2127855,0.91211724,-0.44610748,0.70486027,0.2963709,-0.43865803,-0.8120102,0.118472055,0.3587394,-0.29363877,-0.35040158,-0.78451145,1.2066001,0.8403612,1.7522839
GTGCATAGTTCGAATC-1,0.5218201,0.73460853,3.2505293,-0.3470353,1.1314435,0.19426514,-2.5089052,-0.4224561,0.7388494,2.9215112,0.34523723,-0.4014813,1.4613369,-0.9339083,0.5582158,1.1951596,-0.06158394,-2.2486448,-0.04964155,-0.12779552,2.0679636,0.93307036,2.1683767,0.9691434,-1.3099413,-0.5024961,0.08986801,-1.2674365,-0.3572051,0.059087425,-0.04500339,-0.18667051,1.4721142,0.2838941,1.3462543,-0.538921,-0.6758506,0.4086512,0.22900593,2.7840052,-0.21895438,-0.48970172,-1.1912864,0.32310545,0.8989054,-2.0956945,1.3610158,-0.13250166,0.672955,-1.1096293
GTGCTTCCAATGGATA-1,1.4986771,0.67175674,5.813968,1.1094606,-0.4611207,2.4455836,-3.1178794,-3.4409356,-0.7470911,1.1846442,-0.19493644,0.6317688,-0.121054284,-0.7826843,-0.34649575,0.583529,-0.31254992,0.7880649,0.9504096,-0.03883059,-2.7670233,-0.851399,-0.05107232,0.27368256,-0.4079098,-0.23203535,-1.4259089,0.03283185,1.0541868,-0.1068121,-1.1485597,1.8685461,0.13935603,0.12642588,-0.7468394,-1.5840112,-0.30131948,-1.4508823,0.9627474,-1.7868533,0.21136068,0.7293828,-0.30058286,0.16099562,-2.0095766,-1.5110674,0.5752059,-0.08770421,-0.39532977,-1.2437794
GTGGGTCTCAGTGTTG-1,13.744331,0.39744633,-1.7172605,-0.721584,-0.5255235,0.23496224,1.6401303,0.7376259,0.10492503,-0.43060625,-0.43551025,0.056760255,-0.5498401,-0.27594024,-1.032817,-0.74876446,0.55129606,-0.35097268,-0.8159375,0.13197155,0.1417232,-0.14948505,-0.76730293,0.46225294,-0.2389056,0.11400368,-0.51480573,-0.2261394,0.5992254,-0.6543501,-0.006782402,-1.8295203,0.18313867,1.387835,0.3260392,-0.101366274,-0.9006718,-0.8396218,-0.16368496,1.0214361,-0.4159335,-0.7842232,0.13753618,-0.44210592,1.5117806,0.43366927,-0.11625728,-0.8831392,1.7453051,-1.1629351
GTGGGTCTCCATGAGT-1,13.616541,-0.078025505,-1.7479782,-0.20046829,-0.55871004,-0.40237758,0.40659875,1.5068246,1.1257772,-0.24562323,-0.7526197,-0.7364325,-0.21903329,0.04750974,-0.79964656,-0.21440597,-0.39203972,0.87391305,-0.78971356,-0.35846812,0.5392714,0.24227384,-0.1882969,-0.3102392,-0.34927946,-0.7411054,-0.94415385,-0.24635985,0.14317045,0.9558875,-0.19915278,-0.46792176,-1.2751737,0.4611354,-0.13971454,0.2821706,-0.6363825,0.27438346,0.4935015,1.5466038,1.9482355,-0.19896784,0.5289046,0.31782883,0.010223814,-0.5602107,-0.17628084,-0.3075276,0.5957213,0.354729
GTGTGCGCAAATCCGT-1,13.288984,0.6529472,-1.757068,0.5182866,-0.83917236,-0.81559664,0.39327538,1.7781125,0.85952324,-0.364962,-0.3859835,0.012974474,1.0150967,-0.4417113,-0.3601002,0.19307496,0.03178229,0.19722655,0.12027945,0.3840874,0.60592085,-1.1451894,-0.04833598,-0.5696952,0.7114881,0.057721302,-0.8924404,0.85798115,-0.6954968,-0.09693716,0.29801604,0.3857828,-1.1336839,0.5187418,-0.47625,0.85039407,-0.15204026,0.55576223,1.0855877,0.6171234,-0.8633136,-0.033048972,-0.20378585,1.1740564,0.30523357,-0.09233613,0.43594915,-0.63867146,0.7730911,-0.20150061
GTGTGCGGTGTGAAAT-1,4.397164,-0.30056804,2.708924,-0.014876181,1.3681843,0.7925881,-3.7448056,-2.4118767,0.7124988,1.304263,0.64182913,1.9847014,0.58325076,-0.49872977,0.20072474,0.5263839,0.5903968,-1.4105614,0.95802695,1.252333,-0.7671679,-1.4832716,0.50454795,-0.12094924,-0.9502802,-1.8877401,0.034225423,-0.36631566,-0.703824,0.6126991,-1.1050662,-0.51156384,0.10277459,0.2717317,-0.5401518,-0.233479,0.48859453,-0.91716856,0.9190276,1.9782791,0.5896209,-0.40216732,1.1154828,0.5723722,-2.6344166,-0.7918732,1.122525,-0.67638266,-0.33025813,0.35740262
GTGTTAGGTCCATCCT-1,11.664024,1.5931579,-0.35371372,-1.1040342,0.96160173,-1.073878,2.4651337,2.7652597,2.185296,0.16859332,-1.1544443,-0.33929056,0.46085703,-0.8465892,-0.18427525,-0.4228116,0.7742239,-0.038654447,-0.23916338,1.0811243,0.4043963,-1.33159,0.96122766,-0.18499406,0.11674518,0.077495225,0.060484957,0.56492364,-0.5408094,1.1655886,-1.4894017,-0.37310684,-0.27642637,0.39704132,-0.8342924,0.38824508,0.18902184,0.40561676,0.008783996,-0.27549762,0.27903774,-0.123039566,-0.18207988,0.72420174,0.033208355,0.38813853,-0.8888937,-0.25283867,0.14137746,-0.28887013
GTGTTAGGTTGGACCC-1,11.4845,-4.445853,-4.609891,4.67204,-4.4902067,1.6277708,-4.464901,-6.9123425,-13.49455,-6.779746,3.325993,-2.4081028,2.500464,1.6144516,-1.1603664,0.51434016,1.3223705,1.8598263,-1.0776894,0.40953362,-1.0275791,0.27103707,0.93308365,-0.32433087,0.050932862,-0.7389416,-0.21077964,-0.007725993,-0.5927409,-0.5071319,0.3758948,1.069837,-0.3759936,-0.20008838,0.32902104,0.0662888,-0.097162746,0.16653621,0.09102874,0.6742869,-0.25676733,-0.42699528,0.21931055,0.54330796,-0.55083275,-0.8317522,0.46505427,-0.22266066,-0.24721447,0.49527144
GTGTTAGGTTGGAGGT-1,16.757904,0.8943355,-2.411354,0.8035877,-1.6852055,-0.76340425,2.3488853,2.1395807,-0.8649303,-1.3518302,-0.7913911,-2.5994692,-0.301827,0.052149467,-1.7103193,-0.34252775,-0.14204285,-0.08108024,-0.358226,0.7533755,-1.0410501,0.17192075,-0.8347592,-0.09461938,0.41768587,1.1689914,-0.047384474,0.16348417,-0.4827841,0.16445114,1.3076972,-1.4183143,-0.8981922,0.6058832,-0.023746047,1.3204507,-1.1352094,0.7605254,-1.8094083,-0.89666295,0.61515206,-0.07318927,0.2575327,0.78538513,-0.0006535629,0.6077942,0.76868397,-0.89845383,-0.43889338,0.3327321
GTTACAGGTAGAGCTG-1,-3.4731429,0.2782014,-1.243397,-3.9012437,3.6577697,-1.4150728,-0.15078154,-0.95233566,0.27705345,1.0524646,-1.0022175,-2.7958221,2.9117622,-0.14360893,0.3772123,2.5388787,-0.88168377,1.498412,-2.9685955,-1.7379867,-2.14715,-3.4769406,0.7187465,2.2040417,1.2211949,-1.7280495,0.34860963,-0.56333864,-0.64548564,-5.2414694,0.74696386,3.8954713,0.39957425,1.4354312,-0.6206183,-1.739761,-0.7576915,-0.32730162,-0.58267766,1.3254291,1.3137953,1.1026242,-0.80980086,-2.0314636,1.6430246,0.98538905,-1.0768616,0.11063409,-3.0192633,-1.0250429
GTTACAGGTCTTCTCG-1,8.80616,-0.8138591,0.661251,0.7359626,-0.21213983,0.2474126,-1.0588074,0.09179933,0.5693348,2.176099,0.028546752,1.0880076,-1.1851763,0.8293835,1.4124361,0.4883665,-1.5350292,-0.70531374,0.97655326,0.055172224,0.210806,-0.05609088,-0.41546774,0.8083162,0.12336367,-2.654973,-0.16869913,-1.2757052,-0.8241272,-0.3068526,-0.039758965,0.94146365,-0.14587191,-1.249061,0.41885614,0.88353395,-0.4077823,-0.5378675,-0.5377547,-1.198278,-1.0850359,0.57418185,-0.6529231,-2.0408516,-1.3225415,0.89500314,-0.34415948,0.19283755,-0.8382127,-0.2983545
GTTCATTAGACCTTTG-1,0.77038956,2.8081932,7.592503,0.19467787,2.9697907,3.401055,-0.07348494,-1.9865701,0.35163927,-1.9657779,3.7950199,2.6245332,0.8103951,-0.49352458,-0.6236998,0.78114825,0.44939727,1.64251,1.9914049,-1.6635543,-2.163101,0.38811365,0.3474773,1.062809,-0.5682752,1.9226568,2.0360851,-1.2194678,3.3859982,1.4040332,0.016226415,-0.6262301,-1.6546991,-1.8962666,-0.06021358,-2.1630363,0.29063174,-0.059736326,2.4211051,4.9993205,0.40858066,-0.9318316,2.2287726,-0.4650237,0.0014582254,-2.1173038,-0.63317996,-1.0489258,1.153284,-1.694571
GTTCATTGTATCACCA-1,-5.328837,-0.1536391,0.54615057,-2.6087518,4.2334385,-2.9207218,-1.5938061,0.7696836,-5.1601143,2.927047,1.1552247,0.41552362,-3.163066,-1.4160929,-0.9577564,-0.087941654,-3.9806414,-0.700586,1.3075466,1.1891124,-2.0646372,-0.07182514,-0.09510976,0.60825205,2.202039,-1.8076475,0.7199983,-0.099565506,-0.5168334,-0.7095201,-0.5913899,-1.9676898,1.3895204,0.1687915,-0.04342521,-0.70300335,-0.20228563,1.0171481,0.63663936,-3.2650115,-0.30198568,0.03427559,-1.928885,-2.3446007,0.64696395,0.522751,-0.30210248,-1.8306094,0.014317467,3.0141523
GTTCATTGTGGCTCCA-1,3.8895555,-0.3104627,1.0714794,0.21707247,2.6142614,1.9784447,-7.687009,-5.2011814,4.390483,4.836048,2.1352637,1.2301335,5.895142,-1.5402323,3.633613,0.8302139,2.3005898,2.560315,-0.7428857,8.969922,6.6473393,-1.5397416,2.639376,1.4550011,7.2489004,4.568816,-6.2868767,3.5108273,-3.073118,4.427679,3.6780376,2.5990334,0.8054784,-2.044363,-4.4479713,3.0844464,-1.096807,0.5501166,1.5671391,2.2904043,-1.575593,-0.7249788,3.332571,2.8119066,1.4418786,-0.01793859,1.2934035,1.3363048,1.4856339,2.1488929
GTTCTCGAGTGAAGTT-1,14.585706,0.5310508,-1.6993628,-0.4387711,-0.20646656,-0.7777302,2.1858776,1.5037715,0.3593129,-0.8342951,-0.21733856,-0.15573889,-0.36359775,0.14847568,0.26315516,-0.92535293,0.040577423,-0.11693381,0.11392989,0.707774,0.3306621,-0.037294675,-1.0767194,-0.7082773,0.043413788,0.4323867,-0.001405181,0.22936071,-0.08840077,0.1488203,-0.3055299,-0.7887213,-0.81416017,-0.0014836679,-0.66997415,1.2243924,-0.20436822,0.7699289,0.40418968,0.39275116,0.6280171,-0.32805097,0.09640738,0.17011005,0.5399291,-0.061039727,-0.6807133,-0.7427343,1.1906534,0.4140639
GTTCTCGGTTCAGCGC-1,13.615785,0.34911227,-1.193399,-0.16576062,0.5775561,-1.1160462,1.3508034,1.5759968,-0.34212428,-0.46634072,-1.0181218,0.058296397,-0.8216064,-0.25657824,0.057926897,-0.91367656,-0.5215906,-0.6331653,-0.31575733,0.3512489,0.017596684,0.20285103,-0.31131557,-0.6465461,0.50734556,0.31272566,-0.87908125,-0.55422574,-0.7537181,-0.6718674,0.5234575,0.056417912,0.4189722,-0.25060326,1.5084887,0.32768422,-1.3122286,0.04653486,-0.71839,-0.90860856,0.2595156,0.08530151,-0.062839665,-0.05768863,0.93580604,1.0483162,0.35414052,-0.26411292,0.16257788,0.26872134
GTTTCTAAGAGTACCG-1,7.4466333,4.175293,0.51308376,-3.7339234,2.6824121,-2.233595,3.5062754,4.3087993,-0.15541299,-1.913162,-2.09445,-3.3215692,1.9317507,-0.3418717,0.032428004,0.51476806,1.4389752,-0.53166515,0.08816328,0.053919327,-1.2242699,-0.68138635,0.8322876,-0.59747154,-1.1954784,-0.8992458,1.3694447,0.67625785,-0.58900595,0.759727,0.13265328,-1.7924464,-0.024982033,1.9975117,-1.1149935,0.45668823,-0.47167754,0.37400752,1.1494524,1.2257614,0.8348332,-0.3664016,-0.38404077,1.0563542,0.36643463,-0.5435811,-0.7907846,-1.3138137,0.9215805,-0.20145547
GTTTCTAAGGGATACC-1,3.2831285,1.7306498,4.310221,0.027918644,0.7852418,1.9114656,-0.33941567,-1.1092088,-0.48401758,2.2638118,0.74174345,2.6373515,0.14780661,-1.0702274,0.8861202,0.07014367,0.65291446,-2.932625,-0.9940842,-0.46165302,1.0352343,-0.4806187,1.0767486,0.7230088,-0.6246099,-0.36538124,0.52399755,-1.6323735,0.853999,-1.9117764,0.3065066,0.92512804,0.72964346,-0.14602563,-0.36375016,-0.21739246,1.0355344,-1.5162451,1.0795134,0.37780917,-3.2123508,-0.25784582,0.20659919,-0.8008409,-0.8506146,-1.2284002,-0.57960546,-0.23526314,0.54294306,2.304892
GTTTCTACACCTTGTC-1,-4.405908,0.18140449,-2.7868853,-5.6792793,5.2494802,-1.679595,-0.97734904,1.1246694,-2.7258065,3.0872412,0.05328151,-0.63320845,-1.6054229,1.1310736,0.2508001,0.14070554,-0.38345283,0.8532319,-1.9806905,-0.5737431,-0.1539862,0.09834839,0.5971194,-0.7573797,2.0030806,-1.3129162,1.4860991,0.67061144,-0.6361137,0.71412677,-1.704571,-0.43084538,-1.062373,-0.49965394,-0.0058560646,2.3903706,-0.18935084,1.1072594,2.0298786,0.5321195,1.4718921,1.1004499,-0.56428266,-0.9713723,1.3022989,-0.94466555,3.1219175,0.1969777,-2.9833796,-1.0784627
TAAACCGAGGACATTA-1,11.39002,-0.00507445,-1.2713386,-0.2850112,0.39704362,-0.88065064,1.4044884,1.5263386,1.4485513,1.1609229,-0.89197564,0.5427418,-0.45938304,0.04232008,-0.37284887,0.024148172,-0.015903156,-0.13484491,0.8426251,-0.19327447,-0.48394614,0.14519508,0.1975238,0.7118297,0.15859428,-0.18801874,-0.24091244,-0.63512856,-1.0463523,-0.7203409,0.99662167,0.21921507,-1.1193763,-0.3433037,0.43076015,0.15540469,0.30639166,-1.1743593,-1.6392888,-2.689442,-1.0144535,0.0019855218,0.9129766,-1.2214444,-1.499073,-0.2207965,-0.71481884,0.07701465,0.13191025,-0.37708065
TAAGAGAAGTCGTACT-1,0.8078547,1.2657897,6.4821606,-0.1557097,0.843257,1.8741459,-3.3395889,-1.3760415,-1.119871,0.87450045,0.5302842,0.25892496,-0.94258195,-0.2746072,1.1736336,-1.1365844,0.4639859,-1.9379437,2.0908942,0.16880205,-1.1182742,-0.30358392,-1.9720477,0.664832,-1.5381454,0.06844708,0.6424525,-1.9559996,1.102362,-1.003847,-0.26092464,0.11053017,1.7274059,-1.2949058,1.2469361,0.9642517,-0.3263547,-1.2681684,-0.75793535,2.9304821,1.6121929,-0.22387531,1.2570478,-1.0480068,-0.33835226,0.8552575,1.4387805,-0.20973712,0.9062111,0.4073304
TAAGCGTGTTATCGGT-1,-0.8152709,10.78042,15.7724285,-3.6423652,1.2510487,4.978004,0.6775308,-2.9468367,0.5632082,-5.83643,-3.3224702,-1.9259254,-1.5514264,2.5230749,-1.6141185,-1.7246413,0.9836737,5.0155807,-1.8915628,0.104614906,-2.0783997,-1.2922072,0.05912488,1.5440785,2.8837585,3.9924054,-4.607431,3.2675571,1.3650452,0.9950524,0.8675321,0.81897914,-1.4907508,-1.1248757,-0.30352944,-4.146364,-0.990337,0.20379713,-1.9617169,-5.5732694,1.035535,-2.8517444,-0.8001014,1.1522324,4.8605757,-2.7824874,-0.8554739,-1.7045398,1.1442757,0.9493511
TAAGTGCAGGCACATG-1,14.039809,0.32819226,-1.3229908,0.11895926,-0.51302767,-0.59698236,1.4319366,1.3424686,-0.24151722,-0.033203665,-1.1558923,-0.5591419,-0.36996472,-0.29284027,-0.29197523,0.4327472,-0.53896743,-0.12540989,0.25334132,0.52032644,0.48989975,-0.57791454,0.005786663,-0.7846534,1.1218734,-0.25560006,-0.077006765,-0.010483582,-0.35355935,-1.4924351,0.8611197,-0.14064111,-0.95532113,-0.077939086,-1.3604336,-0.06345369,1.1653396,1.1959702,-0.7505197,-1.1220657,-0.6957198,0.47692078,-0.11249061,-0.33325928,-0.2686096,-0.55992323,0.44277504,0.61296344,-0.12210685,-0.07300236
TAAGTGCGTGTCGCTG-1,11.977347,-0.15123528,-1.1275104,-0.18341261,-1.2435534,-0.9263988,0.38131315,1.3217483,0.94941413,1.0546519,-0.24698678,-0.44351774,-0.5724464,0.40339446,0.11904776,-0.1466002,0.08624212,-0.2653079,-0.006622108,-0.33701488,0.35987416,0.53622067,-0.06773588,-0.40644374,-0.21783371,0.5895238,-0.27379405,-0.17118868,-0.1877114,-0.77306443,0.38597423,-0.30875286,0.7256054,-0.108970225,0.59148747,-0.41105178,0.06466627,-1.0584127,-0.48766002,-0.6372788,-1.1525294,0.4194611,-0.6916653,0.062854804,0.10657907,-0.29090914,-0.33622712,0.3416728,0.15132135,-0.04317496
TACACGAAGGAGTCTG-1,-1.8229455,-0.5973032,-0.19466573,-2.2551277,3.165491,-1.3167174,-2.3200886,-0.1680027,-1.766088,1.9936011,0.761838,0.44729903,-1.710615,0.76892716,-1.7921576,-0.9534116,-1.7760017,-1.9700611,0.13172378,-0.2644344,0.04304733,0.11586456,0.28503585,0.50046414,-0.009674409,0.0075108386,0.4912877,-2.2594914,1.4389501,0.84219944,-1.6746849,0.6730363,1.2714412,0.9906659,0.32960024,-0.2816401,-1.776121,-1.7821139,0.7082138,0.48187932,0.94191533,0.7601988,-0.2929409,0.10916705,-0.56027895,-1.0562526,1.0772258,0.51212037,1.4315178,-0.5019818
TACACGACATTGGCGC-1,-0.64489883,4.6622806,9.728906,-0.38743755,1.7038766,1.701914,-0.83346164,-1.7654523,-0.857262,-0.9449323,-0.76713216,-1.5346562,-0.1243317,0.46573168,-2.030427,-0.47020915,-0.0728412,-0.39745912,-1.0683388,0.6303467,-0.5925749,0.80479556,-0.16894928,-0.37882632,0.17473368,-1.5447038,-0.6980759,0.7474221,-0.79543954,1.5495057,-0.8100953,-0.27009633,1.6440583,1.618457,1.2592841,-1.2384634,0.952115,1.0426859,-1.5303384,-0.07602917,1.6607854,0.0029831836,-2.461683,0.7071544,-0.61857265,-0.040128343,-0.6616276,-0.3129353,1.02589,-2.348972
TACAGTGAGGGTCGAT-1,-0.20015891,7.2103705,12.610739,-0.7074645,0.56704193,3.9557135,-2.2898805,-1.7785015,-1.0530506,-3.1790252,-3.2873328,-1.2370424,-3.0826106,1.0465105,-4.215058,-2.2410882,-0.52253324,-0.11607381,-0.082098566,0.7733553,-0.43683693,0.9101144,-1.6233492,-1.2731189,0.6677404,0.18374817,-2.5184565,1.1925633,0.27469823,1.1015913,-1.4794246,-1.2129322,0.29553428,-1.5444779,-0.2909988,-0.17726515,0.72741956,-1.0036385,-1.3094546,-0.62314093,1.56113,-1.7757821,-1.2263689,-1.8725429,-2.4141593,-0.091841586,0.86331916,-1.2608864,-0.992031,0.15191083
TACAGTGAGTCCTCCT-1,8.846485,-0.4784295,-1.2937555,-0.23473816,0.13038419,-0.648776,-1.1510533,-0.021903224,1.9409993,0.09149034,0.16720621,1.0973055,-0.7782287,-0.67801136,-0.20845863,0.07526321,0.5516238,-0.067833476,-0.079561174,0.14993013,-0.44766745,-0.8519126,-0.71226853,1.0917869,0.13278684,0.5397773,-0.7966751,0.76969415,-0.17048946,-0.60660857,0.35561743,-0.031061912,-0.017620407,-0.26702267,0.13207114,-1.0953039,-0.99427557,0.4384074,0.5293242,-0.10229598,-0.26272595,0.19465636,0.16053915,0.09633442,-1.398284,-0.18529187,0.8262696,-0.051870868,-0.53109074,-1.2671443
TACCTATTCACCCTCA-1,-5.3685904,-0.04050583,-1.2258959,-4.0191383,4.273983,-2.6495764,-1.6273651,0.35944295,-3.212836,3.84789,0.35330552,-0.8667069,0.36479202,2.6716006,-0.8630891,-0.0692218,-1.3866533,-1.7882513,-0.111248195,0.059275623,-0.48607978,0.21909468,-0.024426688,-0.3589714,-0.776574,-0.2876034,-1.0398116,-0.30947414,2.0428925,-1.5977286,0.16127104,-1.3405845,0.58863986,-0.85858196,-0.73044777,1.2920763,-0.5689169,0.33920166,-3.2032936,0.005712414,-0.87551785,-1.5168345,0.393043,1.7208496,3.4759092,1.3235273,0.51262105,-1.7446681,-0.42589688,1.5699104
TACCTTAGTAACGACG-1,13.94052,-0.55327106,-1.8683002,-0.17873996,-0.780584,-0.9093593,1.362236,0.76519096,-0.8459839,-0.056201432,-0.37448275,-0.9357011,-0.15085566,0.2281108,-0.53557134,-0.5438302,-0.67958504,0.0982403,-0.83493847,0.23517634,-0.71059966,0.17114493,0.08111849,-0.36731875,-0.52526677,0.3333333,0.8875248,0.06047282,0.18828693,-0.21230131,0.7511646,0.81533426,-0.10584063,-0.30775285,0.47802496,0.9521139,-0.34536985,-0.5150256,-0.05694497,-0.22199148,0.12848687,-0.22186774,0.12774687,0.40810436,0.37707353,-0.049043983,-0.5142318,-0.28211197,-0.04523157,0.1880199
TACGGATAGCTAGTCT-1,-1.1105266,7.065853,15.263294,-1.1547338,0.81675994,5.882448,-0.34829307,-4.605935,-0.6748157,-4.9349856,-3.356574,-0.83606106,-3.3599372,0.88277924,-3.299926,-1.8938675,-1.1598735,4.1842656,0.30059364,0.21531363,0.12788874,3.172035,-1.1717769,0.23667715,0.5173646,2.662176,-5.448766,-0.86174715,-1.9872503,-0.009780639,-0.894391,0.14034227,-2.758257,0.73288053,0.17887425,1.0168289,0.39564845,-1.4167075,-1.7644261,-3.213666,-0.4450381,0.32664737,0.031171685,-1.0100397,-2.9394777,3.2292337,0.05783536,-1.8004236,-2.2909634,-1.6531203
TACGGATCAATAAGCA-1,-5.5557656,0.035673827,-1.5858376,-3.3955414,3.6998453,-2.3123243,-0.8096135,-0.427904,-3.7291229,3.4399655,0.65141785,-1.5359626,-0.80421126,2.3699102,-3.8636708,-0.9656505,-2.1053782,-1.585901,-0.07226723,0.6882456,-0.68092716,1.1464481,-0.68396753,0.9952984,0.3219904,-1.9252145,0.7793052,-1.3477951,-0.35511476,1.6361486,-0.105195746,1.5593711,0.27360246,-0.5963303,-3.9279115,0.18666889,-1.7448541,-0.6682183,-0.71271694,0.5980315,-0.31543842,0.7953772,1.22604,1.4507755,-1.4868118,-0.35568282,0.43264887,2.3283277,-0.5354443,2.7827597
TACGGATGTCCGAGTC-1,12.053882,-0.18177833,-1.3223236,0.28306437,0.08466414,-0.6282306,1.3882576,-0.0036422284,1.4545318,0.8694067,-1.0306067,1.5368457,-0.6779673,-0.16573338,1.074148,0.86932737,-1.5367197,-0.1296703,-0.38395336,-0.21837479,0.29605263,0.47728238,-0.52422243,0.43532178,-0.40769607,-0.5296738,-0.56956583,-0.48712525,-0.76084524,-0.10439689,-0.3559866,0.23007758,-0.41006005,-0.116234474,-0.22369707,-0.6659049,1.0253626,0.19112784,-0.026404869,-0.4340976,-0.42194512,0.440046,-1.1198468,1.2816851,-1.8589754,-0.42281485,-0.3464151,-0.3606276,-0.1244918,-0.8501633
TACGGGCGTATGAATG-1,0.9983229,-2.1075857,5.088375,5.1882234,-1.820479,2.2750816,-2.9556353,-3.2433212,4.100647,1.4056106,-0.27026334,2.4090035,-0.431352,0.1969642,-3.3301537,-0.48808053,-1.2576897,-2.3536494,1.7838429,-4.45706,3.1241808,0.5239731,-1.9355692,0.77603227,-6.676039,-3.420571,2.8897586,-3.5784564,-1.0723994,-4.057134,0.13487463,-0.8454285,-7.7462177,-5.22434,3.4921706,6.4690003,2.3796191,17.504004,12.561002,-0.80880207,-11.288028,28.428457,9.776694,-8.78677,25.1321,-5.260607,1.2855939,-4.8577056,-3.1228883,-4.5225534
TACGGGCTCCAACCAA-1,13.061791,1.2513984,-0.51858217,-1.4613409,1.3810458,-1.2956192,1.7159768,2.9325993,2.8915727,1.0927604,-0.83816004,-0.2095069,-0.40968022,-0.751023,0.3615958,0.4908814,-0.8438739,0.3855659,0.8808905,-0.08671696,0.6770693,-0.27171597,-0.670378,-0.4972861,0.04431218,-0.4545611,-0.46614653,-0.34844455,-0.5950894,-0.21268906,-0.60232073,-0.10658305,0.0042012557,-1.7091174,0.34238464,0.48104954,0.14398667,-0.069615416,-0.20324409,0.9231282,0.01628819,-0.3912537,0.543644,0.46703276,-0.58728546,-0.4209565,0.34206694,-0.33647034,0.041337922,-0.41154
TAGAGCTCATGCCTAA-1,0.13361454,2.9037268,8.035554,1.4039891,2.0597372,2.4497685,-0.5040888,-1.0579518,-2.7786357,1.2660506,-0.7872062,1.5183381,-0.18121095,0.75491035,-0.971907,0.21651267,-1.2959416,1.0643342,-0.98104686,-0.8856843,-0.44833428,-1.1388594,0.6486672,0.643845,-0.932827,-1.5840607,-1.0244776,-0.44441026,-0.48708653,-1.1963204,-0.6202876,-0.42068365,0.85817486,0.9273193,1.5050458,0.6083029,0.30560094,-0.18258464,2.5058274,-0.51447815,-0.18249747,-0.71468824,-0.38531816,0.5689916,-1.8151228,-0.8400871,0.29714808,-1.2063295,-0.15634897,0.8940649
TAGCCGGGTAGAAAGG-1,-2.4327211,10.02377,20.529356,-0.4154232,1.8209827,5.3581395,4.060185,3.36848,-4.027091,-15.860339,-6.913282,-3.791887,-11.361015,1.3397558,-11.96272,-14.30512,0.243399,8.293324,-4.185451,-6.263186,31.724247,-34.235054,26.286428,10.11344,17.575754,-14.620856,27.876968,-5.0152826,0.92415065,0.75674075,-8.026542,6.3428636,7.722895,2.7006147,-1.326389,5.2379827,-3.407289,9.414859,-6.6156693,1.5280398,-0.66188145,-3.6177914,4.0245957,4.8382134,0.9122021,2.2086422,2.2865424,3.4244316,-1.9315535,-1.512158
TAGCCGGGTCGCATCG-1,-4.80995,67.26138,-23.340483,-0.31462866,-26.232145,-13.158498,-19.777292,-8.421295,1.9548777,8.268679,4.1207643,18.346352,-32.62645,-15.507818,-27.362036,38.084652,45.121048,2.0171669,-1.4536301,3.6595812,-1.8978194,-0.18518336,-2.6698785,1.6178594,-2.9126444,-2.291744,5.810817,-2.1472774,-1.8668014,-4.262457,-1.1900833,1.3429061,0.27950796,-1.5676476,-3.0913296,3.896113,1.327946,1.4757454,-1.6401297,0.8770895,-0.91912895,-0.2728535,1.3214836,-0.4563879,-2.3474014,0.34115756,-1.2036827,0.20175184,1.0895743,-0.027441898
TAGGCATAGCCAGAAC-1,-3.6657686,-1.2332703,-0.12063912,-3.2335384,1.7640015,-1.6582391,-1.9627334,-1.6484476,-0.87670386,2.9934776,0.075838715,0.109335005,-0.48114887,-0.78010714,-0.4984985,-0.3436151,-1.2508572,-0.93132794,-0.54723394,0.74015343,-2.165024,-1.2975912,1.4818513,1.8377944,-0.3288484,-0.404186,0.2045708,1.1424334,0.42520714,-0.6106244,1.0006094,0.40844136,-0.24007006,1.682117,-1.6252927,-0.9920767,1.2850231,-0.35697648,-0.18305653,-0.5739909,-0.67659307,-2.0083213,0.92831874,0.29278573,-1.1057172,0.61450756,-0.013507155,-1.1572335,-0.8597811,1.5173972
TAGGCATCACATGTGT-1,0.008032296,4.706762,12.890382,0.34790656,0.72629964,4.976339,-2.4572232,-3.789864,0.9435646,-3.5053334,-1.4194199,1.0746772,-2.8957329,-0.79722434,1.0514338,-0.5928184,-0.99151736,1.0595667,0.082772896,-1.393174,-0.14605437,1.810318,-0.25318673,-0.028469587,-0.5149879,1.145351,-2.2807462,0.78032917,-0.68587416,-0.54744667,-0.45757177,-1.0610666,-0.5984793,0.44954565,0.44735983,1.2489008,-0.1835778,-1.6690674,-0.7928475,1.4810667,-1.6875775,-0.07367707,0.08946694,-2.1084435,-2.9816346,-0.8819645,-0.8759373,-0.47511086,0.33480996,-2.0442073
TAGGCATCAGGAACGT-1,-3.732359,0.4854833,0.25396726,0.047568496,2.1450715,-2.220927,-0.92297435,0.15643293,-2.4238718,2.8783028,1.3288101,-0.3314526,-0.8931949,3.5456607,-0.93522966,-0.5823659,0.4062683,-1.3384907,-0.6554716,2.1985085,-1.7465568,-0.49045217,-2.1947641,-1.4608778,0.5800412,-3.1044476,-1.5135711,2.1841888,3.2639472,-2.4707196,-2.07524,-1.1311628,0.29788134,2.8683314,0.64956766,-3.4846632,0.5044323,0.99354756,-1.0331103,-0.14152491,-1.929073,1.5643605,0.2577031,-0.4961001,1.6798855,1.7346365,1.0441121,1.0633333,2.444868,-1.5092955
TAGTTGGCAGCTTCGG-1,9.140729,-3.1320329,-2.1887836,1.975249,-1.3001684,0.3480733,-1.939298,-1.9173003,-0.37912595,1.2783369,0.9195466,0.797863,0.19654776,0.20043685,-1.7591733,-0.58946425,-0.8235322,0.10033003,-0.3568807,-0.3857696,2.4026887,-0.7555692,0.69450957,-0.8116294,-0.8676315,0.2572404,0.19293904,-0.26487377,-0.4798099,0.25910997,0.061464205,-0.8011517,-0.7858027,-0.12448352,0.4605828,-0.5923688,0.5072641,0.2095916,0.82610875,0.6452635,0.56879175,0.20196004,-0.058301717,-0.21415462,-0.10841628,0.23114681,0.0026930787,0.73577684,1.0881897,-0.025099942
TAGTTGGCATCCCATC-1,13.420144,-0.5082812,-1.5406117,0.19105157,-1.3913273,-0.3709202,0.9054467,1.4115863,-0.2586139,-0.95640916,-0.34125778,-0.55644953,-0.24976246,-0.14155114,-0.54815197,-0.41895175,0.18128921,0.4720312,-0.52767795,-0.7013174,-0.40956753,0.58839846,-0.855596,-0.4388036,-0.55344397,0.1696848,-0.16448668,0.7722376,0.5114729,-0.04516456,0.100650065,-0.58779484,-0.4880247,0.12186794,-0.3420459,0.6183933,-0.46574643,0.26107946,0.23637955,1.085534,0.04676874,-0.33434826,0.6571828,0.965828,0.5462489,0.1429671,0.3230316,0.010445645,1.4167924,0.338962
TATCTCAAGACGCACA-1,11.427753,-0.29559484,-0.5840748,0.6593158,0.15784171,-0.39169136,0.8451143,0.67653024,-0.45116833,1.1840951,-0.56256175,-0.55074996,-0.3395744,0.7713597,0.5948201,-0.16226207,0.19059964,-0.5371516,1.2590925,0.5417412,-0.19187291,-0.7216944,-1.2845141,0.3234752,1.0409194,0.066043474,0.23629433,0.018804321,-0.43746996,-0.83303046,-0.46990976,0.36315885,0.23739178,0.14563441,-0.37329024,-0.8985524,-0.3631408,-0.35946172,-0.57920843,-0.81984615,0.2661377,-0.43508956,-0.78726745,0.3359853,0.18350263,-0.030967694,0.94384956,0.79752785,-0.70375735,-0.47529864
TATCTCACAGCTCCGA-1,-3.5523248,0.59222144,0.46977374,-1.4447668,1.082355,-1.0370393,-1.4647663,-1.3867823,-3.8288498,3.5711846,1.1726868,0.8709391,-1.97338,-1.9143466,0.15269803,0.89811,-3.9264874,-0.38966987,-1.3088946,-1.1810793,1.8198847,2.8181453,-0.131291,0.16005892,0.5912857,-2.6709137,-0.66650045,-0.6502025,3.113238,0.12669432,1.2330431,-0.03883824,-1.0345318,0.7407769,-0.5221477,1.3514068,-1.5114559,0.4506337,-0.47273174,-0.7105277,-0.35555947,0.36200833,1.5392101,-1.0616863,2.1838284,0.6142359,-0.552215,1.1329298,2.6858912,-0.6586258
TATCTCAGTTGCGTTA-1,13.8061905,1.4300412,-1.0843444,-0.9088028,-0.3232327,-1.0515649,1.1275007,2.6986313,0.049372975,0.2210721,-1.3149598,-1.1637545,-0.16784014,-0.0034511273,-0.55039793,1.3973627,-0.5103877,-0.07310446,-0.7349073,0.61579883,-0.554236,0.07860831,-1.0247428,-1.2629932,-0.31412712,0.3126248,0.96596915,-0.592924,-0.9786961,-0.010507856,-0.7086068,0.33207497,1.031229,-0.12043882,0.4189118,0.39586762,-0.19334634,0.67045045,-0.5660052,-2.0506253,-0.007736252,-0.19365628,-0.19299065,-0.6328522,0.7111429,-0.08125745,0.52010745,1.554017,-1.7787019,-0.9040064
TATGCCCAGCGTTTAC-1,9.877862,1.5977994,0.40317947,-1.7267575,0.40638924,-1.0661337,1.1701951,1.508464,2.0876024,0.32516617,-0.33069885,0.76006854,-1.157728,-0.30386937,0.052182406,0.46248567,0.86442035,0.4416492,0.9272929,-0.34058356,0.8290617,-0.06503596,0.32957298,-0.013879334,-0.09053921,-0.028985038,-0.5029664,0.15049903,0.31446004,-1.0330462,-0.17928992,1.0049112,-0.5169998,-1.3052387,-0.32959664,-0.082079366,-0.4018179,-0.22569005,-0.24162906,0.48122007,-0.16657479,-1.2821566,0.03443657,-0.10144513,-1.8199397,-0.5361542,-0.55439365,1.6759689,-0.18134782,0.03924213
TATGCCCAGTGTCCCG-1,13.061602,0.13536152,-2.0564058,-0.7154554,-0.08670951,-1.0920017,1.6009585,0.80914295,1.5751717,-0.4513274,0.4630844,-0.44424304,-0.52572024,-0.76047605,-0.3534612,0.014273822,0.7757322,0.52271205,-0.12939624,0.6279403,-0.8242957,0.005354176,-0.31482613,-0.4918251,-0.059286095,0.3327069,-1.122999,0.25973836,-0.37373802,0.025622297,-0.14826052,-0.7791208,-0.9467008,0.60519385,-0.31395704,-0.47130015,-0.44724894,1.7160056,1.1414882,0.7618479,0.24737312,-0.7587015,0.4791262,0.4241114,0.7267079,-1.3141751,0.61631805,0.092834294,-0.15463679,0.31693915
TATGCCCCACCGTTGG-1,-2.7520864,20.41421,20.631336,-4.5740843,1.943489,8.793873,3.8502288,1.2714734,2.7387068,-14.069221,-5.9399467,-6.9006352,-5.0415688,-0.17406918,-7.9236255,-2.7790647,3.5271838,6.759573,-4.529477,-1.0052192,-4.0382757,6.996606,-0.23728609,-4.058423,3.2090867,4.41961,-3.2888622,2.6812084,-0.9231502,1.6393638,2.166849,-1.982117,-2.2008717,-1.8687094,-1.0786682,-0.019264843,-2.1274087,-2.5042472,3.0375137,-2.4180827,5.512627,-2.7980394,1.9222076,4.19692,-0.41251832,-1.6884397,3.5811567,-2.1940768,-2.7224853,-3.0882082
TATGCCCGTCACCCAG-1,16.560959,-2.7864184,-6.11838,4.503438,-6.32872,2.9764915,-2.8109307,-6.6155496,-18.759258,-11.306691,3.8698382,-5.370434,2.089206,2.6681945,-3.1229582,0.86860985,1.6036001,2.251816,-2.1765025,1.6155508,-3.8608959,2.802379,0.8887617,-1.1669036,1.0022137,0.2792204,-0.8389056,-0.43232197,-0.3328246,-2.6464572,2.2181873,1.655444,0.2393542,0.15850554,1.193309,2.2359076,-1.7798473,-0.2607668,-3.3314986,-2.301376,-0.7762326,-0.8831407,1.1337492,1.5919588,2.0356557,-0.8071342,2.6294343,-1.6158824,-2.2377894,1.5903652
TATGCCCTCAGGTTCA-1,13.0301,-0.6117678,-0.989264,0.4443017,-1.2687,0.10180443,0.94774246,0.47773626,-0.36854294,0.44577947,-0.5257031,-0.4571217,-0.49262747,0.29355487,0.13237777,0.48389798,-1.5024778,-0.08538668,0.60823244,0.64024,0.8883029,0.015306756,-0.18872851,-0.3463397,0.6189625,-1.2497015,0.8565641,-0.30607066,0.3173271,-0.78608865,-1.0167176,0.14595583,-0.02670332,0.40145272,0.9152211,-0.61561114,0.04858709,-0.22086433,-1.2558193,-1.4739082,-1.3832463,0.4919356,0.0041540232,-0.033422407,-0.92471313,-0.059122898,0.17029922,0.5072688,-1.3320693,-1.4166143
TCAACGACAAGCCATT-1,13.232695,-1.0063545,-1.498902,-0.93176854,0.1115923,-0.88236535,1.3500527,2.257593,0.8544425,0.041722745,-0.9158791,0.9174423,0.1629929,-0.5340284,-0.10940181,0.08468941,-0.11267084,-0.8099751,0.013563891,0.08306185,-0.3733406,-0.13472973,-0.70713264,-0.62656397,-1.5445328,0.55530095,0.33289433,1.5833858,0.91384614,1.4599856,0.43885252,-0.74197644,0.8002155,0.5728035,0.0566167,-0.20510238,-0.7648179,0.63442975,-0.6493663,0.85888684,0.3617251,-0.58014876,1.6999837,0.37665537,-0.284513,0.6297838,0.6399062,0.62478936,-0.5413178,-0.35289434
TCAACGACACAACTGT-1,-2.75831,-0.71349716,-1.4487042,-2.2249053,2.5856457,-1.6165062,-1.0952157,0.16768624,-3.0966434,2.916638,-0.11119701,0.90405065,-1.9122503,-0.42047164,-0.8404716,-0.7046549,-1.9256066,0.020776905,1.0023742,-0.657579,2.0536342,0.4281619,-0.17862949,-1.2036071,-0.519373,0.02795887,0.84846675,0.8601129,0.8318578,1.0811204,0.21197702,-0.11954406,-0.3282718,0.3458391,1.196721,1.8224052,-0.38593268,-0.41244152,0.62528735,-1.0683771,-1.3862993,-1.150988,0.068012275,-0.6188604,-1.6805431,0.50363266,0.7891625,-0.01206249,0.4427796,-1.2466913
TCAACGAGTTAAGGGC-1,11.294092,-0.84106725,-1.2018554,-0.14181384,-0.0018274133,-0.61095476,0.55280954,1.5643444,1.5761892,0.036545444,-1.1094749,1.0343425,-0.33244097,-0.31219736,-1.0510044,0.41923124,0.75546056,1.0296642,-0.10416426,-0.5470184,1.1028739,0.24888784,0.39080104,-0.213651,0.096951,-0.062145498,0.29301438,0.39654607,0.5582481,0.5850322,0.064710476,-1.8657225,-0.41828904,-0.12331466,0.45962203,0.4962758,-0.09749415,0.50822973,0.6919835,0.6383558,0.7076483,-0.45120236,0.08228503,0.19804893,0.013899523,0.44645888,0.7421054,-0.28324297,0.78797024,-0.08573398
TCAACGAGTTGGTAAA-1,13.926885,0.04621226,-1.7005154,-0.17460732,-0.7064264,0.34290093,1.900136,0.9498935,0.4910456,0.18516997,0.30545598,-0.61816406,-0.11622768,-0.67391497,-0.3290624,-0.93844825,-0.8300922,0.18052864,-0.09824734,-0.12086781,-0.75655395,-0.54923016,-0.3876134,-0.90058863,-0.36920878,0.48454857,-0.42968488,-0.78990066,-0.33026823,-0.40884757,0.1300892,-0.36170843,0.664074,0.5970792,-0.3375246,0.19911413,-0.5191091,0.2831548,0.30886108,0.6475692,0.5361456,-0.38229835,-0.6765893,0.26273155,1.2848406,-1.2137959,-0.5042335,-0.7623216,0.6129348,1.0640717
TCAATCTCAAGTCATC-1,9.621368,-4.6526294,-3.973066,4.3935447,-3.902064,1.4143603,-4.81715,-6.683048,-11.950694,-5.6907763,3.034313,-2.110481,2.4982007,0.9303956,-1.0991282,0.17389545,1.3898013,1.467364,-1.1016384,-0.1532023,-1.030492,0.21697171,1.1053655,-0.07288521,-0.038947877,-0.589405,-0.05482006,0.029733239,-0.5542072,-0.38472444,0.5251962,0.99105036,-0.30274248,-0.53628784,0.17011605,-0.13978691,0.0472731,0.13931216,0.54822505,0.8782133,-0.05280962,-0.2370767,0.08589989,0.4734764,-0.5993506,-0.6048009,-0.21400627,0.5057393,-0.22601868,0.38839763
TCAATCTCATGTCGAT-1,9.734374,0.33360726,0.25730687,-1.5328615,1.4767134,-0.65173805,0.5266367,1.5218234,1.7736814,0.5499459,-1.4681125,1.0232865,0.27932063,-1.3361557,1.9276617,-0.38501137,0.93274003,-1.2818617,0.8703631,-0.35742646,0.32704622,-0.27866286,0.3927558,2.1900332,0.25399292,0.4532803,-0.67130876,-0.6981762,-0.84561634,0.23475221,-0.37315124,0.27168941,0.40976405,0.25459194,-0.99077594,-0.6865706,1.6212369,0.7199244,-0.97616994,-1.1544923,0.9020947,-0.88176566,-0.4777213,0.89199716,-1.8022847,-0.02645261,-0.44374117,1.1989658,-1.3629086,-0.90709543
TCAATCTCATTGGTAC-1,14.583548,0.9276389,-1.5740997,-1.3057338,-0.62125707,0.22258703,1.9011817,1.9448205,0.8714325,0.08751983,-0.3273039,-1.1658164,-1.5409374,-0.6146333,-0.5684606,0.70604295,-0.9036308,-0.29308292,0.19055288,0.3426837,-0.13168554,0.53308785,0.0044755093,-0.108408935,-1.1172597,0.9734787,0.18257707,-0.8625548,1.3306454,-0.20787308,0.16329251,-0.45922136,0.47470245,0.51256895,0.36817378,-0.07322564,0.7203378,-0.24327804,-0.78857106,0.47386155,0.20222935,0.096590206,0.22918682,1.1372094,0.43114015,-0.8388865,0.24482195,-0.104045704,0.5342687,0.3120629
TCACAAGGTCACACGC-1,14.457035,0.51673144,-1.765344,0.05683155,-0.22313122,-0.93143606,1.6587118,1.4044412,0.68152195,0.17758463,0.05746386,-0.2451613,0.36466205,0.05830613,-1.0732054,0.6466821,-0.988577,-0.21765612,0.15180868,0.18303774,-0.14628763,1.2704439,-0.45895144,0.6567421,-0.3641331,0.8452635,-0.6227086,-0.0866692,-0.3562428,-0.5674464,0.019185385,0.050324257,-0.9164117,0.009267286,1.2049037,0.3606367,-0.50467074,-0.1262078,-0.26333576,-1.227164,0.18510023,0.94999176,0.56091285,-0.07594229,0.8541469,-0.20888393,-0.43720886,0.10830176,-0.057542965,-0.107174374
TCACGAACAATCACAC-1,-3.1564531,0.58696103,0.8378401,-3.4101849,4.113388,-0.9394056,-1.9927088,0.048114154,-2.0892336,2.7814426,-1.5771275,-0.1124524,-0.12955865,-0.25301078,-2.7490559,3.2058907,-4.5397825,0.15731306,-0.93146795,-1.2462457,-1.0117946,-0.18538266,0.0018427881,-0.66398835,0.054386128,-1.1220818,0.25552422,0.5703571,-1.1398058,-1.163336,0.8447946,0.41611353,-0.62148106,0.62205493,-0.82760274,-1.1518846,-1.3521216,0.6673105,-1.59804,-0.6401693,-3.618694,1.2145485,0.808668,-0.6059692,-0.9363683,0.2879622,1.0165544,-0.9417324,2.8687084,0.24994238
TCACGAACATAGAAAC-1,-4.7482886,-0.18267626,0.9156343,-3.138997,2.8843195,-1.6536306,-0.9675553,1.2695124,-2.6898632,3.825955,-0.010044731,-0.649576,-1.3170284,2.3034966,1.3024848,-0.7269387,-0.4338124,-1.4118228,1.508524,-0.17462957,0.70135593,3.5663807,-0.01959708,-0.6407215,3.046777,-1.5380096,2.3693902,0.34514663,2.7733946,-3.2986917,1.7686254,0.976223,0.3319548,0.08681616,0.5151896,-3.6925993,2.2936711,0.81720257,-3.7113495,-2.378238,-0.20096473,-1.1546506,0.16740488,-0.99527043,1.5163795,3.3095813,1.3004397,-1.0396836,2.3882763,0.1968968
TCACGAAGTTTAGCTG-1,-4.5333495,-0.4003883,1.1726161,-1.8026389,2.4390287,-1.2543638,-0.75909704,0.079347804,-2.2207057,3.0921278,0.48927736,0.64140123,-2.0716605,-1.8567419,-0.6071918,0.9109962,-1.7605938,-0.7190748,0.12877604,1.2699202,-3.1326993,0.26867616,0.056783583,2.1624813,1.536971,-0.39106527,-1.6233964,0.6585434,0.4355433,-2.2676477,0.7696395,-0.6925387,-0.6080547,0.21816301,-0.6967317,-2.5028229,0.8158475,0.00024086885,-3.5667262,-3.4984758,0.4190318,0.35125142,-1.5442901,0.030395975,-0.632169,0.47027692,0.55636185,2.5935237,-0.7274897,0.88123345
TCAGATGAGCTCTCGG-1,-3.8282099,2.120156,-0.7847788,-2.9520214,2.6876192,-0.79226965,-3.9736636,-4.3929796,0.48254305,2.4469395,1.5755197,-2.7592108,0.6725231,1.3728809,-1.816877,-0.30879006,-0.07543647,1.2985672,-0.48731783,2.6626384,3.4834628,0.99384826,-0.30971017,-2.821408,3.4018,6.155125,-1.0992589,-0.07474582,-0.7557016,1.7348953,-0.4559622,-0.7193415,1.2084749,0.4121315,3.4128213,-1.4926217,-1.6324478,1.4173687,-5.247335,-3.8132455,0.09800918,0.74413556,0.25902992,-2.0452635,1.5107076,1.6075013,1.4850544,0.5299949,0.8090174,-4.7393646
TCAGCAAAGGCTCTTA-1,-2.8360431,0.18800879,-1.2898728,-2.17722,2.5904534,-2.1354198,-1.3910601,-0.28028062,-1.6985997,0.41005352,0.39991122,0.11404229,-2.9011922,-0.3109635,-1.1229541,-1.1598315,-0.3969613,-0.22651115,-1.7083522,-0.21195802,0.012499892,0.9779396,-0.8294912,-2.2553334,0.98461443,-0.32380423,0.3272134,-2.3487198,-0.011850895,0.43863073,1.2299743,-0.3798687,-2.4325488,-1.4274619,-2.205052,-0.77001935,-2.6740997,-1.8275381,0.99671644,-0.7801882,0.081874385,-1.3286399,1.7612497,2.1463919,1.5963078,0.8565424,2.9211767,0.7421621,-1.0517966,0.4690929
TCAGCAATCACTTACT-1,-0.39644563,2.7203069,6.574711,-1.4408917,0.83010304,1.010472,-0.8028853,-0.14573942,-0.5613325,1.6066406,-0.64996815,1.5329456,-0.98778075,-0.89107746,0.36342022,1.8488625,-0.7708841,-1.2990237,0.6263016,1.3674831,-2.6069932,0.68962,1.6048926,2.965125,-0.48361233,-1.6065029,0.662993,-0.65419614,0.16780491,-0.89813334,-0.26798457,-0.34774137,0.0012076625,-1.3053031,-0.8056123,-1.0115162,1.5843443,-0.18504404,-0.60227895,0.38379568,-0.13675092,0.19316381,0.24931742,0.730892,-3.5418892,-3.5355859,1.6327175,0.25641134,-3.1144867,0.042621206
TCAGCTCCACGAAGCA-1,-4.8095202,1.3121521,-0.7827479,-4.6934237,4.364758,-2.9722805,-1.0487406,1.0643538,-2.4013197,3.969885,1.8949562,-2.2465618,-0.6017675,1.6277269,-3.085155,-0.3905364,-1.4693367,-0.3039888,-1.3728338,0.17639533,-1.2277983,2.6024458,1.0047544,-0.78180665,0.5892795,-1.8362333,1.3014638,-0.05243585,-1.3806537,0.094943255,-2.071968,1.1651448,2.7642312,1.146017,-1.146999,0.7518363,1.611373,0.5892891,1.9107912,0.10260658,1.3410192,-0.51262534,-3.3252532,-1.6311039,-0.082834125,1.3148484,0.28484315,-0.14983183,-0.22562982,-1.1711946
TCAGCTCTCTGCTGTC-1,-3.8337338,1.9798393,0.2921816,-3.3420663,1.9074311,-3.968656,-1.85311,1.7836154,-3.6103544,3.2140148,0.2243424,-0.9103869,-0.8672078,-0.46641773,-3.2877595,-0.3266788,-2.951029,-0.38166687,-0.6822251,1.3396678,-0.30308342,1.318659,0.3402515,0.95907503,0.4319281,-0.30077976,0.2075894,0.6428129,0.6434353,-1.6575947,-0.23838118,-0.9003744,0.38669673,1.0588856,0.084318936,-0.8643169,-1.6132766,-0.32733005,-0.2521718,-0.11311232,0.8745817,0.28809515,-5.570283,0.3646371,-1.1329335,0.5122829,-0.30888903,1.0656447,-3.3000112,1.9359285
TCAGGTAAGAATGTTG-1,3.675028,1.1929936,3.0811677,-0.9663267,1.1036248,0.5341484,-1.254181,-0.023289146,1.6863639,2.4226682,0.20376967,0.5106314,0.288553,-0.8006801,0.24552211,0.6102982,1.172023,-0.47632816,0.2562132,0.43027943,0.65444744,0.6061166,0.94650245,1.2104237,-0.42699078,-0.24227333,-0.98224217,0.0638005,2.441806,-0.5952542,1.2760633,0.49656487,-0.721315,-1.2979352,-1.3018136,-0.23388219,0.95887166,1.3248724,-0.01153034,-2.015816,-0.69771254,-0.27815014,0.47006056,-2.2278786,0.11962831,0.26618388,-0.63858587,0.86036116,-0.38935992,-0.9321859
TCAGGTACAGCCACCA-1,-12.466525,8.128299,-1.8300254,-10.484215,7.5768595,-2.7045808,3.8257883,9.619845,-2.7097013,-1.5418949,-6.9268913,-11.054148,13.145384,1.9109204,-5.022411,5.093994,1.4116416,-2.6259446,-8.512814,-5.615817,-12.701053,-8.025343,17.838509,3.2645595,2.9440324,-3.2460628,-3.7634842,-2.619407,2.4203248,-8.20327,-7.3920274,7.8998704,-24.01297,-16.647879,7.011023,27.45629,-4.845251,-10.015986,10.005633,2.8848684,3.128284,-1.2641875,-9.396194,-1.4742196,1.6685799,3.1747847,-11.424579,-7.0927606,1.6375862,0.9668976
TCAGGTACATCACCCT-1,10.08031,-4.0872765,-3.316393,3.5521247,-3.4764516,2.2755375,-5.33918,-7.585098,-12.754234,-6.0539517,3.020931,-2.396802,3.1415994,1.0635238,-2.0685124,0.556165,1.2853472,0.8790617,-0.74070007,-2.4537034,-0.5242044,1.225167,0.41111377,0.69627815,1.2799902,-0.5555162,-1.0693253,-0.06298198,0.11802885,0.5506934,0.11264573,0.93290454,-0.49316296,-0.43571654,-0.17935106,-0.8264968,0.76626295,-0.6277578,1.0664836,0.8427231,-0.031724982,-0.63675046,0.03708539,0.4094582,-0.58040327,0.07175073,-0.32917222,-0.1742809,-0.3077568,0.5741749
TCAGGTATCACGACTA-1,12.538879,1.416894,0.42385244,-1.7080032,-0.054782804,-0.65574586,1.4147252,1.7250087,1.3193698,0.3330092,-0.55551076,-0.6596413,-1.7015938,-0.11577526,0.5253778,0.46933958,-0.28040993,-0.0477485,1.4148765,-0.0003556645,-0.9934718,0.71303886,-0.6221479,0.17382754,0.33315367,-0.27695534,-0.24940313,0.6988313,-0.6313955,-0.55004865,0.91957825,-0.6705276,-1.0458226,-0.15232655,-0.042252216,-0.050270762,-0.40853384,0.36368012,-1.0540912,-0.46770918,-0.0017751785,-0.59466195,0.07114551,0.41642645,-0.9540935,0.9747345,0.30474016,-0.1935592,-0.623844,0.8993662
TCAGGTATCTTGACGA-1,-5.3982754,0.5774842,-1.8698927,-3.465847,3.944917,-2.9171708,-0.76355684,0.02686713,-4.48881,2.9946704,-0.78820384,-0.7465918,-4.2772083,0.33636314,-1.9586536,-1.808686,-1.8957705,0.08874065,2.9383183,0.25787413,-1.2335345,0.97553205,1.0062581,0.5086162,1.1412282,-1.2841752,-0.8267942,3.5461884,-2.3881085,-1.934927,0.22636016,1.0942506,1.7972978,-0.3271366,-1.0148852,-5.8377075,-3.2900255,-1.1447585,1.8374234,-2.3157563,-0.9878222,2.2243402,1.1773888,-1.1307881,0.2951313,-0.9731486,2.626513,5.286889,-0.61799407,-0.49470323
TCATTTGCACACTGCG-1,-2.4597552,0.5878668,-2.3090923,-3.543966,6.779412,-2.9244149,-4.9326844,-2.535847,1.4720851,1.4301469,0.37394536,-0.8486889,2.903996,-0.75184983,1.5895022,0.040285226,2.0191684,4.40981,0.5519047,-2.6548815,1.6838601,1.6122628,0.91555303,0.5332799,4.4326386,-1.3094567,-0.5066479,1.0363799,0.43584636,-2.043778,2.537122,-3.5175757,-2.9044864,-1.0863868,2.8591566,-2.2376099,-1.0611223,-0.06896782,-1.2886949,-1.5869905,-1.7504137,0.6284594,0.15083681,1.8678911,-0.8214228,1.3879715,-2.8784802,2.1543627,0.4376418,-0.3092293
TCATTTGTCGGCTTGG-1,-1.8921249,0.55010045,2.7876472,-1.3743168,1.9560554,-0.73985666,-3.0462215,-0.7335374,-1.1269265,1.7895693,2.2990534,0.5010792,-1.8606917,-0.10449317,0.31095347,-0.38789925,-2.8258476,-1.0201824,0.8534228,-0.66919684,-0.72234124,0.39207998,-1.0381777,1.7414172,-1.4069722,-0.6143184,0.84805644,-2.2234216,-0.26757222,0.92044204,1.811362,-1.001214,-1.0462283,-0.029116713,-1.6405511,1.4201694,-0.38060763,-0.73860335,0.123906575,0.6582952,-0.59042454,1.177486,0.58642185,-0.0052033984,0.25493875,1.1040152,0.398175,0.41375497,-2.8021755,0.01820929
TCCACACAGGTTCCTA-1,1.8373536,-0.9470094,4.017399,0.27916688,-0.08459453,0.16328308,-1.6220156,-1.457834,0.13367388,0.8325071,2.0191467,1.008283,-1.3427497,-0.0467412,3.4721828,0.22851837,1.2423689,-2.7642753,-0.9374523,-0.79289955,0.2370269,-2.6316545,1.0144073,3.35175,-2.8914354,-1.3423147,-1.7627766,-0.7783368,1.8978786,-0.2806642,0.51230603,1.6526688,0.5097927,-0.54223657,-1.7240273,0.30083624,-1.3159295,-0.85888034,-1.974851,1.811777,-2.1679716,-0.13599458,0.308508,0.78749603,-0.0026569543,-0.9626605,0.102212854,-0.02259115,1.2372371,1.4478047
TCGCGAGGTCAGTGGA-1,-0.17350516,5.5386424,11.78381,0.32404503,-0.46445426,3.5287373,-2.392038,-2.7743838,-0.057554677,-1.3438404,0.3034506,-0.5239697,-2.3527389,1.4974129,-1.9533756,-0.9403903,-1.0327166,-0.26723823,-0.3730798,-0.6167258,-2.007802,2.2858458,-1.3072438,0.3508884,1.9213982,-1.1805165,1.4971651,0.07811115,0.23021069,0.11135315,1.5763029,0.22740692,-0.72703564,-2.2730834,-0.19780618,0.41369385,-0.16042545,-1.2215468,0.5313578,-0.6527308,-0.8129738,-1.0748204,-0.24781455,1.4234103,-3.1891482,0.7186954,-1.481061,2.2553596,-0.04772396,-1.4892114
TCGCGTTCATTCCTCG-1,-2.2838311,0.017700318,-1.2690246,-2.0492444,3.1771636,-0.6489785,-2.0035415,-3.4371407,-1.4470655,2.8855631,-0.24522369,-0.880442,-1.1628208,0.9297534,-2.9859507,-0.4990396,-1.5890279,-1.6335179,0.23789121,-2.671771,0.11170563,1.5871717,-0.5872023,1.1043565,0.6554511,-0.27400258,-0.8542963,-0.68523157,1.2891601,-0.86885655,-0.5253842,0.5322156,1.7766274,0.6188981,0.51768804,1.4838496,-0.56794125,0.45315838,-2.5069082,0.32997915,-0.34783858,0.34373435,1.1476302,-1.1896102,0.5779658,0.87616414,-0.22548512,1.046083,0.6121011,0.13716415
TCGTACCCATCCAACA-1,10.463725,-0.63919663,-1.0948743,-0.051550325,-0.3767548,-0.20919694,-0.31053373,0.73378843,1.5533372,0.8074995,-0.2284305,-0.30817172,-0.93573564,-0.7075999,0.3515903,-0.5709181,0.13822228,0.49113348,0.4343653,-0.08057553,0.61820817,0.6055302,-0.5074052,0.40433484,0.777147,-1.9374019,0.6222055,0.05990507,1.0216349,-0.08242021,-0.8940674,0.7904792,-0.5507568,-1.4340923,1.1941817,-0.3436335,0.7995303,1.61277,-0.1082404,-1.0592653,-0.54704356,-0.15053096,-0.85388625,-1.1017998,0.24734126,0.8294809,-0.2426393,0.06766735,0.0967047,0.6398445
TCGTACCTCATGTCTT-1,12.1924305,-1.298801,-0.9444195,0.31224748,-0.34939,-0.9546548,0.088969715,0.8560319,0.49955297,1.6138704,-0.12653865,0.056855652,-0.76428473,0.7588323,-0.0932373,-0.3531052,0.07286345,-0.82888013,0.35197031,-0.22122297,0.008379798,0.15666698,-0.5227407,-0.026390128,-0.42977667,-0.52800053,0.42649817,0.13064703,-0.12560241,-0.8597431,0.34720588,0.14644107,0.3425992,0.42789128,-0.35517764,0.10874051,-0.10885134,-0.59872264,-0.331793,-0.57246614,0.17284071,-0.42549434,-0.2577545,-0.26127362,-0.8923365,1.3683784,-0.86260194,0.38750008,0.7578122,-0.71916467
TCGTAGAGTTGTTTGG-1,-1.6074727,-1.3219901,-2.280359,-3.0250585,3.514134,-1.9339693,-4.396835,-4.6684813,1.0593168,-0.38601297,-0.67025244,1.4777721,-2.4281983,1.3597738,0.24692065,-0.37590736,-0.8797043,1.8235862,-0.5327667,-1.2988609,1.2370481,0.31068394,-0.6178457,-0.5527888,-0.3659719,1.7003133,-0.980631,-0.41639075,-1.4716,2.1757884,-0.6290335,-1.478265,0.22657716,-0.10557433,1.2785429,-0.6998535,-1.1677116,-0.6704889,-0.11102864,-2.5357866,0.8720114,-1.659658,1.1478593,0.9797359,-0.9884582,-0.38920286,-3.7316537,-0.5176492,-1.824438,-0.8915011
TCTATTGCAATCCGAT-1,-4.821776,0.2472269,-2.347766,-3.7489932,3.1925786,-2.8355424,-0.9831585,0.28732902,-1.9194233,3.49464,0.9294634,-2.7249436,2.296954,-0.17899376,-2.4309819,1.872165,-1.8294103,-0.09220578,-0.4442886,0.1567546,-1.4384338,-0.84326607,-0.5618187,2.487362,0.91629004,0.90767103,-0.23540322,0.45147407,0.17508887,-2.812207,0.39805257,0.7275076,-0.23046862,0.18282773,-0.64166445,-2.7724185,-0.40761158,0.11163925,-1.4263935,-1.0788763,-1.6941615,0.47272593,-0.782256,-0.15572636,-0.52706367,1.4108061,-0.5522021,-2.691424,-2.1151886,2.1321442
TCTATTGCAGGATTGG-1,12.702379,-4.428731,-5.364315,4.8295693,-4.956912,2.2926626,-4.092367,-7.583077,-15.4236965,-8.448957,3.6999316,-3.1548092,2.809994,1.6160715,-0.8881078,0.7642297,1.5394561,1.5081867,-1.3310065,0.092932515,-1.177761,1.2184652,1.5258706,-0.18533064,0.6950405,-0.28205714,-0.13251153,0.040391017,-0.6489939,-0.6397003,0.5433724,0.9242046,-0.4385404,-0.017160881,-0.17344426,0.14745228,-0.0073897587,0.0942561,-0.08921065,0.98698,0.09403615,-0.3214807,0.31410706,0.23070002,-0.21453029,-1.1253108,0.35495698,-0.58144593,0.036657497,-0.20523472
TCTATTGTCCAGAAGG-1,-0.93813074,5.6820297,5.698543,-2.426075,0.19146346,0.80658454,-1.6091025,0.40655416,1.4228092,2.8924372,0.33699715,-2.7259614,3.8275023,1.0625409,-1.1068097,0.08217514,1.8902875,0.95700926,-0.2744661,4.4602633,-1.0724796,1.5763217,2.0611749,-1.3052692,-1.9131023,-1.3257368,0.25456768,-0.37687588,0.012739005,2.269,0.3006734,-1.1284778,0.39226016,1.018339,2.8486502,-4.8392887,0.98595464,-0.49943033,-3.2764971,2.798919,-0.66151965,-0.60813844,-1.6537303,-0.8680077,1.0513498,-3.643269,-2.422356,-0.7436722,2.1861556,-4.719585
TCTGAGAAGATATGCA-1,11.902698,0.04034885,-1.5456984,-0.45370573,-0.9112646,-0.57845455,0.23118949,0.8247637,0.21459535,0.15946248,-0.98347765,-0.107741654,-0.7180917,1.0410374,0.2797722,0.36231565,-0.011789639,0.17526376,-0.57946426,-0.21302305,0.81860375,-0.54993916,0.0683403,-0.17955683,0.08937338,0.27302492,0.24196704,-0.045058016,0.43696442,0.39441457,-0.38908818,-0.6229227,-0.2628229,-0.31219673,-0.023135906,0.39142144,-0.29656285,-0.07573671,0.9982753,2.0244238,-0.08930991,-0.06751121,-0.16245338,0.21642393,0.35592473,-0.44148704,-1.3403089,-0.63553154,0.21746843,-0.62124264
TCTGAGAGTTAGAACA-1,-4.2270846,1.3441017,1.0643295,-4.7464385,3.555938,-2.696556,-1.1981714,-1.2076333,-3.8191779,1.6697748,-0.76457703,2.7157068,1.339979,-1.4949511,-0.9393344,-0.24104233,0.45817578,-0.39810953,1.2502168,2.475096,0.37649775,0.43502682,0.27107912,3.7700717,-0.09406752,-0.41339096,-0.8583496,-0.270915,-1.4296019,-2.7867973,2.2327976,-2.2428086,-0.23951256,1.8153387,0.42193222,-0.8441571,0.25705847,0.59342027,-0.9790491,-1.886086,1.1258727,-0.02213365,-0.0674622,3.2208648,2.2366269,-0.65016013,1.097118,-1.3967032,-0.3658175,-0.45368856
TCTGGAACAATAACGA-1,0.65895975,3.74659,8.21079,-0.6406116,0.7513195,2.5482988,-1.4296279,-0.54109883,-0.66038156,1.874154,1.6975067,1.645662,-0.31175837,1.1940526,2.8637426,1.564694,-1.4605091,-0.9937561,0.5826807,2.0118206,-1.481864,-2.940939,-1.723479,3.0851767,0.6392282,-2.7389874,-0.6143997,-1.4224523,0.42428377,-0.72542,0.12395746,-0.70207703,0.27304623,-1.6129553,0.79561406,-0.35521263,0.98444694,1.944435,1.3531404,1.0074412,-1.2053269,0.64979064,-1.2104555,1.6250664,1.4520751,-3.141011,-0.090799324,-0.5444558,-1.8895522,-2.0906763
TCTGGAATCTGGTGTA-1,-0.025914364,1.1047056,6.495351,0.5473544,1.018084,0.4093861,-1.4392636,-1.4232627,0.3649539,-0.4281075,0.8422663,1.129843,0.09929659,-0.31777596,2.296088,0.5456944,-0.8131105,-2.4712203,-0.34261477,0.1640341,-2.6890545,-0.7421406,0.23512687,1.5923424,0.045175605,-2.1004782,-0.51490194,-1.535134,2.7313235,-1.2335923,1.151138,-1.7494856,-0.88245124,-1.4060423,-1.5932307,0.44269693,-0.049405407,0.8190077,-2.279216,0.69914997,-1.7402403,0.6452383,0.8911879,0.22071962,-1.207131,-0.30260068,0.6021977,0.7466713,-1.2106154,1.1314013
TCTTCGGGTTTAGCTG-1,-2.9447863,8.438225,12.8475,0.24989481,-2.3237963,4.6709113,0.70632315,-3.293758,1.3625175,-4.1316276,-4.039287,-4.83314,-3.2442408,0.25270346,-1.2040327,-3.400913,-2.0348876,1.6406044,-2.9588614,-0.46705234,-0.8728453,-0.7528103,-0.99416167,0.5456397,2.7450743,2.064239,-1.6033572,1.7754434,-0.085912876,-1.4667169,0.031179734,-1.2770548,-0.9458247,-1.3128208,1.2264141,-1.0526358,-0.6432337,0.99526143,-2.8801687,-0.37443778,2.3845627,-0.7044505,0.13545491,2.7941353,-1.7829142,-1.5008314,-0.0058003743,-0.60597664,-2.1645274,-1.121192
TGACAACCAATGAATG-1,-2.1030862,-0.13821131,-1.6029321,-3.6995099,4.9939246,-0.9969229,-1.5428472,-3.6998591,-0.6134099,1.1779003,-0.8022531,2.6859262,-2.3076732,0.9590913,2.8291297,-0.0029693844,1.0082264,0.9221773,1.4246043,-0.8275013,1.600799,-0.004252092,-2.3120232,-1.3637543,0.80457026,1.8385667,1.4083081,-0.37174484,-1.9799647,0.058740146,-0.71553093,-0.33547953,0.27946568,-1.2145399,-1.4900954,-0.23306069,0.4018098,-0.15551306,0.51264507,-0.48463553,-0.53676885,-0.047859225,-0.38487542,-1.7994163,-2.4338768,2.229073,-0.16054814,0.6607823,0.35742468,-0.40325332
TGACAACCATCCTAGA-1,13.101956,0.37914222,-0.54863137,-0.956783,0.033781275,-0.78739315,1.6905493,1.7995751,0.949765,0.7772475,-0.6762912,0.808297,-0.4587838,-0.046764296,0.45234907,0.16988197,-1.1891501,0.12812924,0.52090544,-0.49509513,-0.5896977,-0.47341946,-0.099888034,-0.32086614,0.9067734,-0.057690676,0.71034086,-0.4907871,-0.018951843,-1.0478175,-0.092525676,-0.28451937,0.64392835,-0.11883981,0.317982,1.2261654,0.030718852,-0.31553766,0.26396313,-0.23466605,-0.480316,-0.44861063,-1.2524455,0.29332024,-0.9989383,0.6839084,-0.14744663,0.8111513,-0.4325347,-0.31370786
TGACAACTCGGAGCAA-1,2.8334374,1.1540376,2.7406385,-0.56741446,1.0200531,0.73096716,-3.2636003,-2.2077508,2.6716065,1.3604879,0.24989966,1.7524353,1.1939837,-0.83012515,-0.34363776,0.25572458,0.22446246,0.16621663,-0.18153116,0.99756074,1.7098639,-2.5403554,2.043056,1.1123822,-1.5764352,1.0423384,-1.6768382,0.8764644,1.8909954,0.8550402,-1.3183454,-0.56382424,0.4836622,-1.1018392,-0.010300655,-1.9385436,0.061272364,0.37031874,2.3966029,2.437204,-0.59507304,-0.12389495,1.4489,-1.525825,1.2964293,-2.0839834,1.1661509,1.0184082,1.5240462,2.809269
TGACAACTCTGGGCCA-1,-3.2578285,0.3380861,-0.8419014,-3.612092,3.111221,-2.246357,-1.750275,-1.597254,-1.5648248,2.9024591,0.13036983,-1.5944552,-1.2705588,-1.4203982,0.08612369,-2.2753758,-0.44893622,-0.8446205,0.6204531,-0.15469703,-0.2237555,0.7081692,1.4327292,1.0199388,0.2151013,-0.5942285,1.6748688,-2.1450891,-0.2010504,0.5561066,0.6274052,0.9764539,-0.9407947,-0.0900641,0.4733251,-0.5741854,-0.79400784,0.8872724,-0.022780802,-2.1320333,0.7342554,-0.3815523,-1.3648722,-0.5892324,1.3658077,0.25665805,0.034948397,1.2873927,0.0018419784,0.47113347
TGACAACTCTTTCCTC-1,-0.56562966,3.688757,8.125829,-0.9798922,2.4457443,1.8428127,-0.7130498,-1.1733959,-0.19368994,0.87015665,-0.5535994,-0.5630254,-1.3448751,0.70137465,0.34111604,-0.79582304,1.0737652,-1.3278666,-0.8786061,0.2950573,-2.3972595,-1.1877764,-0.57938075,1.6826624,-0.9175839,-0.40538752,1.5461504,-1.4935131,0.46379328,1.9481074,0.34567726,-0.39590034,0.62237155,-1.2028964,0.9298463,-0.30396822,2.0391355,-1.2564404,3.1222441,0.47617766,2.1516623,-0.5974355,-0.65153074,0.43896762,-0.037408974,-1.2365575,0.77557266,-1.0020489,1.0024265,1.4818752
TGACGGCAGGCCCTTG-1,-0.4917279,7.5514193,13.842134,-1.1043302,2.3828173,3.7658277,-0.028809166,-1.1032836,1.358699,-4.682148,-2.8166726,0.91721725,-4.002,2.3305166,-0.4756871,-0.18393044,-1.2811296,2.1136847,-0.5015972,-2.4090464,-0.5749064,1.7804139,0.54237366,1.0209944,-0.59295964,0.96549094,-0.95721436,1.5443581,-1.565813,-1.4116684,-3.4110126,3.4813468,2.228299,0.8496259,1.3534771,0.6044536,0.2840098,0.3056032,0.23830386,5.363257,-0.12661128,1.1077182,4.676993,0.89988345,-1.9302931,-1.9237133,0.9830325,1.3330944,4.7734914,5.9420857
TGACTAGCAAGCCATT-1,-0.7517752,7.3172107,14.760956,-1.2845043,0.44464236,4.2093773,-0.38639316,-3.0199704,-0.4893512,-3.0914474,-4.35286,0.45462045,-1.2445319,0.10958439,-4.18846,-2.3554165,-1.4022065,2.3292997,-0.5636103,-0.8882387,-2.0572288,1.924478,-0.06726615,0.2852995,0.40112436,-0.5085076,-4.703622,0.7515586,-2.6239755,-0.99648327,0.019932771,-0.8969757,0.52461255,0.28016153,-0.2402846,0.50677896,0.013717932,-0.78248924,1.0714298,-1.2112129,1.3413299,0.7087378,2.4708438,-0.9521431,-1.5018748,0.09283192,2.1543524,-2.067514,-0.6542297,0.83576643
TGACTAGTCATAACCG-1,-0.6043195,14.532755,22.839218,-2.1561384,1.801901,10.032281,2.480189,-2.2373056,1.0863892,-11.369244,-2.5760226,-1.6208186,-7.4968166,2.0680115,-7.141965,-5.2174253,-2.158251,5.4102235,0.17292698,-0.8362764,-1.0324993,3.805051,-4.6474233,-4.497963,2.8099487,6.284201,-6.203074,2.8659563,-4.3604975,0.34337515,-1.1255114,1.9992198,0.8241196,0.30183867,-0.53801835,3.0788481,0.7425617,0.29133785,-2.58743,-1.2185422,-1.466719,2.8670785,-1.5276623,1.1428956,-3.1179104,2.9025924,-0.20413955,-2.3363085,-1.40012,-0.48390684
TGACTTTAGACGACGT-1,-2.1131918,-2.105708,-0.6362777,-1.7190336,3.1677194,-0.18855917,-2.2898355,-1.4799441,-2.2062428,3.4588165,3.435974,1.0214534,0.13054213,1.0946509,-1.554985,-0.21204676,-1.9525142,1.3621594,0.74399793,-0.6897271,-0.121478334,1.0475177,-1.2698702,0.47282088,0.17183691,-2.7493834,0.60103655,1.8311217,1.8661891,-1.3953875,-0.4552007,-2.0454,-0.5208724,-0.57621074,-0.8143813,-1.2858422,0.0040987562,0.01642783,-0.2443676,-0.009620798,0.38877636,1.6210382,1.1659383,-1.2876413,-0.86651254,-0.12910627,0.01928399,1.5340818,2.171304,-0.6116194
TGACTTTAGCCCTAAT-1,-1.2080538,-1.9971762,-0.7964434,-0.15550295,0.32517153,-2.1152098,-1.7289646,-2.1333754,-3.409581,2.3158178,0.044734344,-0.53040725,-0.92420673,0.7503249,-0.9247777,-0.6403079,-0.8021682,-0.78313375,-1.391936,0.22210078,0.81960964,-0.7860302,0.8739333,-0.20823509,1.5542883,0.5197472,0.9068741,-0.26898926,0.8780057,0.9831632,0.7729127,-0.1225157,-0.7280617,-0.018590717,-1.8372447,-1.8659054,0.18772852,0.16250552,-0.5365483,0.59026754,-0.19091356,-0.5325049,-2.2776196,-1.6603961,0.5235696,2.3209157,0.19161706,0.39110786,0.8905272,0.16727465
TGACTTTCAACGATGG-1,11.485042,0.5246603,-0.84918094,-0.19530141,0.79112595,-0.537309,1.457996,1.5536666,1.9203464,0.52217025,-0.05263176,0.71248806,0.0949788,0.76166993,-0.6320753,0.5625138,-0.9053272,0.3599078,0.18023631,-1.412147,1.7748419,-0.91660655,0.49236852,-1.0069495,0.17261662,-0.03739792,0.41788188,-0.9465111,0.18799256,-0.50440633,-1.099811,-0.2354361,0.530444,-0.0898396,0.9289868,1.1615796,-0.74843365,0.1634375,1.3282188,-0.872746,0.3911864,1.0969245,-0.6043105,-1.9957387,-0.25292748,0.33169338,-0.10657544,0.5983213,-0.3793437,0.8898078
TGAGAGGTCAGGTTCA-1,10.093169,-0.9084741,0.51831096,-0.42888507,0.6769644,-0.4807135,0.23766448,1.4130752,1.9177322,1.5169237,0.1343342,0.44752946,-0.4850634,0.30815974,-0.45383152,0.24801083,-0.35697186,-0.09186075,0.47792992,-0.487754,0.6801584,0.33867338,0.9349883,0.20132276,-0.20650122,-0.6653682,0.3739155,-0.18114519,0.64073443,0.28464776,-1.1322135,-1.7685916,-0.3902359,0.4570306,1.1012325,-0.16603822,-0.37464103,0.45019546,0.52924573,1.3217572,0.5387646,0.31584135,0.20487896,-1.0568163,0.16961117,-0.083079174,0.39289618,-0.75350624,1.0000917,1.1039279
TGAGCCGAGGCATTGG-1,-3.1787653,-0.1127938,-0.6799107,-4.6322055,3.3324955,-1.5602821,-1.0513304,0.9900794,-5.383608,2.912013,-0.53014046,-0.1459018,-0.03210033,-0.36340168,-1.3048043,2.3210044,-2.3495014,-0.7954046,0.43578672,-0.40656582,0.41111568,-2.1506765,2.6372242,1.8381463,0.6394414,0.8305472,-1.262682,1.6785942,1.4616868,-3.714679,0.18798524,-0.67681897,0.12332301,0.48614675,-1.4782948,-0.3895803,-0.5086476,-0.82094914,-0.4489904,-0.9927917,-0.63644886,-0.23937257,3.2236657,0.1423959,-0.8355258,-0.20742051,-0.56227815,1.7018776,-0.9926661,-0.30236614
TGAGCCGAGTTGTAGA-1,11.651555,0.1189586,0.48983642,-1.4577304,0.67011184,-0.6321254,1.0728874,2.3794706,2.364701,0.6268495,0.52583504,0.42156872,-0.4135538,0.039958008,0.07105286,0.9954055,-0.03691434,-0.6694565,0.82033074,-0.7154179,-0.25140497,-0.6135393,-0.41921344,-0.45194182,-0.42078933,0.66188294,-0.42796534,-0.7363902,0.10596453,0.7322513,-1.2133834,-0.17204037,0.52305585,-0.09920621,-0.92807156,0.020494694,0.33250156,0.73409796,0.23838268,0.9996374,-0.5460898,0.20829746,-0.022718353,0.717595,0.061075687,-0.026975974,0.41414937,-0.3174284,-0.17519523,0.22763659
TGAGGGACAACTGCTA-1,14.164809,0.29128885,-2.346595,0.8419461,-0.6780792,-0.3197728,0.48166138,1.0007198,0.094724916,-0.8338371,-0.8369297,-1.5229526,-0.2954532,-0.4023948,-0.1434945,-0.34233156,-0.3194732,0.2009306,0.6387163,-0.03833111,-0.43382168,0.71251684,-0.37256292,-1.4377592,0.4708896,0.77441835,-0.41293815,0.5327445,-0.92273223,-0.670785,0.52059877,0.34495535,-0.03846025,0.054825746,0.29183796,0.5356409,-0.099015005,0.14059536,-1.302913,-1.5034003,0.41891295,-0.057948202,-0.7078637,-0.98851776,0.64888453,1.289864,0.37752607,0.6725444,-0.43773827,0.0032177318
TGATTTCAGTCTCCTC-1,12.333826,1.0134456,-0.99996424,-2.0076349,0.047412574,-1.5656191,2.3733656,3.2042925,1.7364242,-0.4720346,-0.22130308,0.22726502,0.9926056,-0.58819914,-0.4005446,0.8635033,0.36898342,0.001464262,0.4647119,-0.1965374,-1.3207318,-0.18109018,-0.055797234,-0.06311714,-2.0738165,0.59819746,-0.1292301,-0.7047335,1.1502659,0.70327914,0.46333003,-0.4555333,-0.30827296,0.52846515,1.0444175,-0.021684118,-0.13297634,1.012509,-0.6055801,-0.5300069,-0.009060795,1.4235456,-0.7253482,0.71036434,1.2837759,0.056473516,1.1590586,0.4241652,-1.2090132,-0.64631486
TGATTTCTCTTCGAGA-1,13.122148,-0.004801399,-1.050986,-0.11451901,0.15718445,-0.5811562,1.0843077,1.972444,1.0666035,0.11071511,-0.9189053,-0.06970804,-1.4834145,-0.113999836,-0.25091037,0.10301713,-0.5366519,-0.17529358,0.9842649,-0.44981232,0.50030726,0.16787057,-0.2651252,-1.0687734,-0.2371462,-0.3376346,0.21177246,-0.8373058,-0.4083426,0.5181204,0.085131206,-0.68623275,-0.033972643,-0.16221409,-0.27505782,-1.0645038,-0.80634445,-0.47573954,0.47588563,0.41615796,0.9522417,-0.7255079,-0.7558183,0.40994352,-0.21322829,-0.50737774,-0.840983,-0.27455273,-0.87690336,0.24928118
TGCACCTAGCGTCAAG-1,8.536574,-0.69297147,1.8076686,0.9241115,0.4808942,0.46900827,-1.2937267,0.16948318,1.6506037,1.8696183,-0.20090868,1.1137289,-0.059721082,0.7367528,0.33648443,0.03475056,-0.48284155,-1.2469298,0.31108215,0.40022832,0.4571494,-0.5652363,-0.49078578,0.5965901,-0.007343534,-1.3586868,0.077197105,-0.21193321,0.68131787,0.8945852,-0.0046038013,0.013316782,0.64811057,0.45098898,-0.004400568,0.10789826,-0.141268,-0.091666825,0.1318931,0.0268517,-0.97406334,0.3850378,0.062955014,-1.4142915,-1.5199747,-0.33595952,0.40780997,0.7426848,-1.5216897,-0.8456418
TGCACCTGTACTTGAC-1,-7.219254,4.677492,1.017499,-3.8559651,2.6589837,-4.1116447,2.2341764,3.007944,-1.8128606,2.0981023,-2.031391,-2.6055381,1.1817172,0.652132,-2.8203611,-0.43551648,-0.63804066,-1.4289869,-1.2403632,-0.056882735,-0.8728914,4.5682793,1.474155,-2.5736463,2.9285958,-2.7959855,0.12347187,-0.89096713,0.07759366,-1.3880869,-2.7772741,-2.5484009,-0.3800732,2.3415082,3.687858,-1.4345428,1.5222883,1.6257006,0.9810531,4.748328,-0.79977775,-0.20169762,1.3539829,1.2447597,-0.5308706,0.45230174,0.31978852,-2.9847953,1.3328856,2.1620672
TGCACCTTCTAACCGA-1,11.237081,0.87104964,-0.63124406,-0.38695458,-0.116517514,-1.2580645,1.975106,1.9617544,0.46298903,0.93688196,-1.0819956,-0.59207445,-0.36175087,-0.6146824,1.8285476,0.52643514,-0.038874384,-0.68645716,0.5616148,0.7242362,0.050865155,0.47830936,-1.6055281,1.0157723,0.9278405,-1.3174822,-0.37561664,-0.3192147,0.8870675,-1.06062,-0.45884806,-0.33427984,-0.46029466,-0.71675754,0.64319736,0.11256028,-0.36169076,-0.2465963,-0.2834486,-2.313726,-1.7453954,-0.97567993,0.11775246,-0.45123675,-1.6028153,-0.4803495,0.0921896,0.2408707,-1.1466293,-0.17207897
TGCCAAAGTATCAGTC-1,8.591126,0.57121783,2.096243,-1.2702211,1.15881,0.41093782,0.38217106,0.9754349,1.79621,0.4647473,-0.78913367,-0.07125553,-1.1141026,-0.11647528,0.14542039,0.2491973,-0.28853074,-0.760305,0.8030839,-0.294694,0.61001813,-0.28990552,-0.583097,-0.36996382,-1.2623432,0.18897091,0.59246635,-0.5347569,0.6587627,0.9237271,-0.09492789,-0.17093383,0.26976016,-0.4089139,0.87193286,-0.009188868,0.012361472,-0.38635275,-0.406274,0.52369165,-1.3030994,0.7329633,0.9932611,0.56498206,0.36267847,-0.20583667,0.26519302,-0.82625574,-0.005131201,-0.19895704
TGCCAAAGTCGGCACT-1,0.9888154,5.2013903,11.072359,-1.8054783,1.5362672,2.459598,0.0651057,-0.38645416,0.27652133,-1.992233,-2.912753,0.25186628,-2.0084655,0.9121585,-1.4017361,-2.4075992,-0.1399401,-0.10261294,-2.452463,-0.7014814,0.012759986,0.21452847,0.46005633,-2.544343,-1.446952,-0.03133055,0.29170582,-1.3096143,1.0611503,1.7891151,0.1453807,-0.36781448,0.43954712,-0.031455267,0.19743052,0.22398734,0.4451669,-0.5501858,0.68601143,2.5448234,2.0274963,-1.4414573,-0.5703048,1.7255086,0.37928692,-1.2957202,1.514958,-1.2463857,0.7720292,0.7765995
TGCCAAATCCAGATCA-1,12.485339,-0.19518688,-0.4273804,-0.6702065,1.1197847,-1.0956372,1.5164845,2.174957,0.6935995,1.6971159,-1.0997978,0.04398001,-0.14822452,0.52996993,1.0241538,0.7310669,-0.6169806,-0.1949753,0.39240837,-0.0148003725,0.00074266,0.14868419,-0.83122504,0.12282562,-0.24068505,-0.09485512,0.87677485,-0.1429742,-0.7832708,-1.361517,-0.04911702,0.07768958,-0.06851139,0.2038517,0.17502163,-0.4895354,0.4633233,0.38817346,-0.5388934,-1.5734437,-0.8782854,-0.52738714,-0.13342303,-0.074667096,-1.0024611,0.07864654,0.18767048,-0.702023,0.030193524,0.22613014
TGCCCATAGCGATCCC-1,-1.4081638,-0.87296724,-0.7945405,-2.214591,3.0423105,-0.27546874,-3.9362748,-2.200976,-2.2890027,3.8853667,-1.2230338,-1.6725044,-2.13222,0.08847234,-0.6437468,-0.21929324,-0.6937922,0.6015997,0.85628915,0.17791763,-0.09624052,-1.4745862,-0.670949,-0.9139646,-0.28374854,0.70381534,0.9889769,1.1730223,-1.0491782,1.4387628,-0.33568677,0.10210201,-0.18861529,0.13768937,0.21634842,-0.033673823,-1.0173285,0.12854458,-1.1348578,-0.032720946,-0.2884014,1.3581254,-1.9388394,-1.8073581,-0.8766758,-0.53220624,-0.022317208,0.324578,0.30128452,0.8262692
TGCCCATAGTCTCAAC-1,-5.4121594,1.4316609,1.262026,-4.332038,4.852718,-3.648973,0.93216234,1.6465726,-4.355483,0.12313175,1.4410956,2.5609972,-2.05166,-2.034081,1.2041273,-1.8208691,-1.3136959,2.1126053,1.0495857,0.35786295,-1.3918147,1.3393996,0.3332585,0.46041012,2.8505247,-0.24931782,2.2751472,-0.47433686,1.8775378,-0.020794889,-0.44964704,0.6823272,-1.1026503,1.41643,-2.4659853,-0.9654383,0.52918077,-1.1617025,3.6231146,-2.6205823,1.179543,-2.932087,-0.04680512,2.056682,2.3222513,4.450858,-0.36380413,0.48030806,-0.27593115,0.57746565
TGCCCATCAAACGTGG-1,0.08157346,-0.15010229,-2.6158555,-3.3962913,3.889821,1.5272263,-5.0540876,-3.2549002,2.4954305,1.2917416,-0.02588914,-0.90209395,2.5085719,0.2930729,-0.060856365,-0.35275024,1.9527092,2.8636394,0.65211564,-1.8465015,2.0834396,0.9227169,-0.18462533,-2.4373846,-0.6893826,0.4166664,-0.9093943,-0.87175596,1.1796589,0.7388761,2.4835777,-2.5729952,-0.7562287,1.7514071,3.9520032,-0.5112438,-1.9138405,-0.6462542,-0.9745923,1.9520178,0.8310509,1.3017129,1.4680209,1.1821407,1.1059263,2.148861,0.13960873,0.78614205,0.6526271,-0.9093072
TGCCCTAAGAGCTGCA-1,-1.4945174,-1.2356013,-0.7216126,0.3571529,1.8475015,0.31960702,-2.2002344,-0.28017387,-1.8262852,1.8115977,-0.31699085,-0.3204767,0.20677423,0.6122697,-1.3870473,0.82202923,-1.699306,-0.47384086,-0.8510842,-0.85222274,-1.0898492,-1.0146512,0.33832136,1.5633458,-0.6025033,0.6821515,1.0528463,-1.0151759,-0.009900246,0.7279643,0.61530447,-0.13684277,-0.5155103,-0.29425454,-0.7716014,-0.589637,-0.20252798,-0.9179606,-0.01396014,-0.07348244,0.42623973,-0.21036226,-0.47001716,-0.25737846,0.8628659,-0.89382946,0.2919855,0.2682937,-0.47692385,-0.08051228
TGCCCTAAGGCCGAAT-1,2.4026437,-1.7522236,2.9633026,1.7372024,-1.8797996,0.3948996,-4.164251,-1.9106126,-0.773608,1.7153404,0.34405914,-0.027197812,0.23586193,-0.20273773,-0.75375855,-0.4770648,-1.9171857,-3.4022686,0.06363055,-3.3579555,-1.1331425,-0.3639569,-0.76448697,-0.6462705,-3.3128047,-3.3151488,-1.9534945,-0.5042544,-2.306727,-0.67723936,-2.8165336,0.96272695,-5.054889,-3.5527384,1.4826124,4.6760073,1.5755512,-1.711752,-0.1544742,5.921532,-1.7295506,0.9974397,-4.9742007,-1.4995958,3.5012803,-3.9287083,-3.3481748,4.8358145,-0.53651613,-1.3694458
TGCCCTACACGACGAA-1,-5.616452,2.07724,-0.19410792,-0.2448305,-1.3704158,-2.5954154,0.45147145,2.102875,-1.9623891,3.792166,-1.1039473,-3.7833364,0.6176054,-0.967684,-3.6318545,-1.721032,-1.9157708,2.325194,0.5686201,4.9078274,2.1474404,3.865883,-1.063384,0.075011894,1.7184376,-2.2492297,-0.13357943,0.31020388,0.13365042,-1.6767634,-0.6787309,0.13656,1.0047935,2.334418,3.5113223,-2.8120394,-0.51029384,0.40194717,-0.65819037,0.5043783,-1.7333243,2.329477,-3.3446093,0.11167439,-1.1939592,-1.652653,1.269027,0.043818343,2.231483,-0.2554575
TGCCCTAGTAGTACCT-1,-4.0817714,-0.05539128,-1.9451802,-3.356174,5.4649034,-1.6973962,-0.72280514,-0.69519985,-2.163427,1.2437158,-0.5627583,1.0106819,-2.0944264,0.82845324,-3.503915,-1.1847919,-1.8713341,0.05421781,0.9213587,1.7927524,-0.34178445,-0.23186518,0.7711254,-0.27830023,-1.7139657,-1.3749008,0.22731368,0.5758133,2.1078444,1.2645048,-0.15356977,0.64263046,1.6962495,-0.83615804,0.7734017,-0.5920492,-1.1626396,-0.1595314,-0.00040571913,-0.9457833,-1.4197794,0.8693693,-1.1132525,-2.6739473,-0.7030424,0.53546053,1.661431,-3.7452915,0.34506273,1.343528
TGCGCAGAGGATGCGT-1,-0.01716962,1.1195098,7.8939576,-0.11503322,0.36335474,1.5609107,-2.6632485,-1.5723578,-1.3954537,2.4484377,-0.0064095655,1.0647177,0.95212036,1.9054985,2.8491795,1.6455845,-0.48965973,-2.8883588,0.17926209,0.9042388,-0.9860864,-2.2074623,-0.69588,2.4801667,-1.2697397,-1.3688775,-0.91048056,-1.2298571,2.1204343,-0.46599317,-0.27990365,-1.569921,-0.19600801,0.10654288,0.17179209,-1.4371719,0.43043756,0.009264155,-0.34971446,-1.166596,-0.9062326,-1.0983056,1.0160241,-0.62022203,-1.4403465,-1.8370924,-0.46529722,-0.04617318,-1.367183,0.70096755
TGCGCAGAGGCGCTCT-1,-3.4439049,-1.786347,-1.4697566,-1.3816066,0.6652725,0.63607174,-2.128189,-0.94637597,-2.194051,2.0830345,0.5349521,-1.573865,-3.1967623,0.8013383,-0.5995246,0.53120047,-4.639705,1.2295082,-1.583815,-0.7404583,0.73743373,-0.34077668,-0.81899476,-1.1396796,3.3785615,-0.978683,-0.59104717,-1.4460566,-1.4863927,0.14052112,-1.0457029,-1.4087371,0.12791397,0.45077002,-2.7443159,-1.8272744,1.9172323,-0.20894498,-1.3617294,2.7114396,-0.20707192,0.8214456,0.8573263,0.0527556,-0.055530198,-0.10374709,-1.6083567,0.8428859,2.8764174,2.4612474
TGCGGGTAGACTGGGT-1,12.564313,0.23613231,-0.7140371,-0.28258467,-0.37186402,-0.61683637,0.81154,0.9259016,1.6576859,0.25562376,-0.46045065,-0.57985014,-1.1085458,-0.568108,-0.16466887,-0.31605417,-0.45055124,-0.08150309,-0.18479648,-0.38391086,0.9703172,-0.01645763,-0.10247636,-0.6890265,0.15232868,0.07489528,0.0023021582,-0.023414709,-0.25697282,1.1010274,-0.41708353,-1.2688289,-0.21278653,0.77988,-1.080424,0.2866378,0.26389757,0.85466826,0.674241,2.137597,1.1244258,-0.27256194,0.13397901,0.47622135,0.71210307,-0.26816353,-0.055244423,0.23311253,1.2893324,0.5522775
TGCGGGTTCTCCCTGA-1,-3.4844646,-0.5319931,-1.6156335,-3.186217,3.1176426,-0.43673158,-2.5541449,-3.5337515,-1.6831006,1.8301848,-0.63365144,0.34555298,-2.615873,-0.025234226,-2.3462846,-1.0736641,-1.7607831,1.3169793,-1.1908456,-1.1725101,1.2080522,0.43130237,0.678981,0.34423625,-0.24167766,-0.7793867,1.0203858e-05,-0.06401814,-2.5843186,1.0746611,-0.42172572,-1.0411692,-0.2247014,-0.12763572,-1.703039,0.07524855,0.035339877,-0.2617,-0.09946463,-0.15436493,-0.4014873,-0.871065,-1.252117,-0.4850653,0.07244656,-0.65934074,0.49369895,-0.4558339,-0.93875736,0.32562253
TGCTACCTCAATAAGG-1,-8.457602,3.1670763,-2.4560056,-1.3408649,-0.22289418,-4.1695046,1.8356677,1.814931,-3.2368472,2.0631754,-4.127914,-3.7875447,-0.52574545,2.8209615,-3.2987022,-2.1802003,-2.0643067,-0.3598549,-1.7023526,4.582561,1.7205223,1.3910387,-1.1405643,-2.0269313,2.0024626,-1.0274012,-2.9614866,-0.272793,0.6606016,-3.7915268,0.16749321,-1.2429891,-1.3805683,0.16204123,1.6286422,-0.54434776,-0.6552704,-1.044944,-4.255619,3.747009,-1.3587587,2.3984544,0.23738892,-4.432756,0.9443927,-0.30293605,3.5480652,-1.7158955,-5.1203885,0.22991085
TGGACGCTCACCATAG-1,-3.7193322,1.5735742,1.6051116,-2.701968,1.4976676,-2.2402408,-1.1521158,0.81475824,-4.059673,5.3150935,-0.74308443,-3.0819962,-0.33719343,-0.3601754,-1.5669847,-0.9713169,-2.5676355,-1.3572776,-1.3100625,1.68584,0.13325666,2.4757473,0.6773235,-0.5994311,-0.04249787,0.5442233,1.8432487,-0.7962562,1.2538242,0.5011222,1.3188392,-0.10108556,1.2532011,1.9607116,0.572508,0.96155685,-0.34744075,0.44174826,-1.221502,1.2877282,-1.0582277,-1.1729285,-1.0797691,-0.13854483,3.0453732,-2.2453284,-2.3199155,-0.120213054,3.738965,1.1337328
TGGACGCTCGGCTACG-1,0.73949116,0.13041554,2.3702085,-0.1774136,2.3314714,2.0138469,-0.6922424,-0.2056411,0.41531262,-0.564172,0.39668646,2.8534312,0.34850344,-0.008829926,-0.7578058,0.3352804,-0.2753375,-0.7386969,-0.2452182,-2.7541842,1.7902294,2.8445334,1.4571573,-0.06707668,0.53823733,0.30049056,2.8291478,-0.6971805,1.3479514,3.6993163,-1.2066821,-2.928089,0.59452486,0.6420075,1.45945,-0.7440294,-0.8480075,0.70598155,3.5604959,4.7090693,0.48723567,1.9488502,0.7502969,-0.07660944,1.2626799,-1.2660799,-1.0528086,-0.610602,2.08239,-0.37855077
TGGCCAGAGCGTAGTG-1,10.168639,0.8066422,-0.51049125,0.29763937,0.36694875,-0.59945977,0.23482303,1.5445162,1.5804626,1.7318656,0.76124203,0.13447413,0.41264236,0.5348264,-0.58261925,-0.029322717,0.2041104,-1.6825217,-0.47715184,-0.22840208,0.5970791,0.020432543,-0.25483912,0.466141,0.11662768,-0.31258664,0.01713428,-0.26112255,-0.22584206,-0.104077175,-0.3124208,-0.32822096,-0.17262672,0.21092056,0.23370089,-0.45656085,0.68782216,-0.17780171,0.9065944,-0.4813129,-0.08314493,0.36755332,-1.1688149,-0.3160084,-0.17311564,0.14750424,0.22491543,-0.41026643,-0.21959457,-0.4788524
TGGCCAGTCAACACTG-1,-5.090834,0.3946063,-1.7913328,-4.194373,4.1648107,-2.3986645,-0.98326164,0.05189946,-3.0426884,3.0568378,-0.22729519,1.9895319,-2.2708907,-0.4488902,1.7666647,0.5825933,-0.6319891,-1.0755668,-0.32163322,-3.1121283,-1.5588431,2.6475716,-1.3567894,0.21623735,0.561556,-2.100022,0.4242777,-1.4605225,-2.2049444,-1.6357826,-1.3713087,1.6514332,1.8276467,1.9206263,0.8555033,-0.94485563,0.6609383,-0.9384444,-1.1609236,0.51433635,0.62522197,-1.5333323,1.1277932,-0.38192585,0.5048869,3.2014778,2.1024764,1.6165308,1.3330159,-0.5629629
TGGCCAGTCACATGCA-1,10.670091,0.99172634,0.5458955,-1.0071285,-0.27610585,-0.44702846,0.47393116,1.7933425,0.939575,0.2155086,-0.6803508,0.3634373,-1.2284273,1.3122855,0.60155356,0.31144777,-1.0035089,-0.68857574,0.83875406,-0.053765185,0.32983544,0.9905955,0.36091238,0.8512823,0.5601479,0.29099074,0.7155371,0.43743482,-1.3277985,-1.4079564,1.6767565,0.33454552,-0.09845405,0.6107078,-0.76730204,0.76814026,0.7537657,-0.20372157,-0.44961557,-0.1719411,0.7830069,-1.4414059,-0.6642646,-1.0948486,-0.91044486,1.5976778,0.00037854255,1.7335852,0.2712676,-0.26584154
TGGGAAGAGAAGGGTA-1,-2.2951405,-2.261182,-0.008859006,-1.8198981,2.894882,-1.2522241,-0.38895082,-1.3846539,-3.1455376,1.0830783,1.4165664,2.3207917,-1.3131787,-0.042353854,-0.97376245,-1.2964952,-1.3715117,0.26929554,2.1733148,-1.1867949,1.9543308,-0.9576549,-1.233928,-1.3599573,0.05033388,-1.2895995,-0.69655967,-0.75924665,-0.18323393,-0.46699864,-1.7030742,-0.6031247,-0.9957032,-0.1809662,-0.7030316,1.2479137,0.71412355,0.7011727,-2.1459568,-0.35354427,-0.64700943,1.8922541,1.1578171,0.25888032,1.1934443,2.8587086,0.011261641,1.6441522,-0.46418294,0.87504506
TGGGCGTCAAGTCTGT-1,11.882374,-4.7555327,-4.6686673,5.147031,-4.5142055,1.9542575,-3.7258859,-6.6341834,-14.192032,-7.451424,3.421321,-3.282492,2.396804,1.5096027,-0.9263741,1.0492526,1.0047326,1.5021814,-1.1146517,0.74911183,-0.44292265,0.7859564,0.6785442,0.11370463,0.94077694,-0.5249379,-1.0310111,0.5828352,-0.72048146,-0.37921613,0.9547654,0.87133926,-0.108724326,0.41424417,0.5991932,0.57292014,-0.9086436,1.1521235,0.55784386,0.72701776,-0.28211164,0.18659249,0.77167404,0.28069863,0.33406544,-0.52797854,0.73964334,0.21116245,-0.6095863,-0.5778401
TGGTTAGTCCCACTTG-1,12.283348,-1.9283836,-2.128399,1.2124145,-0.74057835,-0.06855201,0.078448415,-0.5018299,-0.018056776,0.89650714,0.09990497,-0.5797365,1.1113566,-0.10873243,-0.6589296,0.48289707,-0.38718286,0.9521318,0.8747507,-0.4318826,1.2838237,0.059705585,-0.34643745,-0.3325125,0.26595825,0.8487206,0.4951235,0.8922714,0.5593854,0.03568345,-0.9249888,1.3463924,-0.09578074,0.1804591,-0.94468105,0.55857396,-0.1414266,0.12045315,2.7446105,1.368122,0.38073117,-0.09082844,-0.9931491,-0.37941614,-0.7478749,-0.44347206,-1.6610515,-0.17888874,2.007727,1.0760317
TGGTTCCAGCGGCTTC-1,-4.4161005,0.57860833,0.1158429,-2.0380867,3.1360972,-2.9989443,-1.0656929,0.6967218,-3.5548668,2.349503,0.83797055,-0.48517963,-0.9742132,-0.7443769,-4.6733227,-0.039570197,-2.0594666,0.47993794,0.73093873,-0.505074,0.21461992,0.4992064,0.30403173,1.9028342,0.5720105,-1.7153276,0.34793657,0.67418635,-0.7535347,-0.7794067,-1.536235,1.3605324,1.7408316,0.6770246,-0.7568934,-1.4844159,1.2959552,-1.2246082,0.8275914,-3.791748,-0.22984573,0.10848334,-0.652302,0.37378353,0.17231163,2.6004522,-0.2784049,1.0482202,1.1021062,1.3133391
TGGTTCCGTTGAACTC-1,-4.0152464,1.9204607,3.0792549,-1.1248363,3.2789,-1.9300116,-1.2971232,-0.27425414,-3.1998549,2.782434,0.043848712,-0.21044129,-1.4368716,-0.17931743,-0.9154316,1.6813525,-0.8988494,-2.2849793,-1.5028234,-0.8788941,-0.43326208,1.2120297,0.31797865,0.4756851,-0.6694057,0.9433245,-0.63328844,-0.9888033,0.7167471,-0.057929844,0.40766495,-0.7306769,-0.5615429,-0.07042659,0.7870952,1.2564458,-0.3090404,1.2105082,0.06761034,0.116602674,1.3661833,-0.9728032,0.1767276,-1.0627983,-0.1480409,-1.027087,-2.4898586,2.0993538,1.1719687,-1.9325613
TGTATTCAGCAGCCTC-1,-2.3688397,0.05280488,4.909592,0.06323496,0.974529,1.2048396,-2.4367604,-1.6682009,-1.7430589,2.3108552,2.3098235,1.1381193,-0.048254732,-0.079812296,0.6566098,2.138406,-0.93046933,-2.5069594,1.7574074,0.7929516,-1.7011633,-1.2884158,0.37678173,1.906996,0.8734257,-0.52578735,-1.8279585,0.69566613,-0.82407576,-1.0971007,0.12961714,-0.6292875,0.49545738,-1.8103813,0.44145188,1.3042887,1.339276,0.18136017,-1.0803932,0.5667369,0.06698658,-1.6218424,-2.127981,-1.1903914,-1.8645405,1.4389825,-0.35162377,-1.6190872,-0.34591445,-1.9903579
TGTATTCAGTGTACGG-1,1.7011517,3.4939742,7.67014,-1.7272543,3.025911,1.1194264,-2.5994046,-0.44561264,-0.3669348,0.14410469,1.830687,0.66925365,-0.5500993,-0.3435317,1.6804912,-0.8626772,-0.9601117,-0.32040283,-0.46263742,-1.6032296,-0.75187457,0.028285772,-0.6411581,0.54791576,-1.9662406,0.25055635,-0.02487382,-0.22690545,0.65192306,0.7647316,-0.1930973,-0.6232282,-0.34135118,0.5820705,1.1214386,0.3222608,-0.10166566,-0.31794322,1.0853066,2.4192693,1.422007,-1.2118832,0.25286835,-0.32756048,0.61986846,-2.3612204,-1.2290689,-0.2992369,0.88292557,-0.553973
TGTATTCGTTACAGAA-1,-2.304995,0.44624388,1.7274376,-1.7489048,2.4632008,-1.0188775,-0.6620534,-0.34291267,-3.3085032,2.9317803,1.0937607,-0.73203564,-0.237214,-1.4306208,-2.3319578,-0.37324098,-2.20113,-2.1542418,1.9460479,-1.1179258,1.0958065,0.92906564,1.0064099,1.5149649,-1.2697287,-0.043158643,-0.5491819,1.2898215,0.42310265,-0.39968345,0.20208678,-1.1644909,3.1245823,1.5831864,0.7382256,0.7248199,1.3312682,2.1771114,-0.8123198,0.5238584,0.13182501,2.456466,0.69279414,-1.1466936,2.5555542,-3.239546,-2.3570943,-1.8122439,-0.3622966,-0.23066807
TGTATTCTCGATAGAA-1,13.024785,0.61856776,-1.5536163,-0.3453305,-0.7870284,-0.57954794,0.3677374,1.1602118,1.1746515,-0.07235208,0.45582995,-0.57105726,-0.3502662,0.45630932,0.10062171,-0.49616265,-0.3235771,1.3482833,0.15657797,-0.13145262,-0.5124435,0.7440827,-0.19711389,0.057469252,-1.0277739,-0.79782265,0.5642546,0.84098905,0.62240833,-0.14284839,0.1802551,-0.67235774,0.8157767,1.0704331,-0.44061658,0.78018445,1.0917348,0.60740703,0.7645725,1.7214146,1.2966472,-0.64473563,0.98142517,0.2052379,0.09407756,-0.7214043,0.5056422,-0.062125374,0.23969904,-0.07495966
TGTGGTATCCTTGACC-1,-1.1088492,-2.133397,-2.0423644,-0.9619731,2.8073967,-0.81204665,-3.1343791,-4.2900023,1.0786295,1.607133,0.7282895,2.072978,0.7448451,0.30713755,-0.89238626,-0.6960905,-0.11335358,3.1282315,-0.079532206,-0.44518176,1.2006891,-1.232611,1.6743677,-0.4420789,-0.41396236,0.69968194,0.57197946,-0.26153776,0.84414214,0.48441792,2.4855273,0.46149158,-0.78563935,0.14700851,-0.9253251,-0.3360425,0.028782351,1.6318042,-1.5907203,-2.6230352,0.46710104,1.0897355,0.13409178,-0.97466755,0.19231558,-1.3734591,0.27445439,-0.50788987,1.1564375,-0.4553248
TGTGTTTCAGGTGCCT-1,11.052491,1.0630591,-0.6499194,0.20577371,-0.118505515,-1.0759323,0.760494,2.2229826,1.1377894,-0.06007426,0.23538923,-1.2294226,0.06199368,0.6103362,0.57241046,0.34106344,0.23772795,0.08801233,-0.123197675,0.55029166,-0.8518389,-0.12599353,0.33687136,0.60302204,0.6863368,-0.6486666,0.50983727,0.15080374,0.708299,-0.37969166,0.107132316,-0.020071235,-0.4951454,0.21350749,-0.12074478,0.27505744,0.05978663,0.1122905,-0.62941104,-1.4949389,-1.4144762,0.7941475,0.6335338,-0.018519303,0.9323764,0.5288821,1.0014788,-0.06986986,-0.2055706,-0.5270667
TGTGTTTTCCTAAGTG-1,12.764054,-1.1850505,-1.6105628,-0.64148,0.08968059,-1.1735866,0.25644416,0.40603414,0.78006464,0.07485714,-0.6640239,-1.2135683,0.26982316,0.23174839,-1.0434248,-0.2756912,-0.5975738,0.83843195,0.5526537,-0.6398143,0.8041832,-0.0045064944,0.07572653,-1.2434038,-0.9016495,0.26487538,0.61769384,0.15794441,0.7777584,1.4374012,0.28273237,-0.79328704,-0.31114793,-0.18766488,0.19021803,-0.35721856,-0.19320518,1.134901,-0.05326571,1.4541272,0.61458814,-0.039739896,0.4260994,0.7291077,0.8402543,-0.14065138,-0.2535644,-0.5934834,1.2329535,-0.6175222
TGTTCCGAGCGATAGC-1,5.2801394,-0.4837991,2.39853,0.79735994,-0.015762238,1.3494008,-2.3262978,-2.1265743,0.7121683,1.8019669,0.5259491,0.37170398,-1.1881604,-0.9638866,0.8365069,-1.1543273,-0.9550997,-1.7361743,0.43278772,-0.7240385,1.5248896,-0.48980302,0.33614728,1.8619114,0.476525,-1.5245583,0.036487106,-1.3214159,0.548625,0.15678136,-1.0851555,-0.099134,0.8550759,-0.09957286,0.2112659,-0.37069413,1.4443419,0.13060433,1.3409321,-0.14540777,-1.1840022,1.4365501,1.2146037,-0.2490833,-1.269898,-0.9352452,-0.7599588,0.39993083,0.57206166,-0.35528466
TGTTCCGAGCTACCGC-1,6.411312,-0.09318363,0.6507998,-0.67195225,0.12666318,1.1236924,-3.0172586,-1.1945616,3.9712799,2.5061617,-0.41462803,0.6970727,3.3362086,-0.05078868,1.5497972,1.0235766,1.2535771,0.33528695,0.19835882,3.8505373,2.964863,0.18175101,2.665551,0.49561664,1.0698344,1.0026972,-1.6342767,0.7516268,-0.6593631,3.604139,0.023548057,1.0457257,1.9753036,-1.7775708,-1.1813256,1.0850328,0.23190431,-0.72744006,1.616203,2.4212422,-1.3313763,-0.65210855,0.853489,-0.15706499,1.9001535,-0.6491917,1.1853416,0.7377182,1.848953,1.7206198
TGTTCCGCAGGCTGAA-1,13.149502,0.29754806,-1.3878616,-0.25011566,-0.3885925,-0.963349,1.4155786,1.1196345,1.0522914,0.30056742,-0.604164,-1.0947678,-0.08310164,0.6115634,-0.27260384,0.034570016,0.7209321,-0.7413805,0.26048312,0.5912869,0.5629433,0.1432399,0.23499846,-1.3123006,-0.47276384,-1.2649821,0.12251147,0.51871616,0.9084919,0.35898605,-0.4376351,-0.08189667,0.17800495,-0.18191302,-0.7822572,0.74880356,0.63773805,0.386617,0.23962212,-0.030071218,-0.5125647,-0.53082454,-0.70219237,0.12678002,-0.35273987,0.3491224,-0.37301207,-0.037253458,1.8365597,0.14972723
TTAACTCTCCAAACTG-1,14.427279,0.8299464,-1.3958825,-0.894443,-1.2775841,-0.33373186,1.4195693,1.8238705,-1.5452563,-1.1824639,-1.0025979,-0.29007256,-0.75768316,-0.03979442,-1.0331057,-0.19143294,0.0049311146,0.8183076,0.67140794,0.11162477,-1.1628711,-0.1359014,0.6997478,0.29444692,-0.0886783,-0.10975228,-0.30816224,0.20759343,-0.0028525405,-1.159766,0.6876215,0.024570273,-0.061563283,-0.41979146,0.34245563,0.8320236,-0.058731243,0.2450835,-2.3451269,-0.99334675,0.27576452,-0.46658462,1.0363256,0.18847539,-1.0129479,0.81289846,0.42075467,1.1853924,-0.7462775,-0.5741893
TTAACTCTCTGCTGCT-1,13.989444,2.3257596,-0.10753299,-2.5718205,1.5658541,-0.6150863,2.0579762,3.5922875,1.9118764,-0.08359451,-0.7618715,-0.85047615,-0.8307031,-1.1015165,1.0501409,0.7154221,-0.9831799,0.2708715,-0.10764476,0.033624295,-0.015754677,-0.47835737,-0.28816912,-0.59978354,0.27794665,0.79053575,-0.03832423,-0.25175136,0.90040106,-0.51003855,-0.520572,0.018635696,-1.0219272,-0.4965471,-0.055267315,0.30321234,-0.07950997,0.5695937,-1.3263295,0.2748962,-0.4127839,-0.54154325,1.0898815,-0.11771662,-0.19964655,0.738813,0.321829,0.34765118,-1.4334424,-0.42365745
TTAGGACCAAGCCATT-1,-5.023179,0.16447303,-2.3110564,-3.779286,2.3296566,-2.4463227,-1.2797245,-0.74658185,-3.117713,3.8602993,0.356515,-2.6942363,-1.4920883,1.2738671,-4.363661,-1.8472923,-2.0566897,0.532477,-0.9623159,0.9172841,1.2551645,1.155976,-0.30144593,-2.0905914,0.79356575,0.4515532,-0.110893995,-0.8084553,-0.08273553,0.37408203,-0.024967367,-1.114446,0.92448854,1.8889467,0.5347485,1.0826485,0.3393103,0.06272432,0.24701193,0.58262503,1.072932,-0.18831214,1.1525257,0.79331005,-1.0908455,-0.04483946,0.78731346,-0.035662,-0.24348663,0.13645166
TTAGGACCAGTTCATG-1,-12.003172,10.700282,-2.6088243,-9.363959,7.2895083,-3.4006,5.3295875,8.001102,-3.5208917,-0.11774695,1.2192631,-13.831217,5.1039925,-5.7338448,-1.4835733,6.0693946,-1.6144817,-1.0372558,1.9901686,-2.554739,-11.323274,2.028801,0.17857435,2.45748,3.092765,2.282854,-2.208575,2.3157003,-4.6102724,-3.1882348,-0.012031184,9.24171,6.6780624,-4.377537,0.9763462,0.56985754,0.97423726,9.544667,-9.513852,27.479048,19.833607,-1.2778575,14.518444,-7.3455496,1.3774498,-8.045078,-0.4809101,15.792017,-9.929822,3.003519
TTAGGACTCCATGCTC-1,-4.3413234,2.672688,-0.35869205,-5.517172,5.095114,-3.62683,-0.2493769,1.1026351,-3.0639133,3.5873284,-2.4431553,-1.1836835,-0.8367695,0.30237618,-2.1754675,-0.75286925,-2.62564,0.22744441,-0.3191084,1.3261685,-0.7596878,0.9909581,0.08656425,0.25990096,0.51897967,-1.166564,-1.4835594,-0.19355765,1.897876,-0.13100062,-1.6326246,-2.8902318,-0.9426603,1.0537884,1.1118937,-1.0132746,-0.14063212,0.6728124,0.8574968,3.650914,1.4306271,-1.7128519,0.807348,1.2032027,-0.06529535,-0.78032756,1.4857827,-0.7860365,0.7090228,0.19353972
TTAGGCACACAGTCGC-1,11.429582,0.007290517,0.19510528,0.7247,0.39114547,-0.34455293,0.8480472,1.8076493,1.2087246,0.6475833,1.0149981,0.38618168,-0.5506616,-0.026662577,0.41797662,0.5557528,-0.25532645,-0.105763234,0.44377175,0.53773886,1.0296373,-1.0395519,-0.5698508,0.75288904,1.2112147,-0.5485988,-0.83184224,0.38681018,0.6338902,-0.70198256,-1.0859241,-1.0171527,-0.035666432,-0.70530134,0.29870564,-0.09901677,-0.31858703,0.10295102,-0.9509385,-2.2875996,0.22526422,-0.32636258,-0.2802725,-0.85212636,-1.8329796,-0.10261508,-0.20462209,0.15552111,-0.18061699,-0.72379565
TTAGTTCAGACACTAA-1,-0.36461785,8.504398,15.9638605,-1.1389693,0.13706362,9.493625,2.1290019,-3.8626733,1.4175718,-5.170037,-1.7060736,-0.7347028,-2.8533003,1.5922837,-3.422034,-4.0686717,-1.2134558,3.556706,1.9634442,-0.29223806,-2.5054653,2.801097,-3.52267,-1.7230911,-0.92490846,3.1044385,-1.9781386,-0.44516343,-2.2322352,2.5187526,-0.67100644,0.347974,1.9416385,-1.0675968,3.0709755,1.0530107,-0.87555516,-1.6459583,-1.990215,4.7085075,-0.7792938,3.430232,6.78927,-0.5357357,-1.4850985,2.534098,-2.1047738,1.3786857,-4.826911,-3.342204
TTAGTTCAGGCGCTCT-1,2.3496015,3.1185713,7.5081334,0.15332866,1.1452206,3.5882227,-1.410452,-3.566275,-0.19566354,-0.44515273,-0.36900505,1.3780925,-1.1342465,1.9028603,-0.20505805,-0.885353,-0.1429016,-0.23375896,0.028139574,-0.15561377,0.48950914,-1.3028754,-0.310755,0.4629207,1.1029412,-0.20422798,0.40263033,-0.48683426,2.6415462,1.0783373,-2.8136625,-1.3346123,0.9881105,0.1000361,-0.42089364,-0.21117626,0.6820679,0.23902123,-0.21704303,1.5794818,-2.359379,0.97382504,0.25302008,-0.86190957,-0.26032785,-0.9777821,-0.8171263,0.4676948,-0.18791762,0.51294094
TTCGAAGCAGTGGGAT-1,-2.9883387,-1.508863,-1.174205,-0.68985695,1.2073922,-0.24746545,-2.1465137,-3.4466186,0.032391507,1.9262079,1.220458,0.4341309,-0.3986361,0.13645862,-0.49697006,-1.5989662,-0.79794455,1.7417847,0.4978873,-0.1462147,0.621157,-0.11490276,-0.14925353,-0.31997508,1.4134123,-0.9741291,0.8370423,-0.5672067,-0.60285217,0.061839826,0.84804404,-0.7220092,1.0317559,-1.0453318,-0.59666115,-0.33614752,-0.56746316,1.1385087,0.25456372,0.0943006,0.2727685,-0.007927103,0.5713945,0.42271852,-1.7782443,-1.1043985,1.1614394,0.16810074,-0.91582406,-0.9891482
TTCGGTCAGTCCTCCT-1,0.61270136,1.6089453,7.217115,-0.9613706,1.5185167,1.4571418,-2.1860697,-1.905935,-0.65244013,2.1690218,-0.41144592,1.8118414,1.9102577,-0.7486328,1.6472299,1.8199432,-1.0469791,-2.2355912,0.13721104,1.5414692,-1.6307962,-1.826776,0.30095303,0.49948606,-1.4789662,-0.6321887,0.92003095,-0.63011783,0.0970636,-1.1031598,1.5085952,-1.0346025,-0.38742572,-0.035324357,-1.1132226,-1.4192959,0.16724616,-0.51435465,-0.07196344,-2.2421339,-0.6269192,1.1965803,-0.6409062,-1.1080291,-0.005619377,-2.4388862,1.4606825,-0.19717215,1.2066146,1.4146532
TTCTACAAGACGCAAC-1,-2.2940984,-0.9017183,-3.3124497,-3.4660883,5.6695,-1.9156728,-3.3087285,-4.4317064,-0.16425179,0.86451465,1.2958457,0.6810668,-2.2012742,-0.37400728,1.0668095,-2.1588092,-0.977072,0.58758897,1.4625205,-0.6154336,1.3369664,0.60546565,0.013966946,-2.9938457,-1.0159609,1.4633749,-0.44514802,-0.51862735,1.3850732,1.3820634,0.6962628,0.5180334,-1.5687753,-0.9639384,0.8393982,-0.093217485,-1.7071478,-0.018018212,-0.8208874,-1.214404,-0.91070545,1.955773,0.26304087,0.46939743,-1.4462745,0.4859848,-1.5168461,2.1556816,-2.415049,-1.4524678
TTCTACAGTACATCCA-1,14.130864,0.6897023,-1.6589993,-1.7338347,0.47828597,-1.0920478,2.2347598,2.9108868,0.5147879,-0.42416865,-0.29597315,-1.3356022,0.61620075,-0.30938,0.16835956,0.3745293,-0.25154042,0.86385006,0.92695385,-0.21185772,-1.0593592,0.4509681,-0.5130404,-0.09648475,-0.83634675,0.8144939,0.556753,0.5814739,0.07511566,0.45693386,-0.2754154,-0.84445596,-0.97257084,-0.6823357,-0.89569557,0.0013338967,-0.35225442,0.3392779,0.9998299,2.074274,0.34260908,1.3463018,0.21834664,0.25006413,1.1824799,-1.0585741,1.1828672,-0.6741834,0.59302884,0.08852505
TTCTACAGTGGCAAAC-1,-4.118581,1.3071434,-1.6553397,-4.849285,4.0262384,-1.8246901,0.9365148,0.18559001,-2.3239093,2.934582,-1.5369297,-0.3369461,-2.488985,1.9511687,0.47292927,-1.950932,1.372533,3.7120984,-0.793017,0.21721692,-2.2122495,1.6439627,-1.5039806,-1.4327663,2.2073045,-1.1800834,1.4920406,-0.6291932,-1.4052861,-1.3690165,1.7745228,1.9011562,2.5729358,-1.9825007,0.15657604,-0.12510039,-1.3392186,0.3195808,2.7780254,-0.21185115,2.714538,-1.7477051,-2.1701455,1.5940561,-1.2430797,-1.9889638,0.5742044,1.5835679,0.6215236,0.5429689
TTCTACAGTTCACCTC-1,-4.779977,-1.3844068,-1.8569695,-2.4628003,2.6009665,-1.503747,-2.4084752,-3.3663943,-0.88769746,0.7654932,-0.25026876,0.2805653,-2.5397966,-0.09981147,0.21904035,1.1508927,-2.6363428,1.5650007,1.8064941,-0.85097945,-1.3846029,0.047864437,-3.1409812,-0.36772814,-2.592984,-0.5409745,-0.5940367,-1.7944127,-1.2723039,1.7704604,0.3840736,-1.0834616,-0.1711597,-0.7125436,-1.758278,0.1603624,0.9303099,1.3696291,-3.2174075,-4.5298386,2.1741557,-2.9170694,-0.81983775,1.9325393,-0.46205622,-2.7577803,1.0464087,1.0403922,-2.8105528,2.4852252
TTCTCAACATGCCCGA-1,-4.1018887,2.5985548,-0.92932755,-4.744719,4.8520427,-3.4137235,-0.73310596,-0.21196781,-2.7461426,3.0323517,-2.2152503,-0.61260766,-1.7400092,-0.12194767,-2.1236877,0.07403649,-1.4696989,-0.525994,-0.09456448,3.4761422,0.0062292577,0.449123,-0.0057910453,0.06807677,0.2998558,-2.1488235,-1.9292881,2.2322283,0.65159893,-1.0567421,-2.9714055,0.051101577,-0.23550226,2.1496055,0.20362383,-0.035150748,-1.0988693,0.13111594,0.2840696,3.2750027,-0.4723591,1.1515284,-0.68192726,0.8835548,2.1006787,-0.8354968,0.108441815,-0.7092245,-0.26502678,1.184566
TTCTCAAGTGGAAAGA-1,11.968062,0.10486579,-1.4467943,0.1899626,0.64627653,-0.47010028,1.4963651,2.3229644,2.4269133,0.20422567,1.4264574,1.2330939,0.49807692,0.08150906,-0.7048095,-1.2008615,0.58332855,-0.79516137,-0.49741277,-0.9977353,0.7436746,0.39582863,-0.13552615,-1.5084649,-0.7886627,-0.21768935,-0.039294165,0.18396501,0.76926714,1.9348783,-0.5284839,-1.5492253,0.2812498,0.72636604,0.55569047,-0.55536866,-0.89915913,0.48944023,0.6379696,0.46354315,0.7286508,0.61976206,0.08245871,-0.5561141,0.7778553,0.99790585,0.10815585,-0.5873818,0.25954995,0.87747157
TTCTCAATCTATCCCG-1,-2.7541547,-0.33364227,-0.97969455,-2.2048054,1.4150933,-1.6501008,-1.6191067,-1.2600589,-1.7522709,1.9480126,-0.73994666,0.07564008,-1.615995,1.317826,-0.38419336,-2.250048,-0.7527484,0.5356745,-0.27117634,-1.4170737,-1.1861818,0.8238309,-0.76745224,-0.9824203,-0.5629592,0.026758185,-2.3553855,-1.442946,-1.0287995,0.21523543,1.9775281,0.01806183,0.44591892,0.6663207,-2.160215,2.839054,1.2730405,1.3138884,1.3204052,-0.68780065,-0.4170674,-0.21993361,0.12146363,0.8530617,-0.4968211,0.011304317,-1.5651886,-1.4162912,1.6154542,1.1656936
TTCTCCTAGTGGAGTC-1,12.735668,1.0053842,-1.5228832,-0.5489387,-0.11592332,-0.6182124,1.9252514,2.2824476,1.0960512,0.78788996,-0.33999324,-0.13704437,-0.29435518,-0.3756208,0.45708334,0.55189097,-0.62632924,0.4811962,0.8845038,0.14670911,0.53146154,-0.95359194,-0.74561924,0.4686485,-0.4076275,-0.18129627,-0.22336328,-0.08681404,-0.7113348,0.37294465,0.7634533,-0.89341176,-1.5568892,-1.2696387,-0.42324242,1.5615644,-0.10971574,0.6917602,0.38145658,-1.9737232,0.31254527,-0.108564116,0.29228845,-0.6948441,-0.955953,0.84896225,-1.0975802,0.0778375,-0.028992739,1.724109
TTCTCCTCACTTGGAT-1,12.811621,0.2676425,-0.70676196,-0.8463914,0.27607828,-0.749085,1.9198545,1.9594339,0.8010552,0.32166544,-0.106945515,-0.19766782,-0.6327978,0.22802073,0.049879003,0.3994218,-0.6352723,-0.23436376,0.86480755,-0.46156794,0.37565446,0.23097983,-0.57476604,0.86834115,0.69458437,-0.79643524,0.8244238,-0.6430782,-0.0074235555,-0.8820039,0.61459035,0.20031169,-0.6297519,-1.0141788,0.31568244,0.39259228,0.16286552,-0.025643244,-1.0314362,-1.592398,-0.5348166,-0.12656347,-0.30842102,0.101259865,-0.5323055,0.5051878,-0.12795578,0.58526593,-0.38051403,-0.3395759
TTCTTAGCACGAGGTA-1,-5.8903847,10.715898,12.379272,-12.762403,10.914407,3.5361223,25.220263,20.814013,0.99793833,-9.028762,87.989296,11.958919,6.163166,12.975232,-13.055181,-0.38051364,2.2407472,-0.4156901,-2.9865568,-2.516323,3.99946,0.99909115,-1.4573004,3.206239,1.7086014,0.05925104,-1.0567247,5.0554013,-1.6631378,-0.91344094,-1.0844771,-3.6442995,1.0045543,-1.875212,2.0966332,-2.7120202,0.26005217,-0.85449034,0.8356705,-1.6580588,0.4440079,-0.6367089,-0.64056444,-2.5460048,0.62612,1.0381795,-1.064138,-0.8477735,1.7191982,0.402831
TTCTTAGCAGCTGCTG-1,12.591279,0.39468923,-0.46187615,-1.2615674,0.46814373,-0.8030487,1.5157846,2.4266012,2.417343,0.40750217,0.45159104,0.14064369,-0.77974534,-0.284676,0.6644748,0.42232892,-0.3521062,0.23926848,0.3756534,-0.63297814,-0.62817734,0.6885016,-0.6043464,-0.07088406,0.62258226,-0.34612677,-0.17114666,0.6205974,0.5113122,0.20474248,-0.14172013,0.087272674,-0.15602517,-0.19839674,0.5602012,-0.17588237,-0.6202408,-0.8714753,-0.56362605,0.5861958,-0.12714298,0.24932116,-0.03038644,-0.3165301,-0.3924068,0.0944248,0.3161062,0.4495841,-0.25002757,0.12945805
TTGAACGCATGACATC-1,-2.4280057,-1.416237,-3.2259254,-2.2047267,3.3007886,-0.6262625,-3.5729454,-2.7723904,-0.7049991,1.5001166,0.8460338,0.79699534,-1.5038875,-2.2429144,1.1654427,-0.6438097,-2.4891007,0.17423102,-0.87347376,-1.0712032,-1.212173,0.9474836,0.17443012,-1.064719,0.61832905,0.91900086,1.0008194,0.069291346,-1.7027531,-1.5808715,0.48756212,1.912557,-2.8514488,-0.4282801,-1.7418816,-1.185819,1.4554142,-0.40966237,-0.75959456,-3.2338486,-0.17328882,0.7862526,-0.6118248,2.4549522,0.85573506,0.23264562,0.26204798,0.48944223,0.6859673,-0.4438305
TTGAACGCATGGAATA-1,10.725709,0.8527534,-0.28915432,-1.5764914,1.5054027,-1.2513679,0.8564175,2.3809972,1.5753777,0.74479634,-0.2427375,0.43292782,-0.8728202,-1.6723614,-0.295949,0.4477065,0.047803957,-0.7297529,-0.20902327,-0.47302806,-0.854884,0.5893681,-0.8209409,0.6520174,0.395718,0.49811742,0.007720088,0.42217237,0.1447845,0.3736804,-0.013601206,1.041284,0.2315051,-0.7629592,-0.37308207,1.2675124,0.91061866,0.5310636,0.21450303,-1.3105383,-0.963621,-0.02289696,0.7946743,0.23932831,1.7923563,-0.10963072,0.042214196,-0.7503882,0.13992201,-0.35474163
TTGACTTAGTAGGCCA-1,0.9480572,0.68858194,6.308945,0.26705986,1.448792,1.6110951,-3.2837474,-3.2517927,-1.790268,3.1931443,2.1810815,3.6248868,1.7553496,-1.577065,5.562023,2.016051,1.1934425,-3.5450687,2.6876469,3.3549936,-0.92155415,-2.153373,-0.13924506,3.0608294,0.47521853,0.23974815,0.17388669,-3.002465,0.2926025,0.61989284,-1.0301653,0.64742947,1.2917361,-1.6020682,1.5769527,0.6456951,2.055304,-0.35350642,1.30481,0.61280084,-5.090078,0.8239823,1.3209991,-2.436236,-3.7638273,-1.3061814,-0.41773763,-2.571183,-0.2090398,-1.4738204
TTGACTTGTACGCACC-1,13.714657,0.63945085,-1.8755428,-1.2428687,-0.44823277,0.0063906824,1.1585734,3.144381,0.032087527,-0.48714945,0.09444757,-0.9966966,-1.5002548,-0.16553643,1.3333329,0.41232184,-0.5661523,-0.615073,0.18764044,0.27751008,-0.23283044,0.92422605,-0.33655423,0.6319096,1.7736973,0.08633297,-1.4635254,-0.5819611,-1.3394517,-0.5619525,0.8908838,1.1991285,0.13600756,-0.0123542445,0.70992154,2.169134,1.3050717,-0.903282,-1.4935855,-1.6842954,-0.40406063,0.001437102,0.19719295,-0.74487376,-1.0510545,1.2387668,0.2224465,2.619777,-0.22724077,0.83215046
TTGACTTGTAGGCTGA-1,10.499195,0.72573936,-0.088732086,-1.7637408,0.22059059,-0.48986194,1.233307,3.266305,0.908508,-0.4752702,1.1899325,-0.88409054,0.08291896,0.14656952,1.4979801,-1.1423728,0.33137763,1.6650811,0.27807227,-1.0856622,-1.8842274,-1.6341761,-1.0209411,0.1433683,-0.05103057,-0.82781404,1.374154,-0.66565233,0.65076745,1.1064967,-0.61841375,2.6985302,0.17144576,0.07925265,-0.7979497,-1.1572957,0.34825894,-0.3866483,-1.5883709,-0.14314081,-0.7428377,0.74930704,0.43160722,-1.3044189,0.62413734,0.61044025,0.5014441,1.4161873,0.00874064,-0.45238203
TTGACTTGTGCAGACA-1,3.2264717,1.3611035,7.857956,0.7469983,1.0513686,3.242668,-2.9019501,-4.0819755,1.3708988,-1.1859775,0.57490903,1.3790643,-0.59692174,1.0703247,-1.5235137,0.013981803,-0.78872216,0.6226602,0.09361614,-1.0464345,0.106563896,0.0002391584,-0.546757,-0.7026346,-1.5926839,-0.6572944,-0.32684514,-0.91594714,-0.38557762,0.33212924,-1.1413684,-0.2973332,1.4589509,0.7162275,0.9741208,-0.7254847,0.143574,0.10813564,2.2293475,3.7893503,-1.0236505,0.93198776,-1.0044274,0.02461215,-1.1640223,-1.0616903,0.3155871,-0.40468174,0.32743365,0.8638095
TTGCCGTCAACCGCCA-1,-5.789315,4.2147155,8.38226,-9.165528,5.537691,-9.764901,2.7639108,18.15576,-19.464901,11.545571,-11.523763,-9.361703,-9.565316,57.146687,31.142534,-9.764558,43.60509,-8.967533,-13.034311,-7.9890413,9.3008995,5.0030565,-10.621373,1.8180908,-2.557016,-0.51913995,0.54508716,3.4860592,-0.06663993,1.5327231,2.1794448,1.169172,3.4185855,-1.946701,-0.84575886,-0.8931145,-1.9921294,0.60785353,0.9793322,0.0013722454,-0.28778473,0.62432057,1.3583958,-1.3597691,1.3311534,-0.028781427,-2.8182833,-0.34874937,-0.82726413,0.05287511
TTGCCGTCACGGTAGA-1,12.690503,-0.48693544,-1.9117038,0.30969614,-0.5973429,-0.42428204,0.6395372,0.20640881,1.2726839,-0.45691982,-0.30923668,-0.6983446,-0.15842804,-0.08068444,0.15365143,-0.11705799,0.263968,0.5082774,-0.51244897,0.34157276,0.8654122,0.9964238,0.174954,-0.04608442,0.9355228,0.3532623,0.85788614,0.29208001,-0.39299953,1.394199,0.47427928,-0.64866656,-0.49519905,0.32876614,0.09861038,-0.21448825,0.21773371,-0.1541953,0.9448564,1.0102563,0.52914745,-0.5849275,-0.27512524,0.43584839,0.8615513,0.2832985,-0.5784078,0.37196413,1.8430626,0.2558975
TTGCGTCTCTTACCGC-1,0.54509795,3.5711513,8.064545,-0.1531637,1.7407552,1.8672191,-0.8377235,-0.9854803,-0.46544018,0.08911778,-2.7136734,0.254059,-1.1841745,0.91275436,-1.5647254,-1.0537258,-0.06497167,-1.2384206,-1.3793666,-1.0524927,-1.6017265,-1.9492773,1.0308875,0.5545732,-1.4454919,-1.3436977,-0.09622139,0.9852091,0.05967955,-1.4149182,-0.5653403,-0.5886517,0.6625564,0.36787784,-1.0041797,-1.5946193,0.4864251,1.3884423,1.7221254,-0.027317801,0.45258486,1.2237087,2.031769,-0.13916686,1.3827755,-3.1210265,1.2046831,-1.222013,-0.88564014,0.86865413
TTGTAGGGTCAGCTAT-1,-0.4808054,3.833882,7.4570513,-3.8931842,2.5899503,0.08548032,-0.41381067,-0.07516911,-2.4375138,1.5230206,0.26410863,-1.2394223,-1.763441,-1.393903,2.1098092,0.45526496,-1.6168964,-1.2585757,0.7735609,-1.9515616,-1.6000441,-2.3177292,1.7599759,3.8033924,0.95158744,-3.1965392,-1.0965105,0.09270611,3.132988,-0.5071759,-0.15469992,-2.5066469,-0.70996004,1.446532,2.0444248,0.14197291,2.028519,-0.20505366,2.8822331,-0.47228035,-4.2832,0.05963469,0.67331415,0.9347804,-2.8811557,0.0193344,0.5384305,1.1930655,1.2868304,-0.021089343
TTTACTGTCGTTGACA-1,10.990006,-0.51345694,-1.254736,-0.27164334,-0.8035215,-0.38017628,1.0830377,1.8644906,1.3611164,0.71251994,-1.1678466,1.5163063,1.2943363,-0.09375035,-0.64383274,-0.3941533,-0.44199714,0.084979534,-0.36925733,-0.24086718,-0.13234736,-0.34793502,0.3170033,0.59119755,-1.1746998,1.5907694,0.11198221,0.40764293,1.5078298,1.3697424,-0.25555283,-0.79495937,0.8808241,0.07621503,-0.22206265,-1.2476819,0.18879002,-0.15105823,-0.5079998,0.17829782,0.45126352,-0.25788698,-0.12692615,-0.08134326,0.48638022,0.09238325,0.8022448,0.5510801,0.2807435,0.53189284
TTTACTGTCTTCCTTC-1,11.519274,1.1547753,-0.021379245,-0.48411658,1.4362403,-0.74163556,1.3449336,2.0880861,1.3802156,1.0864506,-0.88571763,0.14716339,-0.7933761,-0.3992974,1.3007779,0.053821605,-0.27238974,-0.7818745,0.649424,0.28266138,-0.46078107,0.31945473,-0.46961746,-0.37857294,0.64746886,-0.30192104,0.063345626,0.33971086,0.38152537,0.37724113,-0.8021981,-0.19263464,-0.17817271,-0.3740627,-1.0249331,0.6509301,-0.74204695,-0.9129761,-0.32519358,-0.20765702,0.10836553,0.24808119,0.3892182,-0.745451,0.10617944,1.160982,-0.80111754,0.803868,-1.2724253,0.48341647
TTTATGCGTTTACTCT-1,7.595625,-3.21691,-0.8234947,1.1073321,-0.63255554,0.4598484,-3.0371513,-1.9276361,-0.7433622,1.0805353,-1.4081106,0.23002535,-0.4753515,-0.37811303,-0.07329292,-0.44376832,-1.2368376,-0.641914,0.7743146,-0.99533033,0.3929187,-2.1398103,0.7079972,1.2533102,-2.1552517,-0.5715034,0.3504028,1.6026016,0.88292795,2.2664657,2.2143326,0.6358866,-0.1781292,-0.6232238,-0.2602593,1.2253959,2.5755517,1.8475624,1.968894,1.7968299,-0.36076352,0.35465002,-2.4715028,-2.6652095,-2.1894867,0.3818625,-5.6549296,3.328658,-0.8984474,-3.5769315
TTTGCGCGTGAAATCA-1,-2.5160568,-0.795214,-0.46859756,-2.6134174,2.7704399,-0.9406413,-3.5591292,-1.8559014,-1.7700614,0.97760224,-1.601414,-0.77787346,0.7128655,-3.174237,-0.6417941,-1.9075136,-3.0477493,-1.5649863,1.2371498,-2.9037888,-1.6486193,2.164493,0.47761366,1.1469644,-0.030357052,-2.9945774,-3.1416821,-1.6668684,0.45206663,3.0284936,-0.19314437,-0.53426003,0.6397076,0.6683616,-3.8471944,-1.2739142,-2.1991127,1.5142603,-1.9123529,-1.7753323,-1.3572628,-1.5004942,3.2701685,3.0865815,-4.245054,-7.526617,-1.0110855,1.7220184,3.6087403,-2.899647
