group,names,scores,logfoldchanges,pvals,pvals_adj,pct_nz_group,pct_nz_reference
0,AC011139.1,11.62905,2.6075904,2.9334216795001407e-31,1.1544749128105875e-28,0.5738831615120275,0.1309192200557103
0,PCDH9,11.252096,2.0774767,2.26151905438682e-29,7.325120257487787e-27,0.6185567010309279,0.21262766945218198
0,TLE4,9.356707,1.9555111,8.226101078165504e-21,1.3874816846172146e-18,0.5223367697594502,0.1977715877437326
0,MIR99AHG,8.910014,1.8086398,5.102608100161282e-19,7.622879962204207e-17,0.5257731958762887,0.22469823584029713
0,EVI2B,8.780656,1.7790003,1.6252447808549145e-18,2.367569804327832e-16,0.5120274914089347,0.2116991643454039
0,BEX1,8.490999,2.6329956,2.048671466222258e-17,2.658986678553222e-15,0.422680412371134,0.12349117920148561
0,FOXO1,8.286301,2.0303662,1.1682534024771252e-16,1.3748952663686578e-14,0.47079037800687284,0.2107706592386258
0,RORA,7.926739,2.230357,2.249750783209223e-15,2.2809730863224585e-13,0.4261168384879725,0.15970287836583102
0,RHOC,7.8621855,1.6882291,3.7748877341820795e-15,3.734180161048603e-13,0.47079037800687284,0.20241411327762301
0,IL12A-AS1,7.849308,2.5519805,4.183388283268002e-15,4.116026735373445e-13,0.38144329896907214,0.10027855153203342
0,AC026369.3,7.8331695,2.0545838,4.757218005839548e-15,4.630822772120566e-13,0.41580756013745707,0.13649025069637882
0,PER1,7.667437,1.6032625,1.7546726071700298e-14,1.6383360228324047e-12,0.4845360824742268,0.23676880222841226
0,CLEC9A,6.683326,2.1951854,2.3357940436412798e-11,1.5051478484386352e-09,0.33676975945017185,0.09192200557103064
0,LIMCH1,6.5890875,3.0271115,4.4253845899539024e-11,2.783049851836817e-09,0.29553264604810997,0.04921077065923862
0,TSPYL2,6.575959,2.467704,4.8340525007563924e-11,3.003924542957296e-09,0.31958762886597936,0.07520891364902507
0,RIC3,6.434476,2.4269733,1.2390006127240873e-10,7.39782404996971e-09,0.3127147766323024,0.07520891364902507
0,DYTN,6.3417425,1.4488362,2.2718072190426858e-10,1.321946200702406e-08,0.40893470790378006,0.16991643454038996
0,DNM3,6.27167,1.6419837,3.5719623680546923e-10,2.011344532817997e-08,0.37800687285223367,0.1467038068709378
0,SVIL,6.2632246,1.4814107,3.77097365294055e-10,2.1104190622519432e-08,0.40893470790378006,0.18848653667595172
0,LINC02160,6.1855426,2.5149841,6.188929156135784e-10,3.350902308339139e-08,0.29896907216494845,0.06870937790157845
0,GLIPR1,6.1611257,1.2850484,7.222963123017753e-10,3.876358845536257e-08,0.43986254295532645,0.22376973073351902
0,SORL1,6.1479974,1.2741404,7.846726111952249e-10,4.1865600936379634e-08,0.45017182130584193,0.23584029712163418
0,PREX2,6.0354466,1.6617229,1.585237925064604e-09,8.002937006246836e-08,0.35738831615120276,0.13556174558960074
0,SAT2,6.0142074,1.308935,1.8076912671704075e-09,9.038703288210941e-08,0.41580756013745707,0.20798514391829154
0,DISC1FP1,5.9739866,2.1623168,2.3152490585392158e-09,1.1466905384518787e-07,0.3127147766323024,0.09377901578458682
0,SNHG12,5.963367,1.3895605,2.470926747558123e-09,1.2204910915975016e-07,0.41924398625429554,0.2265552460538533
0,EVI2A,5.9200525,2.2448401,3.218391751166567e-09,1.5622858950191978e-07,0.3024054982817869,0.08542246982358404
0,SELENOP,5.914868,2.4667342,3.3214190678403684e-09,1.603789700554424e-07,0.28865979381443296,0.07056638811513463
0,THRB,5.913279,1.8243016,3.3536297574498964e-09,1.6172095224298242e-07,0.3470790378006873,0.14113277623026926
0,MYCT1,5.8728075,1.5918117,4.284755292745963e-09,2.0261799543901162e-07,0.36769759450171824,0.1680594243268338
0,JAML,5.595527,2.4524362,2.1995221975586225e-08,9.339293730028206e-07,0.27491408934707906,0.06592386258124419
0,BEX5,5.5201864,2.3063543,3.386397391993493e-08,1.3793607068902889e-06,0.27491408934707906,0.06870937790157845
0,HIST1H1C,5.441836,1.6524571,5.273429253626093e-08,2.082122805954354e-06,0.38831615120274915,0.23584029712163418
0,PBXIP1,5.4234395,1.2460123,5.846298539138995e-08,2.286115094348572e-06,0.3951890034364261,0.2181987000928505
0,EMCN,5.419091,2.7274487,5.990269312173248e-08,2.3399129892727114e-06,0.2508591065292096,0.04735376044568245
0,NR4A2,5.3804593,1.9919056,7.42959752133568e-08,2.8504266129812074e-06,0.3024054982817869,0.11234911792014857
0,GPC6,5.343918,2.001462,9.09587395992072e-08,3.4145444390467516e-06,0.29553264604810997,0.09935004642525534
0,BMERB1,5.311892,1.7890993,1.0849293841580108e-07,4.039623640851206e-06,0.3127147766323024,0.12163416898792943
0,SETBP1,5.269915,2.3308704,1.3648677533023877e-07,5.005563591044157e-06,0.26804123711340205,0.07520891364902507
0,EGR1,5.268577,1.525391,1.3748512296991814e-07,5.032092985821973e-06,0.3470790378006873,0.1615598885793872
0,ADGRG6,5.2106295,1.5608773,1.882010421216098e-07,6.766548470228919e-06,0.32646048109965636,0.1457753017641597
0,PRKG2,5.174673,1.7551438,2.2831013511822674e-07,8.073796382089098e-06,0.29553264604810997,0.10120705663881151
0,PRKN,5.1609597,1.2706676,2.4568696569048016e-07,8.646527530035832e-06,0.38144329896907214,0.20705663881151345
0,ARRDC3,5.1568623,1.2140926,2.511221313887531e-07,8.803947443448039e-06,0.38144329896907214,0.2116991643454039
0,AC103591.3,5.1491694,1.287337,2.616423446160383e-07,9.15523083679887e-06,0.3848797250859107,0.22841225626740946
0,ANXA5,5.1349545,1.3100518,2.822125988454231e-07,9.800060085712836e-06,0.3711340206185567,0.20891364902506965
0,TCF4-AS1,5.110036,2.3273482,3.2209767530999626e-07,1.105919044467277e-05,0.25773195876288657,0.06963788300835655
0,NEGR1,5.071822,1.0988791,3.9402483862354024e-07,1.3194604865928816e-05,0.3951890034364261,0.2135561745589601
0,LYZ,4.992468,1.5024563,5.961269947986668e-07,1.9360110147849162e-05,0.31958762886597936,0.14948932219127206
0,TMEM163,4.961194,1.4871081,7.006110972591763e-07,2.225960657186034e-05,0.31958762886597936,0.14856081708449395
0,LAIR1,4.91905,1.1186104,8.696514725102542e-07,2.699755177722461e-05,0.3745704467353952,0.1977715877437326
0,DST,4.871889,1.3202137,1.1053617306749005e-06,3.3855518581114676e-05,0.35051546391752575,0.18662952646239556
0,KLF4,4.559238,1.5674436,5.1339555923858025e-06,0.00013837106674294017,0.27491408934707906,0.10584958217270195
0,TNFRSF14,4.543434,1.2697761,5.534512579584407e-06,0.00014775251270997,0.33676975945017185,0.1894150417827298
0,AL121944.1,4.3621483,1.3111928,1.2879155899215968e-05,0.0003191536798017628,0.3161512027491409,0.1680594243268338
0,SPTBN1,4.311726,1.229269,1.6198507466436182e-05,0.00039341842851959566,0.3333333333333333,0.19312906220984216
0,AC009318.1,4.2962565,1.3472649,1.737065619417201e-05,0.0004182785443176906,0.29896907216494845,0.1467038068709378
0,BICRAL,4.2952533,1.1260402,1.744941471240854e-05,0.00041962288297560114,0.3402061855670103,0.1977715877437326
0,HDAC9,4.287978,1.1409191,1.803067446467232e-05,0.0004321812155084948,0.3161512027491409,0.15970287836583102
0,MAML2,4.286724,1.2962316,1.8132737980993608e-05,0.00043349205933530176,0.3161512027491409,0.16248839368616527
0,HIST1H2AC,4.2130556,1.6812899,2.519389071339512e-05,0.000588463046586455,0.2611683848797251,0.11049210770659239
0,KRT18,4.1068597,1.0580153,4.010747337158708e-05,0.0009000451458451616,0.3642611683848797,0.2404828226555246
0,RAMP1,4.0405498,1.3677884,5.332602533711522e-05,0.0011590177276506854,0.26804123711340205,0.12163416898792943
0,CCPG1,4.0148787,1.3633938,5.94763364761154e-05,0.001273037070972105,0.29896907216494845,0.17177344475394615
0,SERPING1,3.9923854,1.0938137,6.541195726104903e-05,0.0013895200509063585,0.3230240549828179,0.18848653667595172
0,ATP2B1-AS1,3.9614463,1.1658517,7.449711801830201e-05,0.0015589874308678516,0.29896907216494845,0.15598885793871867
0,GIMAP2,3.951663,1.3312056,7.76099984028313e-05,0.0016176557810603806,0.27491408934707906,0.1374187558031569
0,ABCB1,3.9475656,1.0567942,7.894988163494397e-05,0.0016418435327957865,0.3402061855670103,0.21262766945218198
0,ZNF709,3.9452243,1.2807,7.972531728542646e-05,0.0016560875924880216,0.281786941580756,0.14391829155060354
0,CEBPB,3.9444718,1.0657914,7.997608968729383e-05,0.001660354429180171,0.35051546391752575,0.23491179201485607
0,GNG7,3.9400399,1.1820058,8.146805133815535e-05,0.001687499800242119,0.2920962199312715,0.1541318477251625
0,OSER1,3.866288,1.0164369,0.00011050442077079394,0.0022065315355329126,0.3470790378006873,0.23584029712163418
0,TMEM91,3.819378,1.106812,0.00013378870878130052,0.002625630311047925,0.3024054982817869,0.17177344475394615
0,CTSF,3.7701263,1.1125858,0.00016316497099362693,0.003139853366633932,0.29553264604810997,0.16248839368616527
0,FOSL1,3.6731284,1.4190906,0.00023959908182688547,0.004435794635278622,0.2646048109965636,0.14113277623026926
0,CEMIP2,3.6306498,1.3723112,0.00028270843887702425,0.005144515262763479,0.2646048109965636,0.14298978644382543
0,NAALADL1,3.6206157,1.2643185,0.00029390284989264575,0.005327953545775496,0.2611683848797251,0.13184772516248838
0,GCNT2,3.5704443,1.4857453,0.0003563762448217195,0.006347312377965817,0.2542955326460481,0.1327762302692665
0,DDIT3,3.5124965,1.275363,0.00044391805367658386,0.007696752573480173,0.27491408934707906,0.1606313834726091
0,ARMCX1,3.357634,1.2139522,0.0007861258992625846,0.01284508662451333,0.26804123711340205,0.1606313834726091
0,NBL1,3.194828,1.0701377,0.0013991414958504154,0.02127543742817659,0.2508591065292096,0.1374187558031569
0,GBP4,3.122665,1.0851115,0.0017922163261706067,0.026291346594857868,0.2611683848797251,0.15598885793871867
0,ADPRM,3.0481606,1.0373539,0.002302469063304651,0.032727250557675155,0.26804123711340205,0.17084493964716807
1,APOC1,25.560003,7.21729,4.250530093249633e-144,7.778682597151491e-140,0.9929328621908127,0.05806451612903226
1,AHSP,25.379047,8.28746,4.296459231220374e-142,3.1450940864379385e-138,0.9858657243816255,0.054377880184331796
1,FAM178B,25.231546,7.909083,1.8057739697283434e-140,9.441876152289586e-137,0.9752650176678446,0.02119815668202765
1,KLF1,24.759138,5.4706516,2.4717437200336263e-135,9.046829189695077e-132,0.9752650176678446,0.07465437788018434
1,ANK1,24.26392,6.463026,4.714731218772367e-130,1.3274144410637494e-126,0.950530035335689,0.026728110599078342
1,HBA1,23.922031,5.837812,1.8068698268789622e-126,4.408882835573126e-123,0.9752650176678446,0.09769585253456221
1,HBD,23.79185,5.5940027,4.056055120375838e-125,9.278479591304753e-122,0.9823321554770318,0.21474654377880184
1,KCNH2,23.735586,7.2948933,1.5480711376817834e-124,3.3329971594288797e-121,0.9222614840989399,0.014746543778801843
1,TFR2,22.955671,4.096836,1.293298561547413e-116,2.0580878543998638e-113,0.9540636042402827,0.12626728110599078
1,HBA2,22.556675,4.5943894,1.154825581687615e-112,1.2431697386867176e-109,0.9469964664310954,0.12350230414746544
1,GATA1,22.398952,4.066412,4.029420963043916e-111,3.8810746491676416e-108,0.950530035335689,0.11336405529953918
1,UBAC1,22.211071,3.9602082,2.684666646233713e-109,2.3395591409238125e-106,0.9222614840989399,0.13732718894009216
1,HBQ1,22.171534,5.142774,6.466883432306444e-109,5.504520941996469e-106,0.8869257950530035,0.041474654377880185
1,HES6,21.73866,6.154836,8.84406438849696e-105,6.3470902094779846e-102,0.8551236749116607,0.02488479262672811
1,MYL4,21.721596,4.9045258,1.2824401253842716e-104,9.026652120998025e-102,0.8798586572438163,0.05161290322580645
1,HMBS,21.387312,3.9609215,1.75379627328711e-101,1.0353338290093791e-98,0.8975265017667845,0.12995391705069123
1,TFRC,21.353773,3.3985765,3.596918231479546e-101,2.0896953046092517e-98,0.9434628975265018,0.21566820276497695
1,CA2,21.224098,4.1566286,5.72142771696216e-100,3.1255220278885376e-97,0.8975265017667845,0.14930875576036867
1,TFDP1,21.051422,3.0051293,2.2192351368880367e-98,1.1440313414822399e-95,0.9469964664310954,0.24147465437788018
1,MRPS17,21.025232,3.2508957,3.854982511720531e-98,1.932824861801139e-95,0.9257950530035336,0.19447004608294932
1,APOE,20.979023,6.262516,1.0196760302615073e-97,4.9761549844801905e-95,0.823321554770318,0.013824884792626729
1,SMIM1,20.88052,3.4938745,8.051149654238351e-97,3.877370111773393e-94,0.9151943462897526,0.13640552995391705
1,PVT1,20.709534,3.3271122,2.8419610975613686e-95,1.2095188154865541e-92,0.9187279151943463,0.16497695852534563
1,NMU,20.54446,8.470041,8.626422620559964e-94,3.4319097210338615e-91,0.7950530035335689,0.0064516129032258064
1,BOLA3,20.541082,3.1132057,9.248036447901408e-94,3.6396492691359084e-91,0.9151943462897526,0.19907834101382488
1,MBOAT2,20.046455,3.187343,2.1675262364998235e-89,7.555583598298099e-87,0.9151943462897526,0.1622119815668203
1,EPOR,19.854433,4.710311,1.0089510125621752e-87,3.4512725243727265e-85,0.8056537102473498,0.03963133640552995
1,LYAR,19.81118,2.963993,2.3843307576423273e-87,8.080452783376557e-85,0.9045936395759717,0.223963133640553
1,TESC,19.771389,3.5949495,5.250955228452937e-87,1.763212957033082e-84,0.8586572438162544,0.09400921658986175
1,LPCAT3,19.438795,2.783375,3.6258763281821424e-84,1.0877926187524148e-81,0.9187279151943463,0.24055299539170508
1,CENPU,19.357271,2.77042,1.7701600472675543e-83,5.142033959526965e-81,0.9257950530035336,0.22764976958525346
1,TMEM141,19.168037,2.7656355,6.844209419179597e-82,1.8021935895783627e-79,0.911660777385159,0.2064516129032258
1,SLC25A37,19.045036,2.7009947,7.223669843793109e-81,1.848905873794906e-78,0.9081272084805654,0.22027649769585253
1,A4GALT,18.786951,8.089271,9.657043754178094e-79,2.280370699655951e-76,0.7279151943462897,0.0027649769585253456
1,DTYMK,18.61529,2.752192,2.4155311881865794e-77,5.390905915781524e-75,0.8904593639575972,0.223963133640553
1,ASAP1,18.434166,2.6967394,6.988912733594767e-76,1.487216249780826e-73,0.901060070671378,0.22857142857142856
1,NMNAT3,18.39125,3.061481,1.543802143748014e-75,3.247396681800061e-73,0.8409893992932862,0.12534562211981568
1,MAP2K2,18.36202,2.6153498,2.6458074637833673e-75,5.53366851325343e-73,0.8869257950530035,0.24423963133640553
1,NOP16,18.354332,2.666873,3.0481150566091126e-75,6.33886699925853e-73,0.8939929328621908,0.20092165898617512
1,MRPL27,18.346897,2.5826104,3.495051251859595e-75,7.227252591486612e-73,0.9045936395759717,0.22857142857142856
1,GMNN,18.325863,2.9135566,5.145904008121559e-75,1.0463624033403176e-72,0.8586572438162544,0.15391705069124423
1,FECH,18.24206,3.0321689,2.3927264366753997e-74,4.585140330301377e-72,0.833922261484099,0.12258064516129032
1,DENND10,18.10647,2.8841476,2.83347163014163e-73,5.3183535966571185e-71,0.8515901060070671,0.15668202764976957
1,TLCD4,18.086617,7.1851563,4.0627400116542124e-73,7.58675240645693e-71,0.7031802120141343,0.004608294930875576
1,LXN,18.066088,2.7589436,5.894777159555496e-73,1.0896703980651047e-70,0.872791519434629,0.22857142857142856
1,POP7,17.97899,2.6216452,2.8462914647807347e-72,5.03271081654298e-70,0.8798586572438163,0.20460829493087557
1,TSTA3,17.963953,2.67849,3.73254960418711e-72,6.568031156867905e-70,0.872791519434629,0.2
1,CNRIP1,17.88826,3.2556932,1.455855300270172e-71,2.501678865971294e-69,0.8056537102473498,0.0967741935483871
1,HBS1L,17.812397,2.697444,5.66319231841284e-71,9.379117739648342e-69,0.8657243816254417,0.17695852534562212
1,AMMECR1,17.667345,3.6335945,7.483618611673602e-70,1.1909040208950675e-67,0.7632508833922261,0.07188940092165899
1,LRRC59,17.602127,2.4085453,2.372419149125646e-69,3.7590005747683014e-67,0.9045936395759717,0.24423963133640553
1,GFI1B,17.561577,2.9662006,4.850820822030116e-69,7.652797108065702e-67,0.8197879858657244,0.12626728110599078
1,OAT,17.551355,2.6424758,5.807724134700091e-69,9.123112062410215e-67,0.8586572438162544,0.22211981566820277
1,E2F4,17.469326,2.7765586,2.45376282067269e-68,3.74209054164338e-66,0.833922261484099,0.15299539170506912
1,RFESD,17.374708,4.9347205,1.2825509781626299e-67,1.900512079017426e-65,0.6996466431095406,0.025806451612903226
1,FAM89A,17.33703,5.1829457,2.4717810851731733e-67,3.6479701410654562e-65,0.6925795053003534,0.020276497695852536
1,TSPAN17,17.292341,3.6188898,5.372479389978026e-67,7.865524726103428e-65,0.7491166077738516,0.08387096774193549
1,CENPW,17.237514,2.3813562,1.3888076292310575e-66,1.9934018838229778e-64,0.8763250883392226,0.24792626728110598
1,BIRC5,17.045832,2.930386,3.7537234326222424e-65,5.107436109940769e-63,0.8021201413427562,0.12995391705069123
1,HMGN5,16.972334,2.4678538,1.3159682258743245e-64,1.7514819285536782e-62,0.8515901060070671,0.22027649769585253
1,RHAG,16.939724,7.760094,2.291949261374194e-64,3.028434473485808e-62,0.657243816254417,0.004608294930875576
1,ZNRD2,16.767555,2.4070888,4.2149474644693604e-63,5.490081571069148e-61,0.8445229681978799,0.2359447004608295
1,AC073210.3,16.736298,5.692737,7.128574364947263e-63,9.252232281256552e-61,0.6607773851590106,0.013824884792626729
1,UCA1,16.709435,6.904346,1.118928929405492e-62,1.4369795700059793e-60,0.6501766784452296,0.004608294930875576
1,KEL,16.68088,5.0633836,1.8054038367332785e-62,2.3024245933196767e-60,0.6678445229681979,0.02119815668202765
1,MYC,16.615324,2.7321174,5.398263474498968e-62,6.836741917997811e-60,0.8127208480565371,0.1889400921658986
1,CD36,16.563284,4.890807,1.2839004806799577e-61,1.6093164894988742e-59,0.6643109540636042,0.02304147465437788
1,GCLM,16.496376,2.8150487,3.8957802423475014e-61,4.817211238181112e-59,0.7879858657243817,0.13732718894009216
1,ALAS2,16.427273,3.83483,1.2202511358564147e-60,1.488747060782688e-58,0.6607773851590106,0.016589861751152075
1,STK25,16.326572,2.4411826,6.387273999180614e-60,7.664938217836382e-58,0.8268551236749117,0.17972350230414746
1,RYR3,16.231956,3.0213926,2.9975208161118856e-59,3.573689230961274e-57,0.7455830388692579,0.10691244239631337
1,CYB5A,16.027431,2.4756372,8.221104618211317e-58,9.287057102813347e-56,0.7985865724381626,0.17235023041474654
1,HAGH,16.012648,2.4224107,1.0427629290429303e-57,1.1707412872975549e-55,0.8091872791519434,0.16682027649769585
1,ADD2,15.998286,6.529584,1.313409919548933e-57,1.4611585551796503e-55,0.6254416961130742,0.007373271889400922
1,AL031123.5,15.94422,7.718202,3.125207716543396e-57,3.435006835831977e-55,0.6183745583038869,0.003686635944700461
1,GRPEL1,15.900206,2.7495914,6.315710209916722e-57,6.879800874796486e-55,0.7597173144876325,0.13087557603686636
1,SLC43A3,15.858895,2.7602654,1.2202153595858886e-56,1.3174366482655783e-54,0.7491166077738516,0.12442396313364056
1,CDC20,15.832791,3.908687,1.8483694990606586e-56,1.9666329079976503e-54,0.6713780918727915,0.06267281105990784
1,STRADB,15.81674,2.3596363,2.3852762048002756e-56,2.5232223806906038e-54,0.8056537102473498,0.16866359447004609
1,CDYL,15.815389,2.4029002,2.4370244908271322e-56,2.57053410342259e-54,0.8091872791519434,0.17972350230414746
1,GYPA,15.733697,6.9117002,8.886764265599621e-56,9.21429061997767e-54,0.6113074204946997,0.003686635944700461
1,POLE2,15.732937,2.670577,8.994139703354555e-56,9.299279866736725e-54,0.7526501766784452,0.13087557603686636
1,SCPEP1,15.637559,3.9009154,4.039157206471453e-55,4.061461343792902e-53,0.6537102473498233,0.03870967741935484
1,ZWINT,15.555192,2.6587765,1.4671514457902465e-54,1.4592176648741526e-52,0.7526501766784452,0.14193548387096774
1,MRPL17,15.468347,2.5982392,5.67455780188445e-54,5.46564447649402e-52,0.7561837455830389,0.1336405529953917
1,PGP,15.460406,2.4697983,6.419277259148571e-54,6.1345161086709355e-52,0.7773851590106007,0.1576036866359447
1,CCNB2,15.441567,3.2708344,8.598557684862652e-54,8.17443661879631e-52,0.6855123674911661,0.08571428571428572
1,MINPP1,15.438104,2.614455,9.072929815538371e-54,8.603064875091189e-52,0.7420494699646644,0.11889400921658987
1,MRPL36,15.317129,2.0842395,5.875618551844219e-53,5.430644308486118e-51,0.8480565371024735,0.24331797235023042
1,RCL1,15.254952,2.169681,1.5260723914362237e-52,1.3963943899739307e-50,0.823321554770318,0.20829493087557605
1,UBE2T,15.19362,2.949466,3.897863100451885e-52,3.5313288945455307e-50,0.696113074204947,0.10599078341013825
1,FEN1,15.124854,2.403439,1.1104713743978011e-51,9.889139361151803e-50,0.7597173144876325,0.17050691244239632
1,POLR3K,15.089034,2.3793352,1.9122009981927504e-51,1.6864691261410327e-49,0.7703180212014135,0.16036866359447005
1,CD320,15.057101,2.8610044,3.100882435471422e-51,2.7217121827503485e-49,0.696113074204947,0.10506912442396313
1,PLA2G12A,15.056848,2.3116589,3.1127899892890785e-51,2.7256274257887456e-49,0.784452296819788,0.18064516129032257
1,PYCR1,14.997712,2.53346,7.599385975970243e-51,6.6067725916030134e-49,0.7385159010600707,0.1382488479262673
1,MCRIP2,14.976001,2.081825,1.0536930091388778e-50,9.095806091389638e-49,0.8303886925795053,0.22119815668202766
1,FAM210B,14.921174,2.5121605,2.4001347813420296e-50,2.0573145932529187e-48,0.7173144876325088,0.1152073732718894
1,AK1,14.914923,4.477226,2.635835153769548e-50,2.2488159082312172e-48,0.607773851590106,0.026728110599078342
1,PRKAR2B,14.914247,2.4444072,2.662657793465772e-50,2.2664171604335053e-48,0.7385159010600707,0.12995391705069123
1,ATP13A3,14.897689,2.2734008,3.4117941257529643e-50,2.890626777701024e-48,0.773851590106007,0.1889400921658986
1,HK1,14.894309,2.284823,3.5887334562116e-50,3.033515779002327e-48,0.773851590106007,0.16866359447004609
1,EIF3B,14.886453,2.1256526,4.0362249922250336e-50,3.403914076968397e-48,0.8127208480565371,0.20092165898617512
1,CBR1,14.880201,2.2312388,4.431636483592018e-50,3.7287891249644004e-48,0.784452296819788,0.19447004608294932
1,ALAD,14.798848,3.178284,1.4901354648077992e-49,1.233946790665843e-47,0.6607773851590106,0.07834101382488479
1,EEF1AKNMT,14.753567,3.3838232,2.9182521376773577e-49,2.3948642711015466e-47,0.6431095406360424,0.06451612903225806
1,PPIF,14.697979,2.2811916,6.6412071925274356e-49,5.401662765637703e-47,0.7597173144876325,0.1622119815668203
1,TUBG1,14.686068,3.2304652,7.91771457057329e-49,6.425637937861485e-47,0.6537102473498233,0.08294930875576037
1,CTNNAL1,14.649235,2.5853045,1.3624161755009488e-48,1.0983655162887714e-46,0.7067137809187279,0.10967741935483871
1,MND1,14.64594,2.771651,1.4300965512470862e-48,1.1453602597854399e-46,0.6890459363957597,0.10599078341013825
1,CLTC,14.618653,2.1291406,2.1358378245392322e-48,1.6994304394774009e-46,0.784452296819788,0.17419354838709677
1,ARV1,14.616963,2.8492665,2.1894964668297765e-48,1.7383462078619665e-46,0.6819787985865724,0.10414746543778802
1,CENPF,14.612148,2.3993595,2.3498979785223676e-48,1.8616583530713676e-46,0.7279151943462897,0.1391705069124424
1,SPTA1,14.584523,5.160395,3.523738348372049e-48,2.761720498688766e-46,0.5795053003533569,0.012903225806451613
1,MRTO4,14.570584,1.9909915,4.3217821837609086e-48,3.372740931936738e-46,0.8197879858657244,0.24700460829493087
1,CPVL,14.552168,2.1874216,5.658114261032314e-48,4.4062263844264616e-46,0.7915194346289752,0.223963133640553
1,CENPM,14.528345,2.4265566,8.013352784752867e-48,6.227106693731204e-46,0.7173144876325088,0.1271889400921659
1,PNMT,14.460677,4.744093,2.1467687364475975e-47,1.647251205927013e-45,0.5830388692579506,0.02119815668202765
1,CRLS1,14.437361,2.031047,3.011566117147289e-47,2.305990197776316e-45,0.8021201413427562,0.21474654377880184
1,TK1,14.407032,2.2804918,4.67365419813316e-47,3.556349632138707e-45,0.734982332155477,0.1391705069124424
1,COCH,14.402808,3.5316248,4.968299706732212e-47,3.772712397637047e-45,0.6183745583038869,0.05161290322580645
1,CA1,14.401034,4.729678,5.097497186605925e-47,3.854824267086022e-45,0.607773851590106,0.07741935483870968
1,TUBB6,14.349502,2.7904074,1.0730531952002572e-46,7.960058387685495e-45,0.6713780918727915,0.09861751152073733
1,TRAP1,14.349418,2.1690624,1.0743610402766686e-46,7.960058387685495e-45,0.7667844522968198,0.19539170506912443
1,SYNGR2,14.318498,1.9748563,1.677091272718326e-46,1.2350748022688823e-44,0.8091872791519434,0.24147465437788018
1,PKLR,14.29552,7.4238253,2.3335805324283183e-46,1.7150879732411421e-44,0.5547703180212014,0.0027649769585253456
1,PRKAR1B,14.240101,3.0203524,5.165237820987129e-46,3.7436211779396016e-44,0.6395759717314488,0.06912442396313365
1,ENG,14.201156,2.5754745,9.011357760126017e-46,6.479856687197886e-44,0.6925795053003534,0.11244239631336406
1,DAAM1,14.167618,2.2131715,1.4534829352901088e-45,1.041074929834702e-43,0.7385159010600707,0.16866359447004609
1,REEP5,14.082716,2.2606118,4.8509115018416174e-45,3.407835160823513e-43,0.7208480565371025,0.13732718894009216
1,CCDC112,13.989704,2.6598191,1.801601343819755e-44,1.2536199769039326e-42,0.6643109540636042,0.09769585253456221
1,LTBP1,13.984298,2.1676266,1.9438719984333134e-44,1.3500504556861044e-42,0.657243816254417,0.08202764976958525
1,PLIN2,13.973653,2.8672583,2.2574448570785574e-44,1.5619043329665836e-42,0.6466431095406361,0.08847926267281106
1,PSMG3,13.953463,2.10035,2.9969566987012653e-44,2.065755407328908e-42,0.7597173144876325,0.19447004608294932
1,MRPL50,13.949154,2.192457,3.1835966202987163e-44,2.190278569540476e-42,0.734982332155477,0.1576036866359447
1,SLC29A1,13.941466,2.8076954,3.5457993816543466e-44,2.430333392657879e-42,0.6466431095406361,0.09585253456221199
1,CCDC34,13.936989,2.0273192,3.7753505007349723e-44,2.582833713596275e-42,0.7809187279151943,0.21935483870967742
1,MCM4,13.867378,2.197503,9.986110183543276e-44,6.76854849681236e-42,0.7279151943462897,0.16682027649769585
1,CDCA4,13.850988,2.3807151,1.2547279668663068e-43,8.457513501892025e-42,0.6996466431095406,0.1456221198156682
1,CXADR,13.801484,6.317163,2.4965995324952536e-43,1.6705308864508002e-41,0.5406360424028268,0.008294930875576038
1,DNAJA4,13.800554,4.4924793,2.528992958761036e-43,1.6891180891170197e-41,0.558303886925795,0.020276497695852536
1,HDGF,13.772592,2.0326576,3.726010873199024e-43,2.470574709600679e-41,0.7667844522968198,0.22304147465437787
1,ELOVL1,13.759413,2.3648326,4.4714149050572995e-43,2.9487974223423823e-41,0.6996466431095406,0.13732718894009216
1,HIGD1A,13.748178,1.9342196,5.222873555171509e-43,3.431999910104711e-41,0.7879858657243817,0.2313364055299539
1,OSBPL6,13.739476,3.2130644,5.8900503867227055e-43,3.8565605403298343e-41,0.6042402826855123,0.059907834101382486
1,ACSS1,13.735084,2.0914574,6.258421030071979e-43,4.0904369307440093e-41,0.7561837455830389,0.1870967741935484
1,HDAC7,13.7105,2.3323421,8.785082660416956e-43,5.701113660530514e-41,0.6925795053003534,0.1271889400921659
1,PSMD12,13.701122,1.9011569,9.99669486062558e-43,6.475912010508971e-41,0.8056537102473498,0.24055299539170508
1,TUBB2A,13.675103,5.305426,1.4300515926066523e-42,9.247582745759024e-41,0.5371024734982333,0.008294930875576038
1,CDKN3,13.6455345,2.5662818,2.1463266791541136e-42,1.3782053119950827e-40,0.657243816254417,0.1152073732718894
1,MTLN,13.631596,2.6848083,2.5983549399141756e-42,1.6626291810454325e-40,0.6466431095406361,0.09953917050691244
1,TSFM,13.611489,2.2131467,3.421965672615345e-42,2.1782150536242476e-40,0.7173144876325088,0.17050691244239632
1,BOP1,13.6048155,2.4392996,3.7491138077313125e-42,2.3781856928383666e-40,0.6784452296819788,0.12258064516129032
1,SLC12A6,13.602366,2.0350509,3.876858509456466e-42,2.454963638488168e-40,0.7526501766784452,0.19907834101382488
1,MTFP1,13.561816,2.6929295,6.744548174470586e-42,4.241532778931235e-40,0.6395759717314488,0.09493087557603687
1,SLC38A5,13.525152,2.457817,1.1111404226515146e-41,6.9638442824431645e-40,0.6713780918727915,0.11889400921658987
1,TRAPPC2L,13.510199,1.8053243,1.3615300432945132e-41,8.50398653833148e-40,0.8091872791519434,0.23225806451612904
1,SMIM10,13.468804,2.2958434,2.3870101065612265e-41,1.4807958798347027e-39,0.6890459363957597,0.14654377880184333
1,GPATCH4,13.464833,1.9147172,2.518853117565542e-41,1.5599415051779427e-39,0.7809187279151943,0.22211981566820277
1,CCNA2,13.441517,3.6283329,3.452838518660848e-41,2.1311524894014454e-39,0.5724381625441696,0.047926267281105994
1,MRPL19,13.4214115,1.8487856,4.530044486733539e-41,2.7866245085535175e-39,0.7950530035335689,0.23410138248847925
1,PMP22,13.402741,4.8629613,5.827053532856073e-41,3.5664880661549356e-39,0.5335689045936396,0.012903225806451613
1,MTSS1,13.399953,2.439319,6.050118097487133e-41,3.6906728747687765e-39,0.6183745583038869,0.07465437788018434
1,ALYREF,13.390576,2.5873134,6.864618681408454e-41,4.180564198972227e-39,0.6395759717314488,0.10138248847926268
1,MRPL2,13.380185,2.0595443,7.895045318554546e-41,4.7921484859770307e-39,0.7420494699646644,0.19907834101382488
1,CHCHD1,13.371484,1.8293927,8.875254705353923e-41,5.369309049101801e-39,0.7879858657243817,0.24700460829493087
1,CASP3,13.352814,2.293321,1.1405773147371027e-40,6.877474513458435e-39,0.6784452296819788,0.12534562211981568
1,TIMM50,13.347999,1.898561,1.2167432894650363e-40,7.324674529228585e-39,0.773851590106007,0.21382488479262673
1,ABCB10,13.3431835,2.9143133,1.29796557597042e-40,7.788006237064483e-39,0.607773851590106,0.07188940092165899
1,ATAD3A,13.316741,2.4982111,1.8500849942131786e-40,1.1028495256220937e-38,0.6466431095406361,0.11336405529953918
1,HLTF,13.313446,2.2657404,1.933526426413932e-40,1.1507154590760378e-38,0.6819787985865724,0.1336405529953917
1,GYPB,13.308208,4.1252894,2.0739460480613867e-40,1.2302836192073712e-38,0.5441696113074205,0.023963133640552997
1,TUSC2,13.274163,2.349735,3.269010806640314e-40,1.9298236215135828e-38,0.6643109540636042,0.12258064516129032
1,SGTA,13.254227,2.3074334,4.264922376925763e-40,2.5056247819881197e-38,0.6643109540636042,0.11797235023041475
1,C9orf40,13.235979,3.3232882,5.438357375554619e-40,3.189892921517221e-38,0.5759717314487632,0.052534562211981564
1,PPIL1,13.222378,2.363289,6.517078762554296e-40,3.8165055966119966e-38,0.6607773851590106,0.12073732718894009
1,PAK1IP1,13.220181,2.291065,6.710212265201022e-40,3.9233303373581884e-38,0.6784452296819788,0.15207373271889402
1,BRIX1,13.213,1.8227997,7.382208645766635e-40,4.302487558020774e-38,0.784452296819788,0.24792626728110598
1,RRM2,13.201343,2.7714343,8.618551387530062e-40,5.015065172257357e-38,0.607773851590106,0.08387096774193549
1,ZFP36L1,13.179293,2.2799032,1.1546760101788785e-39,6.6976698333688e-38,0.6819787985865724,0.15483870967741936
1,NOLC1,13.14584,1.8159308,1.7979934075369146e-39,1.0314789452861852e-37,0.7703180212014135,0.23317972350230415
1,NDUFAF4,13.109428,1.8904945,2.907806076304672e-39,1.650055972074842e-37,0.7597173144876325,0.21658986175115208
1,CCNE1,13.061952,4.021031,5.431746429459692e-39,3.0213883140524953e-37,0.5406360424028268,0.030414746543778803
1,RABL6,13.055531,1.9473709,5.909667395559407e-39,3.282241826174049e-37,0.7385159010600707,0.19631336405529953
1,RFC4,13.031539,2.2609925,8.095840106522856e-39,4.489633996043077e-37,0.6643109540636042,0.13732718894009216
1,TBPL1,12.977556,1.9290084,1.640308715955839e-38,8.974131436875884e-37,0.7208480565371025,0.16589861751152074
1,THOC3,12.972995,2.2284758,1.7409374600471707e-38,9.510455518684551e-37,0.6678445229681979,0.14285714285714285
1,PLPP4,12.961167,8.247968,2.031325335991024e-38,1.108025910918144e-36,0.5017667844522968,0.0018433179723502304
1,RPA2,12.892232,1.8148711,4.978176921278347e-38,2.6993519036401298e-36,0.7632508833922261,0.2488479262672811
1,RFK,12.890881,2.0262394,5.066207462696438e-38,2.7430215879016618e-36,0.7102473498233216,0.17419354838709677
1,FAM207A,12.882348,1.8251289,5.658737834662767e-38,3.059312606890575e-36,0.7703180212014135,0.22672811059907835
1,TMEM70,12.868578,2.1747084,6.763596543979249e-38,3.645867409516708e-36,0.6713780918727915,0.14377880184331798
1,SMC2,12.8510065,1.8044016,8.489870475908732e-38,4.562962544621666e-36,0.7561837455830389,0.21474654377880184
1,SIGMAR1,12.829802,2.1421995,1.1164932327499483e-37,5.9743814052457404e-36,0.6749116607773852,0.1400921658986175
1,CMAS,12.819326,1.722788,1.2780595317691167e-37,6.809062142981287e-36,0.7809187279151943,0.2304147465437788
1,IFRD2,12.783339,1.7660068,2.031588771968255e-37,1.0776547919247842e-35,0.7703180212014135,0.2368663594470046
1,MYCBP,12.773539,1.895768,2.304352252484642e-37,1.2188092022137337e-35,0.7314487632508834,0.1870967741935484
1,DHFR,12.7361145,1.9787741,3.724900485234027e-37,1.9616558656122393e-35,0.6996466431095406,0.17695852534562212
1,MYBL2,12.733157,3.336785,3.868717452836913e-37,2.0315484575507008e-35,0.5477031802120141,0.04423963133640553
1,TIMM44,12.720992,1.9948128,4.520816967992498e-37,2.367187723111494e-35,0.696113074204947,0.1622119815668203
1,ISCA2,12.717698,1.8263038,4.715500344144134e-37,2.4620831397435014e-35,0.7455830388692579,0.2073732718894009
1,PDSS1,12.716599,2.7675035,4.782228885796544e-37,2.4933669437185084e-35,0.5901060070671378,0.08663594470046083
1,LINC01133,12.705111,7.8669577,5.539129148401797e-37,2.879796391486565e-35,0.4911660777385159,0.0009216589861751152
1,CLSPN,12.698521,2.3068204,6.025780935074295e-37,3.1283632341085713e-35,0.6360424028268551,0.12442396313364056
1,TXNDC9,12.694466,2.1272411,6.346141843685704e-37,3.290016113608222e-35,0.6784452296819788,0.15576036866359447
1,POLR3H,12.679259,2.4515092,7.705630666264774e-37,3.9891624896174965e-35,0.6183745583038869,0.10506912442396313
1,MRPL35,12.677148,2.667716,7.916047794094986e-37,4.092306007226986e-35,0.5936395759717314,0.08202764976958525
1,FAM83D,12.668953,3.8587446,8.787938834724803e-37,4.523872704497363e-35,0.5300353356890459,0.035944700460829496
1,TMPO,12.668784,1.7648877,8.806885744896618e-37,4.527258780182038e-35,0.7667844522968198,0.23225806451612904
1,CCNB1,12.666419,3.1264787,9.076445005468446e-37,4.6592842025967824e-35,0.568904593639576,0.07465437788018434
1,APOBEC3C,12.654254,1.780904,1.0597787534239448e-36,5.417452814814218e-35,0.7491166077738516,0.22119815668202766
1,ITGB1,12.60458,1.5535969,1.9923159049517274e-36,1.0058035094777678e-34,0.8021201413427562,0.2359447004608295
1,MTX1,12.591655,1.6878494,2.3470194818877848e-36,1.1799898359419615e-34,0.7915194346289752,0.24331797235023042
1,NTMT1,12.544853,2.0852082,4.242015509272967e-36,2.1181720280341046e-34,0.6713780918727915,0.15023041474654378
1,MALSU1,12.532688,1.7344313,4.945763245709872e-36,2.4628555177717966e-34,0.7667844522968198,0.24423963133640553
1,SPTB,12.525507,5.8900466,5.4144193744607397e-36,2.6925701565847494e-34,0.4911660777385159,0.0064516129032258064
1,SAC3D1,12.519256,2.3456397,5.858198076696559e-36,2.909306754479929e-34,0.6254416961130742,0.1152073732718894
1,RPP21,12.5161295,1.7944041,6.093457784923406e-36,3.017951940270387e-34,0.7385159010600707,0.20276497695852536
1,C1orf35,12.492392,2.0759163,8.214703337668149e-36,4.052107235336819e-34,0.6643109540636042,0.1400921658986175
1,SCO2,12.490448,2.3420608,8.417815982408843e-36,4.146709054806812e-34,0.6183745583038869,0.10691244239631337
1,MCUR1,12.473468,1.8205466,1.0419114004879854e-35,5.111930183547018e-34,0.7420494699646644,0.2248847926267281
1,CINP,12.456825,1.8991288,1.2838018185583138e-35,6.281875716718295e-34,0.7102473498233216,0.18064516129032257
1,C1orf174,12.444745,2.1181896,1.4936105264161542e-35,7.298750183892879e-34,0.657243816254417,0.13732718894009216
1,GEMIN7,12.444069,2.2934067,1.506306092829446e-35,7.3509745738200735e-34,0.6254416961130742,0.11428571428571428
1,RHOBTB3,12.441873,1.8244214,1.5483118557952943e-35,7.545907088410595e-34,0.7314487632508834,0.21658986175115208
1,MIPEP,12.4292,2.4541352,1.8143974807780297e-35,8.807528142434572e-34,0.607773851590106,0.10414746543778802
1,MAGOHB,12.388651,1.7625853,3.0106724301656497e-35,1.449916073901223e-33,0.7455830388692579,0.2368663594470046
1,PCCB,12.372261,1.9543943,3.6927588434928453e-35,1.7737357799302052e-33,0.696113074204947,0.19539170506912443
1,VPS25,12.338216,1.7573012,5.639136434505059e-35,2.6839796181966143e-33,0.7491166077738516,0.22304147465437787
1,NDUFV3,12.332556,1.9320049,6.049669923862228e-35,2.8719062111969053e-33,0.6925795053003534,0.17142857142857143
1,DTL,12.306874,2.00783,8.318262536815103e-35,3.93354944586524e-33,0.6537102473498233,0.13456221198156681
1,TOP1MT,12.255595,1.6414285,1.56793502195901e-34,7.329245177359097e-33,0.7809187279151943,0.2423963133640553
1,ERVK3-1,12.23777,1.7874173,1.953251061771135e-34,9.118742616311902e-33,0.7243816254416962,0.20184331797235022
1,EXOSC3,12.189955,1.9764992,3.5161590837152973e-34,1.6249360937255505e-32,0.6643109540636042,0.15391705069124423
1,COX17,12.172637,1.6401434,4.348067268520272e-34,2.0068551083872694e-32,0.7597173144876325,0.24976958525345622
1,SPECC1,12.163597,2.1740072,4.857169222246122e-34,2.2390081952573085e-32,0.6254416961130742,0.12258064516129032
1,UBE2M,12.157177,2.1067533,5.2543265358387035e-34,2.4160000695757837e-32,0.6395759717314488,0.13732718894009216
1,UGCG,12.146363,3.7750673,5.997432964912192e-34,2.743900549359389e-32,0.5053003533568905,0.029493087557603687
1,CCDC124,12.134959,1.779368,6.894468434805379e-34,3.1425210358942925e-32,0.7279151943462897,0.21566820276497695
1,MKI67,12.06332,2.8841593,1.649944438364297e-33,7.437144875439856e-32,0.5371024734982333,0.05714285714285714
1,SARS,12.031387,2.1058698,2.430428643918254e-33,1.0848307170250244e-31,0.6325088339222615,0.1327188940092166
1,EXOSC4,12.022601,1.8553098,2.703252935405185e-33,1.2051371582066403e-31,0.6890459363957597,0.17142857142857143
1,PSMC4,11.948682,1.5978253,6.596323777600402e-33,2.894868664076167e-31,0.7632508833922261,0.24792626728110598
1,HDHD3,11.942599,1.8309916,7.097015425273344e-33,3.1071514543113595e-31,0.6678445229681979,0.15115207373271888
1,DPM2,11.917509,1.6631124,9.593430096796576e-33,4.185091000868313e-31,0.7385159010600707,0.23410138248847925
1,SNHG9,11.912187,1.6069975,1.0225988089057669e-32,4.455730833899997e-31,0.7279151943462897,0.19815668202764977
1,C8orf33,11.886336,1.6890175,1.3938841940380073e-32,6.066296716526172e-31,0.7243816254416962,0.2304147465437788
1,NEO1,11.883464,6.5683484,1.4426325388231525e-32,6.2709968590814975e-31,0.4628975265017668,0.003686635944700461
1,MYH10,11.871468,1.8186232,1.6652057862029557e-32,7.204278602933142e-31,0.6819787985865724,0.1815668202764977
1,FHL2,11.867497,1.9640831,1.7461385289652922e-32,7.54550369523715e-31,0.657243816254417,0.16774193548387098
1,MRPS10,11.850601,1.8679091,2.136525715280393e-32,9.210715866310679e-31,0.6713780918727915,0.1824884792626728
1,ABHD5,11.83869,2.352596,2.4627077005064358e-32,1.0604419358380713e-30,0.568904593639576,0.08663594470046083
1,CDT1,11.813852,1.6309454,3.310373424774821e-32,1.4154553471984021e-30,0.7385159010600707,0.2313364055299539
1,FAM120A,11.810642,1.7199999,3.4392343959105946e-32,1.468838017791408e-30,0.6925795053003534,0.18064516129032257
1,DNAJA3,11.810305,1.9568751,3.4530851213092273e-32,1.473034598193928e-30,0.6501766784452296,0.15207373271889402
1,ORC6,11.805236,2.2646441,3.667617228068829e-32,1.5627294314848335e-30,0.5901060070671378,0.10783410138248847
1,EGLN2,11.787917,2.037072,4.505443224662824e-32,1.910819553486489e-30,0.6325088339222615,0.14654377880184333
1,AKR1C1,11.785467,4.3699017,4.63839074033311e-32,1.962655947825805e-30,0.47703180212014135,0.01935483870967742
1,MDN1,11.766122,1.7111514,5.83456320109798e-32,2.4602632226196673e-30,0.6996466431095406,0.19907834101382488
1,ASF1A,11.765192,2.0795174,5.899164888098763e-32,2.4846413586801245e-30,0.6289752650176679,0.15207373271889402
1,MAD1L1,11.762827,1.8236631,6.066828158678633e-32,2.5493912449574818e-30,0.6713780918727915,0.17511520737327188
1,NUP37,11.731147,1.977204,8.825426530888817e-32,3.68323188662556e-30,0.6466431095406361,0.17511520737327188
1,BAZ1B,11.711464,1.7596025,1.1134086985447983e-31,4.6256381129895764e-30,0.6925795053003534,0.20368663594470046
1,ZNF367,11.703523,2.103388,1.2227041103564014e-31,5.068198543958624e-30,0.5830388692579506,0.10138248847926268
1,GOT2,11.683501,1.9723188,1.5478640294377483e-31,6.394285704452712e-30,0.6395759717314488,0.15299539170506912
1,C16orf95,11.67142,3.701191,1.7841926282347193e-31,7.36225866809684e-30,0.4911660777385159,0.034101382488479264
1,EXOSC7,11.645907,1.6701771,2.4074501354508798e-31,9.900571057037938e-30,0.7243816254416962,0.23225806451612904
1,SORD,11.611271,2.0342414,3.6120608139612527e-31,1.4821192584282043e-29,0.6113074204946997,0.12350230414746544
1,PPID,11.575198,1.787843,5.504382831715854e-31,2.2485035270494638e-29,0.657243816254417,0.16129032258064516
1,GINS2,11.574607,1.7976918,5.542468022363095e-31,2.2615370355240985e-29,0.6607773851590106,0.1640552995391705
1,ELOVL6,11.571903,2.0694304,5.719929994616984e-31,2.331349195244724e-29,0.6007067137809188,0.12350230414746544
1,ACTL6A,11.553994,1.8013422,7.0467834574639435e-31,2.862589581871674e-29,0.6643109540636042,0.18064516129032257
1,MCM5,11.547658,1.6302174,7.585946392714019e-31,3.074786532887329e-29,0.7279151943462897,0.23963133640552994
1,CDK1,11.546982,3.3587906,7.6458203782942455e-31,3.095626898959598e-29,0.5017667844522968,0.053456221198156684
1,MED8,11.538957,2.0400233,8.393712802045055e-31,3.390930267854868e-29,0.6042402826855123,0.12350230414746544
1,NIP7,11.52789,1.8235816,9.545469861545533e-31,3.847728440555375e-29,0.657243816254417,0.1622119815668203
1,CAB39,11.472218,1.5649508,1.8193551996597243e-30,7.293561846960083e-29,0.7137809187279152,0.2110599078341014
1,CHEK1,11.471289,1.9159715,1.8390007732373224e-30,7.364252439962716e-29,0.6219081272084805,0.13640552995391705
1,RRS1,11.461489,2.1254623,2.0594328189877967e-30,8.228962948446762e-29,0.5865724381625441,0.11059907834101383
1,HTRA2,11.455491,1.5847905,2.2070898488812215e-30,8.799748971557908e-29,0.7208480565371025,0.21658986175115208
1,H2AFX,11.449831,2.0297499,2.356047023541756e-30,9.383425147840241e-29,0.607773851590106,0.13087557603686636
1,ABCC5,11.449071,2.1828182,2.376801886285032e-30,9.455796286947659e-29,0.5830388692579506,0.10783410138248847
1,SAR1A,11.44189,1.8752203,2.5819917923205578e-30,1.024983531352763e-28,0.6431095406360424,0.1640552995391705
1,CDV3,11.432175,1.7209992,2.887844299509281e-30,1.1426809643928562e-28,0.6819787985865724,0.19170506912442398
1,ERI1,11.406577,2.1098971,3.876851887321227e-30,1.5290587923259077e-28,0.5759717314487632,0.10506912442396313
1,APEH,11.401256,1.7042407,4.121335192056166e-30,1.6237350846549811e-28,0.6819787985865724,0.19262672811059908
1,UQCC3,11.390188,1.6504351,4.679765964630653e-30,1.833877024319556e-28,0.6925795053003534,0.2064516129032258
1,PPAN,11.379459,1.9662122,5.292670442502198e-30,2.071839902310406e-28,0.6183745583038869,0.14285714285714285
1,GTF2H2,11.370336,1.9113677,5.876110649248927e-30,2.2977727123200853e-28,0.607773851590106,0.1271889400921659
1,TMEM97,11.3646755,1.8901371,6.2696907364756144e-30,2.4490603057176516e-28,0.6254416961130742,0.1456221198156682
1,TTLL12,11.364084,2.7059133,6.312290971688789e-30,2.463072088004066e-28,0.5229681978798587,0.06820276497695853
1,B3GALNT1,11.353355,2.490364,7.137021344185024e-30,2.78191819189048e-28,0.5371024734982333,0.07557603686635944
1,EPCAM,11.344908,4.134041,7.860934766721112e-30,3.0575778256828845e-28,0.4664310954063604,0.023963133640552997
1,PDK3,11.335953,2.083107,8.70793607886414e-30,3.3834306626593036e-28,0.5830388692579506,0.11152073732718894
1,DPH2,11.328349,2.347861,9.497757069033394e-30,3.6863987962215406e-28,0.5512367491166078,0.08663594470046083
1,ATPAF1,11.304189,1.820206,1.2510549337322255e-29,4.845488003125204e-28,0.6254416961130742,0.14193548387096774
1,THEM6,11.30385,2.4311206,1.255879862344691e-29,4.859033704194295e-28,0.5406360424028268,0.08110599078341015
1,MRPS18A,11.272255,1.6645144,1.7990207286269668e-29,6.938457079923669e-28,0.6749116607773852,0.17788018433179723
1,SSX2IP,11.268961,2.9867272,1.8676175951836036e-29,7.195439115927902e-28,0.49823321554770317,0.04976958525345622
1,XPO6,11.240406,2.0224307,2.58190828518958e-29,9.915189044891335e-28,0.5901060070671378,0.12258064516129032
1,MRPS9,11.238295,1.4822451,2.6444184050297066e-29,1.0134906601308092e-27,0.7385159010600707,0.2304147465437788
1,PDCD10,11.224356,1.5705389,3.0963620147502e-29,1.1842209624020069e-27,0.7314487632508834,0.23870967741935484
1,TMEM131L,11.205263,1.7007766,3.8421082711380556e-29,1.4633195091771484e-27,0.657243816254417,0.18525345622119815
1,PTRH1,11.191408,2.2169657,4.4924048642180104e-29,1.707440399119869e-27,0.5618374558303887,0.0967741935483871
1,CCDC138,11.178314,1.5742469,5.206973974905031e-29,1.9749269891761558e-27,0.6890459363957597,0.20092165898617512
1,IFIT3,11.156688,2.8970475,6.642059321728051e-29,2.511425756555459e-27,0.508833922261484,0.0663594470046083
1,UBAP2,11.133033,1.4502383,8.663637947079301e-29,3.265682929979912e-27,0.734982332155477,0.22119815668202766
1,MRM2,11.119516,2.183591,1.0081693449069185e-28,3.792395292182747e-27,0.558303886925795,0.09769585253456221
1,TOP2A,11.116729,2.583153,1.0401639305930157e-28,3.908731008586753e-27,0.508833922261484,0.06359447004608294
1,NUP210,11.107774,1.6924624,1.1499055314910598e-28,4.3122635612811764e-27,0.6501766784452296,0.17050691244239632
1,SNX8,11.061817,2.3844433,1.9216467237667257e-28,7.176958340467952e-27,0.5335689045936396,0.08110599078341015
1,HBG1,11.056241,4.478203,2.0448816208728384e-28,7.613907650617168e-27,0.47703180212014135,0.05069124423963134
1,ICAM4,11.0532,1.5589482,2.1153725502037757e-28,7.86038078274197e-27,0.6925795053003534,0.2110599078341014
1,LEPR,11.049567,3.0924788,2.2027352519741945e-28,8.176705168104208e-27,0.48056537102473496,0.0423963133640553
1,EIF2B3,11.042133,1.6937768,2.3928358903786533e-28,8.864391338436142e-27,0.6466431095406361,0.17142857142857143
1,RRM1,11.027856,1.6946069,2.804707963106877e-28,1.0379688185811406e-26,0.6643109540636042,0.19631336405529953
1,MAP4K4,11.005892,1.6634659,3.579572158346796e-28,1.3193949704697993e-26,0.6607773851590106,0.18525345622119815
1,RPS6KB2,10.983252,1.6800697,4.600624927269321e-28,1.6906372787448233e-26,0.6537102473498233,0.17142857142857143
1,DUS1L,10.978013,2.2961872,4.875267864224217e-28,1.7897660892524632e-26,0.5371024734982333,0.08755760368663594
1,SLC25A15,10.967538,2.9126074,5.47427147186826e-28,2.0036381014185016e-26,0.4911660777385159,0.053456221198156684
1,DIAPH3,10.967538,2.246646,5.47427147186826e-28,2.0036381014185016e-26,0.5371024734982333,0.0912442396313364
1,CLUH,10.950304,3.1415803,6.622483496756366e-28,2.4190570705067837e-26,0.47703180212014135,0.04423963133640553
1,TPX2,10.947263,2.5003126,6.848583544772451e-28,2.499152605405947e-26,0.519434628975265,0.0792626728110599
1,ORC4,10.944306,1.6623509,7.075739155010443e-28,2.5794733945471834e-26,0.6643109540636042,0.19170506912442398
1,PPT2,10.942363,3.08095,7.229065703623641e-28,2.6327466051575013e-26,0.47703180212014135,0.041474654377880185
1,RMDN1,10.929775,1.8904895,8.305345374030911e-28,3.0217092051183434e-26,0.5936395759717314,0.13640552995391705
1,NQO2,10.914991,1.5719573,9.77381086133784e-28,3.5454038784521926e-26,0.6713780918727915,0.1870967741935484
1,MRPL58,10.903419,1.7224188,1.1100718724188393e-27,4.018767616459143e-26,0.6360424028268551,0.16866359447004609
1,KIF22,10.889564,1.5962697,1.292582851380929e-27,4.6748838876870936e-26,0.6607773851590106,0.1870967741935484
1,CISD1,10.881285,1.7540376,1.4155397069358746e-27,5.1145280171332627e-26,0.6289752650176679,0.16036866359447005
1,AL031123.4,10.878159,8.686331,1.4649200562886262e-27,5.282516155686701e-26,0.4204946996466431,0.0009216589861751152
1,MAZ,10.835243,1.7735211,2.3434174691678728e-27,8.417215190285899e-26,0.6183745583038869,0.15944700460829492
1,GTPBP4,10.825866,1.4243288,2.596131320774742e-27,9.306660379204343e-26,0.7208480565371025,0.23963133640552994
1,NDC1,10.817672,2.2180548,2.8389838769198275e-27,1.0167284626139198e-25,0.5406360424028268,0.09769585253456221
1,STEAP3,10.812603,4.2144485,3.0003428262607692e-27,1.0734657652392024e-25,0.4416961130742049,0.01935483870967742
1,MCM6,10.807872,1.7444673,3.1591359859226093e-27,1.1280735241049114e-25,0.6183745583038869,0.15668202764976957
1,MGAT4B,10.804577,2.993246,3.2746194913650524e-27,1.1681710331720495e-25,0.48056537102473496,0.05161290322580645
1,GUCD1,10.800353,2.2702184,3.428817854405974e-27,1.22079924405752e-25,0.5406360424028268,0.09861751152073733
1,MYO1D,10.793848,1.476496,3.6804768116657314e-27,1.3091266451290324e-25,0.6713780918727915,0.19170506912442398
1,TMC6,10.789287,1.9053398,3.8678081996713224e-27,1.3744237661764084e-25,0.5759717314487632,0.12165898617511521
1,C17orf58,10.778304,2.7071333,4.358468371649178e-27,1.544281712204565e-25,0.4911660777385159,0.05806451612903226
1,SLC48A1,10.761746,2.0444129,5.21720779308302e-27,1.8449760621703537e-25,0.5512367491166078,0.10138248847926268
1,AC017002.5,10.759719,2.2707,5.3332728516855214e-27,1.884199996568936e-25,0.5265017667844523,0.08755760368663594
1,SHARPIN,10.758367,1.4490205,5.412068252240388e-27,1.9101939257497633e-25,0.7173144876325088,0.23225806451612904
1,RAD1,10.747215,2.0589411,6.107750671775602e-27,2.149517137862104e-25,0.5547703180212014,0.10783410138248847
1,TST,10.744344,3.570727,6.300862439622843e-27,2.213223283614546e-25,0.45229681978798586,0.030414746543778803
1,KIF20B,10.725842,1.8795677,7.698234931075572e-27,2.6885791671020708e-25,0.6007067137809188,0.14930875576036867
1,UBE2A,10.719084,1.487551,8.281938303538515e-27,2.8896780157084193e-25,0.7102473498233216,0.22304147465437787
1,USP24,10.714184,1.4931536,8.732363215497426e-27,3.0439354861944884e-25,0.6855123674911661,0.2055299539170507
1,HSPBP1,10.712664,1.6460449,8.877027356071113e-27,3.0914184420509878e-25,0.6395759717314488,0.16866359447004609
1,GART,10.703625,1.4881277,9.787351172479028e-27,3.401964295003845e-25,0.6890459363957597,0.2129032258064516
1,RFC5,10.702272,1.8637213,9.931205683938803e-27,3.448691264116168e-25,0.5901060070671378,0.1382488479262673
1,HSPH1,10.657837,1.9503447,1.602825773362439e-26,5.518817133663089e-25,0.568904593639576,0.12350230414746544
1,SDF2L1,10.657667,1.3992337,1.6057396417148114e-26,5.523653818271035e-25,0.7102473498233216,0.2313364055299539
1,MRPL46,10.650909,1.8583574,1.7267025252256892e-26,5.934182077538541e-25,0.5901060070671378,0.13640552995391705
1,FAM13A,10.643306,1.5359799,1.873610046029039e-26,6.420973903998957e-25,0.6819787985865724,0.223963133640553
1,ZNF670,10.641363,2.0819702,1.9130998704577517e-26,6.53794289062784e-25,0.5441696113074205,0.10138248847926268
1,ACOT7,10.640603,1.925817,1.928776051823278e-26,6.585366816491026e-25,0.5759717314487632,0.13087557603686636
1,FARSA,10.634182,1.4744822,2.0663332481006005e-26,7.04844950733738e-25,0.7067137809187279,0.24700460829493087
1,ROGDI,10.617118,2.2148004,2.481043898537727e-26,8.439469119923732e-25,0.5300353356890459,0.09493087557603687
1,ATP7B,10.616779,4.514715,2.490038915549221e-26,8.462201889323774e-25,0.4275618374558304,0.014746543778801843
1,LINC01151,10.609514,9.268434,2.691444872356344e-26,9.129710266275677e-25,0.4098939929328622,0.0009216589861751152
1,ECI1,10.603432,1.8207366,2.872423013037045e-26,9.725583228507759e-25,0.5901060070671378,0.1391705069124424
1,TIMM22,10.593294,1.8158312,3.2012371004767373e-26,1.0808900287320023e-24,0.5865724381625441,0.1382488479262673
1,PDRG1,10.580875,1.7157872,3.655254328531828e-26,1.2319149509999396e-24,0.6148409893992933,0.16497695852534563
1,MCM10,10.5799465,2.6700115,3.6916890679941065e-26,1.24304978452302e-24,0.4840989399293286,0.060829493087557605
1,DLGAP5,10.579778,3.7351968,3.698352138874252e-26,1.2441487742181663e-24,0.4381625441696113,0.02488479262672811
1,RAD51C,10.569049,1.4726697,4.1467969771834073e-26,1.3924487721274302e-24,0.6996466431095406,0.22119815668202766
1,AGPAT5,10.551055,1.5372814,5.0230116341119945e-26,1.6835828646532334e-24,0.6713780918727915,0.2073732718894009
1,MRPL39,10.550716,2.0524707,5.041110963751986e-26,1.6881034069925563e-24,0.5406360424028268,0.10414746543778802
1,TDG,10.538383,1.3292545,5.747887707695917e-26,1.9177615131210415e-24,0.734982332155477,0.24700460829493087
1,TSC22D4,10.536946,1.4433569,5.836317501850545e-26,1.943722082668169e-24,0.6996466431095406,0.23317972350230415
1,PSME3,10.5318775,1.9337921,6.159338214864266e-26,2.0475533873210012e-24,0.558303886925795,0.1152073732718894
1,RCC1,10.531794,1.666917,6.164869355557891e-26,2.0475533873210012e-24,0.6183745583038869,0.1631336405529954
1,UBE2C,10.516671,2.1143389,7.238575430241691e-26,2.3889909767563222e-24,0.5335689045936396,0.10783410138248847
1,KLHL18,10.514137,1.4196738,7.435838239869569e-26,2.4496770064578408e-24,0.6537102473498233,0.18064516129032257
1,WDR12,10.513039,1.5223354,7.522964872512551e-26,2.476151414557841e-24,0.6713780918727915,0.21013824884792626
1,ATAD5,10.512616,1.7880859,7.556743889744905e-26,2.4850348886662468e-24,0.6007067137809188,0.1576036866359447
1,TRIB2,10.48702,4.672437,9.910576030946944e-26,3.2416174558417257e-24,0.4169611307420495,0.010138248847926268
1,LBR,10.485583,1.4732058,1.0062311826678991e-25,3.2883095997167657e-24,0.6855123674911661,0.21935483870967742
1,KEAP1,10.477473,1.8073825,1.096340192700765e-25,3.570030906854154e-24,0.5795053003533569,0.13179723502304147
1,TIMM8A,10.474178,1.8204006,1.135191341976824e-25,3.693256738461666e-24,0.5795053003533569,0.13456221198156681
1,LRR1,10.455086,2.3970916,1.3887279008836913e-25,4.502110708613285e-24,0.5053003533568905,0.08202764976958525
1,PIGH,10.452805,1.5472246,1.4225447977866762e-25,4.607660366707092e-24,0.6289752650176679,0.16497695852534563
1,ORC1,10.451707,3.3357434,1.4391168301474924e-25,4.657216189233278e-24,0.45229681978798586,0.041474654377880185
1,WDR34,10.444948,1.9333442,1.5453935185391256e-25,4.9967268703224855e-24,0.568904593639576,0.1336405529953917
1,CARHSP1,10.433966,1.4444789,1.734920495433308e-25,5.5946982425863e-24,0.6890459363957597,0.23410138248847925
1,WDR74,10.43253,1.3750921,1.7613499399145738e-25,5.674926861867369e-24,0.7031802120141343,0.2294930875576037
1,RAD51AP1,10.42518,1.8923831,1.902981581502537e-25,6.125860058449811e-24,0.5477031802120141,0.11244239631336406
1,HAUS2,10.421294,1.52944,1.982370625042097e-25,6.370214859277067e-24,0.6360424028268551,0.17419354838709677
1,POLQ,10.418591,2.3917925,2.0395249963793098e-25,6.542388640883358e-24,0.5053003533568905,0.08663594470046083
1,HDDC3,10.404229,1.492533,2.3716725638122295e-25,7.59453958950931e-24,0.657243816254417,0.1935483870967742
1,PARP9,10.3827715,1.7783619,2.9702458201151953e-25,9.469857775438698e-24,0.568904593639576,0.12350230414746544
1,UTP11,10.373901,1.5047331,3.2594014526295135e-25,1.0382711276561604e-23,0.657243816254417,0.1880184331797235
1,ICMT,10.3689165,2.5372298,3.433944711869811e-25,1.0919705508179578e-23,0.48056537102473496,0.06175115207373272
1,THAP4,10.333689,1.7626181,4.961494063132166e-25,1.5708965761652284e-23,0.5653710247349824,0.12442396313364056
1,CPOX,10.325241,3.4223316,5.418249590290124e-25,1.7095978728811103e-23,0.4381625441696113,0.03133640552995392
1,MTHFS,10.320257,1.4272287,5.707028629321452e-25,1.7976157905490056e-23,0.6537102473498233,0.18986175115207374
1,PRPS1,10.303023,1.4364344,6.828113759444073e-25,2.1415234936539202e-23,0.6890459363957597,0.2248847926267281
1,BNIP3,10.292632,1.7535609,7.606808461443087e-25,2.383705449463e-23,0.5724381625441696,0.12995391705069123
1,AL138720.1,10.289928,6.2398243,7.823425293403554e-25,2.44739477917832e-23,0.4028268551236749,0.005529953917050691
1,TMEM9B,10.288662,1.597011,7.927057521994306e-25,2.477696262702934e-23,0.6113074204946997,0.1622119815668203
1,CENPN,10.272103,1.7098237,9.41294249399127e-25,2.937110897038145e-23,0.5865724381625441,0.14838709677419354
1,SRA1,10.268471,1.6245877,9.774147468144888e-25,3.0420371724623384e-23,0.6183745583038869,0.17142857142857143
1,ST6GALNAC4,10.267119,1.9262447,9.912026485631512e-25,3.0823286440152846e-23,0.5371024734982333,0.10875576036866359
1,AC073349.1,10.263487,5.283404,1.0292198245031545e-24,3.197833174587433e-23,0.40636042402826855,0.009216589861751152
1,TRAPPC4,10.259009,1.5371847,1.0780709430843125e-24,3.343938524392282e-23,0.6395759717314488,0.1889400921658986
1,ING2,10.250392,1.4261833,1.1786409245186273e-24,3.649698517623205e-23,0.6678445229681979,0.20460829493087557
1,CBLL1,10.222768,1.9496062,1.5679899975257422e-24,4.847128538804028e-23,0.5335689045936396,0.10875576036866359
1,MICALL2,10.222768,3.3121574,1.5679899975257422e-24,4.847128538804028e-23,0.43109540636042404,0.02857142857142857
1,PGRMC2,10.213559,2.1314406,1.724212921774235e-24,5.321072272332106e-23,0.5159010600706714,0.09769585253456221
1,CDC6,10.19886,2.731413,2.006134659774661e-24,6.175486516603227e-23,0.45936395759717313,0.053456221198156684
1,TRIM28,10.194636,1.4046408,2.0952800282853326e-24,6.444482715569031e-23,0.6925795053003534,0.24147465437788018
1,CHAF1A,10.188131,1.5801101,2.240295593180107e-24,6.873181811063294e-23,0.607773851590106,0.16866359447004609
1,RIDA,10.185428,1.8708938,2.30344688670789e-24,7.061010008408332e-23,0.5547703180212014,0.1271889400921659
1,DIMT1,10.184329,1.3406421,2.329602968632699e-24,7.135213243089993e-23,0.6925795053003534,0.223963133640553
1,ARMC1,10.18264,1.8674951,2.3704186985726164e-24,7.254155082479627e-23,0.558303886925795,0.1327188940092166
1,MIS18A,10.156029,1.8545139,3.115069123242225e-24,9.509144702234252e-23,0.558303886925795,0.13179723502304147
1,PBK,10.149777,5.1376433,3.321200439598362e-24,1.0121503521210629e-22,0.4028268551236749,0.010138248847926268
1,SRPRB,10.138626,1.5006458,3.722985939742061e-24,1.1327099616001595e-22,0.6360424028268551,0.1870967741935484
1,PINX1,10.137106,2.1184404,3.78138052683897e-24,1.1495208360700427e-22,0.508833922261484,0.09032258064516129
1,PRC1,10.134825,2.067283,3.8706775960306164e-24,1.1747153457074346e-22,0.5229681978798587,0.10691244239631337
1,MFHAS1,10.129587,2.6586368,4.083712866262661e-24,1.2373176706794672e-22,0.45936395759717313,0.055299539170506916
1,RGCC,10.125447,1.2148087,4.260261238001479e-24,1.2897421139130862e-22,0.6607773851590106,0.2
1,AC100801.1,10.119872,7.7588034,4.5100639710220236e-24,1.3631119025877547e-22,0.392226148409894,0.0018433179723502304
1,TXNDC5,10.119365,1.7970864,4.53348014359159e-24,1.3690586364323085e-22,0.5653710247349824,0.14285714285714285
1,GLRX2,10.118013,2.102542,4.5965136394209355e-24,1.3869496761454712e-22,0.5123674911660777,0.09216589861751152
1,PPAT,10.098583,2.070073,5.6046201958010276e-24,1.6855768593797322e-22,0.5123674911660777,0.0967741935483871
1,WDR4,10.089459,2.2187946,6.1507487340859015e-24,1.8452750361990006e-22,0.4911660777385159,0.0792626728110599
1,MTFR1,10.079322,2.1572146,6.819533138527011e-24,2.042567368275181e-22,0.49823321554770317,0.08663594470046083
1,TMEM245,10.070789,1.7433814,7.437885328139871e-24,2.224134321039603e-22,0.568904593639576,0.14377880184331798
1,PARPBP,10.063017,1.9484292,8.049299862792785e-24,2.404999381861867e-22,0.5300353356890459,0.11059907834101383
1,C6orf89,10.061412,2.02679,8.181639624017156e-24,2.4425464264164104e-22,0.5159010600706714,0.0967741935483871
1,TMOD1,10.052879,2.6854136,8.922148226512273e-24,2.6592797006398673e-22,0.45229681978798586,0.04976958525345622
1,JPT2,10.046882,1.7533075,9.482062568015353e-24,2.8238647034331157e-22,0.5512367491166078,0.12534562211981568
1,RANBP10,10.045277,2.1762598,9.6377113186447e-24,2.86788513799768e-22,0.49823321554770317,0.08571428571428572
1,GAB1,10.039785,1.7215917,1.0189576306745839e-23,3.0271808636623736e-22,0.5547703180212014,0.12534562211981568
1,UBE2S,10.038687,1.7717625,1.0303647955413454e-23,3.0585873383299906e-22,0.5936395759717314,0.19170506912442398
1,APOL4,10.03742,4.984782,1.0436841337559453e-23,3.0956145040195587e-22,0.3992932862190813,0.010138248847926268
1,MTX2,10.012583,1.5406243,1.34202244862251e-23,3.9740585470900067e-22,0.6254416961130742,0.18433179723502305
1,SLC66A2,10.001094,1.7815421,1.507231593561856e-23,4.448885770641734e-22,0.5406360424028268,0.12073732718894009
1,TRUB2,10.000755,1.6496489,1.5123840083688506e-23,4.4604969452303225e-22,0.5936395759717314,0.16682027649769585
1,METTL21A,9.98555,1.3916211,1.7632146224703008e-23,5.183567742733773e-22,0.6855123674911661,0.2350230414746544
1,BCL2L12,9.975074,1.7672327,1.959552962439378e-23,5.751531513892837e-22,0.558303886925795,0.13087557603686636
1,NECAP2,9.972371,1.502739,2.0136411269282738e-23,5.900822969311589e-22,0.6254416961130742,0.19170506912442398
1,ARPC5L,9.962571,1.3347827,2.222396715709365e-23,6.502153652412347e-22,0.7031802120141343,0.2488479262672811
1,B3GALNT2,9.959107,2.4325721,2.301194133229825e-23,6.721947842804854e-22,0.4664310954063604,0.06451612903225806
1,EIF4G1,9.953025,1.6051463,2.4463210993928087e-23,7.134485940946309e-22,0.5830388692579506,0.15115207373271888
1,RRP9,9.929625,1.8478979,3.0941978242997605e-23,9.009604977501633e-22,0.5406360424028268,0.12442396313364056
1,MRPS22,9.9248085,1.531286,3.247245677942232e-23,9.447729654877871e-22,0.6360424028268551,0.20092165898617512
1,WDHD1,9.912728,1.9224176,3.664990466116694e-23,1.0637772882659565e-21,0.5265017667844523,0.11428571428571428
1,LDB1,9.909349,3.1663463,3.7910810480431456e-23,1.0995036247181232e-21,0.42402826855123676,0.03225806451612903
1,PUS1,9.895157,1.7860469,4.369264737022168e-23,1.266187320979797e-21,0.5477031802120141,0.1327188940092166
1,PRELID3B,9.893298,1.3517805,4.4511736953244745e-23,1.2889035476469232e-21,0.6819787985865724,0.2294930875576037
1,GGA2,9.876402,1.8984543,5.2690864686505636e-23,1.5233320208458078e-21,0.5265017667844523,0.11152073732718894
1,RAD51,9.872516,2.10582,5.477317783914999e-23,1.5822834112791859e-21,0.49823321554770317,0.09308755760368663
1,ERI3,9.867701,1.3023756,5.746676253279389e-23,1.6548709484364981e-21,0.7031802120141343,0.24516129032258063
1,EPDR1,9.861872,1.513416,6.090338068624878e-23,1.7510798401393496e-21,0.5759717314487632,0.14654377880184333
1,HDAC3,9.85883,1.3560213,6.277638403355411e-23,1.803515252756762e-21,0.6784452296819788,0.22672811059907835
1,CNIH4,9.831628,1.8052526,8.227779054401138e-23,2.36007007186627e-21,0.5159010600706714,0.09861751152073733
1,MAP2K3,9.828587,1.51268,8.480041144084825e-23,2.4305245568884002e-21,0.5971731448763251,0.16866359447004609
1,ZDHHC3,9.828503,1.5210289,8.487156638858013e-23,2.4306605644666835e-21,0.5901060070671378,0.15944700460829492
1,RREB1,9.827235,1.3125634,8.594601047468364e-23,2.459507372465908e-21,0.6678445229681979,0.22304147465437787
1,SLF1,9.821153,1.4746,9.129372557368428e-23,2.6064287439332435e-21,0.607773851590106,0.17419354838709677
1,RFC2,9.820984,1.4235419,9.144688227249438e-23,2.6087664365203174e-21,0.6431095406360424,0.20368663594470046
1,UBE2J2,9.819801,1.4659588,9.252612442772759e-23,2.637498972102226e-21,0.6537102473498233,0.23410138248847925
1,STIP1,9.818111,1.4723774,9.408980493161219e-23,2.6779012055225024e-21,0.6254416961130742,0.19447004608294932
1,EPS15L1,9.812535,1.4013757,9.943789143566705e-23,2.8279147353821677e-21,0.6325088339222615,0.1880184331797235
1,VWA8,9.810846,1.4861631,1.011171508795723e-22,2.873438539862753e-21,0.6042402826855123,0.17235023041474654
1,SLC16A1,9.805609,1.6602054,1.0650330067156265e-22,3.0241484157330213e-21,0.5547703180212014,0.13732718894009216
1,LRRCC1,9.80527,1.989995,1.0686038693301414e-22,3.031935676073838e-21,0.5053003533568905,0.1032258064516129
1,CCDC26,9.780095,2.9665625,1.3708105421440266e-22,3.883361970047486e-21,0.44876325088339225,0.06912442396313365
1,TAL1,9.763537,1.8293251,1.614240019271607e-22,4.562378296939003e-21,0.5265017667844523,0.11336405529953918
1,RFC3,9.762777,1.5868886,1.626391345787656e-22,4.5931751270967596e-21,0.558303886925795,0.1391705069124424
1,PRKAB1,9.762609,2.2579648,1.629103911648163e-22,4.597288532786e-21,0.46996466431095407,0.07096774193548387
1,FAM120AOS,9.753569,1.275813,1.7809451326506547e-22,5.0219085362208485e-21,0.7067137809187279,0.24976958525345622
1,FANCA,9.751119,1.9730686,1.8244574893475044e-22,5.140644231532565e-21,0.508833922261484,0.10506912442396313
1,RAB11FIP1,9.742165,1.4946626,1.9926440500321437e-22,5.597295846141711e-21,0.5865724381625441,0.16589861751152074
1,KNOP1,9.741573,1.6938639,2.0042758461579022e-22,5.6256518592964246e-21,0.5547703180212014,0.1391705069124424
1,SLC39A4,9.737518,1.3781707,2.085867391158346e-22,5.850178726726944e-21,0.6643109540636042,0.22764976958525346
1,THG1L,9.718848,1.4701294,2.5060054714245013e-22,7.01240873544405e-21,0.5971731448763251,0.1622119815668203
1,NCAPD3,9.709471,2.0451992,2.747599567769768e-22,7.676709296178724e-21,0.4911660777385159,0.09216589861751152
1,NUP62,9.708203,1.7914842,2.7819677010810898e-22,7.766803953262316e-21,0.5300353356890459,0.12165898617511521
1,DNAJC6,9.689787,1.5107453,3.332225993979004e-22,9.274737916777607e-21,0.5971731448763251,0.17327188940092167
1,ZBTB7A,9.687337,1.8911234,3.413111453056404e-22,9.485443606174445e-21,0.508833922261484,0.10599078341013825
1,GCLC,9.681593,1.9744366,3.6104732106103756e-22,1.0026322456870285e-20,0.5053003533568905,0.10414746543778802
1,RRP15,9.676524,1.4186784,3.7939692476794107e-22,1.0527905112533291e-20,0.6113074204946997,0.1815668202764977
1,NSD2,9.6713705,1.2124604,3.989982493717669e-22,1.1038348393995496e-20,0.696113074204947,0.23778801843317973
1,HSPA4,9.648054,1.3344691,5.009721570858205e-22,1.38490044724306e-20,0.6501766784452296,0.21382488479262673
1,PNO1,9.638001,1.5250852,5.525332243921956e-22,1.5239840652583835e-20,0.5759717314487632,0.15576036866359447
1,NIPA2,9.637579,1.3941405,5.548109751375372e-22,1.5291141943530872e-20,0.6219081272084805,0.18341013824884791
1,PAM16,9.627188,1.2913142,6.138643046623453e-22,1.6893268733042482e-20,0.6713780918727915,0.22764976958525346
1,TSR1,9.626174,1.6834234,6.199483225804825e-22,1.7047880206437446e-20,0.5512367491166078,0.13456221198156681
1,UGGT1,9.611136,2.2801578,7.175239297017536e-22,1.9701495387107187e-20,0.4558303886925795,0.06728110599078341
1,SDHAF3,9.608771,1.3112999,7.341981759616411e-22,2.0144218469544246e-20,0.6784452296819788,0.24331797235023042
1,GARS,9.604463,1.4522303,7.655602100481972e-22,2.0988965728819526e-20,0.6219081272084805,0.2073732718894009
1,DSCC1,9.60007,2.048783,7.989017748245537e-22,2.188667953619273e-20,0.4876325088339223,0.09216589861751152
1,IPO7,9.596691,1.2488592,8.255232420538546e-22,2.2582194456213102e-20,0.6784452296819788,0.23410138248847925
1,POLR2D,9.589595,1.353895,8.843185963767059e-22,2.4154436526853592e-20,0.6289752650176679,0.18986175115207374
1,ANKLE1,9.580724,3.1519065,9.63668435345137e-22,2.6263014446811138e-20,0.4169611307420495,0.03963133640552995
1,KNL1,9.577852,2.7002468,9.908424226130447e-22,2.6983499635461345e-20,0.4275618374558304,0.04608294930875576
1,PNPT1,9.576247,1.4138774,1.0063566863811544e-21,2.738562161950679e-20,0.6007067137809188,0.17880184331797236
1,POLA1,9.56273,1.6775373,1.146905792291587e-21,3.1117790143561435e-20,0.5371024734982333,0.1271889400921659
1,EMC8,9.561885,1.5300188,1.1563082565372982e-21,3.134965814631233e-20,0.5795053003533569,0.16036866359447005
1,CENPK,9.560534,1.4821587,1.171511072367839e-21,3.173832476664343e-20,0.6007067137809188,0.18341013824884791
1,TAF3,9.555972,1.4131185,1.2242953549136968e-21,3.3070431206786876e-20,0.607773851590106,0.18433179723502305
1,TMEM126B,9.537555,1.2956378,1.4623904880037484e-21,3.941454657689631e-20,0.6749116607773852,0.24331797235023042
1,SLC31A1,9.532064,2.6633737,1.541866158787386e-21,4.1526006826914724e-20,0.43462897526501765,0.053456221198156684
1,KPNA2,9.52142,1.4780258,1.7082917917491515e-21,4.5940622975614025e-20,0.607773851590106,0.2
1,SASS6,9.511028,2.0230515,1.8878634133206606e-21,5.0695296251613715e-20,0.4840989399293286,0.09400921658986175
1,IGFBP2,9.510691,2.257572,1.8940064336608727e-21,5.0822968825822286e-20,0.46996466431095407,0.09216589861751152
1,MRPS5,9.505199,1.2672118,1.9966473718954112e-21,5.353794172801755e-20,0.6819787985865724,0.24055299539170508
1,AC012146.1,9.4921055,1.7178811,2.2641451788349402e-21,6.066616229175524e-20,0.5300353356890459,0.12903225806451613
1,SNRNP27,9.478082,1.4513879,2.5900043698999485e-21,6.929586984116083e-20,0.5724381625441696,0.15207373271889402
1,SFXN1,9.461777,1.276407,3.0275313603817535e-21,8.082470847653725e-20,0.6643109540636042,0.23410138248847925
1,ABCF1,9.458652,1.2428168,3.119401357186634e-21,8.321662468978717e-20,0.6819787985865724,0.2488479262672811
1,PANK2,9.454174,1.350076,3.2558219629751916e-21,8.666642884862181e-20,0.6254416961130742,0.2
1,ATP6V1C1,9.443699,2.384816,3.598480503661159e-21,9.564850030101822e-20,0.4452296819787986,0.06359447004608294
1,ZDHHC2,9.436771,1.1610801,3.8444298490293676e-21,1.0196375137994484e-19,0.6819787985865724,0.2313364055299539
1,DPCD,9.418524,1.6603917,4.574745313280592e-21,1.2107032047099273e-19,0.5335689045936396,0.12995391705069123
1,ISOC1,9.413286,1.5597873,4.8086351745502576e-21,1.2707643034203176e-19,0.5618374558303887,0.15299539170506912
1,AGFG2,9.408724,4.473563,5.021956545790862e-21,1.3261806026875278e-19,0.37809187279151946,0.011981566820276499
1,SLC9B2,9.403994,1.5400655,5.253065507151247e-21,1.3862108913283548e-19,0.5618374558303887,0.15023041474654378
1,REC8,9.400699,1.2942029,5.4201993124255674e-21,1.4292846904473213e-19,0.6395759717314488,0.21013824884792626
1,CTPS1,9.389547,1.4407716,6.025868860117493e-21,1.5844312223359223e-19,0.5795053003533569,0.16774193548387098
1,OSBP2,9.3861685,3.0737922,6.222284441167262e-21,1.634901886799447e-19,0.4028268551236749,0.03225806451612903
1,TBRG4,9.384985,1.7472078,6.292515089102214e-21,1.6521689008337887e-19,0.5300353356890459,0.13548387096774195
1,PISD,9.374087,1.4660728,6.977665500091914e-21,1.828128382024797e-19,0.5936395759717314,0.18341013824884791
1,PNP,9.368935,1.7247958,7.326853072288568e-21,1.9182414112935184e-19,0.5017667844522968,0.11059907834101383
1,RAB9A,9.368512,1.4452322,7.356229719870456e-21,1.9245558540170021e-19,0.5795053003533569,0.16682027649769585
1,COA8,9.3674135,1.3488182,7.433155272611607e-21,1.9432922580918388e-19,0.6007067137809188,0.17142857142857143
1,MRPL49,9.362176,1.6145434,7.811116022081569e-21,2.040647091536099e-19,0.5512367491166078,0.14930875576036867
1,TMEM11,9.353137,1.3668678,8.508618170238755e-21,2.2181191855335376e-19,0.6042402826855123,0.18525345622119815
1,GGH,9.350433,1.1530962,8.728935481739913e-21,2.273934288734253e-19,0.6855123674911661,0.24976958525345622
1,NADK2,9.343337,2.1417885,9.334471790462786e-21,2.428223184098994e-19,0.45936395759717313,0.07741935483870968
1,TRAK2,9.339028,2.016594,9.722195079299183e-21,2.5254936983493926e-19,0.4664310954063604,0.08202764976958525
1,PIGQ,9.33717,2.469769,9.894325627396634e-21,2.568384484314498e-19,0.43109540636042404,0.055299539170506916
1,SLC16A9,9.332693,3.3212447,1.0321477689012695e-20,2.6754702896285667e-19,0.3992932862190813,0.03225806451612903
1,HBM,9.328468,3.733191,1.0741147023408874e-20,2.782283950486824e-19,0.3745583038869258,0.011981566820276499
1,USP39,9.315628,1.5288343,1.2123340175075058e-20,3.1226345795068414e-19,0.5653710247349824,0.15576036866359447
1,FBXO22,9.306419,1.4666027,1.3221419092770212e-20,3.391150386926997e-19,0.5547703180212014,0.1447004608294931
1,RIPOR3,9.304138,1.8506358,1.3508278977011933e-20,3.46230055208413e-19,0.4911660777385159,0.10414746543778802
1,UNG,9.301942,1.4046446,1.379032815998932e-20,3.5296489579284555e-19,0.6113074204946997,0.20460829493087557
1,CDCA5,9.300253,2.164116,1.4011244557259497e-20,3.58118409245988e-19,0.45936395759717313,0.08202764976958525
1,LETM1,9.296873,2.1300933,1.4463628536243963e-20,3.6942307610262753e-19,0.4628975265017668,0.08387096774193549
1,TANGO2,9.294677,1.9581466,1.4765392084267682e-20,3.766049586594295e-19,0.46996466431095407,0.08387096774193549
1,PRR34-AS1,9.29096,2.3227284,1.529031425437829e-20,3.8917996663734337e-19,0.4416961130742049,0.06451612903225806
1,MED25,9.288933,1.9674987,1.558436939579059e-20,3.9638881463191897e-19,0.4840989399293286,0.1032258064516129
1,ECHDC1,9.280653,1.2615043,1.684424686527537e-20,4.2783919466755295e-19,0.6360424028268551,0.20276497695852536
1,DDI2,9.277528,2.7433834,1.7345665055353433e-20,4.402695469424348e-19,0.4098939929328622,0.041474654377880185
1,NUP93,9.273642,1.1874645,1.798967114488978e-20,4.562993441262029e-19,0.6819787985865724,0.2423963133640553
1,ZDHHC14,9.272205,1.923088,1.8233609037401153e-20,4.621664296245981e-19,0.47703180212014135,0.09216589861751152
1,SAR1B,9.25852,1.4818577,2.072858536269066e-20,5.250428739514469e-19,0.5406360424028268,0.13548387096774195
1,HBG2,9.258013,4.936498,2.0827204056435336e-20,5.271759997715005e-19,0.38162544169611307,0.026728110599078342
1,RILP,9.257675,1.5031148,2.0893207426219968e-20,5.284811921265217e-19,0.5618374558303887,0.1585253456221198
1,TMEM14A,9.253029,1.3129107,2.1822003434204826e-20,5.515933340437367e-19,0.657243816254417,0.24055299539170508
1,SMC6,9.252775,1.6578293,2.1873822804174507e-20,5.525215931370539e-19,0.5053003533568905,0.11244239631336406
1,CHORDC1,9.242638,1.8447027,2.4049434046606812e-20,6.066391009923197e-19,0.4876325088339223,0.10230414746543778
1,PSMD11,9.224897,1.2244167,2.838336882982525e-20,7.144839632327607e-19,0.6713780918727915,0.24608294930875577
1,CTCF,9.22363,1.240414,2.872094346528127e-20,7.219884970966756e-19,0.6254416961130742,0.20276497695852536
1,GPN3,9.215604,1.530882,3.0953006659421655e-20,7.775641707216828e-19,0.5477031802120141,0.15115207373271888
1,RBL1,9.176068,1.3837138,4.471205936725016e-20,1.1193612071824372e-18,0.5830388692579506,0.17788018433179723
1,HPF1,9.161368,1.3304273,5.124331691907244e-20,1.2811179252424661e-18,0.6219081272084805,0.2064516129032258
1,CCDC137,9.129604,1.8748584,6.875018975808433e-20,1.7094603908530196e-18,0.48056537102473496,0.10138248847926268
1,PRG2,9.126732,2.6029706,7.059828534718276e-20,1.754221209770697e-18,0.38515901060070673,0.026728110599078342
1,WDR5,9.124451,1.6907586,7.210079692333213e-20,1.790340073399511e-18,0.5300353356890459,0.14101382488479264
1,ZPR1,9.122508,1.3266144,7.340561212706566e-20,1.821504277601851e-18,0.6148409893992933,0.20184331797235022
1,NARS,9.106288,1.2515438,8.524892172194526e-20,2.1082403945573774e-18,0.6254416961130742,0.2064516129032258
1,CLN6,9.105189,1.3223273,8.611585527349587e-20,2.1282420113877263e-18,0.6183745583038869,0.21474654377880184
1,TPD52L2,9.094714,1.4311893,9.483556429781881e-20,2.3421568750772377e-18,0.5795053003533569,0.17788018433179723
1,NOM1,9.094208,2.049598,9.527893229786455e-20,2.3515200276696834e-18,0.45229681978798586,0.0792626728110599
1,DENND1A,9.083225,1.2281114,1.0540442780171197e-19,2.5961692207069045e-18,0.6501766784452296,0.23870967741935484
1,FLOT1,9.081873,1.2503325,1.0672193046235843e-19,2.6268523045412113e-18,0.6219081272084805,0.20184331797235022
1,BOLA2,9.073933,1.3799899,1.147974873519491e-19,2.823725023231646e-18,0.5865724381625441,0.1824884792626728
1,CISD3,9.072158,1.549526,1.1668253098441472e-19,2.86623980977219e-18,0.5547703180212014,0.1640552995391705
1,NECAB1,9.058304,3.2016742,1.324950636393983e-19,3.25248277952087e-18,0.3957597173144876,0.04331797235023042
1,BCAP29,9.053319,1.2729967,1.386870360677462e-19,3.3976467249769602e-18,0.6254416961130742,0.21382488479262673
1,IFI27,9.043773,2.9239433,1.5135521715867347e-19,3.7005693408314015e-18,0.38162544169611307,0.026728110599078342
1,BRI3BP,9.036676,2.055453,1.6150695630678237e-19,3.9435064094626694e-18,0.44876325088339225,0.07834101382488479
1,FAHD1,9.030848,1.8522239,1.7034691878328989e-19,4.151043658047399e-18,0.48056537102473496,0.1032258064516129
1,UCHL5,9.027553,1.3139008,1.755531732110982e-19,4.272221870145881e-18,0.5971731448763251,0.19170506912442398
1,USP32,9.0273,1.1959559,1.7596010567259838e-19,4.2764381326180435e-18,0.657243816254417,0.24423963133640553
1,RPP30,9.023836,1.3140552,1.816158283729374e-19,4.408037754826181e-18,0.6042402826855123,0.19631336405529953
1,SURF1,9.022315,1.2189345,1.8415522121225468e-19,4.466709908276828e-18,0.6537102473498233,0.22764976958525346
1,MELK,9.006771,2.78361,2.1221231321081093e-19,5.140425463817929e-18,0.3992932862190813,0.041474654377880185
1,MTHFD1,8.997141,1.3090949,2.316729970049728e-19,5.6007023536188966e-18,0.6042402826855123,0.20460829493087557
1,PMPCA,8.992241,1.3351239,2.4224052918964852e-19,5.848446971550347e-18,0.5759717314487632,0.17972350230414746
1,TAF1B,8.987932,1.7804753,2.519252825400509e-19,6.078257921060253e-18,0.48056537102473496,0.10138248847926268
1,UBL4A,8.965546,2.1521327,3.087496284569544e-19,7.424799705093947e-18,0.4416961130742049,0.07465437788018434
1,CNKSR3,8.954056,1.9156152,3.4265489181566643e-19,8.218552880304853e-18,0.44876325088339225,0.0792626728110599
1,CDC45,8.953042,2.1632397,3.4581745191513384e-19,8.283550103105899e-18,0.4452296819787986,0.08387096774193549
1,EED,8.948818,2.259874,3.593081216478642e-19,8.595448732309462e-18,0.4275618374558304,0.06359447004608294
1,SMPD4,8.944763,1.8327748,3.727478534902866e-19,8.911132714303056e-18,0.4664310954063604,0.09400921658986175
1,HCCS,8.943243,1.9075526,3.779147785361691e-19,9.022869412395516e-18,0.4628975265017668,0.0912442396313364
1,MYO19,8.938849,1.6324525,3.932422484228667e-19,9.376586015977423e-18,0.4911660777385159,0.11059907834101383
1,BCL7C,8.924657,1.4418226,4.470817845571144e-19,1.0625740517256455e-17,0.5653710247349824,0.17419354838709677
1,FSCN1,8.923812,1.2440385,4.505067694815548e-19,1.0700193555998951e-17,0.6254416961130742,0.2110599078341014
1,DCAF6,8.91604,1.192308,4.832578606574244e-19,1.1470636159482742e-17,0.6537102473498233,0.23870967741935484
1,BAG2,8.915872,1.5608646,4.839953572676162e-19,1.1480696092904743e-17,0.5053003533568905,0.12350230414746544
1,RITA1,8.915195,1.788717,4.8695647840147225e-19,1.1543454705940598e-17,0.47703180212014135,0.1032258064516129
1,UTP4,8.914267,1.6288108,4.910572612598234e-19,1.1633130627424462e-17,0.5159010600706714,0.1327188940092166
1,WARS,8.913337,2.1775386,4.951921552309098e-19,1.1723498107119358e-17,0.43462897526501765,0.07188940092165899
1,C14orf119,8.910464,1.4081041,5.081914161044878e-19,1.2015706731809016e-17,0.5406360424028268,0.1456221198156682
1,EXOSC9,8.903622,1.527851,5.405340192550587e-19,1.2772166325858233e-17,0.5335689045936396,0.15023041474654378
1,NFATC2IP,8.89323,1.326216,5.935733316423183e-19,1.3980294408906367e-17,0.5547703180212014,0.15668202764976957
1,MIR4435-2HG,8.884107,1.2370347,6.443621767584595e-19,1.513754815888086e-17,0.5936395759717314,0.1870967741935484
1,TIMM21,8.868225,2.6243577,7.4321091205482945e-19,1.739275101797878e-17,0.4028268551236749,0.04884792626728111
1,WIPF3,8.867465,6.2055197,7.483014512601637e-19,1.7489515592320087e-17,0.3462897526501767,0.003686635944700461
1,PUS7,8.862819,1.7586069,7.801671272756021e-19,1.821103126620811e-17,0.47703180212014135,0.1032258064516129
1,WAPL,8.860538,1.2085468,7.962971118057495e-19,1.8575698272276762e-17,0.6537102473498233,0.24423963133640553
1,EPB42,8.854793,5.1279607,8.383947780704702e-19,1.9532837219705463e-17,0.3462897526501767,0.003686635944700461
1,NT5DC2,8.840178,2.9407625,9.556642551312832e-19,2.2194332107906156e-17,0.38869257950530034,0.03963133640552995
1,PREB,8.823705,2.137472,1.1073440522866749e-18,2.566808084721e-17,0.43109540636042404,0.07096774193548387
1,SUZ12,8.822606,1.1873368,1.1182620479462724e-18,2.5904752668912352e-17,0.6466431095406361,0.22857142857142856
1,PPOX,8.821085,2.078125,1.1335549805276997e-18,2.6225819116494525e-17,0.4381625441696113,0.07649769585253456
1,AFMID,8.820747,1.4750407,1.1369813589180661e-18,2.6288474237372166e-17,0.5159010600706714,0.13179723502304147
1,SLC25A21,8.81061,4.4204946,1.244667095070036e-18,2.8760139107738884e-17,0.36042402826855124,0.02119815668202765
1,POLE,8.8025,1.9102235,1.3380161311523304e-18,3.085868205186292e-17,0.4628975265017668,0.09861751152073733
1,CSF1,8.800303,2.2848592,1.3644664579153707e-18,3.1448889689017936e-17,0.4098939929328622,0.05622119815668203
1,SMIM12,8.798952,1.3407166,1.380999548295848e-18,3.180992099885232e-17,0.568904593639576,0.17419354838709677
1,IRF9,8.787885,1.1319032,1.5240183032389176e-18,3.506008417149442e-17,0.6254416961130742,0.21751152073732719
1,PES1,8.782225,1.3519486,1.6027221264378586e-18,3.684750788301009e-17,0.5759717314487632,0.1824884792626728
1,TGM2,8.778677,5.971325,1.6540915886766278e-18,3.8004649238639836e-17,0.34275618374558303,0.003686635944700461
1,MRM1,8.777325,2.9732392,1.6740856861069787e-18,3.8439906020829066e-17,0.38162544169611307,0.034101382488479264
1,NECTIN1,8.776649,3.381162,1.6841720438017146e-18,3.864726079949e-17,0.3674911660777385,0.02304147465437788
1,HPDL,8.772932,2.73799,1.740729107822085e-18,3.992006646328079e-17,0.392226148409894,0.0423963133640553
1,MLST8,8.767863,1.3498935,1.820885525120507e-18,4.1679944405838444e-17,0.5936395759717314,0.20184331797235022
1,ANKFY1,8.766089,1.7194577,1.849792641806902e-18,4.231516280173401e-17,0.45936395759717313,0.09216589861751152
1,COASY,8.763048,1.4867734,1.9004056495624316e-18,4.339160772279137e-17,0.5335689045936396,0.15944700460829492
1,RRP1,8.761189,1.4291488,1.9320064722243012e-18,4.4085641452544667e-17,0.5441696113074205,0.1585253456221198
1,UHRF1,8.744885,1.640177,2.2324289216144146e-18,5.075101301863925e-17,0.48056537102473496,0.11705069124423963
1,NCAPG2,8.739732,1.850433,2.3366455957987003e-18,5.305432099989344e-17,0.45229681978798586,0.08847926267281106
1,TAF4B,8.738803,1.2233862,2.3559434863645588e-18,5.345932271818302e-17,0.6042402826855123,0.20092165898617512
1,RCOR1,8.730693,1.164453,2.531180695378215e-18,5.740008961061837e-17,0.6148409893992933,0.20921658986175115
1,NOP2,8.721062,1.7156516,2.756049160690558e-18,6.238352215858695e-17,0.45936395759717313,0.09308755760368663
1,CPB1,8.719542,2.1724358,2.7933137159090345e-18,6.318793282817464e-17,0.4169611307420495,0.06359447004608294
1,CTTN,8.707545,6.3903904,3.105266526521421e-18,7.020127247511459e-17,0.3392226148409894,0.0027649769585253456
1,MOB1B,8.699858,1.3070966,3.323012296108296e-18,7.503119867357171e-17,0.5441696113074205,0.15944700460829492
1,PDHB,8.690734,1.2008888,3.601062023126323e-18,8.12592300298684e-17,0.6431095406360424,0.24976958525345622
1,MCM2,8.688538,1.7011214,3.671358514955954e-18,8.279445040412991e-17,0.4911660777385159,0.12811059907834102
1,LGALS3,8.677301,3.3681405,4.052697537660224e-18,9.128171235440114e-17,0.3568904593639576,0.017511520737327188
1,GNL2,8.676795,1.1691113,4.070793188135179e-18,9.163290373858282e-17,0.6325088339222615,0.22119815668202766
1,DEXI,8.667164,2.2519343,4.430167894766216e-18,9.953872014508182e-17,0.4134275618374558,0.06175115207373272
1,MPC1,8.647987,1.1948483,5.241573864662285e-18,1.1740932987790962e-16,0.6431095406360424,0.24700460829493087
1,PTH2R,8.646129,2.753814,5.327607729495175e-18,1.1926346820015469e-16,0.38869257950530034,0.04608294930875576
1,BCS1L,8.643847,1.5912299,5.435101816407382e-18,1.2159545328993067e-16,0.4911660777385159,0.12350230414746544
1,MCRS1,8.639624,1.180153,5.639848378359357e-18,1.259451436829352e-16,0.6007067137809188,0.19815668202764977
1,SEC22C,8.634217,1.5528674,5.9130661165857734e-18,1.3180519667061868e-16,0.5053003533568905,0.1327188940092166
1,TROAP,8.629824,2.2738323,6.144641715206211e-18,1.3671734432721124e-16,0.3992932862190813,0.05161290322580645
1,ATP6V0D1,8.626782,1.3081675,6.310184539223459e-18,1.403153489186621e-16,0.5724381625441696,0.1815668202764977
1,NEDD4L,8.605832,1.8491145,7.576522301561026e-18,1.6765918546519657e-16,0.4381625441696113,0.08018433179723503
1,KHSRP,8.586993,1.482703,8.927506532978076e-18,1.9719714339983741e-16,0.5229681978798587,0.14746543778801843
1,IPO5,8.583698,1.1422746,9.18707155348496e-18,2.0268595896871793e-16,0.6466431095406361,0.24792626728110598
1,ACLY,8.580488,1.5255697,9.447140879500498e-18,2.082980742955408e-16,0.49823321554770317,0.1271889400921659
1,SNX5,8.580403,1.1552873,9.45408202791986e-18,2.0832562089337437e-16,0.6289752650176679,0.23778801843317973
1,INO80C,8.564353,1.1237638,1.0868483753034321e-17,2.390609217817363e-16,0.6219081272084805,0.21382488479262673
1,CSE1L,8.562832,1.2623944,1.101284454541372e-17,2.4209076468870125e-16,0.5865724381625441,0.20368663594470046
1,LTV1,8.559368,1.1547941,1.1348768137530204e-17,2.493254877561483e-16,0.6148409893992933,0.21658986175115208
1,TIMM17B,8.545936,1.2389139,1.2749864080178481e-17,2.794357935321034e-16,0.5971731448763251,0.20460829493087557
1,SGPP1,8.53546,2.2302818,1.395982039627131e-17,3.0504082765607536e-16,0.4028268551236749,0.05714285714285714
1,HARS,8.523887,1.211116,1.5428629335930147e-17,3.3673420532163346e-16,0.6254416961130742,0.2350230414746544
1,TARS,8.517804,1.2461628,1.626065563530541e-17,3.5447067117797103e-16,0.5724381625441696,0.1815668202764977
1,TTC32,8.511046,1.1310098,1.7237118936122907e-17,3.753098097448153e-16,0.6219081272084805,0.22764976958525346
1,RIOK1,8.505808,1.1338832,1.8033471744551087e-17,3.9241563574453883e-16,0.6042402826855123,0.2
1,CS,8.50547,1.129582,1.8086078108626756e-17,3.933265269482162e-16,0.6254416961130742,0.22764976958525346
1,EXO1,8.5044565,2.7875078,1.8244807416994828e-17,3.9654287189395944e-16,0.37809187279151946,0.041474654377880185
1,WDR76,8.503696,1.9784217,1.836475569999194e-17,3.9891301090528485e-16,0.43462897526501765,0.08571428571428572
1,LBH,8.499895,2.8836126,1.8976267658316485e-17,4.1170739333849536e-16,0.3710247349823322,0.034101382488479264
1,SPOUT1,8.49829,1.5911491,1.924045416574688e-17,4.169448566728843e-16,0.4664310954063604,0.1032258064516129
1,SF3B3,8.497698,1.4451694,1.9338698074897592e-17,4.1882585102918743e-16,0.508833922261484,0.13640552995391705
1,AURKB,8.484689,2.2313128,2.162974531364603e-17,4.676138855432713e-16,0.40636042402826855,0.0663594470046083
1,ATAD3B,8.483759,2.4952197,2.1803277600115958e-17,4.710872275335562e-16,0.38869257950530034,0.047926267281105994
1,ATAD1,8.482999,1.1643542,2.194627968297387e-17,4.738972169183048e-16,0.5477031802120141,0.16036866359447005
1,AASDHPPT,8.475649,1.2635093,2.3377227872992998e-17,5.044987720397504e-16,0.5547703180212014,0.17142857142857143
1,DCAF11,8.473453,1.170099,2.3822460458511863e-17,5.138042871196186e-16,0.6007067137809188,0.21566820276497695
1,RCC2,8.461204,1.1000185,2.646328700229733e-17,5.690850573273118e-16,0.6360424028268551,0.23778801843317973
1,SLC27A5,8.4585,1.2440861,2.708389915598256e-17,5.817475311080503e-16,0.5724381625441696,0.18433179723502305
1,PTCD3,8.456472,1.1093992,2.7558760657794556e-17,5.916001166193188e-16,0.6289752650176679,0.2313364055299539
1,NUP50,8.454951,2.110584,2.792028826329429e-17,5.990096545866555e-16,0.4204946996466431,0.07649769585253456
1,TNPO3,8.4547825,1.1282595,2.796074568456822e-17,5.99526217223715e-16,0.6183745583038869,0.22580645161290322
1,GTF2E2,8.45453,1.3209431,2.8021540282812363e-17,6.00477983542866e-16,0.5229681978798587,0.1447004608294931
1,RBM38,8.45208,1.8124897,2.8615985705492475e-17,6.128576318354184e-16,0.43462897526501765,0.08387096774193549
1,CD3EAP,8.449545,2.8760939,2.924402040347697e-17,6.259417489986319e-16,0.3710247349823322,0.03686635944700461
1,ASF1B,8.441435,2.018112,3.1346521411964506e-17,6.697688442494529e-16,0.4169611307420495,0.0728110599078341
1,TIMM23,8.434507,1.1850842,3.3259988530834694e-17,7.102385298816106e-16,0.5830388692579506,0.19723502304147467
1,XK,8.434085,3.6042988,3.338032028046353e-17,7.123924796415427e-16,0.3462897526501767,0.016589861751152075
1,WDR77,8.431636,1.6831373,3.408676102072965e-17,7.270451865499568e-16,0.4628975265017668,0.10691244239631337
1,RBFA,8.428847,1.211946,3.490859407009175e-17,7.441406240881933e-16,0.6007067137809188,0.21382488479262673
1,TPMT,8.423863,1.5020607,3.642692924528808e-17,7.756032794105812e-16,0.49823321554770317,0.1336405529953917
1,MORC3,8.421245,1.2720337,3.72506183829322e-17,7.926801647870357e-16,0.5335689045936396,0.15576036866359447
1,MPHOSPH10,8.419471,1.1582104,3.781901249626412e-17,8.043077724437902e-16,0.6183745583038869,0.22764976958525346
1,DHRS11,8.414486,2.27479,3.94621147249324e-17,8.382779228364774e-16,0.4028268551236749,0.06267281105990784
1,CTSB,8.40663,1.2279575,4.2196140609322325e-17,8.958358134813261e-16,0.5618374558303887,0.17695852534562212
1,SLC25A19,8.404517,2.0597234,4.296242134771228e-17,9.115754108681838e-16,0.42402826855123676,0.08294930875576037
1,NOC2L,8.404348,1.1615114,4.302431346124183e-17,9.123597317467626e-16,0.6007067137809188,0.2055299539170507
1,PRMT5,8.396661,1.3208282,4.593540580228008e-17,9.72963997551651e-16,0.5477031802120141,0.17142857142857143
1,EXOSC1,8.389649,1.0640482,4.875951979606212e-17,1.032184606162909e-15,0.6501766784452296,0.24516129032258063
1,SURF6,8.389227,1.7358075,4.893501237577625e-17,1.035300802292362e-15,0.4416961130742049,0.08940092165898618
1,RRAS2,8.383904,1.6407486,5.1200324300079934e-17,1.082601426751719e-15,0.45229681978798586,0.10046082949308756
1,NUSAP1,8.380357,1.5493746,5.276767674089312e-17,1.115098000227153e-15,0.4664310954063604,0.11428571428571428
1,CASP6,8.360673,1.1679783,6.236163668703863e-17,1.3140462086253892e-15,0.6183745583038869,0.2368663594470046
1,SMAP2,8.356279,1.3262614,6.472710043151777e-17,1.3623212207555962e-15,0.49823321554770317,0.12903225806451613
1,AIMP2,8.34327,1.2134277,7.226395238566654e-17,1.5183311832765678e-15,0.5971731448763251,0.21474654377880184
1,PMM1,8.342932,2.5674129,7.24708285623017e-17,1.5218042433785453e-15,0.37809187279151946,0.04516129032258064
1,SSBP3,8.341749,1.0543106,7.319950527450922e-17,1.5353438925801217e-15,0.6289752650176679,0.23410138248847925
1,CDCA3,8.337188,2.9076486,7.607842353607661e-17,1.5929899198191876e-15,0.3674911660777385,0.03963133640552995
1,FN3KRP,8.335667,1.2344785,7.706265650461317e-17,1.612675980975041e-15,0.5406360424028268,0.16129032258064516
1,SEPHS2,8.313449,1.1795994,9.296020571375691e-17,1.942029959662795e-15,0.6113074204946997,0.22211981566820277
1,RFXAP,8.305423,2.275684,9.946431474412776e-17,2.0755378471777765e-15,0.3957597173144876,0.060829493087557605
1,MMS22L,8.304494,1.4431055,1.0024582036558592e-16,2.0906537157839375e-15,0.49469964664310956,0.1382488479262673
1,POC1A,8.301453,2.233812,1.0284605074046654e-16,2.1436607648928337e-15,0.4028268551236749,0.06820276497695853
1,GALNT10,8.300185,1.5878109,1.0394900670883223e-16,2.1641852073663076e-15,0.46996466431095407,0.11612903225806452
1,BRIP1,8.295624,1.4079131,1.0801708521033362e-16,2.247602806016726e-15,0.49823321554770317,0.1400921658986175
1,GON7,8.293596,1.4852506,1.0987513415816085e-16,2.2836682483377882e-15,0.4876325088339223,0.12995391705069123
1,SNHG10,8.291061,1.3063681,1.1224206472237381e-16,2.3315390527262226e-15,0.5229681978798587,0.15944700460829492
1,CD46,8.290724,1.104071,1.125614302929062e-16,2.3368468009930006e-15,0.6325088339222615,0.24423963133640553
1,GTPBP6,8.284304,1.2585293,1.188024696842298e-16,2.465016549270122e-15,0.5371024734982333,0.1631336405529954
1,SCOC,8.280417,1.1387454,1.2274441909622424e-16,2.545364579796546e-15,0.6042402826855123,0.21935483870967742
1,ACTN4,8.278896,1.1482399,1.2432178467466776e-16,2.5766147456837572e-15,0.6007067137809188,0.21474654377880184
1,VOPP1,8.275855,1.2433909,1.2753671479500157e-16,2.6417494613536235e-15,0.5335689045936396,0.16589861751152074
1,ACY1,8.265887,1.4082974,1.3866006846961673e-16,2.867286534495165e-15,0.5123674911660777,0.15023041474654378
1,WDR41,8.261156,1.025193,1.4426843236828642e-16,2.9798921518688777e-15,0.6148409893992933,0.21658986175115208
1,CAMKMT,8.24747,1.0891783,1.6178268530608814e-16,3.3322498958289994e-15,0.5936395759717314,0.2110599078341014
1,CDC42EP4,8.243922,4.38943,1.6665558425096687e-16,3.4306867486893355e-15,0.3321554770318021,0.011981566820276499
1,COA6,8.243669,1.2750707,1.6700913375513128e-16,3.436032211675975e-15,0.5512367491166078,0.17880184331797236
1,HMMR,8.2420635,2.8181074,1.6926551484533106e-16,3.478544137481169e-15,0.36395759717314485,0.03963133640552995
1,NFYB,8.228125,1.7184771,1.9016734320644945e-16,3.9037099992704745e-15,0.4381625441696113,0.09400921658986175
1,PNPLA4,8.22559,1.4720081,1.9423213262833575e-16,3.9826836337981605e-15,0.5017667844522968,0.14746543778801843
1,MRPS31,8.225167,1.0969448,1.9491787486241128e-16,3.994506796102528e-15,0.6042402826855123,0.2064516129032258
1,CORO1C,8.224238,1.2018709,1.9643492016176468e-16,4.023343320000419e-15,0.5865724381625441,0.20276497695852536
1,SLC43A1,8.2225485,1.6564085,1.9922306351587464e-16,4.075887841109294e-15,0.45936395759717313,0.11244239631336406
1,NET1,8.218747,1.124649,2.0563981835145343e-16,4.204817313676842e-15,0.568904593639576,0.18617511520737326
1,FRAT2,8.213341,2.5347054,2.1511818802535966e-16,4.3937169642389446e-15,0.3710247349823322,0.04331797235023042
1,FANCI,8.207765,1.336184,2.253437386657383e-16,4.594878094097319e-15,0.5159010600706714,0.15391705069124423
1,MFSD2B,8.203541,2.7709932,2.334079765329247e-16,4.751371161891867e-15,0.36395759717314485,0.03778801843317972
1,ALG3,8.2013445,1.125042,2.377131331939202e-16,4.833632437794819e-15,0.6395759717314488,0.24147465437788018
1,MBD4,8.193234,1.0280501,2.5429797553768994e-16,5.1594014427134085e-15,0.6466431095406361,0.24423963133640553
1,STAT1,8.192728,1.0460888,2.5537158690424707e-16,5.178313269962519e-15,0.5795053003533569,0.19631336405529953
1,TBC1D23,8.189687,1.2384868,2.6190771943877405e-16,5.3079094347611124e-15,0.5335689045936396,0.1640552995391705
1,VIRMA,8.184956,1.2475262,2.7240418303859033e-16,5.517579138569698e-15,0.5441696113074205,0.17050691244239632
1,RBM42,8.178282,1.0999799,2.879200960614951e-16,5.8189748403902715e-15,0.6289752650176679,0.24608294930875577
1,EGFL8,8.175156,2.666618,2.9548346696616223e-16,5.968537734232066e-15,0.36042402826855124,0.035944700460829496
1,DEF8,8.171101,2.0697968,3.055878509106592e-16,6.169233828560969e-15,0.3992932862190813,0.0663594470046083
1,PHF6,8.165018,1.5452496,3.213862012666191e-16,6.4845955637042586e-15,0.46996466431095407,0.11981566820276497
1,RNASEH1,8.1597805,1.0831031,3.3563344803956524e-16,6.764603431550731e-15,0.6042402826855123,0.21474654377880184
1,PLD1,8.151755,2.2712913,3.5867997403640763e-16,7.213211939399206e-15,0.3710247349823322,0.04331797235023042
1,RANGAP1,8.130044,2.2042308,4.2913485800536367e-16,8.62061741923947e-15,0.38869257950530034,0.059907834101382486
1,DSN1,8.129875,1.5977513,4.2973341371862257e-16,8.627906020578884e-15,0.4558303886925795,0.11152073732718894
1,HAUS6,8.122779,1.9213192,4.556296265745705e-16,9.142817961763079e-15,0.4134275618374558,0.07834101382488479
1,RMDN3,8.122694,1.2392669,4.55946996766081e-16,9.144173166375522e-15,0.5406360424028268,0.17511520737327188
1,SEH1L,8.10715,1.020898,5.182086356186963e-16,1.037012262016397e-14,0.6113074204946997,0.2119815668202765
1,FUZ,8.101828,1.3898393,5.413953211028633e-16,1.0822288447671162e-14,0.49469964664310956,0.1391705069124424
1,PPP2R2A,8.0994625,1.0113388,5.520258662085019e-16,1.1028765681821713e-14,0.6395759717314488,0.24331797235023042
1,C1orf52,8.09414,1.1824751,5.767024011532663e-16,1.1502934378534442e-14,0.5441696113074205,0.17142857142857143
1,FANCC,8.090761,1.4159569,5.929309052313865e-16,1.1820187397807178e-14,0.46996466431095407,0.12073732718894009
1,ZDHHC6,8.087297,1.2158259,6.100320452583626e-16,1.2134664613315941e-14,0.5229681978798587,0.1585253456221198
1,POLD1,8.085608,1.805103,6.185495194130698e-16,1.229740953831492e-14,0.4275618374558304,0.09216589861751152
1,C12orf29,8.08282,1.7764026,6.328602403665929e-16,1.2568267855484355e-14,0.43462897526501765,0.0967741935483871
1,DHRS3,8.074795,2.4741156,6.759042936441818e-16,1.3415820526936389e-14,0.36042402826855124,0.03963133640552995
1,GRWD1,8.069219,1.4976486,7.074939619674346e-16,1.4027619990232978e-14,0.4628975265017668,0.11705069124423963
1,PPP1R12B,8.053421,1.0979137,8.051129183851595e-16,1.5937229813853555e-14,0.5795053003533569,0.20184331797235022
1,BLMH,8.041256,1.0637956,8.8922200176963e-16,1.7573657930221506e-14,0.5865724381625441,0.2055299539170507
1,RNASE1,8.041172,5.088753,8.898353498956413e-16,1.757628906720473e-14,0.31448763250883394,0.003686635944700461
1,CPSF4,8.03982,1.5555096,8.997057943745466e-16,1.7752092603721176e-14,0.4628975265017668,0.11981566820276497
1,FZD3,8.033906,2.0840678,9.441724962808015e-16,1.861942755192544e-14,0.3992932862190813,0.07188940092165899
1,CSTF2,8.030696,2.1732354,9.692111062816387e-16,1.9102905600976985e-14,0.38162544169611307,0.05622119815668203
1,TRMU,8.029851,1.9082332,9.75908216085545e-16,1.9224551462296573e-14,0.4169611307420495,0.08571428571428572
1,SLC25A38,8.023347,1.2917532,1.0290258868130854e-15,2.024912714152997e-14,0.5017667844522968,0.14193548387096774
1,VARS,8.013969,1.6888975,1.110644939069183e-15,2.1831748343110186e-14,0.43109540636042404,0.09400921658986175
1,CARM1,8.007718,2.211294,1.1685670153714952e-15,2.2921072523907876e-14,0.38869257950530034,0.0663594470046083
1,CEP135,8.005183,1.2006743,1.1928876784109024e-15,2.338558217328197e-14,0.5335689045936396,0.17419354838709677
1,MPZL1,7.9963975,1.6078774,1.2811229738920615e-15,2.506166860899163e-14,0.4416961130742049,0.1032258064516129
1,USP12,7.9937787,1.0889684,1.308646078251263e-15,2.5572746988827804e-14,0.5335689045936396,0.1640552995391705
1,SUCLG2,7.9838943,1.5732718,1.4178712804633979e-15,2.7677603592661774e-14,0.4381625441696113,0.10046082949308756
1,CNNM2,7.979333,1.6606876,1.4712652490683839e-15,2.8704573230891216e-14,0.4098939929328622,0.07834101382488479
1,SPC25,7.974433,2.1232748,1.5308210456828553e-15,2.9834707717272727e-14,0.392226148409894,0.07096774193548387
1,COQ3,7.9659004,2.046888,1.6402493113277972e-15,3.1882509316998783e-14,0.3957597173144876,0.07004608294930875
1,XPR1,7.9605784,1.1250582,1.712371033128147e-15,3.326671559634995e-14,0.5653710247349824,0.20092165898617512
1,CDCA2,7.9570303,3.5802362,1.7621781397400673e-15,3.4216170871419736e-14,0.3321554770318021,0.02119815668202765
1,TRMT6,7.951877,1.6233609,1.8370677333187715e-15,3.563249396248031e-14,0.42402826855123676,0.09032258064516129
1,PIR,7.944696,2.3282273,1.9466738384874147e-15,3.7698523366390405e-14,0.3745583038869258,0.054377880184331796
1,TMA16,7.936079,1.0820924,2.0867272605978197e-15,4.0368025615824946e-14,0.6148409893992933,0.2368663594470046
1,SMIM15,7.9329534,1.0865929,2.139945735238158e-15,4.137567557076166e-14,0.607773851590106,0.23317972350230415
1,UBE2Q2,7.9255195,1.0525333,2.2719483550088822e-15,4.390474220785644e-14,0.6007067137809188,0.22672811059907835
1,GPR155,7.9239144,3.638328,2.3014845138080328e-15,4.4452049968278527e-14,0.3250883392226148,0.01566820276497696
1,COMTD1,7.922985,2.091844,2.3187568894890883e-15,4.4762036346091836e-14,0.38869257950530034,0.06820276497695853
1,CMPK2,7.9198594,2.071896,2.377796983994375e-15,4.587756848243443e-14,0.38515901060070673,0.06359447004608294
1,ACOT13,7.9195213,1.0520123,2.3842676913048888e-15,4.597817796072194e-14,0.5971731448763251,0.2184331797235023
1,OIP5,7.9073563,2.1474855,2.6291246557033464e-15,5.0593370937643626e-14,0.38515901060070673,0.06543778801843318
1,POP4,7.891812,1.0413533,2.9783008190145208e-15,5.704279867961825e-14,0.5971731448763251,0.2110599078341014
1,SLC24A3,7.890798,1.534313,3.0025964906504176e-15,5.747805133592883e-14,0.4381625441696113,0.11152073732718894
1,HELLS,7.8858986,1.1380372,3.1228042614888016e-15,5.974791363029358e-14,0.5265017667844523,0.17235023041474654
1,MOB1A,7.8842087,1.0612087,3.1653441100401904e-15,6.053017751911234e-14,0.5795053003533569,0.20368663594470046
1,MECR,7.8816743,1.419729,3.2302258565800765e-15,6.17064178375195e-14,0.4911660777385159,0.14654377880184333
1,RYK,7.8799005,1.514555,3.2764204304594843e-15,6.252359967426881e-14,0.4558303886925795,0.11705069124423963
1,EZH2,7.8777885,1.0150753,3.332262624894991e-15,6.348992417167181e-14,0.6007067137809188,0.22119815668202766
1,MAPKAP1,7.8750005,1.0375758,3.4074113617532363e-15,6.488796214959947e-14,0.5971731448763251,0.21658986175115208
1,SPHK1,7.8695097,4.05429,3.560344610902325e-15,6.77298197004345e-14,0.31802120141342755,0.011981566820276499
1,PPRC1,7.867313,1.7254697,3.623392749689287e-15,6.88934015747416e-14,0.40636042402826855,0.08018433179723503
1,REPS2,7.864863,2.8279755,3.695013001335581e-15,7.021867645996033e-14,0.3462897526501767,0.035023041474654376
1,FASTK,7.8547254,1.2657176,4.00648390078272e-15,7.609824455243816e-14,0.508833922261484,0.15391705069124423
1,SLC1A5,7.8539653,2.3760643,4.030859742086087e-15,7.652152355813945e-14,0.36395759717314485,0.04976958525345622
1,CKAP5,7.847376,1.3703648,4.248325593023691e-15,8.048290115437896e-14,0.49823321554770317,0.15207373271889402
1,NUP85,7.8313246,1.5614996,4.827557930170621e-15,9.131444330861751e-14,0.4416961130742049,0.11059907834101383
1,FADS2,7.8294663,1.5677204,4.899455444325353e-15,9.262653342859104e-14,0.4381625441696113,0.10875576036866359
1,DAXX,7.8243976,1.4660856,5.100940541808608e-15,9.628650065535682e-14,0.4558303886925795,0.11981566820276497
1,OAF,7.818822,1.9137613,5.3320014597983265e-15,1.0054435107165304e-13,0.3957597173144876,0.07465437788018434
1,ZNF451,7.8143444,1.1228887,5.524982836624777e-15,1.0407611775774754e-13,0.5724381625441696,0.2129032258064516
1,SCO1,7.813753,1.325487,5.550979536380849e-15,1.0451203807154087e-13,0.4840989399293286,0.1382488479262673
1,METAP1,7.807755,1.4515179,5.821559560848442e-15,1.0949378288109653e-13,0.4452296819787986,0.11059907834101383
1,LMNB1,7.8031087,1.4295213,6.040049813486851e-15,1.1348658276356891e-13,0.4558303886925795,0.12442396313364056
1,ARMC6,7.795083,1.4070008,6.436609494280375e-15,1.2075158590474425e-13,0.4734982332155477,0.13456221198156681
1,CIAPIN1,7.794323,1.0842824,6.475481189137895e-15,1.214185896535021e-13,0.5724381625441696,0.20829493087557605
1,PTRH2,7.7928023,1.0405058,6.553919058107651e-15,1.2282641651090536e-13,0.5477031802120141,0.18433179723502305
1,AC084864.2,7.7911124,27.132658,6.64216934281576e-15,1.2441660190194455e-13,0.3003533568904594,0.0
1,AAGAB,7.789761,1.0351075,6.713610799986203e-15,1.2569047002061128e-13,0.5406360424028268,0.17880184331797236
1,GCAT,7.7830024,1.3070526,7.082319634182322e-15,1.3245783389407622e-13,0.5017667844522968,0.1585253456221198
1,NUFIP1,7.7814817,1.6333357,7.167986638381258e-15,1.3399156228365293e-13,0.4204946996466431,0.09400921658986175
1,GUF1,7.780975,1.7807671,7.196768319207348e-15,1.3446090722374075e-13,0.4028268551236749,0.08110599078341015
1,NPRL3,7.7699084,1.0541997,7.854299171699385e-15,1.4652151069488746e-13,0.5547703180212014,0.1870967741935484
1,PPME1,7.7598553,1.0998048,8.502639952532743e-15,1.5837410936521677e-13,0.5159010600706714,0.15944700460829492
1,CENPE,7.7568984,2.1391768,8.703157476374305e-15,1.6194421290939296e-13,0.3710247349823322,0.05898617511520737
1,TANC2,7.7509003,1.4424304,9.124323839680692e-15,1.695225263229203e-13,0.4664310954063604,0.13548387096774195
1,MLC1,7.7486196,1.2704192,9.289695877531075e-15,1.7250743724683659e-13,0.4664310954063604,0.12350230414746544
1,RPUSD3,7.7445645,1.0854821,9.591004640173204e-15,1.7774195485315415e-13,0.5759717314487632,0.2129032258064516
1,LHPP,7.7445645,2.104498,9.591004640173204e-15,1.7774195485315415e-13,0.3745583038869258,0.06175115207373272
1,RRAGD,7.737637,1.6331435,1.0128142003005956e-14,1.8741159021841305e-13,0.42402826855123676,0.09769585253456221
1,STK24,7.7297807,1.1264279,1.0773214060713337e-14,1.992473005741126e-13,0.5335689045936396,0.1815668202764977
1,POLA2,7.7285132,1.6481756,1.088097716303515e-14,2.0113870966881287e-13,0.4169611307420495,0.09216589861751152
1,SHMT1,7.726317,1.8482093,1.1070284834173074e-14,2.043285401994799e-13,0.4028268551236749,0.08663594470046083
1,IVD,7.7258945,1.1515427,1.1107059943768667e-14,2.0490398235981702e-13,0.5512367491166078,0.19262672811059908
1,GSS,7.7245426,1.204431,1.1225549996010485e-14,2.0677722969500743e-13,0.5159010600706714,0.17050691244239632
1,C1orf131,7.710688,1.4283268,1.2514106179329493e-14,2.300496234403007e-13,0.4452296819787986,0.11428571428571428
1,PML,7.707478,1.5263168,1.283284360954948e-14,2.3543604458803033e-13,0.4452296819787986,0.11705069124423963
1,DDX56,7.7059574,1.5163342,1.2986599503721595e-14,2.3813753929644997e-13,0.4452296819787986,0.11705069124423963
1,DHODH,7.6959887,1.7344384,1.4040412600608186e-14,2.572037745720021e-13,0.3992932862190813,0.0792626728110599
1,CCDC86,7.694975,1.6183671,1.4152180647133463e-14,2.59121542704218e-13,0.42402826855123676,0.10046082949308756
1,LINC00665,7.694299,1.283156,1.422717853544402e-14,2.6036448078789323e-13,0.49469964664310956,0.15207373271889402
1,FH,7.6791773,1.1286572,1.6011340095176593e-14,2.922848173683583e-13,0.568904593639576,0.21382488479262673
1,PCBD2,7.6768966,1.0201759,1.6298908707475355e-14,2.973860207389359e-13,0.5901060070671378,0.21658986175115208
1,OGFOD2,7.6747847,1.668462,1.656970335243717e-14,3.0217623936350416e-13,0.3957597173144876,0.07741935483870968
1,LCLAT1,7.672588,1.2372743,1.685602491258714e-14,3.072447050924312e-13,0.5159010600706714,0.17235023041474654
1,EVI5,7.669716,1.6563127,1.7237800356038393e-14,3.1404715322616285e-13,0.4028268551236749,0.08294930875576037
1,PRXL2B,7.662873,2.390475,1.8181931775544662e-14,3.309183913061711e-13,0.3498233215547703,0.04331797235023042
1,LAS1L,7.6622815,1.3987037,1.826587191512634e-14,3.322809035614012e-13,0.45936395759717313,0.12534562211981568
1,METTL1,7.6574664,1.6453336,1.8963726550331427e-14,3.4446221115070994e-13,0.4204946996466431,0.09769585253456221
1,GEMIN6,7.6550164,1.8575261,1.932877600682318e-14,3.509189140008607e-13,0.38869257950530034,0.07373271889400922
1,MED11,7.648596,2.3785152,2.0318574788651655e-14,3.6852336761121863e-13,0.35335689045936397,0.04608294930875576
1,BOLA2B,7.6314464,2.731095,2.3213413050026416e-14,4.2019492138675413e-13,0.3321554770318021,0.030414746543778803
1,PLK4,7.6312776,2.5461802,2.3243861691894586e-14,4.2053810271133655e-13,0.3498233215547703,0.047004608294930875
1,AREL1,7.627814,1.8295026,2.3876788035188247e-14,4.3177584924699855e-13,0.38162544169611307,0.06820276497695853
1,TACO1,7.6223226,1.5106461,2.4915111892583268e-14,4.5010760630821336e-13,0.42402826855123676,0.10046082949308756
1,KATNA1,7.615311,1.3101065,2.630573862542015e-14,4.74527520664861e-13,0.4452296819787986,0.11428571428571428
1,HILPDA,7.6142974,2.5652175,2.651300938459947e-14,4.780308652639041e-13,0.34275618374558303,0.04055299539170507
1,GAD1,7.6115093,6.2256064,2.7091322347099622e-14,4.882173752960085e-13,0.2968197879858657,0.0027649769585253456
1,GET1,7.608975,1.1590098,2.7627817191575656e-14,4.976406186165653e-13,0.508833922261484,0.1631336405529954
1,AFG3L2,7.607623,1.0891274,2.791820648196306e-14,5.026238442923413e-13,0.5371024734982333,0.18617511520737326
1,TIMM29,7.6045823,1.6211461,2.858260300546106e-14,5.140795344485898e-13,0.4134275618374558,0.09216589861751152
1,PBDC1,7.602555,1.2590209,2.903414817731109e-14,5.219444289969367e-13,0.49823321554770317,0.1576036866359447
1,COQ4,7.601372,1.0222055,2.930078186462094e-14,5.264790952513456e-13,0.568904593639576,0.20092165898617512
1,TET3,7.6006117,1.1573083,2.947345941746175e-14,5.293219274477514e-13,0.5300353356890459,0.18986175115207374
1,PYCR3,7.5996823,2.5828793,2.968586939947163e-14,5.328751868023841e-13,0.34275618374558303,0.04055299539170507
1,SLC20A1,7.598584,1.6139416,2.99388410261478e-14,5.371527060774685e-13,0.4098939929328622,0.09216589861751152
1,SHLD1,7.583462,1.1308864,3.364535329331346e-14,6.021777877205702e-13,0.5159010600706714,0.17050691244239632
1,TMEM9,7.5778866,1.0726274,3.512292183085773e-14,6.277021786773554e-13,0.5795053003533569,0.2248847926267281
1,ABHD2,7.571551,1.0501226,3.687952795966805e-14,6.581314494645589e-13,0.5371024734982333,0.17880184331797236
1,LNX2,7.570959,1.8384279,3.704781947152829e-14,6.604906188394578e-13,0.38162544169611307,0.07004608294930875
1,TRIT1,7.5699453,1.580783,3.733807793453639e-14,6.653412806630801e-13,0.4134275618374558,0.09400921658986175
1,STAM,7.5684247,1.1466366,3.7777663463943275e-14,6.728468420651036e-13,0.49469964664310956,0.15391705069124423
1,DBF4,7.5592165,1.2368311,4.0550404507552366e-14,7.211785011569117e-13,0.49469964664310956,0.16036866359447005
1,C8orf88,7.554317,1.3275468,4.2106406303990194e-14,7.481245520059928e-13,0.4876325088339223,0.1585253456221198
1,SPC24,7.5511065,2.4836133,4.3157535722846625e-14,7.653144210232119e-13,0.3462897526501767,0.04608294930875576
1,NR2C2AP,7.5484877,1.6486673,4.403411041105186e-14,7.801028437342251e-13,0.4169611307420495,0.09953917050691244
1,AIDA,7.5484877,1.7017523,4.403411041105186e-14,7.801028437342251e-13,0.4028268551236749,0.08663594470046083
1,PCYT2,7.5484033,1.9724201,4.4062676566631355e-14,7.802312651259188e-13,0.37809187279151946,0.07004608294930875
1,UBTF,7.5461226,1.2041757,4.484088823997081e-14,7.936273454889611e-13,0.5053003533568905,0.16774193548387098
1,WDR36,7.545109,1.4341332,4.519108326800115e-14,7.99052579078314e-13,0.4416961130742049,0.11612903225806452
1,ATP23,7.5350556,1.4104768,4.881270594621983e-14,8.610090845000444e-13,0.45936395759717313,0.13456221198156681
1,APC,7.5253406,1.1634622,5.258314963612432e-14,9.270692966434424e-13,0.5123674911660777,0.17235023041474654
1,PRMT3,7.5162168,1.0635341,5.6384101095260314e-14,9.92647659541906e-13,0.5335689045936396,0.1824884792626728
1,MITF,7.5155406,2.7006922,5.6676162393854383e-14,9.973097210468578e-13,0.33568904593639576,0.03778801843317972
1,MSH6,7.5115705,1.0831844,5.84223028952227e-14,1.0260627198982946e-12,0.5123674911660777,0.16682027649769585
1,VMA21,7.5034604,1.043431,6.215484496085741e-14,1.0910932759771425e-12,0.5759717314487632,0.22304147465437787
1,CHAMP1,7.5021086,1.6111181,6.27993247947354e-14,1.1013503051327792e-12,0.40636042402826855,0.09032258064516129
1,TEDC2,7.499743,2.3489199,6.394300951951866e-14,1.1208707334405664e-12,0.3462897526501767,0.04516129032258064
1,HDLBP,7.494928,1.0101701,6.633485961683662e-14,1.1616852616439411e-12,0.5971731448763251,0.24055299539170508
1,GDE1,7.478032,1.0084978,7.544386722170129e-14,1.3180529757429541e-12,0.5477031802120141,0.19723502304147467
1,CRIPT,7.476089,1.043781,7.656716495886923e-14,1.3364019097089043e-12,0.5653710247349824,0.21013824884792626
1,NUF2,7.472287,1.9894468,7.881267721802572e-14,1.3749393702845372e-12,0.3710247349823322,0.0663594470046083
1,LHFPL5,7.4691615,1.2460601,8.0707376974122e-14,1.407322870238132e-12,0.46996466431095407,0.1391705069124424
1,SPCS3,7.4621496,1.0229661,8.512202181492149e-14,1.4828896337210572e-12,0.5724381625441696,0.22580645161290322
1,COQ9,7.460629,1.2988706,8.611028387852348e-14,1.4993922455936432e-12,0.47703180212014135,0.14654377880184333
1,MRS2,7.4587708,1.6094432,8.733348485004859e-14,1.519245664922352e-12,0.3992932862190813,0.08571428571428572
1,MTERF3,7.4529414,1.8543272,9.128172892498308e-14,1.586420968842975e-12,0.37809187279151946,0.07188940092165899
1,FDX2,7.452688,1.293909,9.145731430610314e-14,1.5887181589547607e-12,0.44876325088339225,0.12442396313364056
1,CDC7,7.448633,1.4506546,9.431224848743514e-14,1.6367579928348095e-12,0.4204946996466431,0.10230414746543778
1,CNP,7.446183,1.3236593,9.607936219859096e-14,1.6658459193892124e-12,0.4664310954063604,0.14377880184331798
1,POMGNT2,7.4449162,3.7385356,9.700611498163001e-14,1.6811178098686742e-12,0.30742049469964666,0.016589861751152075
1,NOC4L,7.4428887,1.8065538,9.850722512411392e-14,1.7063241584324154e-12,0.38162544169611307,0.07465437788018434
1,CABIN1,7.4427195,1.0902182,9.863334323218324e-14,1.7077005655823739e-12,0.5265017667844523,0.18525345622119815
1,ARHGAP11A,7.4395094,2.9289668,1.0105996400266292e-13,1.7488868758683052e-12,0.3286219081272085,0.035023041474654376
1,PDE3B,7.437144,1.857085,1.0288545306988311e-13,1.7787956862592309e-12,0.36395759717314485,0.06267281105990784
1,SNAPC5,7.4324975,1.1428176,1.0656608556904722e-13,1.840691504442047e-12,0.49823321554770317,0.1585253456221198
1,TSR3,7.430301,1.3233267,1.0835077034140888e-13,1.8706351628612766e-12,0.4664310954063604,0.14193548387096774
1,RAP2B,7.430217,1.5118717,1.0841999549653058e-13,1.8709477865009506e-12,0.392226148409894,0.08110599078341015
1,GNPNAT1,7.4287806,1.5509549,1.0960349539203581e-13,1.890479516891566e-12,0.3992932862190813,0.08663594470046083
1,MAD2L2,7.4270062,1.0350621,1.1108300615206289e-13,1.9141944953727187e-12,0.5618374558303887,0.20921658986175115
1,IL15RA,7.4167,2.104249,1.2007460447629075e-13,2.0671921911743737e-12,0.3568904593639576,0.05714285714285714
1,GOSR2,7.4162774,1.0941726,1.2045798327041136e-13,2.0728174168689828e-12,0.5053003533568905,0.1631336405529954
1,TP53RK,7.4156017,1.3233886,1.2107389283187666e-13,2.0824368193324803e-12,0.43462897526501765,0.11244239631336406
1,ATP11A,7.4143343,1.9674568,1.2223707594721787e-13,2.1014557147694324e-12,0.36395759717314485,0.06267281105990784
1,SRD5A3,7.407576,1.0228335,1.286286608998323e-13,2.2082258994346913e-12,0.5618374558303887,0.20829493087557605
1,DPH3,7.407576,1.2234752,1.286286608998323e-13,2.2082258994346913e-12,0.4734982332155477,0.1447004608294931
1,AAAS,7.4050417,1.3394628,1.311092300699785e-13,2.2487014666313418e-12,0.4558303886925795,0.13548387096774195
1,SKA3,7.4006486,2.0440333,1.3552070959301674e-13,2.3221879643323996e-12,0.36395759717314485,0.06451612903225806
1,AURKA,7.394566,4.344282,1.418705673819713e-13,2.424185171217335e-12,0.3003533568904594,0.013824884792626729
1,RCCD1,7.3801203,1.7411051,1.5814655733271275e-13,2.6922428581091253e-12,0.38162544169611307,0.07649769585253456
1,MTHFR,7.3729396,2.2752962,1.669061661255492e-13,2.8387233207998266e-12,0.34275618374558303,0.04608294930875576
1,AGPAT3,7.368124,1.3822311,1.7304549072409658e-13,2.937679965673775e-12,0.4204946996466431,0.10414746543778802
1,DYNC1LI1,7.3635626,1.0350001,1.790661014751641e-13,3.0342585093020745e-12,0.5512367491166078,0.20092165898617512
1,PIEZO1,7.36314,1.3420516,1.7963386539258873e-13,3.0424706650782695e-12,0.44876325088339225,0.13087557603686636
1,BYSL,7.351989,2.2785802,1.9527936165705296e-13,3.3028742680267076e-12,0.3498233215547703,0.055299539170506916
1,UAP1,7.3518195,1.3101306,1.9552642310649135e-13,3.3055254559448915e-12,0.4628975265017668,0.1391705069124424
1,WEE1,7.3470044,2.4668198,2.0269821786376119e-13,3.42518812189821e-12,0.3392226148409894,0.04608294930875576
1,C5orf30,7.327236,1.433532,2.3494751581977483e-13,3.960992181722515e-12,0.4169611307420495,0.10138248847926268
1,RAE1,7.321914,1.2261387,2.4445879912891724e-13,4.1175501642510356e-12,0.46996466431095407,0.14654377880184333
1,DDX55,7.321576,1.4804221,2.4507529820122267e-13,4.126035413736408e-12,0.4169611307420495,0.10506912442396313
1,MCAT,7.318281,1.3969688,2.51166767053512e-13,4.2247035114547765e-12,0.4381625441696113,0.12165898617511521
1,GNG2,7.3087354,1.9807867,2.6966855612081404e-13,4.529664443587845e-12,0.3568904593639576,0.059907834101382486
1,BRCA1,7.305187,1.5401514,2.7688122217645293e-13,4.6486833086607125e-12,0.40636042402826855,0.10046082949308756
1,KMT5A,7.299949,2.333603,2.8787605109343727e-13,4.828850296091154e-12,0.3392226148409894,0.047004608294930875
1,CHMP1A,7.2997804,1.1747012,2.882377713219388e-13,4.832703008774293e-12,0.4734982332155477,0.1447004608294931
1,SGMS1,7.2996116,1.2350075,2.885999379576995e-13,4.8365596745374355e-12,0.45936395759717313,0.13640552995391705
1,CEP192,7.288291,1.1661319,3.139109040459086e-13,5.246325570312466e-12,0.4664310954063604,0.14285714285714285
1,POLR1A,7.2837296,1.0308397,3.247162244409011e-13,5.4219610085590416e-12,0.5123674911660777,0.17695852534562212
1,NUDT19,7.2777314,1.8134667,3.3948068812437195e-13,5.660743811407807e-12,0.3745583038869258,0.07557603686635944
1,LRRC47,7.27469,1.1507448,3.4721680938471613e-13,5.787104936379779e-12,0.4876325088339223,0.15668202764976957
1,RFWD3,7.272747,1.1451495,3.522496980383505e-13,5.865646586852441e-12,0.4734982332155477,0.14838709677419354
1,TBC1D7,7.2684383,1.4727416,3.63666525031611e-13,6.044758620654856e-12,0.42402826855123676,0.11797235023041475
1,ZFYVE21,7.2650595,1.5120425,3.728744643936126e-13,6.19218614848939e-12,0.3957597173144876,0.08847926267281106
1,UBAP2L,7.2626095,1.1733739,3.796930068763819e-13,6.296848094554804e-12,0.46996466431095407,0.14377880184331798
1,FANCB,7.262356,1.6965274,3.80405323183393e-13,6.305804000831235e-12,0.38869257950530034,0.08663594470046083
1,GAL,7.262187,4.6891675,3.8088092961233897e-13,6.310829744111008e-12,0.28975265017667845,0.008294930875576038
1,AC069410.1,7.257372,2.7644265,3.946839148552766e-13,6.5306627340045116e-12,0.3215547703180212,0.035944700460829496
1,RWDD4,7.2572026,1.05921,3.9517704616580405e-13,6.5358676306889265e-12,0.5300353356890459,0.1935483870967742
1,PEX2,7.2566957,1.061877,3.9666007320804173e-13,6.55743240265923e-12,0.5123674911660777,0.17419354838709677
1,FAM104B,7.2510357,1.1949983,4.135963661962803e-13,6.815866996465581e-12,0.4664310954063604,0.14193548387096774
1,GTF3C5,7.2457137,1.1765573,4.3016829011611433e-13,7.085773891332089e-12,0.46996466431095407,0.1447004608294931
1,ANKRD39,7.215301,1.460491,5.381480434914084e-13,8.844524714786277e-12,0.4134275618374558,0.10506912442396313
1,SH3GLB2,7.2129354,2.19012,5.475832421623232e-13,8.991518280118076e-12,0.3498233215547703,0.05898617511520737
1,SGO1,7.2100635,2.047723,5.592588075520887e-13,9.179117316239462e-12,0.3462897526501767,0.054377880184331796
1,TMEM68,7.2055016,1.2636427,5.783065256424175e-13,9.47475252687472e-12,0.43462897526501765,0.11981566820276497
1,PYM1,7.2012773,1.073541,5.96510383529532e-13,9.764256058839178e-12,0.5123674911660777,0.18064516129032257
1,PAK1,7.199588,1.1638377,6.039484095027661e-13,9.881589511046376e-12,0.46996466431095407,0.14838709677419354
1,ABCF2,7.1973915,1.8937442,6.137540978494367e-13,1.0033056603567322e-11,0.36042402826855124,0.06728110599078341
1,GSR,7.1970534,1.8799706,6.152764727779529e-13,1.0053452758993686e-11,0.3568904593639576,0.06359447004608294
1,YRDC,7.194266,1.0688456,6.27978328010161e-13,1.0251844238849198e-11,0.5017667844522968,0.17050691244239632
1,MT1X,7.1873384,1.4052387,6.606656168773282e-13,1.0761469623198526e-11,0.4098939929328622,0.1032258064516129
1,METTL2A,7.182016,1.8296311,6.869081966037177e-13,1.1149235877557726e-11,0.36395759717314485,0.06820276497695853
1,PUDP,7.169682,1.4073259,7.517210227941381e-13,1.2163457628332559e-11,0.4204946996466431,0.1152073732718894
1,WDR7,7.1509275,1.1926919,8.619338114265502e-13,1.3916029745047713e-11,0.45229681978798586,0.13640552995391705
1,SRRT,7.1509275,1.0711455,8.619338114265502e-13,1.3916029745047713e-11,0.5159010600706714,0.18617511520737326
1,TBC1D14,7.1391006,1.6309688,9.394357349467265e-13,1.5153938887080272e-11,0.37809187279151946,0.08110599078341015
1,SMUG1,7.1387625,1.6051239,9.417477151865316e-13,1.5177854743964e-11,0.38515901060070673,0.08755760368663594
1,NUP155,7.1387625,1.7431126,9.417477151865316e-13,1.5177854743964e-11,0.38162544169611307,0.08755760368663594
1,COMMD5,7.1313286,1.6064036,9.940477092776294e-13,1.599258910209693e-11,0.38869257950530034,0.08940092165898618
1,MCMBP,7.1307373,1.1780066,9.983282470440845e-13,1.6054399020237492e-11,0.4628975265017668,0.1447004608294931
1,TCF3,7.128118,1.3261741,1.0175033748086896e-12,1.6355573571090402e-11,0.40636042402826855,0.10138248847926268
1,FLAD1,7.116291,1.3865154,1.1086996887986327e-12,1.7774646215382723e-11,0.4169611307420495,0.11336405529953918
1,RMND5B,7.1091948,1.4208404,1.1672183943002094e-12,1.8704623664528005e-11,0.38515901060070673,0.0847926267281106
1,TBL3,7.105562,1.9437442,1.1983366440001367e-12,1.9194888186892342e-11,0.35335689045936397,0.06451612903225806
1,MINDY3,7.1029434,1.8719472,1.2212742872721482e-12,1.9545194660449452e-11,0.35335689045936397,0.06359447004608294
1,POM121,7.082922,1.0785109,1.4114634926896113e-12,2.2480842165331792e-11,0.4452296819787986,0.12995391705069123
1,C17orf99,7.0826683,4.7520967,1.414048172504602e-12,2.2512212771570658e-11,0.2826855123674912,0.008294930875576038
1,NCLN,7.0808096,1.5432955,1.433144911086631e-12,2.279640890512029e-11,0.3992932862190813,0.10230414746543778
1,GOLM1,7.076079,1.8495069,1.4829039569790734e-12,2.3557190854770428e-11,0.3568904593639576,0.06728110599078341
1,IFI44,7.069152,1.1219492,1.5588372988581366e-12,2.47312544323826e-11,0.4876325088339223,0.1695852534562212
1,BUB1B,7.0652657,2.6027055,1.6030908476870892e-12,2.540031520181608e-11,0.31448763250883394,0.034101382488479264
1,LARP4,7.0622244,1.2973096,1.6385816485670314e-12,2.5940193304153075e-11,0.43462897526501765,0.1271889400921659
1,RPL39L,7.0590143,1.6811059,1.6768804046072814e-12,2.651209489806959e-11,0.38515901060070673,0.09400921658986175
1,CDK5RAP1,7.0541143,1.2089541,1.7370354169359931e-12,2.7415797022541736e-11,0.4558303886925795,0.14193548387096774
1,C16orf91,7.052171,1.2460318,1.761471782586643e-12,2.7789495135540394e-11,0.42402826855123676,0.11612903225806452
1,TOR2A,7.042794,1.3234401,1.8842260646823974e-12,2.970049879131801e-11,0.43462897526501765,0.12903225806451613
1,SLC37A4,7.0411043,1.5314481,1.907219193804396e-12,3.0049991266652905e-11,0.3957597173144876,0.09861751152073733
1,RPS6KL1,7.0399218,2.2440047,1.9234779207513514e-12,3.029312193520663e-11,0.3286219081272085,0.04608294930875576
1,FBXO9,7.0379786,1.3651189,1.9504843154157523e-12,3.070523717356213e-11,0.4169611307420495,0.11428571428571428
1,HSPA14-1,7.0370493,1.212105,1.963531557791492e-12,3.088406469562802e-11,0.4558303886925795,0.14654377880184333
1,DDX23,7.0296154,1.6841707,2.0710377497765368e-12,3.251911311864909e-11,0.3710247349823322,0.08110599078341015
1,TMEM237,7.017788,1.6192615,2.2540793268826506e-12,3.534771098681743e-11,0.37809187279151946,0.08571428571428572
1,MOSPD1,7.0125504,1.8930082,2.340124418762884e-12,3.6681324989781727e-11,0.34275618374558303,0.05622119815668203
1,NUP133,7.011621,1.2120184,2.3557233983526354e-12,3.691003086605514e-11,0.42402826855123676,0.11797235023041475
1,ATRN,7.010354,1.5052378,2.377159193893091e-12,3.7229954495370574e-11,0.38515901060070673,0.09032258064516129
1,RABIF,7.0081577,1.3070706,2.4147686430519186e-12,3.7786638351578997e-11,0.4204946996466431,0.11705069124423963
1,MITD1,6.999541,1.0682104,2.5680312427141053e-12,4.015058159529217e-11,0.4911660777385159,0.17050691244239632
1,TMEM203,6.9961615,1.2589879,2.6307038801737036e-12,4.1095344736763865e-11,0.45229681978798586,0.14285714285714285
1,TNPO2,6.9912615,1.7182652,2.7242516842942668e-12,4.252039910313623e-11,0.36395759717314485,0.07557603686635944
1,CNOT9,6.979688,1.2134383,2.9583639548671446e-12,4.607620387748611e-11,0.45936395759717313,0.15668202764976957
1,GCDH,6.976562,1.252707,3.0249040453618647e-12,4.709251933827716e-11,0.4381625441696113,0.1336405529953917
1,RWDD3,6.9753795,1.1078674,3.0504622283436227e-12,4.747022449813134e-11,0.4628975265017668,0.14654377880184333
1,RRP36,6.963299,2.0744553,3.3239539643309215e-12,5.166031382100894e-11,0.3392226148409894,0.05898617511520737
1,TIMM10B,6.958315,1.1693721,3.443673643832345e-12,5.3452883391818354e-11,0.4416961130742049,0.13179723502304147
1,KLHL7,6.956625,1.0624474,3.4852082330928124e-12,5.407465304766004e-11,0.4664310954063604,0.15023041474654378
1,OGFOD3,6.956456,1.0559139,3.4893886076130674e-12,5.411657306239233e-11,0.48056537102473496,0.1585253456221198
1,MNS1,6.953077,1.5438118,3.57403609224351e-12,5.540588522329721e-11,0.3957597173144876,0.10599078341013825
1,SIKE1,6.9522324,1.1903589,3.59551058902398e-12,5.5715191815777603e-11,0.43462897526501765,0.1271889400921659
1,MOGS,6.950205,1.5543685,3.64756687165223e-12,5.6497924278181657e-11,0.38162544169611307,0.09032258064516129
1,DOHH,6.946234,1.8077695,3.751659852901429e-12,5.8085660861271245e-11,0.35335689045936397,0.06820276497695853
1,ALDH4A1,6.9378705,3.231467,3.980538950317027e-12,6.149924276933454e-11,0.29328621908127206,0.02119815668202765
1,RTCA,6.93314,1.053024,4.116010463388517e-12,6.353863305376766e-11,0.46996466431095407,0.15207373271889402
1,EXOSC10,6.9287467,1.2650316,4.245846954557523e-12,6.548767146386847e-11,0.43462897526501765,0.12903225806451613
1,CIT,6.9235935,2.2252216,4.403278509778903e-12,6.78015972807815e-11,0.3321554770318021,0.055299539170506916
1,SMYD2,6.922073,1.9879947,4.450817387576732e-12,6.850478015252143e-11,0.3392226148409894,0.05898617511520737
1,HCFC1,6.9218197,1.568084,4.458789299742256e-12,6.859863268594633e-11,0.38515901060070673,0.0967741935483871
1,RBM18,6.918863,1.5736783,4.552835513765113e-12,6.995731848837821e-11,0.38162544169611307,0.09308755760368663
1,AC106795.2,6.911006,5.2480674,4.8122799392442886e-12,7.381989021637897e-11,0.27208480565371024,0.004608294930875576
1,CLPTM1,6.9109216,1.1925076,4.815146952242679e-12,7.383292568036627e-11,0.4381625441696113,0.1327188940092166
1,UBXN8,6.9074583,2.2915905,4.93414714083214e-12,7.56259294395298e-11,0.3286219081272085,0.05161290322580645
1,HEATR1,6.905346,1.2138914,5.0081180462451695e-12,7.669545130151442e-11,0.4275618374558304,0.12534562211981568
1,GBF1,6.9023895,1.2145816,5.1135064544429976e-12,7.821122011661853e-11,0.4204946996466431,0.11889400921658987
1,EXOSC2,6.896307,1.5398568,5.337186884968923e-12,8.159831962270158e-11,0.38869257950530034,0.09769585253456221
1,JOSD2,6.895462,1.4316236,5.369002521103825e-12,8.205046399787937e-11,0.38515901060070673,0.09308755760368663
1,ACADS,6.8948708,1.2902764,5.3913839987239134e-12,8.23581159170676e-11,0.4169611307420495,0.11981566820276497
1,TTC39C,6.873075,1.0595019,6.28325280786042e-12,9.578231404435619e-11,0.47703180212014135,0.1640552995391705
1,RPUSD1,6.865134,1.3752763,6.6428917229790325e-12,1.0109624946060521e-10,0.4098939929328622,0.11428571428571428
1,COQ2,6.8635287,1.075932,6.717997970898572e-12,1.0219677628132113e-10,0.4628975265017668,0.15023041474654378
1,SLC35A4,6.8593893,1.2181324,6.9155546070256115e-12,1.0502747476005992e-10,0.4204946996466431,0.11705069124423963
1,ANAPC7,6.8591356,1.0891141,6.927833147489874e-12,1.0517031150198128e-10,0.47703180212014135,0.16497695852534563
1,ENDOG,6.858967,2.357374,6.936030707317807e-12,1.0525110278546396e-10,0.3215547703180212,0.047926267281105994
1,GEMIN2,6.8435073,1.8921232,7.727745599686488e-12,1.1702243140013452e-10,0.3392226148409894,0.05898617511520737
1,COL6A6,6.836918,3.053316,8.091515137456574e-12,1.223286020429773e-10,0.28975265017667845,0.022119815668202765
1,JAZF1,6.833961,3.007973,8.26014920954809e-12,1.2472348235093633e-10,0.2826855123674912,0.01566820276497696
1,DEPDC1B,6.8289766,1.3397169,8.55224551457044e-12,1.29027509513105e-10,0.4028268551236749,0.11059907834101383
1,RHNO1,6.8261046,1.1183761,8.725143775967445e-12,1.3152758951572672e-10,0.45936395759717313,0.15115207373271888
1,TOR3A,6.8163047,1.1257473,9.341200109290925e-12,1.4058275707243303e-10,0.4664310954063604,0.16036866359447005
1,CHCHD4,6.8053226,1.4900134,1.0082313397938466e-11,1.5167396328727734e-10,0.3745583038869258,0.08663594470046083
1,NF2,6.805069,1.0731596,1.0100078747969048e-11,1.5187879303796843e-10,0.43109540636042404,0.12626728110599078
1,NCAPH2,6.7925663,1.4029568,1.1015632306944934e-11,1.6537455211915158e-10,0.3957597173144876,0.10783410138248847
1,PON2,6.7914677,1.0300494,1.109983160027959e-11,1.6650202311550546e-10,0.4664310954063604,0.15207373271889402
1,SRRD,6.789018,2.632119,1.1289939144778394e-11,1.692150133652883e-10,0.30742049469964666,0.03870967741935484
1,LIN9,6.7861457,1.7288055,1.151688803185565e-11,1.7247529413009356e-10,0.3568904593639576,0.07649769585253456
1,JADE1,6.775079,1.2358226,1.2433842432842638e-11,1.858273037502954e-10,0.4028268551236749,0.10875576036866359
1,NUDT22,6.772967,1.097918,1.261678522459059e-11,1.884075707895717e-10,0.4558303886925795,0.14746543778801843
1,TXNDC16,6.7706013,1.2850999,1.2824812003845297e-11,1.9143594786000886e-10,0.4098939929328622,0.1152073732718894
1,KNSTRN,6.765955,2.238989,1.3243263239503029e-11,1.9760158085163083e-10,0.3250883392226148,0.055299539170506916
1,USP18,6.7564087,2.096295,1.414538437671592e-11,2.1063271504157011e-10,0.3286219081272085,0.055299539170506916
1,CXXC1,6.754128,1.0681416,1.4369688520418985e-11,2.137987681040062e-10,0.4452296819787986,0.14101382488479264
1,TSPAN5,6.7522693,1.7643411,1.455502718852287e-11,2.1638040216373905e-10,0.3498233215547703,0.07557603686635944
1,AL121658.1,6.749228,3.1648047,1.4863370469381746e-11,2.2087463359717473e-10,0.28975265017667845,0.02488479262672811
1,ATF1,6.744075,1.0457612,1.5400506744751465e-11,2.2876377733954885e-10,0.4628975265017668,0.1585253456221198
1,NELFB,6.7407804,1.851246,1.5753835591210603e-11,2.3382243977043767e-10,0.3392226148409894,0.06451612903225806
1,TMEM251,6.7355423,1.5838293,1.6331942083240306e-11,2.4201028833549736e-10,0.3674911660777385,0.08663594470046083
1,MRFAP1L1,6.734951,1.4751478,1.6398503037814104e-11,2.428982637341295e-10,0.3710247349823322,0.08663594470046083
1,THAP7,6.7342753,1.1394366,1.6474898014942594e-11,2.439311255036059e-10,0.43462897526501765,0.1327188940092166
1,ELAC2,6.7237997,1.1183758,1.7704557806838285e-11,2.613975475143558e-10,0.4416961130742049,0.1391705069124424
1,BORCS8,6.7214346,1.476841,1.7994420212534255e-11,2.6557007024151864e-10,0.36395759717314485,0.08110599078341015
1,KIF23,6.720421,3.2371044,1.812006478923179e-11,2.672089006247674e-10,0.2862190812720848,0.02304147465437788
1,TAF10,6.7030177,1.107163,2.0415840590370747e-11,3.000964584129155e-10,0.43462897526501765,0.1336405529953917
1,AGTRAP,6.6989627,1.1362607,2.0990384753656217e-11,3.0804694160728597e-10,0.42402826855123676,0.12811059907834102
1,ASNSD1,6.69533,1.1075782,2.15185029248025e-11,3.156708318840466e-10,0.4381625441696113,0.1400921658986175
1,SLC2A1,6.69212,1.8392812,2.1996024183685863e-11,3.222884231973924e-10,0.3250883392226148,0.053456221198156684
1,PTPA,6.686629,1.2309963,2.28369965452124e-11,3.343427642205276e-10,0.4098939929328622,0.12258064516129032
1,CAPRIN2,6.6834188,3.250496,2.3343137606191924e-11,3.416162253195644e-10,0.2826855123674912,0.02119815668202765
1,UMPS,6.6777587,1.171103,2.426242676526919e-11,3.547858897465512e-10,0.4416961130742049,0.14285714285714285
1,ZNF273,6.6673675,1.2813631,2.6043218172187627e-11,3.8006691719307787e-10,0.3957597173144876,0.10967741935483871
1,PELP1,6.649796,1.387634,2.934997172786777e-11,4.274724692446033e-10,0.3745583038869258,0.09308755760368663
1,ZNF622,6.648191,1.2672521,2.967175218922972e-11,4.3198719247334796e-10,0.392226148409894,0.10506912442396313
1,CENPA,6.6416016,2.486035,3.102931591992333e-11,4.5103415090751135e-10,0.31095406360424027,0.04976958525345622
1,RFT1,6.6399965,1.4339938,3.1369103655945963e-11,4.557922044109878e-10,0.3745583038869258,0.09308755760368663
1,TRMT2A,6.632224,1.2159435,3.306658269240991e-11,4.800753641907558e-10,0.4134275618374558,0.12350230414746544
1,BMS1,6.6301966,1.3512735,3.352398688470287e-11,4.863303384728537e-10,0.392226148409894,0.10875576036866359
1,C1orf198,6.6296897,2.888524,3.363930198597988e-11,4.878098621191956e-10,0.2862190812720848,0.02488479262672811
1,CPSF2,6.6280003,1.6507232,3.402649621802539e-11,4.932292230003752e-10,0.3392226148409894,0.06543778801843318
1,SQLE,6.6245365,1.0150418,3.483392858738357e-11,5.043341061023836e-10,0.4558303886925795,0.15668202764976957
1,THOP1,6.6236916,1.29733,3.5033690116818826e-11,5.068253327927612e-10,0.38515901060070673,0.10046082949308756
1,ATF5,6.6225934,1.5868566,3.5295056813036586e-11,5.104047310999416e-10,0.34275618374558303,0.06912442396313365
1,PDCD2L,6.618792,2.1078157,3.621460662152994e-11,5.234955833154096e-10,0.31802120141342755,0.05161290322580645
1,PTGES2,6.618454,1.2405287,3.629746985835163e-11,5.244862590941682e-10,0.4275618374558304,0.14193548387096774
1,CBY1,6.616849,1.8200254,3.6693610821235996e-11,5.300011245730302e-10,0.3321554770318021,0.06175115207373272
1,CDK2,6.602825,1.7160269,4.0339465833698235e-11,5.817434156734393e-10,0.35335689045936397,0.08202764976958525
1,PNPO,6.6003757,1.9558463,4.10117792964423e-11,5.9120603939704e-10,0.3250883392226148,0.05714285714285714
1,PPARA,6.588464,1.3913245,4.444003860408857e-11,6.39870123111033e-10,0.36395759717314485,0.08571428571428572
1,PDXP,6.5859294,1.6913477,4.520483597797224e-11,6.501148139999065e-10,0.34275618374558303,0.07096774193548387
1,CLPTM1L,6.5795937,1.5167006,4.717361061067692e-11,6.773641906478564e-10,0.36042402826855124,0.0847926267281106
1,ZGPAT,6.5786643,1.4051135,4.746932985987692e-11,6.813431145887668e-10,0.3674911660777385,0.08940092165898618
1,MAP2K1,6.562613,1.0125061,5.2872885257561824e-11,7.55937684887508e-10,0.4416961130742049,0.14377880184331798
1,IFT22,6.562106,1.3891371,5.3052975759759724e-11,7.582163083885067e-10,0.38515901060070673,0.10414746543778802
1,CR1L,6.55746,3.5340152,5.473201325153039e-11,7.819072665961218e-10,0.26855123674911663,0.012903225806451613
1,DHX33,6.556446,1.3675722,5.5105198154826553e-11,7.869314700213838e-10,0.38162544169611307,0.10138248847926268
1,C5orf24,6.554588,1.0898398,5.5795845816979475e-11,7.961730030203765e-10,0.44876325088339225,0.15299539170506912
1,DNAJA2,6.545464,1.0027874,5.931100533931244e-11,8.446856445230252e-10,0.4558303886925795,0.1576036866359447
1,ST6GALNAC1,6.5432673,6.8107905,6.018907548533012e-11,8.568573908356934e-10,0.254416961130742,0.0018433179723502304
1,DCUN1D1,6.542169,1.0674939,6.06328659337867e-11,8.621692020367239e-10,0.4452296819787986,0.14838709677419354
1,ACSL4,6.5393815,1.0830353,6.177383462130889e-11,8.777112270863847e-10,0.4169611307420495,0.1271889400921659
1,COG7,6.5365934,1.3779321,6.293579462182595e-11,8.935271601836508e-10,0.36395759717314485,0.08663594470046083
1,TRIP13,6.5332146,2.263195,6.437291528051504e-11,9.128682960798648e-10,0.30742049469964666,0.04608294930875576
1,ALKBH2,6.5330453,1.1542937,6.444560766075247e-11,9.135451920957401e-10,0.4275618374558304,0.13640552995391705
1,CFAP410,6.5210495,1.6935858,6.98172297408744e-11,9.87014455676224e-10,0.34275618374558303,0.07373271889400922
1,FBH1,6.5188527,1.4807178,7.08471185282472e-11,1.0008009977816966e-09,0.3568904593639576,0.08202764976958525
1,DHRS13,6.512686,1.6533341,7.381879721224353e-11,1.040771108153053e-09,0.3462897526501767,0.07741935483870968
1,ADCY7,6.5036464,1.7030078,7.839597655254758e-11,1.1019090390936229e-09,0.33568904593639576,0.06912442396313365
1,GFM1,6.500859,1.0116489,7.986280591769435e-11,1.1216648347634424e-09,0.46996466431095407,0.16774193548387098
1,COLGALT1,6.4990845,1.7285933,8.081018001129667e-11,1.1341002295220358e-09,0.34275618374558303,0.07465437788018434
1,MFSD14B,6.4963813,1.0460527,8.227496487508143e-11,1.1537724097290634e-09,0.44876325088339225,0.1576036866359447
1,SLC25A17,6.496128,1.5255181,8.241361209097418e-11,1.1552740774192822e-09,0.35335689045936397,0.08387096774193549
1,ZNF749,6.487173,1.3498414,8.74618565421389e-11,1.2232294273209116e-09,0.38162544169611307,0.10506912442396313
1,AC246817.1,6.4859905,1.5164629,8.815080798795884e-11,1.2314533294531609e-09,0.3462897526501767,0.07741935483870968
1,B4GALT3,6.4837937,1.1292223,8.944439476725191e-11,1.2485714313028938e-09,0.3957597173144876,0.11336405529953918
1,ZDHHC16,6.481513,1.4370441,9.080737687618017e-11,1.2671142970053641e-09,0.37809187279151946,0.1032258064516129
1,GBGT1,6.471798,1.4390273,9.684365507191408e-11,1.3472347469734425e-09,0.36042402826855124,0.08847926267281106
1,KIF14,6.4671516,1.8208371,9.986755046384403e-11,1.3882461885784864e-09,0.3215547703180212,0.059907834101382486
1,FGFR1OP,6.4536347,1.0971047,1.091988226483627e-10,1.5156564686206762e-09,0.4098939929328622,0.12442396313364056
1,GRTP1,6.452621,6.713028,1.099320537724549e-10,1.5252551554683935e-09,0.2508833922261484,0.0018433179723502304
1,PRRC2A,6.452283,1.1262197,1.1017753197408913e-10,1.5280817915057358e-09,0.4169611307420495,0.13179723502304147
1,KIAA1841,6.4479747,2.0527878,1.1335474017571972e-10,1.5715518352922415e-09,0.31095406360424027,0.05161290322580645
1,CCDC69,6.447299,1.063489,1.1386118479398905e-10,1.577975473171069e-09,0.3957597173144876,0.11428571428571428
1,MXI1,6.4446797,1.0407624,1.1584463195598216e-10,1.60485593271041e-09,0.4028268551236749,0.11705069124423963
1,LIG1,6.4444265,1.2988257,1.1603836120881886e-10,1.6069315393885659e-09,0.3957597173144876,0.12165898617511521
1,E2F1,6.4430747,1.956319,1.1707694442579253e-10,1.620088182581638e-09,0.3215547703180212,0.060829493087557605
1,TIMELESS,6.43978,2.291185,1.1964670559100886e-10,1.652524177862836e-09,0.303886925795053,0.047004608294930875
1,TMEM199,6.439611,1.4350166,1.1977996390472286e-10,1.6537406483880656e-09,0.36395759717314485,0.09216589861751152
1,RAD17,6.4368234,1.2397758,1.2199978563587076e-10,1.683753451756601e-09,0.3745583038869258,0.09769585253456221
1,NLN,6.4317546,1.0777531,1.2613929605024915e-10,1.7389169019718152e-09,0.42402826855123676,0.1400921658986175
1,FAM122A,6.4284596,1.7666962,1.289032640395325e-10,1.77501443457898e-09,0.3250883392226148,0.06175115207373272
1,VKORC1L1,6.425419,1.0518628,1.315071041436482e-10,1.8095080897600252e-09,0.4134275618374558,0.12811059907834102
1,TUBA4A,6.411564,1.5345838,1.4403426877834602e-10,1.9774187065102183e-09,0.33568904593639576,0.07096774193548387
1,EIF2B5,6.4106345,1.0155123,1.449150254431007e-10,1.988019057812192e-09,0.4876325088339223,0.1880184331797235
1,UBR7,6.4064107,1.2357197,1.489852486538599e-10,2.0423255003670136e-09,0.38515901060070673,0.11059907834101383
1,CENPS,6.397878,1.2738264,1.5755073852590382e-10,2.1573193343758345e-09,0.38869257950530034,0.11152073732718894
1,CDCA8,6.393823,2.2217464,1.6178835658904925e-10,2.2128608518369924e-09,0.303886925795053,0.04976958525345622
1,L2HGDH,6.3931475,1.9932866,1.6250537151487148e-10,2.22100788006565e-09,0.31448763250883394,0.05622119815668203
1,DHX35,6.392725,1.0845484,1.629550816273298e-10,2.226322860262e-09,0.4275618374558304,0.14101382488479264
1,HIRA,6.3918805,2.0001132,1.6385815299572278e-10,2.2378254693270334e-09,0.2968197879858657,0.04055299539170507
1,RNF123,6.3901906,2.525667,1.656789903976481e-10,2.2618488353391712e-09,0.2826855123674912,0.029493087557603687
1,DCPS,6.383517,1.1413755,1.7306655432133296e-10,2.358305642112847e-09,0.4204946996466431,0.13732718894009216
1,PLK1,6.3765893,2.9159768,1.8107491621241015e-10,2.460105051332748e-09,0.2791519434628975,0.029493087557603687
1,FBXO5,6.3689866,2.4625254,1.9028149974141416e-10,2.5832689807253335e-09,0.29328621908127206,0.04055299539170507
1,DLAT,6.367973,1.5864536,1.9154308572239398e-10,2.5984686732858936e-09,0.3392226148409894,0.07465437788018434
1,MICAL3,6.3659453,1.2283051,1.9409082101247554e-10,2.6320556279650305e-09,0.38515901060070673,0.11152073732718894
1,CEP152,6.3573284,1.7490633,2.052930328331566e-10,2.7808772371304084e-09,0.33568904593639576,0.07373271889400922
1,SKP2,6.3561454,1.3297952,2.0687906391769865e-10,2.8013246831119823e-09,0.36395759717314485,0.09493087557603687
1,SNHG4,6.353104,1.6162343,2.1101259619259813e-10,2.854128615389979e-09,0.3392226148409894,0.07649769585253456
1,KLHL8,6.3510766,1.1563745,2.1381299154304243e-10,2.890938050782008e-09,0.38869257950530034,0.11336405529953918
1,CCDC169,6.3496404,2.6443672,2.1581853682325638e-10,2.91590043051606e-09,0.2826855123674912,0.03133640552995392
1,EMC9,6.346937,1.636284,2.1964365213287984e-10,2.9642984187741644e-09,0.3321554770318021,0.07004608294930875
1,PLEKHF2,6.339081,1.0983193,2.3114018991922344e-10,3.113714424451048e-09,0.4134275618374558,0.12995391705069123
1,SERINC5,6.3383203,1.349041,2.3228345732004517e-10,3.1256642725628578e-09,0.3745583038869258,0.10506912442396313
1,FUNDC1,6.3353634,1.0675571,2.367822368840393e-10,3.1826906544960423e-09,0.45229681978798586,0.17050691244239632
1,C1GALT1,6.322607,1.0101095,2.571864932786753e-10,3.449352451627994e-09,0.43109540636042404,0.14377880184331798
1,INTS6L,6.3200727,1.2214494,2.614400904259056e-10,3.5038333027017833e-09,0.3745583038869258,0.10138248847926268
1,SLC2A13,6.3146663,1.1517638,2.707453415468299e-10,3.6258873933243768e-09,0.38162544169611307,0.11059907834101383
1,BUB1,6.3136525,2.382044,2.725257302130799e-10,3.64839584913275e-09,0.28975265017667845,0.03870967741935484
1,MICAL2,6.312385,1.0109813,2.7476730051890543e-10,3.677059585481703e-09,0.40636042402826855,0.12442396313364056
1,SREBF1,6.309344,1.8474541,2.802207868132966e-10,3.748669962775391e-09,0.30742049469964666,0.05161290322580645
1,MSL3,6.3090906,1.2716008,2.8067998582645455e-10,3.7534410526978675e-09,0.3674911660777385,0.09585253456221199
1,MRM3,6.3068094,1.2177393,2.848459822304544e-10,3.807760334410834e-09,0.38515901060070673,0.11152073732718894
1,SEMA4D,6.301403,1.2200658,2.949636144500128e-10,3.935823278339379e-09,0.38515901060070673,0.11244239631336406
1,SLC41A1,6.2998824,2.348395,2.978718720372958e-10,3.97173347484046e-09,0.2862190812720848,0.035023041474654376
1,ABCB8,6.2915187,2.3086932,3.143747856014714e-10,4.188726438951385e-09,0.28975265017667845,0.03870967741935484
1,CDK10,6.2849293,1.0418161,3.280027575892535e-10,4.362365163707946e-09,0.4134275618374558,0.13179723502304147
1,HGH1,6.2845917,2.008444,3.2871696253212763e-10,4.370275897434945e-09,0.31095406360424027,0.05714285714285714
1,PEX13,6.284507,1.0926418,3.2889575088727576e-10,4.371065133705585e-09,0.38515901060070673,0.11059907834101383
1,MAP3K4,6.2826486,1.0523846,3.328532032851218e-10,4.422054480377039e-09,0.43462897526501765,0.15023041474654378
1,PPP2R1B,6.2723417,1.8700871,3.556574091580225e-10,4.719875573818993e-09,0.3003533568904594,0.047926267281105994
1,ALKBH4,6.2715816,1.503827,3.5739882772222277e-10,4.741266579724928e-09,0.3462897526501767,0.08294930875576037
1,IFI44L,6.2691317,1.1963137,3.6306688173477334e-10,4.811227711214497e-09,0.38162544169611307,0.11152073732718894
1,SMIM8,6.258741,1.0413707,3.8809837120882573e-10,5.133642386922382e-09,0.4169611307420495,0.13456221198156681
1,POLD3,6.2580647,1.4267982,3.897835405680718e-10,5.154070581044796e-09,0.35335689045936397,0.09032258064516129
1,SLC11A1,6.256122,2.282494,3.9466829055979683e-10,5.216776490711132e-09,0.28975265017667845,0.03963133640552995
1,ANKRD27,6.2518134,1.2511858,4.0571382415154727e-10,5.358907137412768e-09,0.4028268551236749,0.13087557603686636
1,RPRD1B,6.251391,1.2499707,4.068128230951765e-10,5.371484898306838e-09,0.36395759717314485,0.09861751152073733
1,SUV39H2,6.250884,1.6131128,4.081354581645398e-10,5.387005374785547e-09,0.33568904593639576,0.07557603686635944
1,NUDT15,6.2280746,1.2074249,4.722017907168431e-10,6.205765796060026e-09,0.3745583038869258,0.10414746543778802
1,IMPDH1,6.2230906,1.0761442,4.874561309629069e-10,6.397053370158965e-09,0.4169611307420495,0.1382488479262673
1,SMNDC1,6.222499,1.0776657,4.892975751693401e-10,6.416617896371558e-09,0.3957597173144876,0.11889400921658987
1,RACGAP1,6.2173457,2.5270622,5.056344470275531e-10,6.626110417348896e-09,0.2826855123674912,0.03686635944700461
1,CHAC2,6.2162476,1.473165,5.091842683714627e-10,6.670241018848929e-09,0.34275618374558303,0.08294930875576037
1,DCP2,6.214558,1.2028756,5.146930719373889e-10,6.737582663083108e-09,0.3992932862190813,0.12534562211981568
1,ABCA7,6.207546,3.2610033,5.381827270736038e-10,7.029987863533538e-09,0.26148409893992935,0.018433179723502304
1,GOT1,6.205857,1.2038026,5.439974443278603e-10,7.0983424099265645e-09,0.38869257950530034,0.11797235023041475
1,ASPM,6.198,2.2739832,5.718511216627053e-10,7.45647413750505e-09,0.28975265017667845,0.04331797235023042
1,ANLN,6.196902,2.6893764,5.758538608835797e-10,7.503320456461338e-09,0.2756183745583039,0.03133640552995392
1,ZHX3,6.195381,1.5956411,5.814412791406037e-10,7.57342784975987e-09,0.3321554770318021,0.07741935483870968
1,NELFA,6.190397,1.1216254,6.00128977602509e-10,7.805728752391412e-09,0.3957597173144876,0.12350230414746544
1,JKAMP,6.183216,1.0519724,6.28086059893252e-10,8.157763618932902e-09,0.3992932862190813,0.12626728110599078
1,HAUS3,6.180175,2.1701937,6.403061365423652e-10,8.307637328460513e-09,0.28975265017667845,0.0423963133640553
1,ESCO2,6.175951,3.2877085,6.576640185900955e-10,8.523782133291815e-09,0.26148409893992935,0.020276497695852536
1,AUNIP,6.174599,2.8707078,6.633148746841699e-10,8.590936917309024e-09,0.26855123674911663,0.025806451612903226
1,IQSEC1,6.1728253,2.204701,6.708035560889489e-10,8.684853539586706e-09,0.2791519434628975,0.034101382488479264
1,TMEM138,6.1714735,1.1979698,6.765645179894385e-10,8.753247763496445e-09,0.3674911660777385,0.10046082949308756
1,BROX,6.168179,1.0259598,6.908098269845734e-10,8.93439239486303e-09,0.4134275618374558,0.13640552995391705
1,AP2A1,6.164377,1.2420728,7.076105027864967e-10,9.148446489752232e-09,0.36042402826855124,0.09861751152073733
1,UBA5,6.161674,1.0335582,7.197994765920862e-10,9.30274740209991e-09,0.4204946996466431,0.1447004608294931
1,GFOD2,6.1522965,1.5990393,7.636882324224697e-10,9.859524865924097e-09,0.31802120141342755,0.06451612903225806
1,CHUK,6.150776,1.3810356,7.710470710297104e-10,9.951020397305511e-09,0.3462897526501767,0.08663594470046083
1,RRP8,6.146806,1.5099635,7.905894299867162e-10,1.0192449357852695e-08,0.3321554770318021,0.07649769585253456
1,HSD3B7,6.13633,3.6997764,8.444957967558506e-10,1.0856828471043516e-08,0.254416961130742,0.01566820276497696
1,FN3K,6.13633,3.8566313,8.444957967558506e-10,1.0856828471043516e-08,0.2508833922261484,0.011981566820276499
1,SLC7A5,6.131768,2.377271,8.690765337149371e-10,1.116107726684225e-08,0.2791519434628975,0.035944700460829496
1,GEMIN8,6.129572,1.5652521,8.811592194195649e-10,1.1312279407216941e-08,0.3286219081272085,0.07649769585253456
1,NADK,6.124334,1.6747524,9.106367152676185e-10,1.1678421308868292e-08,0.3215547703180212,0.06912442396313365
1,SAP130,6.122813,1.2341111,9.193733457287652e-10,1.1786334090024006e-08,0.3710247349823322,0.10783410138248847
1,SLC22A16,6.1185894,1.237576,9.440728712970335e-10,1.2094508632251566e-08,0.3710247349823322,0.10691244239631337
1,FAM210A,6.1148725,1.4286898,9.66342840041325e-10,1.2371148754233135e-08,0.3568904593639576,0.09861751152073733
1,HNRNPLL,6.1022005,1.0465819,1.0461806112382358e-09,1.3346551604019057e-08,0.3992932862190813,0.1271889400921659
1,MINCR,6.10068,1.3467957,1.0561829241517946e-09,1.3464768793758215e-08,0.3498233215547703,0.09216589861751152
1,STYX,6.0973005,1.8493836,1.0787452770998114e-09,1.3742831843762687e-08,0.303886925795053,0.05622119815668203
1,HAUS8,6.0927386,1.7728249,1.109951258438357e-09,1.4125634913109284e-08,0.30742049469964666,0.059907834101382486
1,BRCA2,6.0856423,1.0733176,1.160250915070086e-09,1.4745258243916741e-08,0.4028268551236749,0.13640552995391705
1,MOSPD3,6.0815873,1.430723,1.1899841972037297e-09,1.5107392161586444e-08,0.33568904593639576,0.08018433179723503
1,SEC14L2,6.078124,2.6166956,1.2159685530981236e-09,1.5426573660985935e-08,0.26148409893992935,0.022119815668202765
1,APEX2,6.078124,1.8381188,1.2159685530981236e-09,1.5426573660985935e-08,0.31095406360424027,0.06451612903225806
1,LMNB2,6.0689154,2.0854611,1.2877682966876178e-09,1.630356535007385e-08,0.28975265017667845,0.047926267281105994
1,TTC13,6.063002,2.461638,1.3360400399474356e-09,1.6897167070530785e-08,0.27208480565371024,0.03225806451612903
1,NPL,6.0496545,3.101133,1.4515701978020846e-09,1.833296094194413e-08,0.254416961130742,0.017511520737327188
1,MIIP,6.042896,1.4908135,1.5137232581294676e-09,1.909816786308054e-08,0.34275618374558303,0.08847926267281106
1,DDX28,6.030393,1.2501475,1.6356148493648121e-09,2.0614717321488115e-08,0.3568904593639576,0.09769585253456221
1,RPS6KA1,6.026,1.1040022,1.6806715903460527e-09,2.1153459724297067e-08,0.3710247349823322,0.10691244239631337
1,RIC8A,6.023297,1.0237626,1.7089975781978805e-09,2.150258520440723e-08,0.40636042402826855,0.13548387096774195
1,SPATA33,6.017045,1.6314759,1.7762948903595828e-09,2.2333964026812466e-08,0.31448763250883394,0.06728110599078341
1,NLE1,6.010287,1.1889521,1.8519534747614528e-09,2.326925819764639e-08,0.36042402826855124,0.10046082949308756
1,ADARB1,6.009442,1.5605516,1.8616287883884535e-09,2.338279865607611e-08,0.31095406360424027,0.06359447004608294
1,VPS50,6.006232,1.4302617,1.8988461634797803e-09,2.3833905497093084e-08,0.33568904593639576,0.08387096774193549
1,PKMYT1,6.005725,2.4689255,1.9047884765258222e-09,2.3900295861954617e-08,0.2756183745583039,0.03778801843317972
1,PIK3R2,6.0040355,2.1756191,1.924727332988497e-09,2.4142201889894442e-08,0.2791519434628975,0.03870967741935484
1,TMEM222,6.003866,1.0464333,1.9267323668240004e-09,2.4159072065133688e-08,0.4134275618374558,0.14285714285714285
1,CCDC50,5.991786,2.137786,2.0754909856509733e-09,2.600652022109253e-08,0.2756183745583039,0.03686635944700461
1,ARSB,5.99111,1.1338943,2.0841356722156477e-09,2.610590340135692e-08,0.37809187279151946,0.11889400921658987
1,RPAP3,5.9881535,1.0714477,2.1223703952218037e-09,2.657573685785605e-08,0.3745583038869258,0.11152073732718894
1,CCAR2,5.9873085,1.2760599,2.133419535808814e-09,2.6686701445706904e-08,0.3568904593639576,0.09953917050691244
1,NCAPG,5.984436,2.0021307,2.171407362918817e-09,2.715260706873646e-08,0.28975265017667845,0.04884792626728111
1,ATP6V0A1,5.9797897,1.1644216,2.234257528512128e-09,2.7900395701491774e-08,0.36042402826855124,0.10230414746543778
1,ENTR1,5.977762,1.657774,2.26223515782828e-09,2.8211267124931135e-08,0.303886925795053,0.05898617511520737
1,CDK7,5.9773397,1.0490803,2.2681066369735127e-09,2.826522676876661e-08,0.37809187279151946,0.11612903225806452
1,NCAPH,5.9614577,2.3821316,2.499975434376879e-09,3.105960654230419e-08,0.2756183745583039,0.03963133640552995
1,GATB,5.9575715,1.1737175,2.5601338948499457e-09,3.179622011720491e-08,0.35335689045936397,0.0967741935483871
1,IARS2,5.9571495,1.0382683,2.566757189691855e-09,3.1856859918586496e-08,0.4098939929328622,0.14193548387096774
1,OXNAD1,5.9545302,1.2228721,2.6081956574832482e-09,3.2360192969337075e-08,0.3462897526501767,0.09308755760368663
1,ZNF639,5.9520807,1.1191087,2.64755007271508e-09,3.282621280875496e-08,0.38869257950530034,0.12534562211981568
1,YKT6,5.9449844,1.8199764,2.7648339059729197e-09,3.4210847123906304e-08,0.2968197879858657,0.055299539170506916
1,GRK4,5.9404225,1.0150548,2.842886216782744e-09,3.515286433123825e-08,0.38869257950530034,0.12534562211981568
1,MAK16,5.940338,2.0183396,2.8443516761476793e-09,3.51591069566637e-08,0.2862190812720848,0.047004608294930875
1,C8orf82,5.939409,1.2611138,2.8605203581125036e-09,3.5335101460437304e-08,0.3498233215547703,0.09493087557603687
1,POFUT1,5.9376345,1.6975559,2.891636739754886e-09,3.569537818272127e-08,0.3003533568904594,0.05806451612903226
1,INTS13,5.9342556,1.2080684,2.9518204208164422e-09,3.642602131567856e-08,0.3710247349823322,0.11612903225806452
1,SURF2,5.933157,1.075833,2.97164143880107e-09,3.665825692671316e-08,0.4098939929328622,0.1447004608294931
1,GALNT6,5.9325657,1.3382648,2.9823679124912934e-09,3.6778183276648864e-08,0.3250883392226148,0.07649769585253456
1,COX10,5.9279194,1.2929034,3.0679693475358545e-09,3.779560622321097e-08,0.3392226148409894,0.08847926267281106
1,MLX,5.9242024,1.223302,3.138168577010402e-09,3.860843969316226e-08,0.35335689045936397,0.09861751152073733
1,SLC11A2,5.9209075,1.4390972,3.2016962191119765e-09,3.935033019332352e-08,0.3286219081272085,0.08018433179723503
1,FAM126A,5.919556,1.4027535,3.2281195101827344e-09,3.9661766429069575e-08,0.3286219081272085,0.08202764976958525
1,CDKN2AIP,5.9173594,1.2462561,3.2715108222942726e-09,4.0167919358199483e-08,0.3498233215547703,0.09769585253456221
1,FLOT2,5.9128823,1.1051921,3.361728023876116e-09,4.122030398723273e-08,0.38869257950530034,0.12903225806451613
1,SLC18B1,5.907898,2.372815,3.465008123932933e-09,4.2401458490160236e-08,0.26855123674911663,0.034101382488479264
1,ZHX1,5.907053,1.0616883,3.482816698603834e-09,4.2605138364170766e-08,0.3992932862190813,0.13640552995391705
1,BLM,5.903505,1.3559144,3.5585906433355725e-09,4.3459451497072167e-08,0.3286219081272085,0.0792626728110599
1,ZNF618,5.9011393,1.2112463,3.6099956586902036e-09,4.407253205594401e-08,0.35335689045936397,0.10046082949308756
1,PHF10,5.8778234,1.8184154,4.156966574558076e-09,5.051432058280218e-08,0.29328621908127206,0.055299539170506916
1,NSUN2,5.876218,1.0365791,4.197453695238435e-09,5.098938025204845e-08,0.3957597173144876,0.13087557603686636
1,ACOT9,5.8681927,1.1600662,4.405715561289309e-09,5.337755553086727e-08,0.3568904593639576,0.1032258064516129
1,TELO2,5.857379,1.9244825,4.702287838904113e-09,5.6857759230832325e-08,0.2862190812720848,0.04884792626728111
1,MTRES1,5.8572946,1.613644,4.704679598033031e-09,5.686789232747918e-08,0.31095406360424027,0.07004608294930875
1,ARFRP1,5.8550982,1.1042813,4.767282512323994e-09,5.758657004408267e-08,0.3710247349823322,0.1152073732718894
1,C2CD5,5.853155,1.044406,4.8233371418724644e-09,5.820605431245436e-08,0.3710247349823322,0.11428571428571428
1,PXMP4,5.847833,2.4626658,4.980182512929323e-09,6.00591960974386e-08,0.26148409893992935,0.029493087557603687
1,NIF3L1,5.845299,1.4844896,5.056604273105402e-09,6.086049753368327e-08,0.31802120141342755,0.07557603686635944
1,LRWD1,5.845214,2.8553154,5.059171216980592e-09,6.087137597393381e-08,0.2508833922261484,0.02119815668202765
1,NFIX,5.838033,1.9320238,5.282058327660012e-09,6.34905145650851e-08,0.2826855123674912,0.047926267281105994
1,ALG14,5.8371043,1.8186134,5.3115916466039376e-09,6.382454558678618e-08,0.29328621908127206,0.05622119815668203
1,ADAL,5.8344007,1.1462742,5.39842317230876e-09,6.48253564729898e-08,0.34275618374558303,0.09308755760368663
1,UNC50,5.8295856,1.0565618,5.556524860240633e-09,6.668012013431717e-08,0.38162544169611307,0.12165898617511521
1,RBM19,5.8163223,1.2474071,6.01564802395296e-09,7.202444662240835e-08,0.3286219081272085,0.08294930875576037
1,MBD2,5.814548,1.2155031,6.079790759200295e-09,7.276861398871485e-08,0.3462897526501767,0.09769585253456221
1,C8orf76,5.812605,1.0920246,6.150805679715293e-09,7.359452065487397e-08,0.3568904593639576,0.10230414746543778
1,BRD1,5.803481,1.2153795,6.495200566501563e-09,7.761372377881937e-08,0.33568904593639576,0.08940092165898618
1,IER5,5.7957935,1.5216844,6.79988280084333e-09,8.112206988059541e-08,0.28975265017667845,0.053456221198156684
1,TRMT11,5.789542,1.0507009,7.057853031075388e-09,8.408999960624683e-08,0.36395759717314485,0.11059907834101383
1,SPPL2A,5.7848115,1.0062102,7.259375618757559e-09,8.646287244456409e-08,0.3710247349823322,0.11705069124423963
1,CTSZ,5.781601,1.6272329,7.39929828149973e-09,8.807210289468995e-08,0.2968197879858657,0.060829493087557605
1,CHMP6,5.775265,1.0311712,7.683198947854242e-09,9.139186372779107e-08,0.37809187279151946,0.12258064516129032
1,SAMD9,5.7723927,1.1734055,7.815363506468236e-09,9.287341548709217e-08,0.36042402826855124,0.10967741935483871
1,EXOC5,5.760819,1.0899448,8.37066728439322e-09,9.931111613487075e-08,0.36395759717314485,0.11336405529953918
1,ELOA,5.759045,1.1424501,8.459109053378251e-09,1.0029538401771862e-07,0.3568904593639576,0.10691244239631337
1,TNFRSF25,5.750428,2.8206358,8.901769065347632e-09,1.0527096916342123e-07,0.254416961130742,0.02857142857142857
1,PDZD11,5.7492456,1.0335413,8.964257038988074e-09,1.0594148268776316e-07,0.36395759717314485,0.11244239631336406
1,MBD1,5.74688,1.2109326,9.090514848337594e-09,1.0729504481264247e-07,0.34275618374558303,0.09493087557603687
1,TAMM41,5.741473,1.0225155,9.385630027748526e-09,1.107068787127373e-07,0.3745583038869258,0.12073732718894009
1,C6orf136,5.737925,2.0505917,9.584338550216708e-09,1.1297789863976867e-07,0.2791519434628975,0.04884792626728111
1,ASRGL1,5.731758,1.150269,9.939485556243573e-09,1.1705119396527383e-07,0.3674911660777385,0.12073732718894009
1,IRAK1,5.729646,1.634843,1.0064026475509568e-08,1.1847971470895004e-07,0.3003533568904594,0.06543778801843318
1,INSR,5.726605,1.0402268,1.0246033688554448e-08,1.2054486629211873e-07,0.3957597173144876,0.1391705069124424
1,DNAAF5,5.7148623,1.9829531,1.0979283178198794e-08,1.2896429512363738e-07,0.2756183745583039,0.04608294930875576
1,RIPOR1,5.701599,2.085624,1.1868868114644456e-08,1.391901447818333e-07,0.26148409893992935,0.034101382488479264
1,MTMR12,5.6859703,1.0242684,1.3007189387238728e-08,1.5224692637106642e-07,0.35335689045936397,0.10506912442396313
1,ACAD9,5.681324,1.1843585,1.3365594943987606e-08,1.5634200720514234e-07,0.34275618374558303,0.09769585253456221
1,USP37,5.6765933,1.2725173,1.3740368528580605e-08,1.6052066023446496e-07,0.3392226148409894,0.09861751152073733
1,CKAP2L,5.673552,2.0591767,1.3986664360263847e-08,1.6329374872408838e-07,0.2756183745583039,0.04884792626728111
1,MFN2,5.670764,1.6413803,1.4216199480545058e-08,1.6586774535780351e-07,0.2862190812720848,0.055299539170506916
1,LONP1,5.668652,1.2266313,1.4392521721944802e-08,1.6787147467970099e-07,0.3250883392226148,0.08571428571428572
1,NME6,5.668145,1.121648,1.4435154127575676e-08,1.6831509277585134e-07,0.3498233215547703,0.10506912442396313
1,FBXO25,5.666202,1.0056065,1.459971766313413e-08,1.7007137688999756e-07,0.36042402826855124,0.11059907834101383
1,ORC3,5.6634145,1.1078092,1.4839017596192521e-08,1.727490085999499e-07,0.3745583038869258,0.12442396313364056
1,TKFC,5.6553044,1.4814247,1.55570290767457e-08,1.8087764334115926e-07,0.2968197879858657,0.06359447004608294
1,MFN1,5.6345224,1.5914261,1.7554405598441472e-08,2.033255694014419e-07,0.2862190812720848,0.055299539170506916
1,SAYSD1,5.619063,1.7312597,1.919961142136653e-08,2.2210018256429722e-07,0.28975265017667845,0.060829493087557605
1,DECR2,5.6098547,1.681307,2.0249678974930703e-08,2.3380394326859264e-07,0.2826855123674912,0.054377880184331796
1,KIF2C,5.607827,2.5528011,2.0488267087288645e-08,2.3633503424577738e-07,0.2508833922261484,0.029493087557603687
1,NOC3L,5.6008997,1.2698262,2.1324212013109282e-08,2.455135211990603e-07,0.31802120141342755,0.08202764976958525
1,EIF2B4,5.600224,1.027554,2.1407518212927206e-08,2.4639514909161907e-07,0.3568904593639576,0.11152073732718894
1,ARL9,5.591438,1.5680383,2.2519671657348e-08,2.587888547348804e-07,0.29328621908127206,0.06451612903225806
1,GCN1,5.5911,1.1514628,2.256354806270927e-08,2.59211683189963e-07,0.3286219081272085,0.09032258064516129
1,TBCD,5.5855246,1.148317,2.329960235368497e-08,2.6733189521856536e-07,0.3286219081272085,0.08940092165898618
1,ATG101,5.58299,1.4244565,2.3641827173634593e-08,2.7108850763853373e-07,0.303886925795053,0.07188940092165899
1,HSDL2,5.579611,1.06477,2.410572451103822e-08,2.7623469719114275e-07,0.3498233215547703,0.10599078341013825
1,SLK,5.562715,1.0257221,2.6560948568329758e-08,3.032305921863498e-07,0.3568904593639576,0.11336405529953918
1,DTX3L,5.5511413,1.4578769,2.8381053291122406e-08,3.2300215531976717e-07,0.28975265017667845,0.060829493087557605
1,MKNK2,5.5453124,1.6692828,2.9343006086339258e-08,3.337425002380681e-07,0.2862190812720848,0.059907834101382486
1,CPSF1,5.5426087,1.2617598,2.9799795492362547e-08,3.384121361513998e-07,0.31448763250883394,0.08110599078341015
1,DCTN5,5.5379624,1.0602717,3.060107024325043e-08,3.472960533250261e-07,0.35335689045936397,0.11059907834101383
1,GTSE1,5.537118,2.4172666,3.074898520235648e-08,3.4886658629617156e-07,0.254416961130742,0.03686635944700461
1,DPP3,5.53433,1.3454931,3.124204226739041e-08,3.543507868077956e-07,0.3250883392226148,0.09216589861751152
1,DPH7,5.532471,1.1042318,3.1574998909122424e-08,3.579053995270331e-07,0.35335689045936397,0.11152073732718894
1,EEF2K,5.5182786,1.1865535,3.423359560129752e-08,3.870818142116437e-07,0.3250883392226148,0.0912442396313364
1,NLRC5,5.5166736,1.4730273,3.4547596801619266e-08,3.9051160918346716e-07,0.2968197879858657,0.07004608294930875
1,TARBP2,5.514393,1.3413314,3.499861903031573e-08,3.9536557257055123e-07,0.30742049469964666,0.07649769585253456
1,LGALS3BP,5.498933,1.5822725,3.820961624455815e-08,4.3004617594313435e-07,0.28975265017667845,0.0663594470046083
1,CENPL,5.495047,2.0187953,3.9060637434266885e-08,4.3921916765947845e-07,0.26148409893992935,0.04055299539170507
1,IL7,5.4891334,1.6875769,4.039104040180771e-08,4.5348235268299503e-07,0.2756183745583039,0.053456221198156684
1,GLT8D1,5.4852476,1.021796,4.128911874307282e-08,4.632811266447603e-07,0.3462897526501767,0.10691244239631337
1,ROCK2,5.4785733,1.1032526,4.287684394274772e-08,4.806540168908145e-07,0.34275618374558303,0.10506912442396313
1,PDCD11,5.4594812,1.1289831,4.775279727393708e-08,5.338424352545421e-07,0.3286219081272085,0.09400921658986175
1,MBD3,5.4360805,1.1931741,5.446539281112802e-08,6.061075835451799e-07,0.3250883392226148,0.09308755760368663
1,SNAP47,5.423493,1.3623792,5.84455223546376e-08,6.49412435853701e-07,0.303886925795053,0.07649769585253456
1,PSMD10,5.4225636,1.1352338,5.87502764415497e-08,6.526005669308529e-07,0.3321554770318021,0.09953917050691244
1,SHCBP1,5.415721,2.0377123,6.104227627186328e-08,6.766227600928129e-07,0.26148409893992935,0.04516129032258064
1,MYBBP1A,5.412933,1.6666787,6.200068619152799e-08,6.86830240707057e-07,0.2756183745583039,0.055299539170506916
1,CIP2A,5.401444,1.5708221,6.610664177310274e-08,7.312085813047245e-07,0.2826855123674912,0.06267281105990784
1,SIRT6,5.387927,1.1025355,7.127494117597322e-08,7.855266853302606e-07,0.3250883392226148,0.09400921658986175
1,RPE,5.377874,1.0226024,7.537050140256318e-08,8.294154304976594e-07,0.3498233215547703,0.11428571428571428
1,C2orf49,5.3775363,1.6724126,7.551205313716569e-08,8.307233714678092e-07,0.26501766784452296,0.047004608294930875
1,GALE,5.36478,1.8534263,8.104804846171558e-08,8.889540370833838e-07,0.26855123674911663,0.05161290322580645
1,LRRC14,5.3592887,1.8288231,8.355029381989828e-08,9.155761389527237e-07,0.26501766784452296,0.04884792626728111
1,NEDD1,5.357768,1.3821042,8.42563456347901e-08,9.230369669497014e-07,0.31095406360424027,0.08755760368663594
1,TEX2,5.355487,1.0135478,8.532626726286105e-08,9.339194701220029e-07,0.3392226148409894,0.10506912442396313
1,VWDE,5.3543043,1.6795774,8.58862085923136e-08,9.397671511770613e-07,0.27208480565371024,0.054377880184331796
1,CETN3,5.3495736,1.1618904,8.816176393301634e-08,9.638018882055947e-07,0.3250883392226148,0.09585253456221199
1,METTL17,5.349151,1.1327966,8.83677537341403e-08,9.657653491858074e-07,0.3286219081272085,0.09953917050691244
1,MTBP,5.34856,1.1193362,8.865692248453072e-08,9.686364238377042e-07,0.3250883392226148,0.09585253456221199
1,CDC34,5.3478837,1.6145889,8.898852292603467e-08,9.719692413058175e-07,0.2756183745583039,0.05714285714285714
1,TMEM120B,5.342393,1.2613618,9.172765687836386e-08,1.0003945081659701e-06,0.3003533568904594,0.07649769585253456
1,AC016065.1,5.337155,1.3336395,9.441632249078699e-08,1.0281856053214206e-06,0.3003533568904594,0.07649769585253456
1,EEF1AKMT4,5.3365636,1.6487267,9.472463186579169e-08,1.0312362435811546e-06,0.2756183745583039,0.05898617511520737
1,PCGF6,5.3362255,1.3923738,9.490124599260179e-08,1.0328517706141e-06,0.303886925795053,0.08110599078341015
1,KIAA1586,5.333269,1.0883067,9.646027799186193e-08,1.0491954338128197e-06,0.3321554770318021,0.10046082949308756
1,ALDH1B1,5.3310723,1.5784746,9.763443612651884e-08,1.061335906345921e-06,0.2791519434628975,0.060829493087557605
1,PUSL1,5.327271,1.8387448,9.969940495023274e-08,1.0821761330318708e-06,0.26855123674911663,0.053456221198156684
1,PEX26,5.3224554,1.0484066,1.0237578464303973e-07,1.110238842583673e-06,0.3286219081272085,0.09769585253456221
1,AC002558.3,5.3220334,1.764384,1.0261384455402057e-07,1.112490913661643e-06,0.26148409893992935,0.04608294930875576
1,FTSJ3,5.3136697,1.5183572,1.074392700662624e-07,1.1617089287135213e-06,0.2826855123674912,0.06359447004608294
1,DOT1L,5.312149,1.7954366,1.0833990326884604e-07,1.170409917220494e-06,0.26148409893992935,0.047004608294930875
1,UBE2O,5.307587,1.127649,1.1108585944289142e-07,1.1983063782697521e-06,0.31448763250883394,0.08847926267281106
1,CHMP7,5.3069115,1.7617092,1.1149835335079657e-07,1.202047490719442e-06,0.26148409893992935,0.047004608294930875
1,INIP,5.300829,1.1070135,1.1527811314588252e-07,1.2402393354651516e-06,0.3321554770318021,0.10230414746543778
1,DDX31,5.2988014,1.4814078,1.1656536554040481e-07,1.2526156618157241e-06,0.2862190812720848,0.06820276497695853
1,PLCXD1,5.291114,1.2801664,1.2157373313911064e-07,1.3037562867344239e-06,0.31802120141342755,0.09585253456221199
1,TRMT61A,5.288495,1.2707797,1.2332694909885052e-07,1.3221703760887603e-06,0.30742049469964666,0.0847926267281106
1,XYLB,5.275654,1.7871238,1.322834694862051e-07,1.415290051641214e-06,0.26148409893992935,0.04884792626728111
1,SART3,5.274133,1.0567236,1.3338488291094423e-07,1.4262401692735816e-06,0.31095406360424027,0.08571428571428572
1,AC008555.4,5.2400036,1.3853459,1.605733843163615e-07,1.7079762974028327e-06,0.2862190812720848,0.06820276497695853
1,MID1IP1,5.23899,1.0393736,1.6145783897783147e-07,1.7163863968712197e-06,0.31448763250883394,0.09032258064516129
1,KIAA2013,5.234597,1.888094,1.6534521213503987e-07,1.7566908880564861e-06,0.2508833922261484,0.04055299539170507
1,CCDC51,5.222094,1.957726,1.7691106362241871e-07,1.8773910813697152e-06,0.254416961130742,0.04516129032258064
1,MKS1,5.213646,1.4399545,1.851645497273108e-07,1.9609975939147287e-06,0.2791519434628975,0.06359447004608294
1,UTP20,5.2109427,1.1948837,1.8788339916872616e-07,1.9892161680574332e-06,0.30742049469964666,0.08663594470046083
1,IMPAD1,5.2080703,1.2789364,1.9081445140614406e-07,2.019080582803203e-06,0.28975265017667845,0.0728110599078341
1,SCLY,5.2077327,1.0587347,1.9116217304591919e-07,2.0221753455646497e-06,0.3215547703180212,0.09861751152073733
1,OTULIN,5.205029,1.3585553,1.9396608198345817e-07,2.0506506547303733e-06,0.2756183745583039,0.06175115207373272
1,SFT2D2,5.193878,1.0136874,2.0595820086854966e-07,2.1749209780697593e-06,0.30742049469964666,0.0847926267281106
1,HLCS,5.19354,1.1021377,2.0633255974684678e-07,2.178245751166524e-06,0.31802120141342755,0.0967741935483871
1,XPO5,5.193033,1.3506173,2.068953313600007e-07,2.182927651515534e-06,0.29328621908127206,0.07741935483870968
1,CHAF1B,5.1915126,1.2252219,2.0859256102515676e-07,2.1989332736410605e-06,0.303886925795053,0.08571428571428572
1,CNOT6,5.1751237,1.0504861,2.277602585063122e-07,2.396852565149377e-06,0.3392226148409894,0.11244239631336406
1,HNRNPUL2,5.172758,1.1989043,2.3066356552835363e-07,2.4253137494694834e-06,0.303886925795053,0.08571428571428572
1,TEX261,5.1720824,1.7350351,2.3149962832157712e-07,2.432706832098204e-06,0.2579505300353357,0.04884792626728111
1,DNA2,5.1650705,1.6318098,2.4034835987618314e-07,2.522796191519409e-06,0.26855123674911663,0.05898617511520737
1,SLC5A3,5.1624517,1.7270209,2.4373640183552463e-07,2.55762501249485e-06,0.2579505300353357,0.04884792626728111
1,KLF11,5.1613536,1.7809675,2.451708835845412e-07,2.5712032980165594e-06,0.2579505300353357,0.04976958525345622
1,LNPK,5.1541724,1.1966095,2.547531901131251e-07,2.6686380971180575e-06,0.3003533568904594,0.08294930875576037
1,PTGR1,5.1532435,1.8223931,2.560193831926929e-07,2.6803676899987855e-06,0.254416961130742,0.04608294930875576
1,IPO4,5.1376147,1.5275468,2.782476974184206e-07,2.901465519433508e-06,0.26855123674911663,0.05806451612903226
1,NDC80,5.1269703,1.6786555,2.944420120119037e-07,3.0633519276997407e-06,0.26501766784452296,0.05806451612903226
1,WDR62,5.1208034,1.6297449,3.0423692667238677e-07,3.157180536755324e-06,0.26855123674911663,0.060829493087557605
1,ISG20L2,5.1178465,1.0015305,3.0904398495032244e-07,3.204339629792281e-06,0.31095406360424027,0.09032258064516129
1,HOMER2,5.1173396,1.0667362,3.098753819144691e-07,3.2120500859392475e-06,0.31448763250883394,0.09493087557603687
1,GEN1,5.1126933,1.8155392,3.175978264180056e-07,3.2865134421050105e-06,0.254416961130742,0.047926267281105994
1,ASB1,5.1095676,1.8155056,3.2289711695335356e-07,3.3385190332230773e-06,0.254416961130742,0.04884792626728111
1,APOM,5.1072865,1.4192519,3.2681793606667196e-07,3.375243588593753e-06,0.2791519434628975,0.06912442396313365
1,IDE,5.106864,1.0959895,3.2754904002030164e-07,3.381839891053049e-06,0.3003533568904594,0.08387096774193549
1,ST3GAL2,5.1053433,1.0210384,3.3019411012970896e-07,3.408187993473626e-06,0.3003533568904594,0.08294930875576037
1,SNX13,5.097994,1.0760099,3.432720187369044e-07,3.5371900782064863e-06,0.303886925795053,0.08663594470046083
1,TAF6,5.0952907,1.0308787,3.482069292000299e-07,3.586021895230809e-06,0.3321554770318021,0.11059907834101383
1,MMS19,5.086758,1.0181402,3.6423599472219555e-07,3.738474941903275e-06,0.31802120141342755,0.09861751152073733
1,MT-ND6,5.0865045,1.1507875,3.6472283205953334e-07,3.742422309002237e-06,0.29328621908127206,0.08110599078341015
1,SUN1,5.083463,1.1282107,3.7061408700087145e-07,3.7996768062517917e-06,0.303886925795053,0.08847926267281106
1,KIAA0930,5.0690174,1.4799324,3.9987470049261366e-07,4.090501373038053e-06,0.26148409893992935,0.054377880184331796
1,ACADSB,5.0480666,1.8197563,4.4630381567759887e-07,4.543857011854186e-06,0.2508833922261484,0.047004608294930875
1,CASP8AP2,5.036746,1.0706024,4.735118092809811e-07,4.811495205855966e-06,0.31802120141342755,0.10230414746543778
1,FAM98A,5.022216,1.5772635,5.107874526719706e-07,5.1787622036694725e-06,0.2508833922261484,0.047926267281105994
1,CDK16,5.017992,1.7087147,5.22143966306803e-07,5.288044081570364e-06,0.2508833922261484,0.047926267281105994
1,PLXND1,5.00287,1.2085501,5.64830267907985e-07,5.698278014250319e-06,0.2968197879858657,0.0847926267281106
1,PPIL2,4.991465,1.3100961,5.992294921904165e-07,6.0386560142239625e-06,0.2791519434628975,0.07096774193548387
1,SIRT7,4.9820037,1.5170994,6.292926153756396e-07,6.3224647310908e-06,0.26501766784452296,0.06175115207373272
1,UBLCP1,4.981497,1.5717224,6.30943504464781e-07,6.3373115276935915e-06,0.26855123674911663,0.06543778801843318
1,F8A1,4.9805675,1.0381562,6.339809819669094e-07,6.364327460496667e-06,0.31095406360424027,0.09585253456221199
1,PFKM,4.97778,1.3130765,6.431782114223916e-07,6.451347140660717e-06,0.2756183745583039,0.06912442396313365
1,JMJD8,4.9730487,1.1333404,6.590806453659831e-07,6.603616397766315e-06,0.303886925795053,0.09216589861751152
1,BNIP1,4.966206,1.08045,6.827544440802222e-07,6.831464026183765e-06,0.2968197879858657,0.0847926267281106
1,HRAS,4.9416223,1.3459983,7.74751320499587e-07,7.711904563939456e-06,0.27208480565371024,0.06728110599078341
1,CENPO,4.933512,1.7548915,8.076389889384839e-07,8.032715933189525e-06,0.254416961130742,0.05622119815668203
1,CCDC71,4.926754,1.1713417,8.360687255540698e-07,8.301940158438555e-06,0.2862190812720848,0.07834101382488479
1,BOLA1,4.923037,1.1507237,8.52113394603478e-07,8.45437851880778e-06,0.2968197879858657,0.08755760368663594
1,MOCS2,4.919996,1.0190613,8.654610119530287e-07,8.582156190325874e-06,0.3215547703180212,0.10691244239631337
1,CEP104,4.9171233,1.2413466,8.782518094583048e-07,8.697211709411097e-06,0.26855123674911663,0.06359447004608294
1,FUT10,4.8956656,1.5130537,9.797351631126364e-07,9.647373340082219e-06,0.254416961130742,0.054377880184331796
1,MTERF2,4.889076,1.483203,1.013102421313023e-06,9.951841578764884e-06,0.254416961130742,0.054377880184331796
1,KATNAL1,4.8872175,1.3172711,1.0227097562344496e-06,1.0043520200680732e-05,0.27208480565371024,0.06912442396313365
1,KCNN4,4.872096,1.0490816,1.104205390537568e-06,1.0817725240649231e-05,0.31095406360424027,0.10138248847926268
1,PCK2,4.870744,1.5261059,1.1117867711291211e-06,1.0886171110245309e-05,0.254416961130742,0.055299539170506916
1,JMJD4,4.8681254,1.3162235,1.1266184840703417e-06,1.1022550958422501e-05,0.2826855123674912,0.08018433179723503
1,NOP14,4.8640704,1.0932688,1.1499600084082845e-06,1.1247911883418392e-05,0.2968197879858657,0.08940092165898618
1,RINT1,4.861874,1.2699986,1.1627969071436517e-06,1.1367395726058974e-05,0.27208480565371024,0.07004608294930875
1,ELP1,4.853933,1.2657595,1.2103674261015917e-06,1.1813508843398496e-05,0.26855123674911663,0.06728110599078341
1,INTS7,4.8519897,1.1028733,1.2222890345114893e-06,1.1925410568672054e-05,0.28975265017667845,0.0847926267281106
1,GSK3A,4.8454003,1.5716786,1.263565769488677e-06,1.2316317104941428e-05,0.254416961130742,0.05714285714285714
1,PLTP,4.817607,1.0364326,1.4529040217328834e-06,1.4071907938461303e-05,0.2968197879858657,0.08940092165898618
1,KMT2D,4.816424,1.307253,1.4615380559615543e-06,1.4151786874669007e-05,0.26855123674911663,0.06912442396313365
1,DIS3L,4.805864,1.0532501,1.5408457278521066e-06,1.4888198121730451e-05,0.31095406360424027,0.1032258064516129
1,C7orf26,4.8025694,1.0152682,1.5664253023136102e-06,1.5127370050126766e-05,0.2862190812720848,0.08110599078341015
1,SLC5A6,4.7937837,1.3943617,1.6366489287825413e-06,1.5772245245489678e-05,0.2579505300353357,0.060829493087557605
1,DDX11,4.7904887,1.5985811,1.663755027239914e-06,1.6003967871749827e-05,0.254416961130742,0.060829493087557605
1,METTL2B,4.7538247,1.0425076,1.9960407357042796e-06,1.9035197229680128e-05,0.29328621908127206,0.09032258064516129
1,EFCAB11,4.737689,1.049487,2.161690205461751e-06,2.0572028915784073e-05,0.29328621908127206,0.0912442396313364
1,YTHDF1,4.730931,1.3462986,2.23492666596759e-06,2.1241379096618997e-05,0.2579505300353357,0.06267281105990784
1,DENND2D,4.6915636,1.1584854,2.7112518241872175e-06,2.56089104560197e-05,0.26148409893992935,0.06543778801843318
1,ZFYVE9,4.6908875,1.0099844,2.7202238828736288e-06,2.5687026402749663e-05,0.3003533568904594,0.09953917050691244
1,CPD,4.6831155,1.0588082,2.8254720693259964e-06,2.662592770581895e-05,0.29328621908127206,0.09216589861751152
1,ZW10,4.682186,1.22642,2.8383145456369325e-06,2.6740064526346812e-05,0.26148409893992935,0.0663594470046083
1,SPRYD4,4.6795673,1.4594941,2.8748090271428845e-06,2.7062984877175083e-05,0.2508833922261484,0.05898617511520737
1,CEP164,4.6743298,1.5248035,2.9491532715739716e-06,2.774144407424285e-05,0.2508833922261484,0.059907834101382486
1,ATP6V1B2,4.670866,1.2491146,2.9993258674043927e-06,2.8191660522051407e-05,0.2756183745583039,0.08110599078341015
1,SAP30,4.6679935,1.3270124,3.0415525301324003e-06,2.856655482560328e-05,0.26855123674911663,0.07557603686635944
1,DHX16,4.660644,1.3123753,3.1522157362869887e-06,2.955282996000002e-05,0.2579505300353357,0.06543778801843318
1,MIEF1,4.659968,1.1659654,3.162583354401247e-06,2.9642436198320114e-05,0.26855123674911663,0.0728110599078341
1,AC004148.1,4.643579,1.4499242,3.4242474971880523e-06,3.20048219214964e-05,0.254416961130742,0.06359447004608294
1,NAGPA,4.6412983,1.429569,3.4622706245243524e-06,3.23519446331927e-05,0.2579505300353357,0.06728110599078341
1,ATG4D,4.634962,1.0515841,3.570026485486232e-06,3.33078101950756e-05,0.28975265017667845,0.0912442396313364
1,RASSF7,4.6222057,1.2526085,3.796809761961654e-06,3.5351573161424186e-05,0.26148409893992935,0.07004608294930875
1,AKAP1,4.615025,1.4432738,3.9304781656714305e-06,3.650328123363106e-05,0.2508833922261484,0.06175115207373272
1,AGPAT1,4.614518,1.1361731,3.940082097574274e-06,3.658319250464638e-05,0.2791519434628975,0.0847926267281106
1,TTC8,4.613758,1.3053454,3.954530179473379e-06,3.668574381374525e-05,0.26501766784452296,0.07373271889400922
1,USP5,4.613673,1.1054317,3.956138652846985e-06,3.668574381374525e-05,0.26148409893992935,0.06912442396313365
1,WDR44,4.6126595,1.0453074,3.975489309239571e-06,3.685584706369745e-05,0.2862190812720848,0.08940092165898618
1,SNHG26,4.6038737,1.3813629,4.147037876835316e-06,3.833941230867628e-05,0.2508833922261484,0.060829493087557605
1,FAM114A2,4.595257,1.1363117,4.3221639304580146e-06,3.9928198389372484e-05,0.27208480565371024,0.07834101382488479
1,CLPB,4.5898504,1.1737233,4.435641479287113e-06,4.095583092416439e-05,0.26501766784452296,0.07188940092165899
1,ZWILCH,4.5890055,1.1143355,4.453628193344698e-06,4.110117133247839e-05,0.2756183745583039,0.08202764976958525
1,AMOTL1,4.5733767,1.2029761,4.799260297988892e-06,4.417950859323225e-05,0.26855123674911663,0.07741935483870968
1,RIOX2,4.565943,1.2045889,4.972549091254814e-06,4.572871087663755e-05,0.26855123674911663,0.07741935483870968
1,PPP5C,4.537642,1.0457193,5.688673340364617e-06,5.201377290299409e-05,0.2791519434628975,0.08571428571428572
1,TRIM25,4.537135,1.2328774,5.7023581164379905e-06,5.2125876478458266e-05,0.2508833922261484,0.06359447004608294
1,COA7,4.5359526,1.3785503,5.73441191105251e-06,5.234045146045709e-05,0.2508833922261484,0.06451612903225806
1,ZNF395,4.5035124,1.3055239,6.683950043107695e-06,6.062930744183017e-05,0.2508833922261484,0.06451612903225806
1,ZNF7,4.492699,1.2364967,7.032617480065307e-06,6.369731066267516e-05,0.254416961130742,0.06728110599078341
1,PIGS,4.492699,1.0921485,7.032617480065307e-06,6.369731066267516e-05,0.26501766784452296,0.07557603686635944
1,SAV1,4.4641447,1.07415,8.038915355153772e-06,7.220425543901429e-05,0.2756183745583039,0.08571428571428572
1,RBM41,4.4587383,1.1351197,8.244353993582793e-06,7.395872561743231e-05,0.26501766784452296,0.07741935483870968
1,CDC23,4.432212,1.1936705,9.327138117491298e-06,8.298069573123457e-05,0.2579505300353357,0.0728110599078341
1,FANCD2,4.3999405,1.2087425,1.0828054012076555e-05,9.586782895404306e-05,0.26148409893992935,0.08018433179723503
1,MED16,4.347141,1.0394316,1.3792360899574112e-05,0.00012094254942149306,0.26148409893992935,0.0792626728110599
1,KDM3A,4.266294,1.0547668,1.987467144205226e-05,0.00017140265067166701,0.2579505300353357,0.07834101382488479
1,PROSER1,4.2303905,1.021214,2.3328609314517747e-05,0.0001994977639066972,0.26148409893992935,0.08110599078341015
1,EXD3,4.2117205,1.0184621,2.5343306416220055e-05,0.00021576886674577116,0.31448763250883394,0.13640552995391705
1,REEP4,4.1958385,1.0167917,2.7186413876649224e-05,0.00023065598847919291,0.2508833922261484,0.07465437788018434
1,AC097448.1,4.156471,1.0514106,3.232012906298503e-05,0.00027206739738599707,0.2508833922261484,0.07557603686635944
1,ANKMY2,4.0385375,1.0254207,5.3785455114952975e-05,0.0004417866792330327,0.2508833922261484,0.08018433179723503
2,AL589693.1,15.78069,3.5182803,4.22539574021235e-56,5.15512364958374e-52,0.7721518987341772,0.1918656056587091
2,IGHM,13.1326275,2.3454628,2.140966503767073e-39,5.224101000291909e-36,0.7510548523206751,0.242263483642794
2,FLT3,12.307385,2.2008834,8.265785484216742e-35,1.8908500906738562e-31,0.7215189873417721,0.2369584438549956
2,MZB1,12.109913,2.7923994,9.359333059671128e-34,1.9031163850945717e-30,0.6286919831223629,0.14235190097259062
2,SPNS3,10.332844,3.0825238,5.0054276416267495e-25,4.697529669517452e-22,0.5021097046413502,0.07957559681697612
2,PRAM1,10.110416,2.1597922,4.96728282215486e-24,4.3287504422307146e-21,0.5738396624472574,0.15384615384615385
2,MIR181A1HG,9.714206,2.1354895,2.622856686348994e-22,2.042535693128926e-19,0.569620253164557,0.1812555260831123
2,TNFSF13B,9.331739,1.8838279,1.0414790859228841e-20,6.353196003977246e-18,0.5780590717299579,0.22811671087533156
2,GLIPR1,9.311395,1.7689414,1.2616426758115979e-20,7.329743424980998e-18,0.5991561181434599,0.20070733863837312
2,HCST,9.193852,2.1299324,3.7902001627497746e-20,2.1342325562585306e-17,0.5358649789029536,0.16357206012378425
2,XYLT1,8.66744,1.8351663,4.419437370944314e-18,2.1007250287523745e-15,0.5569620253164557,0.22104332449160036
2,ARHGAP25,8.080087,2.0577254,6.472067462667261e-16,2.368841412010844e-13,0.46835443037974683,0.13085764809902742
2,LNCAROD,7.5232944,2.1574323,5.341285694711248e-14,1.5894016074156617e-11,0.43037974683544306,0.1290893015030946
2,PHGDH,7.332152,1.6468058,2.2648657514942439e-13,6.280026618972789e-11,0.48945147679324896,0.1945181255526083
2,CD48,7.2801614,2.8932073,3.3342081398117793e-13,8.907689936149703e-11,0.35443037974683544,0.052166224580017684
2,CAPG,7.1344986,1.6450521,9.714061671248098e-13,2.5038336002067015e-10,0.4810126582278481,0.1856763925729443
2,TTC7A,7.0123444,1.9163558,2.343576441564555e-12,5.718482755846952e-10,0.4345991561181435,0.16976127320954906
2,SPI1,6.9569182,1.5806756,3.4779668458110626e-12,8.266043150878617e-10,0.4810126582278481,0.1927497789566755
2,ADGRE5,6.942632,1.6665223,3.848604084556386e-12,9.087919877345049e-10,0.48945147679324896,0.23165340406719717
2,NEGR1,6.70185,1.5467192,2.0579735485375858e-11,4.3042222771442384e-09,0.4810126582278481,0.20424403183023873
2,CYFIP2,6.5811424,1.8784839,4.668475215888116e-11,9.599486594197805e-09,0.3924050632911392,0.11582670203359859
2,ANKRD44,6.412242,1.4102912,1.4339493171247e-10,2.705359740004182e-08,0.4767932489451477,0.21839080459770116
2,FAM215B,6.299853,1.8629929,2.979283524252914e-10,5.293434770445675e-08,0.37130801687763715,0.10521662245800177
2,LINC02328,6.2001224,1.7600317,5.641936247634302e-10,9.386386754530141e-08,0.3924050632911392,0.1317418213969938
2,PBXIP1,6.0559964,1.2548947,1.3955118771002526e-09,2.2111311780842575e-07,0.47257383966244726,0.21043324491600354
2,P2RY8,6.010245,1.7970386,1.8524319901499994e-09,2.8974727893794926e-07,0.37130801687763715,0.1273209549071618
2,SORL1,5.849392,1.1567359,4.9337341978560415e-09,7.281435700634233e-07,0.4936708860759494,0.2369584438549956
2,PRSS2,5.79704,3.7684379,6.749557740599837e-09,9.921307745529906e-07,0.270042194092827,0.03359858532272325
2,TLE4,5.7559,1.2066281,8.618139489229033e-09,1.232158294708093e-06,0.46835443037974683,0.22458001768346597
2,LAIR1,5.7295885,1.2708569,1.0067458539408435e-08,1.4117971264401843e-06,0.4388185654008439,0.1927497789566755
2,APPL1,5.7219934,1.1647215,1.052814221266086e-08,1.4707653936091608e-06,0.4767932489451477,0.24314765694076038
2,MTMR6,5.7114143,1.2608383,1.120409886277637e-08,1.5533379639260526e-06,0.43037974683544306,0.1883289124668435
2,SDK2,5.7105103,2.4089534,1.1263790955854618e-08,1.5557208029254147e-06,0.29957805907172996,0.0618921308576481
2,GBP2,5.6400747,1.6753185,1.6997617891151394e-08,2.312750232096774e-06,0.34177215189873417,0.09902740937223696
2,SMIM3,5.584468,1.1596985,2.344166064353782e-08,3.1086529754135064e-06,0.45569620253164556,0.21839080459770116
2,SPARC,5.55029,2.2176993,2.8519584509257383e-08,3.7280189736547482e-06,0.29535864978902954,0.06542882404951371
2,EVI2B,5.5423336,1.0586715,2.9846732184236995e-08,3.8738306548768024e-06,0.48945147679324896,0.23076923076923078
2,TMIGD2,5.515389,1.5716673,3.4800947249194924e-08,4.469296386904503e-06,0.35864978902953587,0.1282051282051282
2,RASGRP2,5.494412,1.3192668,3.920142821541609e-08,4.981984285112653e-06,0.4177215189873418,0.1883289124668435
2,ITGB2,5.4698186,1.4845583,4.5049689547233815e-08,5.685736852132085e-06,0.379746835443038,0.16003536693191867
2,NIN,5.454086,1.2517943,4.922544929252402e-08,6.086826586336729e-06,0.45147679324894513,0.24491600353669318
2,TNFRSF1A,5.3780446,1.2237219,7.529922694044118e-08,8.948139627425608e-06,0.4177215189873418,0.1874447391688771
2,ALDH2,5.3710823,1.3236903,7.826548108650312e-08,9.210915991148234e-06,0.4177215189873418,0.20335985853227231
2,LGALS1,5.36195,1.5383065,8.232828344663907e-08,9.658004815482168e-06,0.39662447257383965,0.1839080459770115
2,DUSP10,5.340702,1.6438107,9.258737342628688e-08,1.0792326289094032e-05,0.350210970464135,0.1361626878868258
2,AC004687.1,5.149559,1.4538318,2.610997168979823e-07,2.8190297162781855e-05,0.38396624472573837,0.1892130857648099
2,TRBC2,5.148293,1.4277892,2.62867530233343e-07,2.8297689629619368e-05,0.35443037974683544,0.134394341290893
2,PAM,5.027947,1.1946439,4.957584793316868e-07,5.0543888863562866e-05,0.43037974683544306,0.2396109637488948
2,CMTM3,4.9929557,1.064281,5.94622637770415e-07,5.946388842905727e-05,0.41350210970464135,0.1989389920424403
2,ANXA6,4.953081,1.1504073,7.30474401949951e-07,7.206494227970392e-05,0.4008438818565401,0.1794871794871795
2,DOCK10,4.9488316,1.0620583,7.466028422715117e-07,7.326115450396675e-05,0.4345991561181435,0.22192749778956675
2,SNX10,4.947385,1.4277222,7.521712364646599e-07,7.361021236856422e-05,0.35864978902953587,0.16357206012378425
2,RAP1GAP2,4.9368963,1.2851998,7.937555855156367e-07,7.685779943242809e-05,0.37130801687763715,0.16357206012378425
2,CAMK2G,4.8861723,1.4418225,1.028152836444268e-06,9.698820094509445e-05,0.350210970464135,0.16180371352785147
2,RAB32,4.8665514,1.1041626,1.1356230828310633e-06,0.00010496197084520138,0.4345991561181435,0.22634836427939875
2,JUP,4.841958,1.2910844,1.2856597855348788e-06,0.00011734771523781072,0.3628691983122363,0.16003536693191867
2,TYROBP,4.836714,2.2050965,1.3200333214690196e-06,0.00012018542188827758,0.26582278481012656,0.06631299734748011
2,KCNAB2,4.759497,1.0623811,1.9407600289786847e-06,0.00016792850548616746,0.42616033755274263,0.22546419098143236
2,ARHGAP9,4.7563324,1.3720491,1.9714177598995863e-06,0.00017017891846718102,0.350210970464135,0.15915119363395225
2,MAML2,4.7280316,1.2389889,2.267068529815325e-06,0.00019387143752282876,0.35864978902953587,0.16091954022988506
2,DOCK1,4.6738715,1.5982543,2.9557437668451653e-06,0.00024710237562576695,0.3080168776371308,0.1184792219274978
2,WDR54,4.652081,1.025826,3.286022867505939e-06,0.00027268696944045517,0.4008438818565401,0.20070733863837312
2,SUN2,4.633907,1.7802559,3.58828540153668e-06,0.00029184501749729495,0.29535864978902954,0.11052166224580018
2,RUNX2,4.6323695,1.3796427,3.615038066878229e-06,0.0002920839035006845,0.32489451476793246,0.1246684350132626
2,GNB5,4.5730557,1.5104302,4.806622438138129e-06,0.00037752615420234695,0.29957805907172996,0.10344827586206896
2,ARHGAP26,4.4831805,1.1919694,7.353866327541715e-06,0.0005504271195385569,0.37130801687763715,0.1962864721485411
2,PARVG,4.467267,1.0121409,7.922521791706702e-06,0.00058817894543257,0.41350210970464135,0.23253757736516356
2,ABHD17B,4.436525,1.308666,9.142272037087887e-06,0.0006678968040508058,0.31645569620253167,0.1317418213969938
2,BCR,4.4070487,1.1277221,1.0478856877096178e-05,0.000756482525756602,0.37130801687763715,0.1971706454465075
2,ZNF295-AS1,4.367265,1.9252928,1.2581201713127323e-05,0.0008838475314820981,0.25738396624472576,0.07869142351900972
2,ORAI3,4.3333583,1.0278121,1.4685173816430715e-05,0.0010218479978235371,0.4050632911392405,0.2369584438549956
2,PPP1R18,4.3188915,1.0829905,1.5681478829113422e-05,0.0010808998241513756,0.379746835443038,0.19982316534040673
2,AHNAK,4.2591257,1.092197,2.0522823856692585e-05,0.0013858964501453973,0.35864978902953587,0.1768346595932803
2,SEPTIN9,4.181547,1.4111294,2.8953224951530607e-05,0.0018664411313348188,0.29957805907172996,0.129973474801061
2,HDAC9,4.0954695,1.0203593,4.2131376506925674e-05,0.002609222523739402,0.34177215189873417,0.16180371352785147
2,GAPT,4.074673,1.1996375,4.607897070502991e-05,0.0027969094639714756,0.3080168776371308,0.13085764809902742
2,SCML4,4.030007,1.0953345,5.5775180001994254e-05,0.0033327870048134433,0.3206751054852321,0.14588859416445624
2,RGL4,4.022412,1.3203565,5.7605188277136796e-05,0.0034006572518249737,0.28270042194092826,0.10963748894783377
2,PYGL,3.953333,1.440099,7.70701101587252e-05,0.004359881146707112,0.28270042194092826,0.1246684350132626
2,CXCR4,3.9480886,1.0580662,7.877764502782664e-05,0.00444959966923377,0.29535864978902954,0.1237842617152962
2,MYO5C,3.9458282,1.3871332,7.952462811086142e-05,0.004484870436803758,0.2616033755274262,0.09195402298850575
2,BICD1,3.8954656,1.0350566,9.801030433997768e-05,0.005402522814981209,0.37130801687763715,0.22192749778956675
2,UBA6-AS1,3.8755736,1.2481656,0.00010637380766699491,0.005811026469283105,0.28270042194092826,0.11759504862953139
2,MYO1G,3.826296,1.298104,0.00013008586536856004,0.006850961880007477,0.2742616033755274,0.10963748894783377
2,NPW,3.7558606,1.2291504,0.00017274683174753883,0.008708962518996789,0.29957805907172996,0.15119363395225463
2,TCTEX1D1,3.689494,1.317577,0.00022470051532737012,0.010965684748662765,0.2616033755274262,0.10256410256410256
2,TRAF3IP3,3.628914,1.1188676,0.0002846158544790247,0.013352336329650234,0.29535864978902954,0.14058355437665782
2,SEPTIN1,3.6024218,1.2261945,0.00031526628896639457,0.014532822975389178,0.270042194092827,0.11936339522546419
2,PLEKHO1,3.5969062,1.2530663,0.0003220244246716354,0.014819337726829604,0.25738396624472576,0.10521662245800177
2,AC009318.1,3.594917,1.1539139,0.00032449488023288375,0.014883254525568644,0.29957805907172996,0.15384615384615385
2,DUSP6,3.5934703,1.1085439,0.000326302704362483,0.01492875660296405,0.2616033755274262,0.10698496905393456
2,GPC6,3.585785,1.0830315,0.0003360658605728643,0.015260975884401248,0.270042194092827,0.11405835543766578
2,SLC9A3R1,3.4167943,1.2936255,0.000633631481549208,0.026213840753374105,0.27848101265822783,0.14500442086648982
2,AC004865.2,3.4146242,1.1923385,0.0006387006143672174,0.02635522117976835,0.25738396624472576,0.11317418213969938
2,SATB1,3.3827069,1.1899322,0.0007177522206898187,0.02922185654000896,0.27848101265822783,0.14677276746242263
2,IL2RG,3.3674262,1.0648757,0.0007587333441149837,0.03041664745668403,0.3080168776371308,0.18037135278514588
2,FMNL1,3.2244759,1.0292981,0.001262035173422754,0.04656426349036917,0.29535864978902954,0.16180371352785147
3,SOCS3,15.56593,4.690158,1.2405335677693364e-54,2.270238455696274e-50,0.7233009708737864,0.06798623063683305
3,CACNB2,13.832492,3.079865,1.6230026055092273e-43,7.425439795530403e-40,0.7281553398058253,0.20051635111876076
3,BAALC,12.735613,3.0034876,3.7488887257253408e-37,1.1434423020856099e-33,0.6601941747572816,0.14716006884681584
3,PRKG1,11.10283,2.3109405,1.215335235035815e-28,1.588660176340924e-25,0.6650485436893204,0.2117039586919105
3,LGALS1,9.572233,2.4401705,1.046208492195328e-21,7.814750412824736e-19,0.5631067961165048,0.16006884681583478
3,CDH9,9.30739,3.3323379,1.3101153362629678e-20,8.718460258647433e-18,0.46601941747572817,0.06196213425129088
3,EMP1,8.582134,2.784365,9.312883935371809e-18,4.8694409274077655e-15,0.48058252427184467,0.13253012048192772
3,MZB1,8.48722,2.0081291,2.1163982263554504e-17,1.0611272805867923e-14,0.5339805825242718,0.1721170395869191
3,TNFSF13B,7.985281,1.7244794,1.402025905941235e-15,6.257993924799408e-13,0.5533980582524272,0.24182444061962136
3,NLGN1,7.535775,1.9050394,4.854421141299161e-14,1.890177321198836e-11,0.49029126213592233,0.18158347676419967
3,MEG3,7.108754,3.144421,1.1709494406434677e-12,3.7594667085080317e-10,0.3640776699029126,0.06110154905335628
3,HLA-DQA2,7.0835905,3.4276955,1.4046663797696917e-12,4.4706255796478687e-10,0.35436893203883496,0.055077452667814115
3,SYT1,6.829081,1.7864311,8.54602985778866e-12,2.5225261195558285e-09,0.4563106796116505,0.16437177280550774
3,MALRD1,6.6176276,1.6268169,3.6500885018968625e-11,9.92171089898034e-09,0.48058252427184467,0.22461273666092943
3,C12orf75,6.607486,1.765656,3.909021819103585e-11,1.044336551832192e-08,0.46116504854368934,0.21084337349397592
3,TRBC2,6.488555,2.1036608,8.666347820662674e-11,2.1875654936832722e-08,0.3932038834951456,0.1333907056798623
3,BCL2,6.189937,1.7166668,6.018824188788228e-10,1.2958528478461054e-07,0.441747572815534,0.20137693631669534
3,FGF13,6.185536,3.726914,6.189189759216938e-10,1.324739967117539e-07,0.30097087378640774,0.03442340791738382
3,AL592430.1,6.088516,4.004737,1.1396205600863097e-09,2.3302375485876548e-07,0.2912621359223301,0.031841652323580036
3,PHGDH,6.066701,1.4295,1.3056436230029655e-09,2.6548812358628635e-07,0.4563106796116505,0.2082616179001721
3,FREM1,5.794969,1.3484519,6.833377917256891e-09,1.2695861175102512e-06,0.45145631067961167,0.19793459552495696
3,PREX2,5.7501907,1.8050618,8.914283983720684e-09,1.6232423287968198e-06,0.3883495145631068,0.14629948364888123
3,PRAM1,5.6317387,1.4554462,1.7840196599709897e-08,3.0655823274459246e-06,0.4320388349514563,0.1901893287435456
3,AC120193.1,5.5106072,2.027549,3.57597532277219e-08,5.869249900842373e-06,0.3446601941747573,0.11617900172117039
3,DLK1,5.469465,1.7465822,4.513963018211431e-08,7.214653293867099e-06,0.36893203883495146,0.12908777969018934
3,BACH2,5.439804,1.7003621,5.333921173540776e-08,8.451378739080777e-06,0.3640776699029126,0.14027538726333907
3,HIVEP3,5.4377947,1.6020212,5.394406676640916e-08,8.510374084988541e-06,0.3932038834951456,0.16695352839931152
3,BIN1,5.407751,1.1726915,6.382101420476259e-08,9.814760255918132e-06,0.470873786407767,0.24096385542168675
3,PTPRM,5.333886,1.7283398,9.613288517928397e-08,1.3690893892789778e-05,0.35436893203883496,0.13080895008605853
3,LNCAROD,5.296953,1.6087103,1.1775070491124168e-07,1.6576129040216756e-05,0.3737864077669903,0.14716006884681584
3,BHLHE40,5.234474,3.139996,1.654551387987071e-07,2.2512355149336352e-05,0.2669902912621359,0.04130808950086059
3,NR6A1,5.2158165,1.3438958,1.830091826368118e-07,2.4717044626162172e-05,0.4368932038834951,0.24784853700516352
3,TM4SF1,5.1927576,2.472016,2.0720181499745792e-07,2.757743138444348e-05,0.2912621359223301,0.07142857142857142
3,ELL2,5.0985126,1.5171719,3.423326905315083e-07,4.443162697214091e-05,0.41262135922330095,0.22461273666092943
3,KSR1,5.080142,1.9320843,3.7715279098546166e-07,4.826632623377231e-05,0.32524271844660196,0.11359724612736662
3,RGS1,5.036225,2.717552,4.7480291492464893e-07,5.910973295631658e-05,0.27184466019417475,0.05679862306368331
3,PAG1,4.985036,2.3803947,6.195031716940757e-07,7.508091254031411e-05,0.28640776699029125,0.076592082616179
3,PCBP3,4.9518347,2.104182,7.351699048869176e-07,8.793448917897409e-05,0.30097087378640774,0.09036144578313253
3,DISC1,4.8585467,1.5652031,1.1825057565460714e-06,0.00013441271178677876,0.3592233009708738,0.15920826161790017
3,TMIGD2,4.843716,1.665937,1.2743293617207076e-06,0.00014220039319615737,0.33980582524271846,0.13769363166953527
3,LATS2,4.8174043,1.3681507,1.4543794913210581e-06,0.0001579576966226767,0.39805825242718446,0.21686746987951808
3,CALCRL,4.800469,2.037915,1.5829471276352252e-06,0.00017040425828993198,0.2961165048543689,0.09208261617900172
3,SVIL,4.787743,1.2468697,1.6866725356868945e-06,0.00018050848385577786,0.41262135922330095,0.20395869191049915
3,AC005264.1,4.7304306,2.6528265,2.2404391932246174e-06,0.00023230117538587599,0.2621359223300971,0.06454388984509467
3,DOCK3,4.6280527,2.6373436,3.6911970247179423e-06,0.0003609368952710132,0.2524271844660194,0.05421686746987952
3,SLFNL1,4.6074815,1.4535354,4.075751174360975e-06,0.0003905145778345184,0.36893203883495146,0.20654044750430292
3,PDE4B,4.516011,1.6529452,6.301528302831244e-06,0.000583904398511206,0.3155339805825243,0.12736660929432014
3,DDIT4,4.4956317,2.0768747,6.936378141608801e-06,0.0006346959409025593,0.28640776699029125,0.09896729776247848
3,SPRY1,4.4623346,2.0390856,8.107144224680334e-06,0.0007255002097005498,0.28640776699029125,0.10327022375215146
3,ID2,4.3666544,1.706565,1.261640425662034e-05,0.0010738907260385141,0.3106796116504854,0.13080895008605853
3,LITAF,4.3476143,1.1949356,1.376264427193792e-05,0.0011606602373207368,0.3737864077669903,0.1884681583476764
3,BATF,4.2241864,2.0130773,2.398052439617488e-05,0.0018362158439840937,0.27184466019417475,0.10068846815834767
3,ID1,4.2220817,2.3886046,2.420563460743071e-05,0.0018457300672220236,0.2669902912621359,0.09380378657487091
3,CHSY1,4.2210293,2.0210743,2.4318942238028144e-05,0.0018505147710063785,0.27184466019417475,0.10068846815834767
3,IFI44L,4.2083993,1.6825957,2.5718596654133523e-05,0.0019448891655742585,0.3058252427184466,0.14285714285714285
3,AC007319.1,4.204668,1.3679689,2.6146580014870338e-05,0.001969117232765986,0.3300970873786408,0.14974182444061962
3,LINC02328,4.149269,1.3836731,3.3353863326200734e-05,0.002436696110982581,0.32038834951456313,0.1514629948364888
3,CLDN10,4.084589,1.5031773,4.4154863935522213e-05,0.00310194275413445,0.3106796116504854,0.14974182444061962
3,ZNF704,4.0659313,1.4043859,4.784097787773027e-05,0.0033016654596436097,0.3106796116504854,0.14371772805507746
3,SETD7,4.025076,1.5568143,5.695689667385166e-05,0.0038180940936989828,0.28640776699029125,0.12048192771084337
3,DOCK1,4.0178046,1.4141724,5.8742928599895635e-05,0.0038981814244645977,0.2961165048543689,0.12564543889845095
3,CHRM3-AS2,3.9935017,1.147662,6.51046365793913e-05,0.0042400263406446636,0.34951456310679613,0.18416523235800344
3,UBE2E2,3.8675864,1.6788473,0.00010991787946255214,0.006638785983843021,0.2815533980582524,0.12736660929432014
3,TNS3,3.8533301,1.1117173,0.00011652214343881154,0.006965467715656537,0.36893203883495146,0.2314974182444062
3,AC253572.2,3.8345768,1.4028925,0.00012578069867752407,0.007437317208878931,0.3300970873786408,0.18760757314974183
3,DST,3.8115177,1.1613393,0.00013811610536345904,0.007973481975406883,0.35436893203883496,0.19793459552495696
3,KIT,3.7847273,1.3443342,0.00015387719005055994,0.008759034266003957,0.3300970873786408,0.1919104991394148
3,SCML4,3.742628,1.3120884,0.0001821056925412314,0.010129559958513086,0.3058252427184466,0.153184165232358
3,LINC02573,3.701964,1.0747596,0.00021393703265415833,0.011617669632306897,0.33495145631067963,0.18158347676419967
3,GADD45B,3.7014856,1.2340616,0.00021434087747081718,0.011622356231569451,0.32524271844660196,0.1686746987951807
3,AHR,3.6146078,1.49175,0.0003008025416637558,0.015572381651251946,0.2912621359223301,0.14371772805507746
3,STAT4,3.5779624,1.2425584,0.00034628331290498016,0.01740977408741096,0.2961165048543689,0.14371772805507746
3,PIM3,3.5657153,1.4681022,0.00036286514855979443,0.01811900041260169,0.2912621359223301,0.14888123924268504
3,CEBPB,3.5240943,1.1205673,0.0004249328603835229,0.020599957116420292,0.3592233009708738,0.24182444061962136
3,CRPPA,3.4597974,1.368768,0.0005405822279168134,0.025108946857846814,0.3106796116504854,0.18588640275387264
3,TGFBR1,3.4007626,1.4811633,0.0006719816848988929,0.03025240055225631,0.25728155339805825,0.11876075731497418
3,PDLIM2,3.3602898,1.2118545,0.000778607480425815,0.03388056690562664,0.2766990291262136,0.1333907056798623
4,ITGA2B,15.358113,4.901872,3.125398446922827e-53,5.719635427791119e-49,0.7616279069767442,0.08528428093645485
4,FCER1A,14.503313,3.3481004,1.1544020595594266e-47,1.0563067445483644e-43,0.8313953488372093,0.17391304347826086
4,PLEK,13.313385,3.5902631,1.9351106230481965e-40,1.1804497319031172e-36,0.7383720930232558,0.1956521739130435
4,AL157895.1,12.222024,3.4517643,2.371059164505675e-34,7.88937604364293e-31,0.6802325581395349,0.1362876254180602
4,FREM1,11.681917,2.9583511,1.5769776489487696e-31,4.439919917628763e-28,0.6802325581395349,0.17224080267558528
4,PIEZO2,8.913572,3.368538,4.941425295343693e-19,2.967698669435252e-16,0.48255813953488375,0.07441471571906355
4,PRKG1,8.893446,2.1600568,5.9242562989583095e-19,3.4973178193253724e-16,0.6162790697674418,0.23160535117056857
4,CLU,8.767218,2.3175418,1.8313523598303913e-18,1.0312204264946484e-15,0.563953488372093,0.18561872909698995
4,CPA3,7.610008,2.8836522,2.7407928772127137e-14,1.0559553694617109e-11,0.436046511627907,0.08361204013377926
4,RGS18,6.930049,3.6114035,4.206951265449733e-12,1.241763090860691e-09,0.36627906976744184,0.043478260869565216
4,LAT,6.8129034,4.8408856,9.56482432257947e-12,2.612553246497994e-09,0.3372093023255814,0.019230769230769232
4,CKB,6.724348,2.307549,1.7638052520902334e-11,4.6443910814211966e-09,0.436046511627907,0.13294314381270902
4,LTBP1,6.6602535,2.9784575,2.7335580227556004e-11,6.947983138255398e-09,0.43023255813953487,0.16806020066889632
4,ARHGAP6,6.610299,3.6860855,3.835446795754463e-11,9.29676742857014e-09,0.3488372093023256,0.04180602006688963
4,TIMP3,6.4428897,2.1656623,1.1722003107163775e-10,2.6321290535294562e-08,0.4127906976744186,0.12290969899665552
4,B3GNT2,6.3306985,1.7943512,2.440540506221138e-10,5.2544837098941094e-08,0.47093023255813954,0.21321070234113712
4,CYP7B1,6.2824984,1.8888726,3.331745430574848e-10,6.92870536957216e-08,0.46511627906976744,0.2165551839464883
4,COTL1,6.0867057,1.4924028,1.152574725821963e-09,2.1971556010317534e-07,0.4941860465116279,0.23578595317725753
4,GATA1,6.079068,1.2323318,1.2088298661974775e-09,2.2924550224193715e-07,0.5581395348837209,0.24749163879598662
4,PACC1,6.0587354,1.860791,1.3719583659766759e-09,2.5751306745185803e-07,0.43023255813953487,0.15719063545150502
4,AC104232.1,6.015283,3.973055,1.7957239062074304e-09,3.3194591258130383e-07,0.3081395348837209,0.025919732441471572
4,NRGN,5.9555235,2.5613964,2.592403436140889e-09,4.6972553547620135e-07,0.36046511627906974,0.09531772575250837
4,TPST2,5.759628,1.5307932,8.429960760582897e-09,1.4218663308667954e-06,0.47093023255813954,0.229933110367893
4,HYAL3,5.733206,2.9273732,9.855004802144975e-09,1.6247884268617487e-06,0.31976744186046513,0.05351170568561873
4,PDLIM5,5.7269096,1.6794695,1.0227657881883592e-08,1.678665946792921e-06,0.4418604651162791,0.21070234113712374
4,CPB1,5.6297874,2.521915,1.804318387927625e-08,2.8465455739887503e-06,0.3488372093023256,0.10618729096989966
4,CD84,5.6161637,2.4762747,1.9524392877543546e-08,3.0670055953260574e-06,0.3372093023255814,0.07775919732441472
4,VCL,5.5348325,1.5402364,3.1152566167456516e-08,4.770774369435464e-06,0.45930232558139533,0.21739130434782608
4,SPTSSA,5.51161,1.4015689,3.5556608866301576e-08,5.3935098687657965e-06,0.46511627906976744,0.24247491638795987
4,HPGDS,5.488181,1.916966,4.0609397448509875e-08,6.042051040702886e-06,0.38372093023255816,0.13210702341137123
4,SLC44A1,5.3379045,2.0443366,9.402688139431531e-08,1.328755940507079e-05,0.38372093023255816,0.15719063545150502
4,IL1B,5.3110695,1.2165266,1.0898369639273651e-07,1.528318878034693e-05,0.4941860465116279,0.2408026755852843
4,MINPP1,5.30787,1.5198659,1.1091367794752126e-07,1.549447147540926e-05,0.4418604651162791,0.21989966555183946
4,TTC27,5.231803,1.550728,1.67864611487525e-07,2.28401957065238e-05,0.4418604651162791,0.2391304347826087
4,CNRIP1,5.219211,1.4642614,1.7968681334032092e-07,2.4322478071007327e-05,0.436046511627907,0.2157190635451505
4,GP9,5.205381,5.4281845,1.9359920933911922e-07,2.6013538593158167e-05,0.2558139534883721,0.01254180602006689
4,GLYATL2,5.1670895,4.1561403,2.377677747694529e-07,3.1080494015488375e-05,0.2616279069767442,0.019230769230769232
4,SLC9A9,5.1238437,2.1799831,2.9936948229517297e-07,3.843806278954438e-05,0.3372093023255814,0.10033444816053512
4,YIF1B,5.0920544,1.4325197,3.5420463919729857e-07,4.485897577598728e-05,0.4186046511627907,0.20903010033444816
4,PTGS1,5.0775013,2.0448568,3.824306171319236e-07,4.777250176670831e-05,0.3372093023255814,0.09866220735785954
4,ELOVL7,5.046951,2.114464,4.48916982229681e-07,5.513694787445824e-05,0.3313953488372093,0.10033444816053512
4,IGSF10,5.0098977,1.7039812,5.445896260654157e-07,6.578391057300422e-05,0.37790697674418605,0.15551839464882944
4,MMRN1,4.9840946,1.6738781,6.225255000750479e-07,7.470510107621911e-05,0.37790697674418605,0.14632107023411373
4,SLC24A3,4.922168,2.1901026,8.559078803954357e-07,0.00010040732157164532,0.3546511627906977,0.15384615384615385
4,C2orf88,4.826284,1.8972896,1.3910406121451944e-06,0.00015335384772628393,0.3430232558139535,0.1346153846153846
4,GPX7,4.697889,1.2716146,2.6286464572600798e-06,0.00027387983207579215,0.42441860465116277,0.2265886287625418
4,MAST4,4.697476,1.3160048,2.633963577243213e-06,0.00027387983207579215,0.4127906976744186,0.205685618729097
4,LINC00863,4.681478,2.1731632,2.8481396876773273e-06,0.00029118648242647445,0.3081395348837209,0.09866220735785954
4,ASL,4.65423,1.5798624,3.2519349221374573e-06,0.00032609334269904954,0.36046511627906974,0.16555183946488294
4,SLA,4.6207895,1.3822491,3.822825020502848e-06,0.00037612693165436754,0.37209302325581395,0.1454849498327759
4,TEC,4.6070623,1.3642062,4.083976010064263e-06,0.00039967274316674354,0.4186046511627907,0.23076923076923078
4,C4orf48,4.5634036,1.5753033,5.033088454783534e-06,0.0004847791329829793,0.3546511627906977,0.14381270903010032
4,AL034397.3,4.5623717,1.5278866,5.05790127209649e-06,0.00048589040540683364,0.3546511627906977,0.14632107023411373
4,GTDC1,4.5327497,1.3847771,5.822073838637627e-06,0.0005549315743957702,0.4127906976744186,0.23076923076923078
4,STON2,4.5276923,1.4903345,5.963126818997234e-06,0.0005639700379899684,0.37790697674418605,0.18227424749163879
4,FYB1,4.519952,2.8530838,6.185376216707249e-06,0.0005819818892228844,0.2616279069767442,0.05434782608695652
4,STAM,4.4783573,1.3377663,7.521962704594809e-06,0.0006952306993708955,0.38953488372093026,0.20066889632107024
4,PPP1R14A,4.412302,2.7708983,1.0227741534976254e-05,0.0009220334185262706,0.2558139534883721,0.056020066889632104
4,ILK,4.4069347,1.5415757,1.0484374181587763e-05,0.0009382361355019406,0.37209302325581395,0.2040133779264214
4,OSBPL3,4.3764873,1.3286804,1.2060720763302593e-05,0.0010662667648735223,0.38953488372093026,0.20819397993311037
4,RYR3,4.3195143,1.2250198,1.5637288115326135e-05,0.0013479433932909314,0.4127906976744186,0.2140468227424749
4,PTGER2,4.3000073,1.4173436,1.7079239389607747e-05,0.001443688778057813,0.3546511627906977,0.16137123745819398
4,FHL2,4.2903056,1.0928586,1.784274860621749e-05,0.0015012929695084284,0.43023255813953487,0.24581939799331104
4,RALB,4.241899,1.2979041,2.216362303451882e-05,0.001831175545567547,0.3953488372093023,0.22240802675585283
4,PLXNC1,4.13941,1.2753314,3.482002402540582e-05,0.0027348663076263487,0.38953488372093026,0.21321070234113712
4,MPIG6B,4.12816,2.008531,3.656778425823808e-05,0.0028416506828784966,0.27325581395348836,0.08110367892976589
4,ACTN1,4.118974,1.8200369,3.805630326300581e-05,0.0029386049698929863,0.3430232558139535,0.18311036789297658
4,MICAL2,4.086256,1.5963745,4.3839023563476635e-05,0.0033220540402625434,0.3313953488372093,0.16137123745819398
4,RASGRP2,4.080373,1.0946213,4.4963521849569657e-05,0.003397739305514015,0.3953488372093023,0.2040133779264214
4,SLC37A1,4.0763474,1.4014148,4.5748619190856265e-05,0.003445360516470227,0.3430232558139535,0.15551839464882944
4,CRPPA,4.024948,1.2953835,5.6987873979568406e-05,0.004201257383914538,0.3546511627906977,0.18311036789297658
4,KCNK5,4.0246387,2.4357624,5.706290324441251e-05,0.004201257383914538,0.25,0.07023411371237458
4,TRANK1,4.017207,1.5498548,5.889192608616563e-05,0.004314783277440509,0.3081395348837209,0.13043478260869565
4,MLLT11,3.9421723,1.7536077,8.074692663765944e-05,0.005761049243401507,0.29069767441860467,0.11204013377926421
4,AOAH,3.931232,1.2567835,8.451171224925491e-05,0.005994599186114301,0.31976744186046513,0.1245819397993311
4,PCTP,3.9103832,1.4867165,9.214984771504741e-05,0.0064861088004200965,0.3023255813953488,0.13043478260869565
4,NET1,3.9072866,1.1145312,9.333835609811959e-05,0.006551631504035978,0.3953488372093023,0.24665551839464883
4,BMP2K,3.8714724,1.2685119,0.000108179960734965,0.007414784162660026,0.38372093023255816,0.24498327759197325
4,HS2ST1,3.8600159,1.098062,0.00011337970391696897,0.007713402496403311,0.4011627906976744,0.25
4,CDH9,3.8412313,1.471401,0.0001224187214923134,0.008251653085341,0.28488372093023256,0.09949832775919733
4,DBN1,3.7039597,1.9308048,0.00021226005157304724,0.01326733865207352,0.25,0.07775919732441472
4,RAB27B,3.6874456,1.7258226,0.0002265163624953665,0.013980987156311821,0.3081395348837209,0.16304347826086957
4,SVOPL,3.685072,1.4746228,0.00022863810219875,0.014064509543825966,0.27906976744186046,0.1028428093645485
4,GSN,3.6758862,1.2444569,0.00023702532137261597,0.014434881510081727,0.38953488372093026,0.2491638795986622
4,LCP2,3.6616428,1.3021177,0.000250603093041701,0.015160865799040161,0.3372093023255814,0.18227424749163879
4,PIK3AP1,3.6258283,1.6051644,0.0002880366489214019,0.01708659544112193,0.27906976744186046,0.11622073578595318
4,TTC7B,3.6098306,1.1227633,0.00030639712547566884,0.018058681464629557,0.3488372093023256,0.18311036789297658
4,PDLIM7,3.5967226,1.5488293,0.0003222517788876373,0.018781428915710847,0.28488372093023256,0.12876254180602006
4,DNAJC6,3.5962067,1.0910294,0.000322891419019269,0.018788789868878004,0.38372093023255816,0.24331103678929766
4,GATD3B,3.5741193,1.0764914,0.0003514087380773064,0.020159735458256257,0.37209302325581395,0.23327759197324416
4,MEG3,3.5331442,1.5883691,0.0004106484146448961,0.023266474650801616,0.2558139534883721,0.08528428093645485
4,FER,3.5294285,1.0952499,0.00041645809161670004,0.023559169414625717,0.38372093023255816,0.24331103678929766
4,RASAL2,3.5253,1.7155627,0.0004230032735148897,0.023892504342466786,0.27906976744186046,0.1245819397993311
4,ARHGAP18,3.5088894,1.932987,0.00044998190614675606,0.025183161692473116,0.25,0.09615384615384616
4,GRK4,3.5069284,1.3763428,0.0004533110643276701,0.02526343180682562,0.3081395348837209,0.16137123745819398
4,GOLT1B,3.4863894,1.013816,0.0004895879870527763,0.02700789723938543,0.37790697674418605,0.24331103678929766
4,ABHD16A,3.3973176,1.0568178,0.0006804994735719041,0.03563227644092312,0.37209302325581395,0.24163879598662208
4,CMTM8,3.36976,1.2563783,0.0007523367196707707,0.0387289399109281,0.29069767441860467,0.12792642140468227
4,DNM3,3.3675926,1.2171761,0.0007582756300832838,0.03897984036050319,0.32558139534883723,0.17725752508361203
4,RAC3,3.3186703,1.3237351,0.0009044717939450556,0.044979038220357315,0.26744186046511625,0.11120401337792642
5,AC011139.1,12.362367,3.3030608,4.1767759767322833e-35,3.057483550487566e-31,0.7586206896551724,0.16189697465249386
5,FCER1A,10.796075,2.9514306,3.592353464803336e-27,1.314837291652669e-23,0.7034482758620689,0.2035977105478332
5,AL157895.1,9.685775,2.8153493,3.4657026226083796e-22,4.878776218849589e-19,0.6275862068965518,0.1545380212591987
5,ZNF385D-AS2,7.881149,2.6141195,3.243845022725597e-15,1.7459995834820526e-12,0.5103448275862069,0.12755519215044972
5,DYTN,5.6892295,1.5804516,1.2761370555907189e-08,2.312271899587916e-06,0.4689655172413793,0.19133278822567457
5,AOAH,5.338176,2.127015,9.388639553177173e-08,1.3636253820866575e-05,0.3793103448275862,0.12183156173344235
5,RAMP1,5.311052,1.9402103,1.0899424987262203e-07,1.5583197420264997e-05,0.38620689655172413,0.12510220768601799
5,AL355612.1,5.2325706,2.2210078,1.6716875271608987e-07,2.2830386261797036e-05,0.35172413793103446,0.08912510220768602
5,AC079793.1,4.648852,1.389691,3.3378791613518147e-06,0.00031650185280994236,0.41379310344827586,0.1946034341782502
5,ORAI2,4.628064,1.3287966,3.6909950443390602e-06,0.00034028742976789406,0.42758620689655175,0.2313982011447261
5,THRB,4.617726,1.5653021,3.879679326320865e-06,0.00035411506988197,0.38620689655172413,0.16107931316434995
5,MYCT1,4.6147246,1.4363422,3.9361680469727776e-06,0.0003583773300677876,0.41379310344827586,0.18642681929681112
5,MIR181A1HG,4.365163,1.137534,1.270280550155259e-05,0.000981874481499986,0.4413793103448276,0.22567457072771874
5,PRSS21,4.3069134,1.7106572,1.655484564915524e-05,0.0012290545752631458,0.3310344827586207,0.11120196238757155
5,EGR1,4.115601,1.3754554,3.861715827662842e-05,0.0025513115705467094,0.3793103448275862,0.17988552739165986
5,HIST2H2BE,4.016221,1.8042434,5.913877330815305e-05,0.0036676848062492033,0.30344827586206896,0.10384300899427637
5,ARHGEF6,3.9380732,1.2424326,8.213851575755623e-05,0.00484114624032579,0.4,0.22894521668029436
5,ABO,3.7805548,1.850102,0.00015647928119210395,0.008361019227609047,0.2896551724137931,0.10793131643499591
5,AC026369.3,3.7386463,1.3041189,0.00018501388973719973,0.009715485478151,0.3586206896551724,0.17661488143908421
5,NBAT1,3.649382,1.7136934,0.0002628719387207427,0.013072521506953675,0.2827586206896552,0.10220768601798855
5,CPPED1,3.630929,1.4184614,0.0002824029830415487,0.013911482614136909,0.3586206896551724,0.21668029435813574
5,TSPYL2,3.6174781,1.6442201,0.0002974874563947788,0.014576088877517133,0.2896551724137931,0.10793131643499591
5,SESN3,3.5886867,1.2594757,0.000332347793053969,0.01594267571896241,0.3448275862068966,0.17825020441537204
5,FES,3.5801272,1.271385,0.00034342693465289927,0.016261021002885855,0.35172413793103446,0.19869174161896974
5,YPEL3,3.478635,1.2611581,0.0005039743434638137,0.0222508624187202,0.3310344827586207,0.16107931316434995
5,GUCY1B1,3.453401,1.4867316,0.0005535654307195327,0.024044365621359694,0.2896551724137931,0.11937857726901063
5,LINC02160,3.3583562,1.5808666,0.0007840746682536891,0.03220866097952107,0.2689655172413793,0.09975470155355683
5,KHDRBS2,3.2969942,1.0828094,0.0009772553375218894,0.038434674619112624,0.35172413793103446,0.18806214227309895
5,TNFAIP8,3.2836545,1.1096232,0.001024704406706422,0.03998422813418097,0.3793103448275862,0.24611610793131644
5,NCKAP1L,3.281209,1.09996,0.001033631360927774,0.0402467462141675,0.3586206896551724,0.2134096484055601
5,AP000787.1,3.2397451,1.3016363,0.0011963662694715615,0.045364755421951834,0.30344827586206896,0.1545380212591987
6,ALAS2,5.67428,5.6828156,1.3927322632450074e-08,7.977369885294291e-07,0.6923076923076923,0.13934426229508196
6,IFI27,5.3895884,5.790251,7.061917171633485e-08,3.5455861508773274e-06,0.6538461538461539,0.08941877794336811
6,FAM210B,3.7536156,3.355353,0.00017430207943820359,0.003733881360738796,0.5384615384615384,0.23397913561847988
6,CA1,3.2857294,3.2577245,0.0010171869087610046,0.017429802456723563,0.5,0.1810730253353204
6,BPGM,3.1280966,4.5719805,0.0017594237349664104,0.027720916559392655,0.4230769230769231,0.11326378539493294
6,DCAF12,3.0012887,3.8287737,0.0026883963491732593,0.03953314374290497,0.4230769230769231,0.13561847988077497
7,MS4A1,4.8828497,33.06918,1.045636049257207e-06,0.006357731554866559,1.0,0.0
7,PLEKHG1,4.8729763,7.512851,1.0992945386954065e-06,0.006357731554866559,1.0,0.047058823529411764
7,CD79A,4.2549906,8.562753,2.0905782343644705e-05,0.029429713059989995,0.875,0.028676470588235293
7,OSBPL10,4.224024,6.474733,2.3997850838628188e-05,0.031264665906999674,0.875,0.051470588235294115
7,BANK1,4.2092137,6.398678,2.5626075167618107e-05,0.031264665906999674,0.875,0.1036764705882353
7,LINC01619,4.1558075,5.6183186,3.241403918233613e-05,0.03489371317978485,0.875,0.16176470588235295
7,CXCR4,4.1418953,5.687864,3.444477980509118e-05,0.03536411807421384,0.875,0.14926470588235294
7,ST6GAL1,4.0790644,4.364256,4.521731607599022e-05,0.04036582891944678,0.875,0.23897058823529413
7,PRKCE,3.9704568,3.9876087,7.173494129226385e-05,0.04862167752292868,0.875,0.24779411764705883
