,mt,ribo,n_cells_by_counts,mean_counts,pct_dropout_by_counts,total_counts,highly_variable,means,dispersions,dispersions_norm
LINC00115,False,False,10,0.0057770074,99.42229924898902,10.0,True,0.026996208617474607,1.4021604831015304,1.7306867
TNFRSF4,False,False,23,0.01502022,98.67128827267476,26.0,True,0.060029913658242104,1.2210779314048263,1.452655
ATAD3C,False,False,32,0.019064125,98.15135759676488,33.0,True,0.020779557865387956,1.0569682173213688,1.2006832
SKI,False,False,185,0.11900636,89.31253610629693,206.0,True,0.17993327663031844,1.3129801108696666,1.5937604
KCNAB2,False,False,465,0.35932988,73.13691507798961,622.0,True,0.21542521234853537,1.1824798601969377,1.3933921
ERRFI1,False,False,2,0.002310803,99.8844598497978,4.0,True,0.0501493924401537,2.8100829471195943,3.8923914
RERE,False,False,1228,1.5759677,29.058347775852113,2728.0,True,1.046548005215925,1.4701332679305477,1.3322449
SLC2A5,False,False,97,0.06643558,94.39630271519353,115.0,True,0.12217937817931852,1.8468822045086626,2.4135063
GPR157,False,False,28,0.016753322,98.38243789716927,29.0,True,0.022501967788481795,1.7120293633073052,2.206455
RBP7,False,False,4,0.00751011,99.7689196995956,13.0,True,0.08318420360002661,3.284255570649425,4.6204295
FBXO44,False,False,53,0.03235124,96.93818601964182,56.0,True,0.021733653967609252,1.4583687078695826,1.816988
AL357873.1,False,False,5,0.0028885037,99.71114962449451,5.0,True,0.020787401749231,1.5564662292840163,1.9676056
TMEM51,False,False,23,0.013864818,98.67128827267476,24.0,True,0.023349977808424884,1.6382806507401548,2.0932224
AL121992.1,False,False,5,0.0028885037,99.71114962449451,5.0,True,0.00980528796659544,1.1577255328759584,1.3553846
BX284668.5,False,False,59,0.034662046,96.59156556903524,60.0,True,0.041485225943962596,1.393993578693858,1.7181473
AL049569.1,False,False,33,0.019641826,98.09358752166378,34.0,True,0.037672922645080646,1.1543758963105757,1.3502417
TMCO4,False,False,131,0.08492201,92.43212016175622,147.0,True,0.12098893148123534,1.4900849998771024,1.8656847
CDA,False,False,8,0.004621606,99.53783939919121,8.0,True,0.015712105984055518,1.6321948442573342,2.0838783
HSPG2,False,False,118,0.073368,93.18313113807048,127.0,True,0.06564066898961615,1.1211980109959985,1.2993008
CDC42-AS1,False,False,41,0.03004044,97.631426920855,52.0,True,0.056133202385161896,1.2047109667697231,1.4275254
AL031428.1,False,False,271,0.18370883,84.34430964760254,318.0,True,0.20753866121275183,1.2450838165632794,1.4895133
ID3,False,False,21,0.023685731,98.78682842287695,41.0,True,0.09759241017587214,2.3260571377403783,3.1492248
RUNX3,False,False,220,0.14500289,87.29058347775852,251.0,True,0.13029439715100796,1.2560764502567776,1.5063913
SH3BGRL3,False,False,1443,2.7157712,16.637781629116123,4701.0,True,1.3006467696336748,1.6672050530446914,1.3640167
CD52,False,False,1196,2.393992,30.906990179087234,4144.0,True,0.9655708265397137,2.2837864859307992,2.690046
CRYBG2,False,False,2,0.0011554015,99.8844598497978,2.0,True,0.014025160220924392,1.517770700006878,1.908193
TRNP1,False,False,1,0.00057770073,99.94222992489891,1.0,True,0.009489708572551313,1.1248535892371425,1.3049135
CD164L2,False,False,1,0.00057770073,99.94222992489891,1.0,True,0.01308280287828285,1.4477441661540535,1.8006753
SESN2,False,False,38,0.023685731,97.80473714615829,41.0,True,0.06074637226756778,1.095102627130799,1.2592343
LAPTM5,False,False,1352,1.9560947,21.894858463316,3386.0,True,1.1374624339506862,1.7004615983255047,1.4156619
FAM167B,False,False,5,0.0028885037,99.71114962449451,5.0,True,0.009360594524854503,1.1110897750700668,1.2837807
ZBTB8A,False,False,407,0.30560368,76.48757943385327,529.0,True,0.2418795556317314,1.1587486481793734,1.3569555
GJA4,False,False,8,0.004621606,99.53783939919121,8.0,True,0.03484510703592228,2.276657109313691,3.0733767
OSCP1,False,False,62,0.035817448,96.41825534373196,62.0,True,0.03987548697959872,1.3044180633951743,1.5806143
CSF3R,False,False,856,1.0704795,50.54881571346043,1853.0,True,0.4692505260038018,1.491074021492863,2.2242093
ZC3H12A,False,False,50,0.029462738,97.11149624494512,51.0,True,0.029702187446656658,1.208597429135009,1.4334927
INPP5B,False,False,220,0.14326979,87.29058347775852,248.0,True,0.18921269423904613,1.1495844217011606,1.3428849
AL139260.1,False,False,59,0.036395147,96.59156556903524,63.0,True,0.056887522753750114,1.6169935881432933,2.0605385
RHBDL2,False,False,15,0.009243212,99.13344887348353,16.0,True,0.016736856291750313,1.182277595676384,1.3930815
COL9A2,False,False,29,0.017908724,98.32466782206816,31.0,True,0.035768185553252306,1.4116165886978251,1.7452054
SLFNL1-AS1,False,False,50,0.029462738,97.11149624494512,51.0,True,0.048065926206516334,1.1135442575091485,1.2875493
SLC2A1,False,False,160,0.109763145,90.75678798382438,190.0,True,0.20538242596702144,1.086317935590445,1.2457464
AL139289.2,False,False,26,0.01502022,98.49797804737146,26.0,True,0.03416816423607927,1.1111831357381075,1.2839241
KDM4A-AS1,False,False,74,0.043327555,95.72501444251877,75.0,True,0.0936182371910158,1.4871897156481657,1.8612393
CCDC24,False,False,63,0.03755055,96.36048526863085,65.0,True,0.05216598102254932,1.7120121798301837,2.2064288
RNF220,False,False,1306,2.3212016,24.55228191796649,4018.0,True,1.1020262086352794,1.634010008514861,1.3124669
ARMH1,False,False,972,1.3246678,43.8474870017331,2293.0,True,0.537012543842543,1.544231116616518,2.3422494
TSPAN1,False,False,3,0.0017331023,99.8266897746967,3.0,True,0.012249410812943885,1.3815058488215886,1.6989738
POMGNT1,False,False,167,0.10167533,90.3523974581167,176.0,True,0.12074117592097373,1.0718990840033984,1.2236079
EFCAB14,False,False,313,0.21028307,81.91796649335645,364.0,True,0.2778174453965737,1.6499819276594996,2.5770783
SPATA6,False,False,109,0.069901794,93.70306181398036,121.0,True,0.0868709109937445,1.0903402973131497,1.2519222
AL445685.1,False,False,9,0.0051993066,99.48006932409012,9.0,True,0.016490431670701647,1.6809339017712435,2.1587114
ECHDC2,False,False,131,0.08549971,92.43212016175622,148.0,True,0.046388991278015004,1.3711594751588476,1.6830882
YIPF1,False,False,136,0.08318891,92.14326978625073,144.0,True,0.12643832410108918,1.2678232731720687,1.5244272
TTC4,False,False,272,0.17793183,84.28653957250145,308.0,True,0.20644965508296712,1.0808751082490287,1.2373896
PLPP3,False,False,182,0.11611785,89.48584633160023,201.0,True,0.1500452510043463,1.2802555568106522,1.5435156
JUN,False,False,1049,4.332178,39.39919121894858,7499.0,True,1.613142160207449,3.4510534688559487,3.4178176
LEPR,False,False,194,0.1565569,88.79260543038706,271.0,True,0.28578204705915755,2.668934055761614,4.8397527
PDE4B,False,False,302,0.23974581,82.55343731946851,415.0,True,0.19837453407316102,1.0986174917653142,1.2646309
SGIP1,False,False,133,0.08954362,92.31658001155402,155.0,True,0.07229240875913841,1.2215144976076928,1.4533253
AL139147.1,False,False,3,0.0017331023,99.8266897746967,3.0,True,0.01067043215933259,1.2427135698306102,1.485874
IL12RB2,False,False,580,0.50375503,66.49335644136337,872.0,True,0.3835026957893428,1.2457916951547712,1.6795379
GNG12,False,False,3,0.002310803,99.8266897746967,4.0,True,0.01863437882461003,1.8042369309317288,2.3480294
GNG12-AS1,False,False,1,0.00057770073,99.94222992489891,1.0,True,0.016997441073669226,1.7114705902625313,2.2055972
ANKRD13C,False,False,398,0.27094164,77.00751010976315,469.0,True,0.26681494673106193,1.0837710489533952,1.241836
ZRANB2-AS1,False,False,2,0.0011554015,99.8844598497978,2.0,True,0.01023647776969926,1.2009772022195915,1.4217926
ZRANB2-AS2,False,False,34,0.022530328,98.03581744656267,39.0,True,0.05081835568230521,1.7076621552270144,2.1997497
NEGR1,False,False,435,0.4563836,74.87001733102254,790.0,True,0.46796977019307023,1.85851603993231,3.040147
AL513166.1,False,False,152,0.113807045,91.21894858463317,197.0,True,0.1362049823057685,1.138083503388969,1.3252265
AL583808.1,False,False,39,0.041016754,97.74696707105718,71.0,True,0.08581152542988142,1.789827249670942,2.3259048
SLC44A5,False,False,36,0.023685731,97.92027729636048,41.0,True,0.06166132690724725,1.126934422554083,1.3081083
ST6GALNAC3,False,False,112,0.080300406,93.52975158867707,139.0,True,0.13246277279799773,1.7623828272151623,2.283767
GIPC2,False,False,36,0.024263432,97.92027729636048,42.0,True,0.07485432460182351,2.976221107538075,4.1474776
AC103591.3,False,False,440,0.33853263,74.58116695551705,586.0,True,0.35149244143545594,1.3349464949069694,1.8775141
LINC01781,False,False,1,0.00057770073,99.94222992489891,1.0,True,0.01380009874215648,1.5014807620464525,1.8831817
ADGRL2,False,False,5,0.0034662045,99.71114962449451,6.0,True,0.02625846683459424,1.4592273713527393,1.8183063
LINC01725,False,False,94,0.06585789,94.56961294049682,114.0,True,0.1013563272480261,1.771817337104823,2.2982526
SYDE2,False,False,68,0.060658578,96.07163489312536,105.0,True,0.08634467686269372,1.4307141582181424,1.7745275
CCN1,False,False,22,0.01617562,98.72905834777586,28.0,True,0.0552865585675138,2.1215662876753276,2.8352523
COL24A1,False,False,595,0.55690354,65.6268053148469,964.0,True,0.4562565956532139,1.5210297450996961,2.2907286
GBP1,False,False,91,0.054881573,94.74292316580012,95.0,True,0.03892035931109344,1.059547417658629,1.2046432
GBP2,False,False,266,0.18544194,84.63316002310803,321.0,True,0.09668208681129291,1.795266978919153,2.334257
LRRC8D,False,False,300,0.21663778,82.66897746967071,375.0,True,0.24024287252643134,1.159349133586608,1.3578775
BTBD8,False,False,35,0.021374928,97.97804737146159,37.0,True,0.0496234946382141,1.3179116081725388,1.6013321
GFI1,False,False,23,0.013864818,98.67128827267476,24.0,True,0.016853712506810756,1.2839511613941272,1.5491897
DIPK1A,False,False,88,0.054881573,94.9162333911034,95.0,True,0.08035175035436437,1.132123896546562,1.3160762
CCDC18-AS1,False,False,697,0.57423455,59.73425765453495,994.0,True,0.3829303556141908,1.0581909855099116,1.2629538
CNN3,False,False,88,0.054881573,94.9162333911034,95.0,True,0.0410886123661572,1.1493138316885079,1.3424695
DPYD,False,False,950,1.0075101,45.11842865395725,1744.0,True,0.7071760105875282,1.2854446600011706,1.3994995
PALMD,False,False,2,0.004621606,99.8844598497978,8.0,True,0.03692786030154785,2.497384111491674,3.412278
AC093019.2,False,False,58,0.034662046,96.64933564413633,60.0,True,0.05630821603458786,1.322357094241162,1.6081576
VAV3,False,False,942,0.938186,45.58058925476603,1624.0,True,0.7053420339556693,1.5628938137535007,1.9325405
AKNAD1,False,False,170,0.10803004,90.1790872328134,187.0,True,0.13394234103129105,1.2423156506453128,1.4852631
GNAT2,False,False,10,0.0057770074,99.42229924898902,10.0,True,0.024059703626938104,1.1381237906029387,1.3252884
CD53,False,False,726,0.6915078,58.05892547660312,1197.0,True,0.5814798310624925,1.6161464641234535,2.0348506
CTTNBP2NL,False,False,28,0.016753322,98.38243789716927,29.0,True,0.0311834752709184,1.2806718587010106,1.5441548
RHOC,False,False,434,0.3217793,74.92778740612363,557.0,True,0.27747216236713224,1.5164303154313576,2.2805152
LRIG2,False,False,100,0.06354708,94.22299248989023,110.0,True,0.11175963408292146,1.4883862954030311,1.8630766
PHTF1,False,False,999,1.5632583,42.287694974003465,2706.0,True,0.9542973530497021,1.986894882187977,2.1946018
AL137856.1,False,False,38,0.023685731,97.80473714615829,41.0,True,0.07340642644531366,1.2703836450373194,1.5283583
PTPN22,False,False,185,0.13056037,89.31253610629693,226.0,True,0.12736033689339546,1.3934921386899302,1.7173774
OLFML3,False,False,1,0.0017331023,99.94222992489891,3.0,True,0.0501493924401537,2.8100829471195943,3.8923914
LINC01765,False,False,148,0.10167533,91.45002888503755,176.0,True,0.1353611438790212,1.3948606519531523,1.7194786
ATP1A1-AS1,False,False,42,0.024841132,97.5736568457539,43.0,True,0.0328301528708486,1.0548307589353583,1.1974014
AL445231.1,False,False,17,0.009820913,99.01790872328135,17.0,True,0.028257895702967436,1.2116269408761846,1.4381441
TENT5C,False,False,140,0.08838821,91.91218948584633,153.0,True,0.1425754340706991,1.1288062192465338,1.3109823
PHGDH,False,False,434,0.34777585,74.92778740612363,602.0,True,0.23232228206218852,1.067147779721485,1.2163128
AC253572.2,False,False,366,0.32351243,78.85615251299826,560.0,True,0.20632609653504522,1.0795024703497937,1.2352821
AC246680.1,False,False,1,0.00057770073,99.94222992489891,1.0,True,0.015515253911722994,1.6194883373296352,2.064369
NBPF15,False,False,6,0.0034662045,99.65337954939342,6.0,True,0.027430231281041936,1.4718977534669113,1.8377603
AC245014.3,False,False,180,0.13229348,89.60138648180242,229.0,True,0.0835942965885247,1.123317025726957,1.3025542
TXNIP,False,False,736,0.73136914,57.48122472559214,1266.0,True,0.691734262961681,1.8126310953772022,2.4123409
NBPF9,False,False,23,0.014442518,98.67128827267476,25.0,True,0.03509634872020021,2.3651306905770824,3.2092178
HIST2H2BE,False,False,207,0.1594454,88.0415944540728,276.0,True,0.14213728405598805,1.194623444012737,1.4120371
PLEKHO1,False,False,242,0.1548238,86.01964182553438,268.0,True,0.13312566035169549,1.2405773830428277,1.4825943
ADAMTSL4-AS1,False,False,183,0.13344887,89.42807625649914,231.0,True,0.1849964006348832,1.8019827244257214,2.3445683
MCL1,False,False,827,0.81398034,52.224147891392256,1409.0,True,0.6654954998711632,1.3619363446843853,1.5464569
CTSS,False,False,630,0.50895435,63.60485268630849,881.0,True,0.31416150637766493,1.1494521065965329,1.4656073
CTSK,False,False,8,0.004621606,99.53783939919121,8.0,True,0.011444173170491647,1.1021032006308675,1.2699828
C1orf56,False,False,165,0.12016176,90.46793760831889,208.0,True,0.19168867227040737,1.067887973077646,1.2174493
TNFAIP8L2,False,False,70,0.042749856,95.95609474292317,74.0,True,0.05863954947337041,1.1086196622494227,1.2799882
S100A10,False,False,372,0.29693818,78.50953206239168,514.0,True,0.28978957756377727,1.2645795908271442,1.721258
AL450992.1,False,False,5,0.006354708,99.71114962449451,11.0,True,0.013383559529345043,1.294536011560632,1.5654415
S100A11,False,False,271,0.19930676,84.34430964760254,345.0,True,0.23181439865966297,2.2663453312604447,3.0575442
S100A6,False,False,1311,12.916233,24.263431542461,22358.0,True,2.969218817172852,2.888365638301278,1.3988115
S100A16,False,False,7,0.006354708,99.59560947429232,11.0,True,0.027822951848638557,2.2097020439861734,2.9705749
NUP210L,False,False,28,0.016753322,98.38243789716927,29.0,True,0.019724394929101205,1.2112097640199992,1.4375036
PBXIP1,False,False,416,0.31831312,75.96764875794338,551.0,True,0.256002167567361,1.068148511514831,1.2178493
EFNA1,False,False,6,0.0034662045,99.65337954939342,6.0,True,0.016997441073669226,1.7114705902625313,2.2055972
TRIM46,False,False,20,0.011554015,98.84459849797804,20.0,True,0.00909122098479082,1.0817553323194926,1.238741
ETV3,False,False,179,0.11669555,89.65915655690353,202.0,True,0.17177554563328673,1.0684467114466207,1.2183071
FCRL5,False,False,4,0.0028885037,99.7689196995956,5.0,True,0.03340474360632759,1.403724261603726,1.7330877
FCRL2,False,False,2,0.0011554015,99.8844598497978,2.0,True,0.022439973526460464,1.3452542369891884,1.6433136
FCRL1,False,False,4,0.0034662045,99.7689196995956,6.0,True,0.06790123712073295,2.2056605995486325,2.9643695
IFI16,False,False,731,0.65973425,57.77007510109763,1142.0,True,0.4337886080172019,1.1698613389682146,1.5109278
FCER1A,False,False,407,0.96764874,76.48757943385327,1675.0,True,0.8335172244327476,2.9817328867383113,3.854759
SLAMF6,False,False,3,0.0017331023,99.8266897746967,3.0,True,0.01769480151633271,1.19193625559083,1.4079113
CD48,False,False,181,0.13518198,89.54361640670133,234.0,True,0.10637020589964274,1.4277912704014355,1.7700398
LY9,False,False,4,0.0034662045,99.7689196995956,6.0,True,0.04981666156737626,2.4830820567959413,3.3903186
NIT1,False,False,196,0.119584054,88.67706528018486,207.0,True,0.14679193333142704,1.1598780729877456,1.3586895
FCGR2B,False,False,2,0.0011554015,99.8844598497978,2.0,True,0.013295825849429215,1.3058468072881433,1.582808
FCRLA,False,False,2,0.0028885037,99.8844598497978,5.0,True,0.043222651704432034,2.272279245204321,3.066655
DDR2,False,False,19,0.011554015,98.90236857307914,20.0,True,0.019512814416585218,1.5823539863153535,2.0073533
PBX1,False,False,684,0.7700751,60.48526863084922,1333.0,True,0.7292125526009001,1.403850633687026,1.6269835
AL357568.2,False,False,11,0.006354708,99.36452917388793,11.0,True,0.018683454521812196,1.62540814200664,2.073458
RCSD1,False,False,700,0.6839977,59.56094742923166,1184.0,True,0.4783269839367616,1.594135906713522,2.4530673
XCL1,False,False,1,0.0028885037,99.94222992489891,5.0,True,0.013666082826035845,1.491654908916095,1.8680952
SELL,False,False,894,1.2668978,48.35355285961872,2193.0,True,0.584407803424843,1.731724443274619,2.2569015
SELE,False,False,2,0.0028885037,99.8844598497978,5.0,True,0.03692786030154785,2.497384111491674,3.412278
BX284613.2,False,False,9,0.006354708,99.48006932409012,11.0,True,0.05966452746476994,2.0522813560223288,2.7288733
FMO3,False,False,1,0.00057770073,99.94222992489891,1.0,True,0.016997441073669226,1.7114705902625313,2.2055972
FMO2,False,False,1,0.0017331023,99.94222992489891,3.0,True,0.0501493924401537,2.8100829471195943,3.8923914
DNM3,False,False,309,0.26747546,82.14904679376083,463.0,True,0.33639469667169974,1.4703745886749635,2.1782444
RASAL2,False,False,242,0.18428653,86.01964182553438,319.0,True,0.2554038187898504,1.267638246103134,1.5241431
RALGPS2,False,False,298,0.21317157,82.78451761987291,369.0,True,0.33911243123327445,1.1636660820537268,1.4971707
ANGPTL1,False,False,328,0.22530329,81.05141536683998,390.0,True,0.323529273800787,1.779183977617939,2.8639832
CEP350,False,False,560,0.42749855,67.64875794338532,740.0,True,0.44747471820308327,1.2124713249345955,1.6055471
MR1,False,False,101,0.064124785,94.16522241478914,111.0,True,0.11864726137104184,1.22534640404997,1.4592087
AL713852.1,False,False,91,0.054881573,94.74292316580012,95.0,True,0.06860325309956887,1.2577901222272516,1.5090224
PLA2G4A,False,False,349,0.25187752,79.83824378971693,436.0,True,0.28624540598076736,1.6241204295105565,2.5196507
ERVMER61-1,False,False,71,0.064124785,95.89832466782207,111.0,True,0.09148201597242206,1.1075524874160645,1.2783496
RGS18,False,False,135,0.12824957,92.20103986135182,222.0,True,0.2411259903607995,1.190504108117428,1.4057124
AL390957.1,False,False,22,0.013287118,98.72905834777586,23.0,True,0.01023647776969926,1.2009772022195915,1.4217926
RGS1,False,False,166,0.16002311,90.41016753321779,277.0,True,0.24214317089404563,1.9604876435673233,2.5879345
RGS2,False,False,181,0.13056037,89.54361640670133,226.0,True,0.1991917880979574,1.492244410274544,1.8690003
CRB1,False,False,10,0.006932409,99.42229924898902,12.0,True,0.02030236488281039,1.5058494862732639,1.8898894
PTPRC,False,False,1016,1.202773,41.30560369728481,2082.0,True,0.7843894720289607,1.8029869948489852,2.3938124
AL157402.2,False,False,139,0.08549971,91.96995956094743,148.0,True,0.11885410719285051,1.1105239802844022,1.282912
MIR181A1HG,False,False,438,0.51993066,74.69670710571924,900.0,True,0.3244367534720363,1.935347383215053,3.210758
KDM5B,False,False,578,0.46793762,66.60889659156557,810.0,True,0.47523891161348986,1.6424933323773916,2.5604494
LAX1,False,False,34,0.02195263,98.03581744656267,38.0,True,0.013685934798307169,1.2264113859607577,1.4608439
PLEKHA6,False,False,75,0.045060657,95.66724436741768,78.0,True,0.035632386420902634,1.1543393443535985,1.3501855
MDM4,False,False,641,0.49162334,62.969381860196414,851.0,True,0.514329845908279,1.0777220641192369,1.3063242
TMCC2,False,False,17,0.012131716,99.01790872328135,21.0,True,0.04161162965466307,1.4376210498667992,1.7851323
SLC45A3,False,False,49,0.03061814,97.1692663200462,53.0,True,0.025330827122502755,1.225859837274965,1.459997
RHEX,False,False,683,0.74292314,60.54303870595032,1286.0,True,0.34861277774385313,1.20926926265811,1.5984366
FCMR,False,False,31,0.019641826,98.20912767186597,34.0,True,0.0888952073520999,1.807348290504932,2.3528063
UTP25,False,False,85,0.051415365,95.0895436164067,89.0,True,0.09479447601883245,1.2390432410582928,1.4802387
SERTAD4,False,False,1,0.00057770073,99.94222992489891,1.0,True,0.016997441073669226,1.7114705902625313,2.2055972
C1orf115,False,False,3,0.0017331023,99.8266897746967,3.0,True,0.01319994589145895,1.456717024565684,1.814452
HLX-AS1,False,False,71,0.04390526,95.89832466782207,76.0,True,0.02850636880348446,1.243124209052502,1.4865046
HLX,False,False,58,0.036395147,96.64933564413633,63.0,True,0.029362801292823325,1.0729005611438804,1.2251456
DUSP10,False,False,289,0.20103987,83.30444829578279,348.0,True,0.21677866942895746,1.2160759800379008,1.4449751
AC099066.2,False,False,5,0.0034662045,99.71114962449451,6.0,True,0.016997441073669226,1.7114705902625313,2.2055972
TMEM63A,False,False,120,0.075678796,93.06759098786829,131.0,True,0.10150470900809569,1.1139486756848853,1.2881702
ITPKB,False,False,107,0.06585789,93.81860196418256,114.0,True,0.0956927012154755,1.1271978990880558,1.3085129
LINC02814,False,False,3,0.0028885037,99.8266897746967,5.0,True,0.013056371499180817,1.0809200254140936,1.2374585
PCNX2,False,False,232,0.1542461,86.59734257654534,267.0,True,0.16131751910998013,1.515749286520038,1.9050894
TARBP1,False,False,518,0.3847487,70.07510109763142,666.0,True,0.39802552167742766,1.117169924685655,1.3939217
NID1,False,False,7,0.004621606,99.59560947429232,8.0,True,0.024024359295738214,1.417783489129043,1.754674
CHRM3,False,False,883,1.0566146,48.98902368573079,1829.0,True,0.6869526052436351,1.3015661890869472,1.4304726
SDCCAG8,False,False,757,0.6441363,56.2680531484691,1115.0,True,0.4392911956477757,1.1797814241818372,1.5329562
AL645465.1,False,False,38,0.02195263,97.80473714615829,38.0,True,0.03010205948864195,1.1529203259910583,1.3480067
EFCAB2,False,False,645,0.52859616,62.738301559792035,915.0,True,0.43386724078533156,1.0935399634622507,1.3414493
KIF26B,False,False,55,0.034662046,96.82264586943963,60.0,True,0.055579608389054756,1.166821548744086,1.3693506
NLRP3,False,False,64,0.03928365,96.30271519352975,68.0,True,0.04128398792900511,1.1005937090360813,1.2676651
ID2,False,False,269,0.26227614,84.45984979780474,454.0,True,0.32418028944381605,1.594746317163838,2.4544227
RN7SL832P,False,False,28,0.01617562,98.38243789716927,28.0,True,0.025863469606768278,1.2222681519759993,1.4544824
SLC66A3,False,False,234,0.14326979,86.48180242634315,248.0,True,0.1753273197225665,1.0667895083304717,1.2157627
MIR3681HG,False,False,29,0.017908724,98.32466782206816,31.0,True,0.04138819533332254,1.092118892956296,1.2546531
LINC01804,False,False,1,0.00057770073,99.94222992489891,1.0,True,0.01067043215933259,1.2427135698306102,1.485874
AC010745.2,False,False,91,0.055459272,94.74292316580012,96.0,True,0.06742372367567905,1.498566049607394,1.8787065
AC010880.1,False,False,54,0.035239745,96.88041594454073,61.0,True,0.034995887756973175,1.0792292108821597,1.2348624
FAM49A,False,False,59,0.036395147,96.59156556903524,63.0,True,0.06208410516794523,1.1329778086636384,1.3173873
DNAJC27,False,False,275,0.18659735,84.11322934719814,323.0,True,0.2439291883350127,1.5702921556204343,1.9888337
AC010896.1,False,False,15,0.008665511,99.13344887348353,15.0,True,0.0181898140278857,1.6476348407822479,2.1075847
FOSL2,False,False,186,0.119584054,89.25476603119584,207.0,True,0.07513442504766701,1.0863133298743939,1.2457393
SPDYA,False,False,49,0.03235124,97.1692663200462,56.0,True,0.11504933472379839,2.2850885677252806,3.0863223
ALK,False,False,33,0.020219527,98.09358752166378,35.0,True,0.022521441425629334,1.371071375086136,1.6829529
LTBP1,False,False,283,0.50895435,83.65106874638937,881.0,True,0.8083216531861435,1.8392967643011127,2.4635715
LINC01320,False,False,11,0.006354708,99.36452917388793,11.0,True,0.021425291247311237,1.1913926689392145,1.4070767
CRIM1,False,False,106,0.06874639,93.87637203928365,119.0,True,0.07549647157254147,1.8041709260530339,2.347928
CYP1B1-AS1,False,False,24,0.014442518,98.61351819757365,25.0,True,0.025933240831321272,1.3351478770908665,1.6277964
SLC8A1-AS1,False,False,10,0.006354708,99.42229924898902,11.0,True,0.02559971271961548,1.4783879035458154,1.8477252
EML4,False,False,408,0.29982668,76.42980935875217,519.0,True,0.3930419112229776,1.268573599243392,1.7301271
OXER1,False,False,9,0.0051993066,99.48006932409012,9.0,True,0.01067043215933259,1.2427135698306102,1.485874
HAAO,False,False,86,0.05199307,95.03177354130561,90.0,True,0.03630627659083374,1.247142275632582,1.4926739
ZFP36L2,False,False,1370,3.3651068,20.854997111496242,5825.0,True,1.304884350431128,1.639417681141412,1.3208647
PRKCE,False,False,439,0.34950894,74.63893703061815,605.0,True,0.4028450014411875,1.392793045197001,2.0059676
AC018682.1,False,False,157,0.10109763,90.93009820912768,175.0,True,0.11182606489933569,1.856673143712654,2.428539
TTC7A,False,False,372,0.29693818,78.50953206239168,514.0,True,0.24927375020080794,1.0758684918219135,1.2297025
STPG4,False,False,78,0.04794916,95.49393414211438,83.0,True,0.08694242885446327,1.174896619451574,1.3817489
EPCAM-DT,False,False,38,0.022530328,97.80473714615829,39.0,True,0.031623910566540826,1.1104689688640923,1.2828275
NRXN1,False,False,10,0.0057770074,99.42229924898902,10.0,True,0.030440451310407835,1.2947600921996114,1.5657856
ACYP2,False,False,566,0.4500289,67.30213749277874,779.0,True,0.32383045778838715,1.0844504456856803,1.3212652
SPTBN1,False,False,380,0.27325246,78.0473714615829,473.0,True,0.3239187854739012,1.6444170385935843,2.564721
LINC01122,False,False,603,0.5459272,65.16464471403813,945.0,True,0.37424903822636113,1.9083838194470477,3.150883
BCL11A,False,False,900,0.9295205,48.00693240901212,1609.0,True,0.6370054191147877,1.2968922438260098,1.4214929
LINC01185,False,False,15,0.009243212,99.13344887348353,16.0,True,0.043276014466250075,2.130480144445807,2.8489387
REL,False,False,545,0.3945696,68.5153090699018,683.0,True,0.3824196283065704,1.1920672064623639,1.5602379
PEX13,False,False,260,0.17215483,84.97978047371461,298.0,True,0.1972870044391337,1.145285605124205,1.3362845
WDPCP,False,False,568,0.4644714,67.18659734257655,804.0,True,0.4088980755784665,1.165788039147653,1.5018827
CEP68,False,False,335,0.2270364,80.64702484113229,393.0,True,0.1991865918067359,1.0887971278529784,1.2495528
MEIS1,False,False,922,1.2339689,46.735990756787984,2136.0,True,0.8808531579603396,1.6735383417931589,1.6716814
LINC01798,False,False,82,0.051415365,95.26285384171,89.0,True,0.0725086007044082,1.8194884615892202,2.3714464
PLEK,False,False,441,0.64240324,74.52339688041593,1112.0,True,0.9568733346892366,2.401554532153909,2.886574
ARHGAP25,False,False,322,0.26054305,81.39803581744656,451.0,True,0.2875518484458997,1.5087056717037197,2.263362
AAK1,False,False,288,0.19757366,83.36221837088388,342.0,True,0.2156234633101953,1.6720977737107143,2.1451447
AC007881.3,False,False,4,0.002310803,99.7689196995956,4.0,True,0.00909122098479082,1.0817553323194926,1.238741
AC005041.5,False,False,41,0.024841132,97.631426920855,43.0,True,0.052983564279525726,1.8371416750707863,2.3985507
M1AP,False,False,7,0.004043905,99.59560947429232,7.0,True,0.014062945515396094,1.0829029008528506,1.240503
TCF7L1,False,False,4,0.0028885037,99.7689196995956,5.0,True,0.03726670054799295,2.313369075083162,3.1297438
VAMP5,False,False,716,0.65684575,58.636626227614094,1137.0,True,0.279431512672381,1.0828791764739878,1.3177761
AC015971.1,False,False,48,0.028307337,97.22703639514731,49.0,True,0.03267261777579544,1.1752980291274777,1.3823652
AC068279.2,False,False,34,0.020219527,98.03581744656267,35.0,True,0.03645247543380856,1.0834402402714436,1.241328
EIF2AK3,False,False,227,0.14731368,86.88619295205083,255.0,True,0.2135514533923993,1.2077153744461764,1.4321383
IGKC,False,False,9,0.0768342,99.48006932409012,133.0,True,0.8526480509405107,4.341011626196852,6.1230845
AC092835.1,False,False,16,0.009243212,99.07567879838244,16.0,True,0.058074363532852634,1.8873880834863772,2.4756985
DUSP2,False,False,276,0.22125939,84.05545927209705,383.0,True,0.20354094646075316,1.1698503351640985,1.3740009
AC013270.1,False,False,5,0.0028885037,99.71114962449451,5.0,True,0.017532420542853155,1.6228005313230567,2.0694544
KANSL3,False,False,143,0.090121314,91.73887926054304,156.0,True,0.1014549148770822,1.3099120455742164,1.5890497
ANKRD23,False,False,69,0.041016754,96.01386481802426,71.0,True,0.05675128998569382,1.106801467652851,1.2771965
ANKRD36,False,False,449,0.31831312,74.06123627960717,551.0,True,0.42942385388130744,1.5480434582879068,2.350715
AC092683.1,False,False,81,0.048526864,95.32062391681109,84.0,True,0.10758953429630282,1.253518689309321,1.502464
AFF3,False,False,794,0.8804159,54.13056036972848,1524.0,True,0.7441711620811082,2.2274342192068417,3.2092693
MAP4K4,False,False,439,0.384171,74.63893703061815,665.0,True,0.4509309790707505,1.2219212583295957,1.6265315
IL18R1,False,False,46,0.028885037,97.34257654534952,50.0,True,0.0551753234005383,1.1554783122241368,1.3519343
LINC01114,False,False,4,0.002310803,99.7689196995956,4.0,True,0.01067043215933259,1.2427135698306102,1.485874
ECRG4,False,False,17,0.009820913,99.01790872328135,17.0,True,0.02964185919855842,1.3427165813533168,1.6394173
SULT1C4,False,False,108,0.06354708,93.76083188908146,110.0,True,0.052186962515146734,1.1771174489572416,1.3851587
RGPD5,False,False,32,0.019064125,98.15135759676488,33.0,True,0.039599357057403035,1.1394655677331924,1.3273485
AC017002.5,False,False,264,0.21779318,84.74870017331023,377.0,True,0.3124641158344655,1.305940107185304,1.8131028
IL1B,False,False,466,0.389948,73.0791450028885,675.0,True,0.297025223511176,1.0930242254427631,1.3403041
PAX8,False,False,23,0.013864818,98.67128827267476,24.0,True,0.028801917057302687,1.0822953342220822,1.2395701
AC016745.2,False,False,8,0.0051993066,99.53783939919121,9.0,True,0.01798137950131305,1.624035102971481,2.0713499
C2orf76,False,False,237,0.146736,86.30849220103987,254.0,True,0.14160605291752604,1.15885291887227,1.3571156
DBI,False,False,1000,1.0912768,42.22992489890237,1889.0,True,0.6997811760305994,1.32136033166323,1.4685014
AC011246.1,False,False,16,0.011554015,99.07567879838244,20.0,True,0.019669540956100913,1.4667769914081414,1.829898
LIMS2,False,False,4,0.0028885037,99.7689196995956,5.0,True,0.023487880532916026,1.3432808439345434,1.6402837
AC140481.1,False,False,1,0.00057770073,99.94222992489891,1.0,True,0.019308452185632867,1.8401097725484858,2.403108
NCKAP5-AS1,False,False,1,0.00057770073,99.94222992489891,1.0,True,0.016997441073669226,1.7114705902625313,2.2055972
MGAT5,False,False,208,0.13171577,87.9838243789717,228.0,True,0.14452853194133639,1.4733641008931455,1.8400117
RAB3GAP1,False,False,511,0.3893703,70.4794916233391,674.0,True,0.4356798700497382,1.0582458348205828,1.2630756
CXCR4,False,False,242,0.20450607,86.01964182553438,354.0,True,0.4044134031757258,2.6336938770985023,4.7614985
HNMT,False,False,35,0.02195263,97.97804737146159,38.0,True,0.02838810954243237,1.3950688157272506,1.7197982
AC079793.1,False,False,376,0.25649914,78.27845176198728,444.0,True,0.2937984055240882,1.2504590777785296,1.6899022
AC092652.2,False,False,54,0.03177354,96.88041594454073,55.0,True,0.052105466866855875,1.199449348534023,1.4194468
EPC2,False,False,303,0.19872905,82.49566724436743,344.0,True,0.25978008692536636,1.695867058862191,2.1816397
LYPD6B,False,False,27,0.01559792,98.44020797227037,27.0,True,0.03380574420858294,1.499449598886504,1.880063
TNFAIP6,False,False,7,0.006354708,99.59560947429232,11.0,True,0.08832363101329216,3.2479999571799993,4.564763
CACNB4,False,False,106,0.07221259,93.87637203928365,125.0,True,0.06391072898182065,1.0578677465853306,1.2020644
NR4A2,False,False,257,0.20277296,85.15309069901791,351.0,True,0.23030189604822274,1.591447545663872,2.0213153
CYTIP,False,False,166,0.113807045,90.41016753321779,197.0,True,0.10684795799297254,1.1938640007931718,1.4108711
ACVR1C,False,False,5,0.0034662045,99.71114962449451,6.0,True,0.03949527172203674,2.2600762978040705,3.0479188
BAZ2B,False,False,539,0.401502,68.86192952050838,695.0,True,0.3927113467059248,1.2217097735219702,1.6260618
COBLL1,False,False,198,0.13633738,88.56152512998267,236.0,True,0.23008524007419556,1.1410446560753746,1.3297731
AC019197.1,False,False,11,0.00751011,99.36452917388793,13.0,True,0.025686069100109767,1.1419828412149151,1.3312135
SCN3A,False,False,8,0.0051993066,99.53783939919121,9.0,True,0.04517122609786626,1.3155400374643351,1.5976908
SCN7A,False,False,12,0.006932409,99.30675909878683,12.0,True,0.010842330859962843,1.2587811215845084,1.510544
AC073050.1,False,False,23,0.01617562,98.67128827267476,28.0,True,0.04922855378397788,1.3309427982336828,1.62134
PHOSPHO2,False,False,98,0.057770073,94.33853264009244,100.0,True,0.0734915099728831,1.634988352889902,2.0881674
RAPGEF4,False,False,8,0.004621606,99.53783939919121,8.0,True,0.009360594524854503,1.1110897750700668,1.2837807
AC010894.3,False,False,235,0.15135759,86.42403235124205,262.0,True,0.23652695951583405,1.1983473247663297,1.4177548
HAGLROS,False,False,1,0.00057770073,99.94222992489891,1.0,True,0.009360594524854503,1.1110897750700668,1.2837807
AC079305.3,False,False,31,0.018486423,98.20912767186597,32.0,True,0.029351605764264255,1.3369073930066913,1.6304979
CERKL,False,False,4,0.002310803,99.7689196995956,4.0,True,0.013074835307256746,1.259435866741453,1.5115492
PDE1A,False,False,52,0.034084346,96.99595609474292,59.0,True,0.02885414963319901,1.2043717446731959,1.4270046
FRZB,False,False,1,0.0028885037,99.94222992489891,5.0,True,0.08223745768836671,3.3209084246018064,4.676706
ZNF804A,False,False,555,0.4534951,67.93760831889082,785.0,True,0.33752182992074764,1.0691236360871326,1.2872307
AC009315.1,False,False,101,0.06354708,94.16522241478914,110.0,True,0.10994430179958826,1.3540293386083722,1.6567868
FSIP2,False,False,27,0.01617562,98.44020797227037,28.0,True,0.05521170799363961,2.0027426669667276,2.6528122
AC007319.1,False,False,300,0.21721548,82.66897746967071,376.0,True,0.2031948769044379,1.3504320049868215,1.6512635
CALCRL,False,False,256,0.17908724,85.21086077411901,310.0,True,0.10270234348154794,1.0570932236531208,1.2008752
TFPI,False,False,716,0.6268053,58.636626227614094,1085.0,True,0.44383070298048843,1.0729304434142577,1.295684
AC067945.4,False,False,22,0.013287118,98.72905834777586,23.0,True,0.030786342942418485,1.3948673810171595,1.719489
CAVIN2,False,False,421,0.35932988,75.67879838243789,622.0,True,0.42659402938394764,1.2800177522773442,1.7555399
STK17B,False,False,770,0.7487002,55.51704217215483,1296.0,True,0.6728066242082689,1.608164840484762,2.0195162
AC114760.2,False,False,300,0.21201618,82.66897746967071,367.0,True,0.3296288560305578,1.6615064032155216,2.6026695
ANKRD44,False,False,444,0.32928944,74.35008665511265,570.0,True,0.3688029563784462,1.2520274738532926,1.693385
SPATS2L,False,False,131,0.08838821,92.43212016175622,153.0,True,0.07008688985239997,1.1305509540758534,1.3136611
AC007163.1,False,False,18,0.010398613,98.96013864818023,18.0,True,0.016163480980507756,1.159969783988432,1.3588305
CLK1,False,False,533,0.4043905,69.20854997111496,700.0,True,0.4036412221115482,1.3398709667685729,1.8884493
ICA1L,False,False,130,0.08087811,92.4898902368573,140.0,True,0.1302485563952677,1.5265566800662822,1.9216828
NRP2,False,False,4,0.0034662045,99.7689196995956,6.0,True,0.027822951848638557,2.2097020439861734,2.9705749
DYTN,False,False,396,0.305026,77.12305025996532,528.0,True,0.23639055751430021,1.4439641983730087,1.7948716
KLF7,False,False,191,0.12651646,88.96591565569035,219.0,True,0.15520251449918546,1.3340797936156459,1.6261566
LINC01857,False,False,5,0.004621606,99.71114962449451,8.0,True,0.03894882657911138,1.5074052992952665,1.8922781
CRYGD,False,False,824,0.73945695,52.39745811669555,1280.0,True,0.33963826180945916,1.3050795182090567,1.8111918
IDH1,False,False,185,0.12305026,89.31253610629693,213.0,True,0.2014877816594526,1.2205721674589212,1.4518784
KANSL1L,False,False,265,0.17619874,84.69093009820912,305.0,True,0.21605827657346938,1.362255633943179,1.6694173
ERBB4,False,False,8,0.004621606,99.53783939919121,8.0,True,0.018416180416457265,1.3071981212414987,1.5848827
AC093865.1,False,False,24,0.01502022,98.61351819757365,26.0,True,0.03809126004035127,1.519258904547603,1.910478
IKZF2,False,False,98,0.06354708,94.33853264009244,110.0,True,0.0665778597040932,1.1191466346515764,1.2961512
FN1,False,False,56,0.035239745,96.76487579433854,61.0,True,0.02890317365100601,1.1628319498036142,1.363225
AC093382.1,False,False,2,0.0011554015,99.8844598497978,2.0,True,0.01319994589145895,1.456717024565684,1.814452
RPL37A,False,True,1685,43.68573,2.657423454650487,75620.0,True,3.664921287520122,1.8097262226201105,1.2170404
IGFBP5,False,False,4,0.009820913,99.7689196995956,17.0,True,0.22266556950022764,4.313381828701741,6.200536
AC007563.2,False,False,3,0.0017331023,99.8266897746967,3.0,True,0.025043004147177916,1.5242711181665232,1.9181737
TNS1,False,False,70,0.042172156,95.95609474292317,73.0,True,0.050735615035141735,1.0773503546788947,1.2319777
INHA,False,False,4,0.002310803,99.7689196995956,4.0,True,0.009417543497649178,1.117183739623988,1.2931373
SGPP2,False,False,4,0.002310803,99.7689196995956,4.0,True,0.012249410812943885,1.3815058488215886,1.6989738
AC097662.1,False,False,17,0.010398613,99.01790872328135,18.0,True,0.018062785988635175,1.5132113824178708,1.9011927
SP140,False,False,19,0.010976315,98.90236857307914,19.0,True,0.050015164502172554,1.169810582756325,1.3739399
ITM2C,False,False,978,1.1883304,43.500866551126514,2057.0,True,0.6595549266269558,1.708077557941181,2.2114706
AGAP1,False,False,48,0.034084346,97.22703639514731,59.0,True,0.0811447697557239,1.67086511499354,2.1432521
LRRFIP1,False,False,1286,1.7631427,25.70768341998845,3052.0,True,0.946607902899425,1.6281165385142304,1.5958829
RAMP1,False,False,236,0.16984402,86.36626227614096,294.0,True,0.16384624440597087,1.2052394004050404,1.4283367
PER2,False,False,228,0.1496245,86.82842287694974,259.0,True,0.17803542005558004,1.2299126392213293,1.4662197
SNED1,False,False,189,0.13922589,89.08145580589255,241.0,True,0.17177024523690515,1.1046492794281924,1.273892
SETMAR,False,False,197,0.121317156,88.61929520508377,210.0,True,0.14743599504508,1.091141796699396,1.2531528
BHLHE40,False,False,157,0.11669555,90.93009820912768,202.0,True,0.07784047511957894,1.2296727267193572,1.4658513
IRAK2,False,False,23,0.013864818,98.67128827267476,24.0,True,0.04331755385956671,1.3075231587298752,1.5853819
GHRL,False,False,39,0.024263432,97.74696707105718,42.0,True,0.023885138295498595,1.360446827258199,1.66664
PPARG,False,False,4,0.002310803,99.7689196995956,4.0,True,0.0262009977573798,1.5346011597201863,1.9340342
CAND2,False,False,9,0.0051993066,99.48006932409012,9.0,True,0.020957221415131733,1.6669464684545028,2.1372354
IQSEC1,False,False,127,0.08665511,92.6632004621606,150.0,True,0.14796700006981228,1.2483757948496141,1.4945678
RBSN,False,False,237,0.1502022,86.30849220103987,260.0,True,0.19816690452905975,1.1107443911721948,1.2832505
SH3BP5,False,False,58,0.03870595,96.64933564413633,67.0,True,0.07429679855309725,1.0619338732442396,1.2083074
BTD,False,False,991,1.0883882,42.749855574812244,1884.0,True,0.7015703336463462,1.6124068096713664,2.0276659
ANKRD28,False,False,1511,3.546505,12.70941652224148,6139.0,True,1.4353832072829156,2.0636892437798626,1.5347899
DAZL,False,False,2,0.0011554015,99.8844598497978,2.0,True,0.022197615126242784,1.3402481232740975,1.6356273
KCNH8,False,False,21,0.01617562,98.78682842287695,28.0,True,0.020198638190563653,1.313273286968533,1.5942105
SGO1-AS1,False,False,31,0.023685731,98.20912767186597,41.0,True,0.028644078958040213,1.3596944654208403,1.6654849
ZNF385D,False,False,793,1.6048527,54.18833044482958,2778.0,True,0.5913350523377245,1.634651026064243,2.070402
ZNF385D-AS2,False,False,291,0.2270364,83.18890814558058,393.0,True,0.11206731330493896,1.679138091866407,2.1559544
NR1D2,False,False,219,0.14384748,87.34835355285962,249.0,True,0.15962873356916465,1.3860412721144588,1.7059375
THRB,False,False,290,0.2328134,83.24667822068167,403.0,True,0.1823230704985891,1.7322641709554223,2.2375233
LINC01980,False,False,5,0.0028885037,99.71114962449451,5.0,True,0.00909122098479082,1.0817553323194926,1.238741
RBMS3,False,False,10,0.00751011,99.42229924898902,13.0,True,0.05817270024854722,2.675716086489057,3.6860864
RBMS3-AS3,False,False,1,0.00057770073,99.94222992489891,1.0,True,0.016997441073669226,1.7114705902625313,2.2055972
RBMS3-AS2,False,False,1,0.00057770073,99.94222992489891,1.0,True,0.016997441073669226,1.7114705902625313,2.2055972
AC116035.1,False,False,1,0.00057770073,99.94222992489891,1.0,True,0.009360594524854503,1.1110897750700668,1.2837807
TGFBR2,False,False,375,0.27902946,78.33622183708839,483.0,True,0.2908982687753233,1.5378193950271768,2.3280115
OSBPL10,False,False,95,0.06354708,94.51184286539572,110.0,True,0.1804954917776207,1.698631243636128,2.1858838
OSBPL10-AS1,False,False,2,0.0017331023,99.8844598497978,3.0,True,0.02741234133934684,2.1946278595565354,2.9474301
CMTM8,False,False,240,0.15829,86.13518197573657,274.0,True,0.20665719349518016,1.1446618359918603,1.3353268
TMPPE,False,False,13,0.00751011,99.24898902368572,13.0,True,0.01715215808010879,1.3006267700116771,1.5747932
AC112220.2,False,False,11,0.00751011,99.36452917388793,13.0,True,0.02476699159596222,1.4080643631865903,1.7397515
STAC,False,False,163,0.10803004,90.5834777585211,187.0,True,0.1502114382966713,1.099434403698762,1.2658852
TRANK1,False,False,269,0.18139803,84.45984979780474,314.0,True,0.19576764854260223,1.2513251220494377,1.4990962
ITGA9,False,False,594,0.52513,65.68457538994801,909.0,True,0.35330468715754487,1.3410797189062909,1.8911334
ITGA9-AS1,False,False,438,0.32235703,74.69670710571924,558.0,True,0.25270824971317807,1.0960948281452987,1.2607577
CTDSPL,False,False,550,0.44136336,68.2264586943963,764.0,True,0.4734518350412069,1.2325254876591323,1.6500791
XYLB,False,False,145,0.09300982,91.62333911034084,161.0,True,0.13427185223315857,1.1037888457442186,1.272571
SCN11A,False,False,31,0.021374928,98.20912767186597,37.0,True,0.029927752021835785,1.5240628803029264,1.917854
TTC21A,False,False,33,0.020797227,98.09358752166378,36.0,True,0.03589443119017828,1.2557305484584018,1.5058602
ULK4,False,False,829,0.7752744,52.10860774119006,1342.0,True,0.75346483491795,1.8988669524555792,2.5780191
ZBTB47,False,False,11,0.006354708,99.36452917388793,11.0,True,0.021937009335919893,1.648057985976545,2.1082344
CCDC13-AS1,False,False,2,0.0017331023,99.8844598497978,3.0,True,0.012932516272682975,1.4361151051269214,1.7828201
ZNF852,False,False,446,0.30560368,74.23454650491045,529.0,True,0.23955931596600666,1.7298139676672533,2.2337613
ZKSCAN7,False,False,22,0.013287118,98.72905834777586,23.0,True,0.019792592302924496,1.1834819883168581,1.3949307
KIF9,False,False,864,0.8093588,50.08665511265165,1401.0,True,0.6696823274280682,1.213040799927197,1.2603958
LAMB2,False,False,21,0.012131716,98.78682842287695,21.0,True,0.014495832938692298,1.0549986953837769,1.1976593
STAB1,False,False,9,0.006932409,99.48006932409012,12.0,True,0.03404016970171873,2.053922676535492,2.7313933
ACTR8,False,False,76,0.04563836,95.60947429231658,79.0,True,0.07723868986364868,1.4302703071034668,1.7738461
CACNA2D3,False,False,42,0.024263432,97.5736568457539,42.0,True,0.03966201844328902,1.969869180862312,2.6023388
ARHGEF3,False,False,281,0.20623916,83.76660889659156,357.0,True,0.22314645876181352,1.3908691230123225,1.71335
APPL1,False,False,495,0.3691508,71.40381282495667,639.0,True,0.32090498901094255,1.6914558611101451,2.669175
AC093928.1,False,False,6,0.004043905,99.65337954939342,7.0,True,0.00909122098479082,1.0817553323194926,1.238741
DENND6A-AS1,False,False,179,0.12362796,89.65915655690353,214.0,True,0.20355770630337824,1.1159367247917287,1.2912227
FLNB,False,False,216,0.14269209,87.5216637781629,247.0,True,0.20633551670540404,1.4904139155523313,1.8661897
DNASE1L3,False,False,5,0.0051993066,99.71114962449451,9.0,True,0.03408022254005165,2.0533554994294807,2.7305224
AC126121.3,False,False,23,0.013287118,98.67128827267476,23.0,True,0.019514191767801812,1.2436033683094936,1.4872403
ADAMTS9,False,False,4,0.0028885037,99.7689196995956,5.0,True,0.01863437882461003,1.8042369309317288,2.3480294
ADAMTS9-AS2,False,False,5,0.004043905,99.71114962449451,7.0,True,0.0516164763065331,2.7812229222749236,3.8480802
MAGI1,False,False,10,0.013287118,99.42229924898902,23.0,True,0.06523611842255882,2.4868243702036947,3.3960645
FRMD4B,False,False,663,0.67128825,61.69844020797227,1162.0,True,0.4742219343306896,1.4590131990025281,2.1530154
AC097634.1,False,False,8,0.0051993066,99.53783939919121,9.0,True,0.030699823000132558,1.8330776969734772,2.392311
GXYLT2,False,False,22,0.012709416,98.72905834777586,22.0,True,0.030982347316697946,1.4442304199783365,1.7952802
LINC02018,False,False,45,0.027151935,97.4003466204506,47.0,True,0.05972304608872437,1.9729871614003995,2.607126
ROBO2,False,False,10,0.00808781,99.42229924898902,14.0,True,0.029676225752732332,2.1484277024589136,2.8764951
ROBO1,False,False,47,0.03004044,97.28480647024841,52.0,True,0.04375608322048027,1.312017534600079,1.5922824
VGLL3,False,False,2,0.0011554015,99.8844598497978,2.0,True,0.016997441073669226,1.7114705902625313,2.2055972
PROS1,False,False,51,0.03986135,97.05372616984403,69.0,True,0.10899459143949103,1.2177850986408412,1.4475993
ARL13B,False,False,201,0.13113807,88.38821490467937,227.0,True,0.1511735369371975,1.0741006818888932,1.2269882
ST3GAL6-AS1,False,False,40,0.023685731,97.6891969959561,41.0,True,0.031275773967849044,1.3253421844684967,1.6127409
NFKBIZ,False,False,552,0.47602543,68.1109185441941,824.0,True,0.43494763084262644,2.0036437365543067,3.362416
CD200,False,False,77,0.04621606,95.55170421721549,80.0,True,0.05973798233020835,1.13527659746945,1.3209169
BTLA,False,False,3,0.0017331023,99.8266897746967,3.0,True,0.016694963766003074,1.6933632163556827,2.1777954
CCDC80,False,False,30,0.025418833,98.26689774696708,44.0,True,0.018190308091920356,1.0842480615264365,1.2425684
ZBTB20,False,False,1340,2.9832466,22.588099364529178,5164.0,True,1.188693738730699,1.8089377870508845,1.5841184
ZBTB20-AS1,False,False,11,0.006354708,99.36452917388793,11.0,True,0.021149771294658427,1.1305971205536094,1.313732
AC026341.1,False,False,72,0.048526864,95.84055459272098,84.0,True,0.05664005102479672,1.7867799133595004,2.3212261
AC092691.1,False,False,1,0.0017331023,99.94222992489891,3.0,True,0.0207538489642696,1.9130236375757788,2.515059
ARHGAP31,False,False,51,0.03235124,97.05372616984403,56.0,True,0.034531772882003924,1.3036145129262986,1.5793805
ARHGAP31-AS1,False,False,9,0.0051993066,99.48006932409012,9.0,True,0.009867793443734328,1.1641112950519275,1.3651892
ITGB5,False,False,20,0.014442518,98.84459849797804,25.0,True,0.05383397353664238,1.1659945324626402,1.3680807
AC092903.2,False,False,13,0.00751011,99.24898902368572,13.0,True,0.016490431670701647,1.6809339017712435,2.1587114
ALG1L,False,False,19,0.010976315,98.90236857307914,19.0,True,0.03586207635373261,2.2443573643472154,3.0237842
GATA2,False,False,541,0.5609474,68.74638937030618,971.0,True,0.5637818693942583,1.5611169181075792,1.9291267
GP9,False,False,62,0.0785673,96.41825534373196,136.0,True,0.27140786783317045,1.7565458734200694,2.274805
AC137695.3,False,False,8,0.004621606,99.53783939919121,8.0,True,0.022281984311013667,1.4922916768226782,1.8690728
IFT122,False,False,166,0.10687464,90.41016753321779,185.0,True,0.14450847360134622,1.2906178142747995,1.5594256
PIK3R4,False,False,211,0.14442518,87.8105141536684,250.0,True,0.17109053511356107,1.1193833705631515,1.2965146
AC055733.2,False,False,115,0.07394569,93.35644136337378,128.0,True,0.09515951561000438,1.2611385570485472,1.5141635
TMEM108,False,False,18,0.011554015,98.96013864818023,20.0,True,0.043374180895357134,2.173981119051452,2.9157295
TF,False,False,13,0.00808781,99.24898902368572,14.0,True,0.03944598387423594,2.2643141171248793,3.0544255
AMOTL2,False,False,2,0.0011554015,99.8844598497978,2.0,True,0.01067043215933259,1.2427135698306102,1.485874
AC092969.1,False,False,106,0.06874639,93.87637203928365,119.0,True,0.10675015580702193,1.2377695622935636,1.4782832
PPP2R3A,False,False,98,0.06239168,94.33853264009244,108.0,True,0.08568477544709466,1.343807514200543,1.6410923
SLC9A9,False,False,210,0.17619874,87.8682842287695,305.0,True,0.30785475124577566,1.23725138339552,1.6605734
TM4SF1,False,False,199,0.14500289,88.50375505488157,251.0,True,0.12937813972907033,1.5698604273057661,1.9881709
ANKUB1,False,False,130,0.08087811,92.4898902368573,140.0,True,0.09584728957502922,1.150468466692577,1.3442422
ERICH6,False,False,17,0.011554015,99.01790872328135,20.0,True,0.02770785694881237,1.3473840526784946,1.6465837
SIAH2,False,False,449,0.35701907,74.06123627960717,618.0,True,0.48430538754442504,1.03998350618944,1.2225224
MED12L,False,False,934,1.1224725,46.04274985557482,1943.0,True,0.946310153404094,1.6791279090352946,1.6810092
P2RY14,False,False,775,0.88734835,55.22819179664933,1536.0,True,0.8147123504382613,1.7503426173200105,2.292671
IGSF10,False,False,310,0.23396881,82.09127671865973,405.0,True,0.31496855743601315,1.0858306898039227,1.3243302
MBNL1,False,False,1311,1.9312536,24.263431542461,3343.0,True,1.2603001616142497,1.7477530759782656,1.4891025
MME,False,False,16,0.018486423,99.07567879838244,32.0,True,0.13932550244524422,2.1707389548603504,2.9107513
MME-AS1,False,False,2,0.0011554015,99.8844598497978,2.0,True,0.012293108266933089,1.0557103840816822,1.1987519
TIPARP,False,False,110,0.07105719,93.64529173887925,123.0,True,0.10948580188540144,1.3099428459297386,1.589097
CCNL1,False,False,991,0.98209125,42.749855574812244,1700.0,True,0.7687883284256604,1.4521330435452204,1.7197447
MLF1,False,False,172,0.13056037,90.06354708261121,226.0,True,0.17071093281978303,1.1685858067966104,1.3720593
IL12A-AS1,False,False,251,0.19584055,85.49971114962449,339.0,True,0.16077570198726032,1.3033109337325393,1.5789144
SERPINI2,False,False,20,0.013287118,98.84459849797804,23.0,True,0.012932516272682975,1.4361151051269214,1.7828201
MECOM,False,False,704,0.6354708,59.32986712882726,1100.0,True,0.4440367814999323,1.2248647455704205,1.6330677
SKIL,False,False,507,0.44194108,70.7105719237435,765.0,True,0.41553278134102445,1.0412786749606404,1.2253984
FNDC3B,False,False,639,0.57943386,63.084922010398614,1003.0,True,0.45414799115615934,1.349046529506678,1.9088244
NLGN1,False,False,435,0.43674177,74.87001733102254,756.0,True,0.27068031642121204,1.4121341597137915,1.746
NAALADL2,False,False,685,0.6926632,60.427498555748116,1199.0,True,0.52284982050406,1.6618095249918594,2.6033425
AC069431.1,False,False,10,0.0057770074,99.42229924898902,10.0,True,0.01840431788115971,1.4868031791195377,1.8606459
MCF2L2,False,False,366,0.24898903,78.85615251299826,431.0,True,0.29374583909039065,1.046715169480459,1.2374706
KLHL24,False,False,575,0.44367418,66.78220681686886,768.0,True,0.3897945745096514,1.258904051009907,1.708655
DVL3,False,False,61,0.036395147,96.47602541883305,63.0,True,0.0593877727889602,1.120805955302504,1.2986988
LINC02069,False,False,4,0.002310803,99.7689196995956,4.0,True,0.00909122098479082,1.0817553323194926,1.238741
TBCCD1,False,False,136,0.08723281,92.14326978625073,151.0,True,0.1138087457006857,1.173644098089963,1.3798257
ST6GAL1,False,False,405,0.2952051,76.60311958405546,511.0,True,0.3299600022362888,1.337003756333061,1.8820825
BCL6,False,False,50,0.029462738,97.11149624494512,51.0,True,0.024564817215454726,1.4390795964888328,1.7873718
LPP,False,False,543,0.43847486,68.63084922010398,759.0,True,0.39574640554289875,1.53916828648696,2.3310068
TPRG1,False,False,3,0.002310803,99.8266897746967,4.0,True,0.033710794092082594,2.404617871382709,3.269846
P3H2,False,False,3,0.0017331023,99.8266897746967,3.0,True,0.009360594524854503,1.1110897750700668,1.2837807
HES1,False,False,25,0.01617562,98.55574812247256,28.0,True,0.05702670887888234,1.0537776506536896,1.1957844
PPP1R2,False,False,663,0.5106875,61.69844020797227,884.0,True,0.44888725367174653,1.3410332381420742,1.8910302
MUC20,False,False,16,0.009820913,99.07567879838244,17.0,True,0.016490431670701647,1.6809339017712435,2.1587114
TNK2,False,False,145,0.08665511,91.62333911034084,150.0,True,0.14466520460981477,1.4001008686883352,1.7275244
UBXN7,False,False,320,0.21259388,81.51357596764875,368.0,True,0.2608830733703079,1.0843223498138834,1.2426823
RNF168,False,False,642,0.5297516,62.911611785095324,917.0,True,0.4008137504015844,1.0294938806600542,1.1992292
MELTF,False,False,55,0.033506643,96.82264586943963,58.0,True,0.038456544447499554,1.2936390098471229,1.5640643
AC024560.5,False,False,42,0.024263432,97.5736568457539,42.0,True,0.0445942865116418,1.3241334952115666,1.6108851
RUBCN,False,False,102,0.06354708,94.10745233968805,110.0,True,0.08678235365729742,1.2724939727704987,1.5315984
ZNF718,False,False,285,0.19295205,83.53552859618718,334.0,True,0.22244359659049365,1.2121034540464577,1.4388757
CPLX1,False,False,4,0.002310803,99.7689196995956,4.0,True,0.016997441073669226,1.7114705902625313,2.2055972
AC092535.4,False,False,13,0.00808781,99.24898902368572,14.0,True,0.024412879796152816,1.4360046428714348,1.7826505
ZBTB49,False,False,51,0.03004044,97.05372616984403,52.0,True,0.048458891065073936,1.1224126333995412,1.3011657
LINC02482,False,False,177,0.11149625,89.77469670710572,193.0,True,0.12121263744715392,1.337748256024731,1.631789
AC105916.1,False,False,73,0.043327555,95.78278451761987,75.0,True,0.041749680315254264,1.0717550114484053,1.2233866
AC005674.2,False,False,8,0.004621606,99.53783939919121,8.0,True,0.03381019511138229,2.2375876988174763,3.01339
CLNK,False,False,36,0.024841132,97.92027729636048,43.0,True,0.06810156739716781,1.4187359039499106,1.7561363
AC006230.1,False,False,33,0.019064125,98.09358752166378,33.0,True,0.016801591677250635,1.1926023107902202,1.408934
AC025539.1,False,False,6,0.0034662045,99.65337954939342,6.0,True,0.014078058432828668,1.2628862816349598,1.516847
AC098829.1,False,False,13,0.009243212,99.24898902368572,16.0,True,0.024112136926107156,1.0927446338815097,1.2556138
TAPT1,False,False,363,0.26400924,79.02946273830156,457.0,True,0.34431089410056626,1.5458138132769241,2.345764
LDB2,False,False,6,0.009820913,99.65337954939342,17.0,True,0.05489269064104305,2.902849145538092,4.0348234
SEL1L3,False,False,128,0.08434431,92.6054303870595,146.0,True,0.09062446243358721,1.4014445181394277,1.7295874
KLF3-AS1,False,False,171,0.10803004,90.1213171577123,187.0,True,0.13541542861279368,1.1921771987041627,1.4082812
TMEM156,False,False,126,0.075678796,92.72097053726169,131.0,True,0.1193407582755926,1.2088387166514791,1.433863
SMIM14,False,False,116,0.071634896,93.29867128827267,124.0,True,0.09173022633252795,1.0541295491372287,1.1963248
RHOH,False,False,572,0.48469093,66.95551704217215,839.0,True,0.5347853447763047,1.6611062854448853,2.6017811
LINC02265,False,False,138,0.09994223,92.02772963604853,173.0,True,0.07919656752543275,1.6975825886755485,2.1842737
NSUN7,False,False,127,0.08203351,92.6632004621606,142.0,True,0.0984560296439997,1.2057939074336743,1.4291881
APBB2,False,False,87,0.06008088,94.97400346620451,104.0,True,0.10477663802769467,1.2897736223122631,1.5581294
LIMCH1,False,False,183,0.13113807,89.42807625649914,227.0,True,0.1291527299260819,1.580388084652803,2.004335
AC027271.1,False,False,7,0.004043905,99.59560947429232,7.0,True,0.011840200787156668,1.0782086775333855,1.2332956
AC110792.3,False,False,4,0.002310803,99.7689196995956,4.0,True,0.009867793443734328,1.1641112950519275,1.3651892
KDR,False,False,1,0.00057770073,99.94222992489891,1.0,True,0.009360594524854503,1.1110897750700668,1.2837807
HOPX,False,False,903,1.5205084,47.83362218370883,2632.0,True,0.6353937882316789,1.9862427367219955,2.7458873
SPINK2,False,False,1152,4.298094,33.44887348353552,7440.0,True,1.300840539119797,2.5444355994154155,2.7262988
AC069307.1,False,False,2,0.0011554015,99.8844598497978,2.0,True,0.020841541106395578,1.7688564621188538,2.2937067
AC009570.2,False,False,4,0.0028885037,99.7689196995956,5.0,True,0.024154228752795576,1.2684908468659932,1.5254521
JCHAIN,False,False,17,0.03986135,99.01790872328135,69.0,True,0.35626834151839387,3.5646778615103303,6.8288317
AC053527.2,False,False,85,0.052570768,95.0895436164067,91.0,True,0.05936224188392219,1.2153392152817484,1.4438438
RASSF6,False,False,73,0.05603697,95.78278451761987,97.0,True,0.09993051403201526,1.7235388431999614,2.2241266
CXCL8,False,False,138,0.42980936,92.02772963604853,744.0,True,0.6995264590482594,3.8904194736395006,6.4042306
PF4,False,False,29,0.3136915,98.32466782206816,543.0,True,0.9213485499102392,3.9240596869809883,5.427287
PPBP,False,False,16,0.022530328,99.07567879838244,39.0,True,0.08075231664163567,1.5562540516665075,1.9672798
CXCL3,False,False,170,0.20103987,90.1790872328134,348.0,True,0.4202937287526564,2.59777998678396,4.681749
CXCL2,False,False,156,0.21432698,90.98786828422877,371.0,True,0.5194234256702412,3.3448143958720453,6.3406053
EPGN,False,False,54,0.035239745,96.88041594454073,61.0,True,0.047144534901247995,1.5853604946120718,2.0119693
EREG,False,False,540,0.5609474,68.80415944540728,971.0,True,0.40236429112540323,1.262705789748501,1.7170972
AREG,False,False,747,2.6551127,56.845753899480066,4596.0,True,1.2192158175015049,3.7377585297575484,4.5794516
SEPTIN11,False,False,730,0.6256499,57.82784517619872,1083.0,True,0.4823213841270082,1.0412085935854127,1.2252429
CCNG2,False,False,84,0.051415365,95.14731369150779,89.0,True,0.05508496196692876,1.9626898933997876,2.5913157
AC098818.2,False,False,55,0.033506643,96.82264586943963,58.0,True,0.07266094536564742,1.061327745713033,1.2073768
ANTXR2,False,False,507,0.41074523,70.7105719237435,711.0,True,0.33291503895959057,1.2510526788808858,1.6912204
SCD5,False,False,85,0.055459272,95.0895436164067,96.0,True,0.049186085860946055,1.4288805674838285,1.7717123
THAP9,False,False,61,0.036972847,96.47602541883305,64.0,True,0.07085519103969355,1.1519226476165667,1.346475
PLAC8,False,False,946,1.2720971,45.34950895436164,2202.0,True,0.5601550879317713,1.4328084957751457,1.682618
AC114781.2,False,False,9,0.0051993066,99.48006932409012,9.0,True,0.016880096327849106,1.3711099155008242,1.683012
HELQ,False,False,185,0.11669555,89.31253610629693,202.0,True,0.2004967607436036,1.2190145906857994,1.449487
ABRAXAS1,False,False,431,0.28942809,75.10109763142691,501.0,True,0.2032936431659476,1.270991278229572,1.5292913
GPAT3,False,False,136,0.091854416,92.14326978625073,159.0,True,0.10617741911904667,1.6655591622781862,2.1351054
ARHGAP24,False,False,8,0.008665511,99.53783939919121,15.0,True,0.08259031643440967,2.156383215032458,2.8887098
MAPK10,False,False,23,0.013864818,98.67128827267476,24.0,True,0.023805315410891086,1.447814165819066,1.8007827
SPARCL1,False,False,4,0.002310803,99.7689196995956,4.0,True,0.009360594524854503,1.1110897750700668,1.2837807
BMPR1B,False,False,65,0.041594453,96.24494511842865,72.0,True,0.06701715780889292,1.5657100748770258,1.9817984
LINC02267,False,False,5,0.0028885037,99.71114962449451,5.0,True,0.016490431670701647,1.6809339017712435,2.1587114
STPG2,False,False,66,0.046793763,96.18717504332756,81.0,True,0.09584304771914977,1.710188157067589,2.203628
AP002026.1,False,False,29,0.017331023,98.32466782206816,30.0,True,0.036940953470857914,1.2206012460095421,1.4519231
EMCN,False,False,155,0.118428655,91.04563835932986,205.0,True,0.09885313951249847,1.1516437403208826,1.3460467
BANK1,False,False,170,0.121317156,90.1790872328134,210.0,True,0.2798188922036587,2.01294703649296,3.3830748
NFKB1,False,False,782,0.779896,54.82380127094165,1350.0,True,0.515260076976136,1.1999049339602827,1.5776422
AC004053.1,False,False,82,0.072790295,95.26285384171,126.0,True,0.16906525551752696,1.8540528253880466,2.424516
AC096577.1,False,False,92,0.0745234,94.68515309069902,129.0,True,0.11446486398479634,1.129286364173585,1.3117195
RPL34-AS1,False,True,26,0.01559792,98.49797804737146,27.0,True,0.046199718096455185,1.497943073624332,1.8777499
AP1AR,False,False,71,0.043327555,95.89832466782207,75.0,True,0.05565235225043144,1.241482919460029,1.4839846
CAMK2D,False,False,53,0.03870595,96.93818601964182,67.0,True,0.14345731875576295,1.8404588867098561,2.403644
PDE5A,False,False,110,0.071634896,93.64529173887925,124.0,True,0.11085137232370361,1.1155943631506733,1.290697
TNIP3,False,False,4,0.002310803,99.7689196995956,4.0,True,0.01554641749537333,1.6215105806010108,2.067474
AC093821.1,False,False,1,0.00057770073,99.94222992489891,1.0,True,0.010842330859962843,1.2587811215845084,1.510544
PCDH18,False,False,1,0.00057770073,99.94222992489891,1.0,True,0.016997441073669226,1.7114705902625313,2.2055972
AC109927.1,False,False,15,0.009820913,99.13344887348353,17.0,True,0.044581063290714804,1.5287600721672536,1.9250659
TBC1D9,False,False,11,0.006932409,99.36452917388793,12.0,True,0.0358847275374139,1.3781039825140955,1.6937506
IL15,False,False,111,0.073368,93.58752166377816,127.0,True,0.1140496253958851,1.7127755436118453,2.2076008
INPP4B,False,False,904,1.1478914,47.775852108607744,1987.0,True,0.8376790293810671,1.8464420796372825,1.9602183
AC139720.1,False,False,197,0.13113807,88.61929520508377,227.0,True,0.1505703629665576,1.494598566849265,1.8726149
USP38,False,False,143,0.08954362,91.73887926054304,155.0,True,0.13159408815157994,1.4191616480864573,1.75679
GYPA,False,False,179,0.29578277,89.65915655690353,512.0,True,0.41346851813534885,1.0307221087536467,1.2019566
FBXW7,False,False,421,0.310803,75.67879838243789,538.0,True,0.3660611501718436,1.1113400534080313,1.380976
TMEM154,False,False,96,0.06008088,94.45407279029463,104.0,True,0.06613819632526666,1.2276077382077175,1.4626808
ARFIP1,False,False,187,0.119584054,89.19699595609474,207.0,True,0.14612235074028745,1.120182084340859,1.2977409
SFRP2,False,False,1,0.00057770073,99.94222992489891,1.0,True,0.01690463020543906,1.7059488024854,2.197119
MAP9,False,False,233,0.1548238,86.53957250144425,268.0,True,0.19846124247218178,1.086175416647666,1.2455275
GUCY1A1,False,False,569,0.45522818,67.12882726747544,788.0,True,0.3187455150335983,1.1680404146661845,1.5068842
AC093817.2,False,False,2,0.0011554015,99.8844598497978,2.0,True,0.009360594524854503,1.1110897750700668,1.2837807
C4orf46,False,False,196,0.13056037,88.67706528018486,226.0,True,0.15337154460472305,1.7950900075520189,2.3339853
RAPGEF2,False,False,726,0.64760256,58.05892547660312,1121.0,True,0.5403326205201018,1.1897598052795801,1.555114
MARCH1,False,False,16,0.010976315,99.07567879838244,19.0,True,0.08342801796509788,1.6846264485097642,2.164381
SPOCK3,False,False,106,0.06932409,93.87637203928365,120.0,True,0.06662184978496609,1.3204224858939584,1.6051873
LINC02275,False,False,1,0.00057770073,99.94222992489891,1.0,True,0.012249410812943885,1.3815058488215886,1.6989738
GPM6A,False,False,13,0.011554015,99.24898902368572,20.0,True,0.02828205533393828,2.0629615758758093,2.7452714
VEGFC,False,False,2,0.0011554015,99.8844598497978,2.0,True,0.016997441073669226,1.7114705902625313,2.2055972
AC097518.2,False,False,1,0.00057770073,99.94222992489891,1.0,True,0.016997441073669226,1.7114705902625313,2.2055972
AC078881.1,False,False,114,0.0762565,93.41421143847487,132.0,True,0.08283510252401526,1.1607516870890042,1.3600309
WWC2,False,False,90,0.057192374,94.80069324090121,99.0,True,0.06592254475339944,1.0613416093493124,1.207398
STOX2,False,False,37,0.025996534,97.86250722125939,45.0,True,0.049377800937308765,1.4002711175846032,1.7277857
AC084871.1,False,False,30,0.017908724,98.26689774696708,31.0,True,0.032505570729932445,1.2894728963348097,1.5576677
C4orf47,False,False,113,0.0762565,93.47198151357597,132.0,True,0.12583942600773546,1.1391392024548883,1.3268474
AC106897.1,False,False,6,0.0034662045,99.65337954939342,6.0,True,0.02341197985692652,1.4367845816303144,1.783848
EXOC3-AS1,False,False,96,0.058925476,94.45407279029463,102.0,True,0.08569087467544012,1.4579887446918445,1.8164046
LINC02102,False,False,4,0.002310803,99.7689196995956,4.0,True,0.01838148684222053,1.6059941106070859,2.04365
SEMA5A,False,False,5,0.0034662045,99.71114962449451,6.0,True,0.01695555002881925,1.7089820286588744,2.2017763
ANKRD33B,False,False,183,0.12362796,89.42807625649914,214.0,True,0.15385803907630738,1.6186865729227644,2.0631378
AC012629.2,False,False,6,0.0034662045,99.65337954939342,6.0,True,0.022165947367244428,1.5094867083195636,1.8954738
OTULIN,False,False,159,0.10456383,90.81455805892547,181.0,True,0.16685619146754543,1.1067932676088232,1.2771839
RETREG1,False,False,58,0.03870595,96.64933564413633,67.0,True,0.06909265809296376,1.0854574858964359,1.2444253
MYO10,False,False,19,0.013287118,98.90236857307914,23.0,True,0.04520868254628638,2.3036558324125385,3.1148303
CDH9,False,False,269,0.26920855,84.45984979780474,466.0,True,0.1888924596297665,1.7708687162955614,2.296796
NPR3,False,False,597,0.48238012,65.51126516464471,835.0,True,0.30691371612163704,1.1063489116763447,1.3698927
RAI14,False,False,13,0.00808781,99.24898902368572,14.0,True,0.022290743837176864,1.44143549313087,1.7909889
SLC1A3,False,False,12,0.006932409,99.30675909878683,12.0,True,0.02225620193349892,1.4941315572675227,1.8718978
FYB1,False,False,138,0.113807045,92.02772963604853,197.0,True,0.16572366225825375,1.1996342082243296,1.4197307
LINC00603,False,False,1,0.00057770073,99.94222992489891,1.0,True,0.015712105984055518,1.6321948442573342,2.0838783
PTGER4,False,False,142,0.09532063,91.79664933564413,165.0,True,0.07916859433355852,1.4154824685002483,1.7511411
GHR,False,False,3,0.0017331023,99.8266897746967,3.0,True,0.026699728872266845,1.5409723192524676,1.9438164
SELENOP,False,False,204,0.1496245,88.21490467937608,259.0,True,0.14259788089629064,1.9294927440199365,2.5403454
TMEM267,False,False,344,0.2305026,80.12709416522242,399.0,True,0.2445906290526295,1.1801818697470725,1.3898637
ESM1,False,False,1,0.0011554015,99.94222992489891,2.0,True,0.033710794092082594,2.404617871382709,3.269846
SETD9,False,False,314,0.21374927,81.86019641825536,370.0,True,0.2290188523402027,1.0944387189874518,1.258215
PDE4D,False,False,810,0.9110341,53.20623916811091,1577.0,True,0.6178444617402453,1.322960223224793,1.4715753
ZSWIM6,False,False,563,0.45522818,67.47544771808202,788.0,True,0.48202789960821674,1.1291942415848921,1.4206228
LRRC70,False,False,6,0.0034662045,99.65337954939342,6.0,True,0.011850853068939904,1.348228204634326,1.6478798
SGTB,False,False,90,0.052570768,94.80069324090121,91.0,True,0.06089947488772824,1.2053681211252938,1.4285344
PIK3R1,False,False,705,0.6377816,59.27209705372617,1104.0,True,0.4605799972033397,1.2339424769188478,1.6532257
S100Z,False,False,142,0.10283073,91.79664933564413,178.0,True,0.10945513691511147,1.0693111910516906,1.2196344
CRHBP,False,False,834,1.4355863,51.81975736568458,2485.0,True,0.6274332109816237,1.6756717551390616,2.149212
RASGRF2,False,False,9,0.006932409,99.48006932409012,12.0,True,0.03082340062408016,2.111303082575794,2.8194945
SSBP2,False,False,1434,2.9462738,17.157712305025996,5100.0,True,1.3564694531597397,2.0010777944846097,1.8824993
VCAN,False,False,3,0.0028885037,99.8266897746967,5.0,True,0.016997441073669226,1.7114705902625313,2.2055972
MEF2C,False,False,1031,1.2726748,40.43905257076834,2203.0,True,1.0409053323767563,1.770247521170413,1.8330669
ARRDC3,False,False,404,0.28711727,76.66088965915657,497.0,True,0.2774774798921654,1.3049608982955168,1.8109283
NR2F1,False,False,2,0.0011554015,99.8844598497978,2.0,True,0.009360594524854503,1.1110897750700668,1.2837807
KIAA0825,False,False,108,0.0762565,93.76083188908146,132.0,True,0.11850684086504301,1.374181740213304,1.6877285
MCTP1,False,False,538,0.4471404,68.91969959560947,774.0,True,0.29853801786908984,1.1013062627086658,1.358695
LNPEP,False,False,306,0.20508377,82.32235701906411,355.0,True,0.28177121231050756,1.280105272331597,1.7557342
LIX1-AS1,False,False,20,0.011554015,98.84459849797804,20.0,True,0.020860606678207903,1.1125933851716119,1.2860893
AC008883.1,False,False,1,0.00057770073,99.94222992489891,1.0,True,0.012249410812943885,1.3815058488215886,1.6989738
ST8SIA4,False,False,284,0.19352975,83.59329867128828,335.0,True,0.19189828519177113,1.1268213559107478,1.3079348
EFNA5,False,False,3,0.0017331023,99.8266897746967,3.0,True,0.016997441073669226,1.7114705902625313,2.2055972
AC008871.1,False,False,25,0.014442518,98.55574812247256,25.0,True,0.02731996779626702,1.162714075813817,1.3630439
STARD4-AS1,False,False,173,0.11149625,90.00577700751012,193.0,True,0.07551516168229665,1.105175912654484,1.2747006
LINC02208,False,False,12,0.00808781,99.30675909878683,14.0,True,0.021228208683580132,1.9358608405119369,2.5501227
AC008574.1,False,False,21,0.012131716,98.78682842287695,21.0,True,0.009489708572551313,1.1248535892371425,1.3049135
PRR16,False,False,165,0.11322935,90.46793760831889,196.0,True,0.09547294078683219,1.4225723275389077,1.7620268
AC008568.1,False,False,125,0.09589832,92.7787406123628,166.0,True,0.0863001204287537,1.1720721252507729,1.3774122
ZNF608,False,False,23,0.013864818,98.67128827267476,24.0,True,0.045235852634314115,2.142610223917933,2.867563
SLC27A6,False,False,24,0.01617562,98.61351819757365,28.0,True,0.026798251483595024,1.51884897230804,1.9098486
IRF1,False,False,561,0.5840555,67.59098786828423,1011.0,True,0.4759827134486469,1.4389193368849802,2.108395
AFF4,False,False,722,0.57654536,58.290005777007515,998.0,True,0.5860700401498306,1.3477166047732771,1.5191377
AC109454.2,False,False,33,0.019641826,98.09358752166378,34.0,True,0.03682856399497149,1.0878607779166298,1.2481152
CATSPER3,False,False,4,0.002310803,99.7689196995956,4.0,True,0.015515253911722994,1.6194883373296352,2.064369
EGR1,False,False,322,0.36048526,81.39803581744656,624.0,True,0.3445555268656341,1.9695781231089702,3.2867703
MZB1,False,False,464,0.5320624,73.1946851530907,921.0,True,0.2494151180275444,1.3627859773269844,1.6702316
ECSCR,False,False,5,0.0028885037,99.71114962449451,5.0,True,0.009360594524854503,1.1110897750700668,1.2837807
NRG2,False,False,12,0.006932409,99.30675909878683,12.0,True,0.016490431670701647,1.6809339017712435,2.1587114
AC011379.1,False,False,4,0.002310803,99.7689196995956,4.0,True,0.015712105984055518,1.6321948442573342,2.0838783
AC008781.2,False,False,20,0.011554015,98.84459849797804,20.0,True,0.01961041064526518,1.5243178959629327,1.9182454
SPRY4-AS1,False,False,5,0.0028885037,99.71114962449451,5.0,True,0.01023647776969926,1.2009772022195915,1.4217926
FGF1,False,False,5,0.0028885037,99.71114962449451,5.0,True,0.01809224450827036,1.6523143322043867,2.1147695
ARHGAP26,False,False,378,0.2980936,78.1629116117851,516.0,True,0.2932496109723666,1.5616185658499355,2.3808596
ARHGAP26-AS1,False,False,64,0.03928365,96.30271519352975,68.0,True,0.06800531150733638,1.5394915221681968,1.9415429
AC008696.2,False,False,10,0.0057770074,99.42229924898902,10.0,True,0.009417543497649178,1.117183739623988,1.2931373
AC091887.1,False,False,44,0.026574235,97.4581166955517,46.0,True,0.04171181035427745,1.0643210789793762,1.2119727
PPP2R2B,False,False,39,0.03004044,97.74696707105718,52.0,True,0.0321175754216987,1.1506109620860712,1.344461
DPYSL3,False,False,224,0.16868863,87.05950317735413,292.0,True,0.131868524570706,1.3435981644889874,1.6407709
JAKMIP2,False,False,218,0.14269209,87.40612362796072,247.0,True,0.1933661382950236,1.306661130952613,1.5840583
FBXO38,False,False,275,0.18139803,84.11322934719814,314.0,True,0.19057280160579826,1.172653921077712,1.3783054
ABLIM3,False,False,2,0.0011554015,99.8844598497978,2.0,True,0.009360594524854503,1.1110897750700668,1.2837807
TIGD6,False,False,33,0.019641826,98.09358752166378,34.0,True,0.06441909047767067,1.6299396449260146,2.0804157
TCOF1,False,False,487,0.3778163,71.86597342576546,654.0,True,0.4150754687411011,1.0359825662421223,1.213638
ANXA6,False,False,367,0.25245523,78.79838243789716,437.0,True,0.20279966591934398,1.1599725647503856,1.3588346
SPARC,False,False,174,0.12073946,89.94800693240902,209.0,True,0.15349578841871492,1.9447069386014562,2.563705
AC009185.1,False,False,12,0.006932409,99.30675909878683,12.0,True,0.009417543497649178,1.117183739623988,1.2931373
CYFIP2,False,False,273,0.19295205,84.22876949740035,334.0,True,0.19250445350618087,1.3244807656388649,1.6114182
ADAM19,False,False,12,0.00808781,99.30675909878683,14.0,True,0.039880452838511465,1.5398737627041663,1.9421297
EBF1,False,False,6,0.0034662045,99.65337954939342,6.0,True,0.04709115565894165,1.43894813569522,1.7871699
MIR3142HG,False,False,25,0.014442518,98.55574812247256,25.0,True,0.02921151823244279,1.5267217208722141,1.9219363
TENM2,False,False,24,0.018486423,98.61351819757365,32.0,True,0.01818683206130405,1.6477764461677966,2.107802
KCNIP1,False,False,27,0.017331023,98.44020797227037,30.0,True,0.024527963797285047,1.5679000213505967,1.9851608
SH3PXD2B,False,False,10,0.006354708,99.42229924898902,11.0,True,0.033710794092082594,2.404617871382709,3.269846
DUSP1,False,False,1202,3.9716926,30.56036972848065,6875.0,True,1.600763150596816,2.754365453735641,2.472224
AC008429.3,False,False,13,0.00751011,99.24898902368572,13.0,True,0.01582821595877308,1.1633014646057935,1.3639458
CPLX2,False,False,6,0.0034662045,99.65337954939342,6.0,True,0.02005113158229201,1.4119638757570028,1.7457386
ARL10,False,False,56,0.034084346,96.76487579433854,59.0,True,0.08342483633056295,1.179838214746738,1.3893361
DBN1,False,False,158,0.10340843,90.87232813402657,179.0,True,0.1568469797351481,1.2465429312702083,1.4917536
PHYKPL,False,False,467,0.32235703,73.0213749277874,558.0,True,0.2990720524287038,1.0528673731108684,1.2511322
AC008659.1,False,False,2,0.0011554015,99.8844598497978,2.0,True,0.011971987825186874,1.0711411571521372,1.2224442
BTNL9,False,False,4,0.0034662045,99.7689196995956,6.0,True,0.01863437882461003,1.8042369309317288,2.3480294
AC008443.5,False,False,108,0.067013286,93.76083188908146,116.0,True,0.0738183434806466,1.5987524339788919,2.0325313
FOXC1,False,False,1,0.0017331023,99.94222992489891,3.0,True,0.0501493924401537,2.8100829471195943,3.8923914
GMDS-DT,False,False,639,0.58001155,63.084922010398614,1004.0,True,0.4285059382281267,1.3667415364754245,1.9481179
SERPINB1,False,False,1425,3.8168688,17.67764298093587,6607.0,True,1.3506426282788981,1.8864492161198825,1.7044886
SERPINB9,False,False,167,0.11149625,90.3523974581167,193.0,True,0.14701595166460296,2.3395483130599275,3.169939
LY86,False,False,4,0.0028885037,99.7689196995956,5.0,True,0.02094693233369364,1.252980708338074,1.501638
BMP6,False,False,90,0.075678796,94.80069324090121,131.0,True,0.14089243477709615,1.6708021402058586,2.1431553
GCNT2,False,False,272,0.20739457,84.28653957250145,359.0,True,0.22916543392117614,1.4157740426038732,1.7515887
TMEM170B,False,False,44,0.027151935,97.4581166955517,47.0,True,0.05867012226420815,2.071288161055528,2.7580562
PHACTR1,False,False,741,0.6643559,57.19237435008666,1150.0,True,0.45521804057061416,1.263261898918245,1.718332
CD83,False,False,245,0.18486424,85.84633160023107,320.0,True,0.3015633014967632,2.3225235010898806,4.070517
ATXN1,False,False,575,0.4662045,66.78220681686886,807.0,True,0.3781623215332349,1.199232087759913,1.5761482
SOX4,False,False,1091,1.6262276,36.97284806470248,2815.0,True,0.9462213332535772,1.676644772725091,1.6768653
CASC15,False,False,877,0.96995956,49.33564413633738,1679.0,True,0.6160251604962403,1.45823367174885,1.7314653
NBAT1,False,False,208,0.13575968,87.9838243789717,235.0,True,0.10939094118885606,1.0757204699255143,1.2294751
PRL,False,False,2,0.0011554015,99.8844598497978,2.0,True,0.01713169627414263,1.0591655946631087,1.2040571
DCDC2,False,False,7,0.004043905,99.59560947429232,7.0,True,0.01659896714437624,1.3684105539021376,1.6788675
RIPOR2,False,False,1052,1.2409012,39.22588099364529,2148.0,True,0.7689953554498499,1.4608556413631124,1.7365028
TRIM38,False,False,141,0.08549971,91.85441941074524,148.0,True,0.11331863436065741,1.1238096163928666,1.3033106
HIST1H4C,False,False,1088,5.8370886,37.14615829000578,10104.0,True,2.15188924161033,2.7000334994023567,1.8809153
HIST1H2BD,False,False,85,0.05603697,95.0895436164067,97.0,True,0.0838285978441633,1.1016705235896491,1.2693186
HIST1H2AD,False,False,14,0.00808781,99.19121894858463,14.0,True,0.02913593291255685,1.1379532470977956,1.3250265
HIST1H2BG,False,False,87,0.06296938,94.97400346620451,109.0,True,0.10058220158292003,1.3707736530666907,1.6824957
AL021918.5,False,False,52,0.034662046,96.99595609474292,60.0,True,0.033365134531354805,1.2498369378904388,1.4968112
HIST1H2BN,False,False,144,0.09820913,91.68110918544194,170.0,True,0.15286103362238354,1.2521427865462458,1.5003515
HIST1H1B,False,False,60,0.03928365,96.53379549393414,68.0,True,0.08393938699176239,1.2829814658405883,1.5477009
AL121944.1,False,False,336,0.25476602,80.58925476603119,441.0,True,0.23192791808097168,1.2540844323981621,1.5033327
GABBR1,False,False,57,0.035239745,96.70710571923745,61.0,True,0.06694634850070721,1.475691388326602,1.843585
HLA-G,False,False,10,0.0057770074,99.42229924898902,10.0,True,0.020811775883578198,1.6729270413190764,2.1464179
HLA-A,False,False,1613,5.426343,6.816868861929526,9393.0,True,1.9461805715556164,2.2306990629860426,1.2926875
HLA-E,False,False,1335,2.5060658,22.876949740034657,4338.0,True,1.1185221783950863,1.8259521841241342,1.6105406
PPP1R10,False,False,462,0.35413057,73.3102253032929,613.0,True,0.27056424661706957,1.3024337121113148,1.5775676
PPP1R18,False,False,415,0.30560368,76.02541883304448,529.0,True,0.23635633722692406,1.184434611315596,1.3963934
ATP6V1G2,False,False,22,0.012709416,98.72905834777586,22.0,True,0.01981519377089413,1.583304180253431,2.0088122
LTB,False,False,96,0.08261121,94.45407279029463,143.0,True,0.3277458167201498,2.4378145615626745,4.326531
LST1,False,False,1219,2.1629117,29.578278451761985,3744.0,True,0.8981649609301139,1.5062369378036757,1.3924937
AIF1,False,False,1420,5.0109763,17.96649335644136,8674.0,True,1.3436684643400583,1.7213684836433956,1.4481289
DDAH2,False,False,992,1.179665,42.692085499711155,2042.0,True,0.7322342197451254,1.2268959415027736,1.2870146
HSPA1A,False,False,175,0.14211439,89.89023685730791,246.0,True,0.2272610934065199,2.949234420000767,4.1060424
HSPA1B,False,False,98,0.07394569,94.33853264009244,128.0,True,0.11557109125756895,1.5867628410038046,2.0141225
SLC44A4,False,False,25,0.02195263,98.55574812247256,38.0,True,0.051614929538849344,1.3633717936117695,1.671131
STK19,False,False,258,0.16868863,85.09532062391682,292.0,True,0.22794419338683697,1.0807005427628014,1.2371215
HLA-DRA,False,False,1602,9.488157,7.452339688041598,16424.0,True,2.1419329776355203,3.170112091810787,2.4700756
HLA-DRB5,False,False,829,1.1438475,52.10860774119006,1980.0,True,0.7605376960139267,1.7242323033925566,2.2425075
HLA-DRB1,False,False,1364,3.0063548,21.201617562102825,5204.0,True,1.45527924383021,2.538123408157557,2.1787252
HLA-DQA1,False,False,575,0.51993066,66.78220681686886,900.0,True,0.44249514921948085,2.2254159986026814,3.8548813
HLA-DQB1,False,False,836,0.8549971,51.70421721548237,1480.0,True,0.5321813884763438,1.8162738688462756,2.9463446
HLA-DMB,False,False,280,0.19352975,83.82437897169265,335.0,True,0.19681080856239597,1.3276025121971962,1.6162114
HLA-DMA,False,False,1182,1.430387,31.715771230502597,2476.0,True,0.8262271317414223,1.5642312723062368,1.489273
HLA-DOA,False,False,103,0.06239168,94.04968226458695,108.0,True,0.03525087862274349,1.2455439796623669,1.4902198
HLA-DPA1,False,False,1413,3.9942229,18.370883882149048,6914.0,True,1.3478919556792557,2.465065167572302,2.6030416
HLA-DPB1,False,False,1441,4.8214903,16.75332177931831,8346.0,True,1.370583964205672,2.3230924098420696,2.3825672
B3GALT4,False,False,25,0.01502022,98.55574812247256,26.0,True,0.033276392229406836,1.2768916043715526,1.5383506
CDKN1A,False,False,30,0.020219527,98.26689774696708,35.0,True,0.04309705535021978,1.0736777613206443,1.2263389
Z85996.3,False,False,2,0.0011554015,99.8844598497978,2.0,True,0.030687551952777403,2.2049339871934426,2.963254
PIM1,False,False,696,0.7810514,59.792027729636054,1352.0,True,0.6699793339717316,1.1989147952484625,1.2332566
KCNK17,False,False,84,0.051415365,95.14731369150779,89.0,True,0.07000662007407407,1.0617614911117408,1.2080427
DAAM2,False,False,1,0.00057770073,99.94222992489891,1.0,True,0.016997441073669226,1.7114705902625313,2.2055972
TFEB,False,False,26,0.01617562,98.49797804737146,28.0,True,0.016071349553621404,1.1292234658739215,1.311623
CCND3,False,False,706,0.5932987,59.214326978625074,1027.0,True,0.5705973146951403,1.690197509433778,2.177119
GUCA1B,False,False,22,0.013287118,98.72905834777586,23.0,True,0.05567703674806951,1.812357638806074,2.3604977
AL359813.1,False,False,9,0.009243212,99.48006932409012,16.0,True,0.08387134442432609,3.191294927708051,4.477699
RUNX2,False,False,282,0.20161757,83.70883882149047,349.0,True,0.2524149498552563,1.987404949748581,2.629263
AL096865.1,False,False,35,0.023685731,97.97804737146159,41.0,True,0.04932000978919012,1.3483610606342458,1.6480838
GLYATL3,False,False,1,0.00057770073,99.94222992489891,1.0,True,0.019308452185632867,1.8401097725484858,2.403108
BMP5,False,False,1,0.0011554015,99.94222992489891,2.0,True,0.033710794092082594,2.404617871382709,3.269846
DST,False,False,404,0.3067591,76.66088965915657,531.0,True,0.27589033987670053,1.709444151094714,2.7091196
AL512422.1,False,False,50,0.029462738,97.11149624494512,51.0,True,0.03507812698348884,1.321606699108841,1.6070055
COL19A1,False,False,2,0.0011554015,99.8844598497978,2.0,True,0.01380009874215648,1.5014807620464525,1.8831817
LINC00472,False,False,4,0.002310803,99.7689196995956,4.0,True,0.016997441073669226,1.7114705902625313,2.2055972
KCNQ5,False,False,1131,2.0623918,34.66204506065858,3570.0,True,0.9712641035114503,1.466669377672173,1.3264644
EEF1A1,False,False,1707,117.832466,1.3864818024263426,203968.0,True,4.419607953174465,2.213154090106662,1.8018129
SLC17A5,False,False,195,0.12998267,88.73483535528597,225.0,True,0.17236810736431857,1.2580631218501628,1.5094416
CD109,False,False,715,0.73367995,58.694396302715205,1270.0,True,0.45166659677890064,1.184192347376931,1.5427511
TMEM30A,False,False,201,0.12651646,88.38821490467937,219.0,True,0.15479726710717184,1.0805903268297552,1.2369523
AL355612.1,False,False,191,0.12940496,88.96591565569035,224.0,True,0.1375988769380422,1.0645173424628676,1.2122741
MEI4,False,False,73,0.049682263,95.78278451761987,86.0,True,0.051414001233709636,1.932483627607589,2.5449376
UBE3D,False,False,216,0.1490468,87.5216637781629,258.0,True,0.16642686904435688,1.140519894124402,1.3289673
AL139274.2,False,False,24,0.013864818,98.61351819757365,24.0,True,0.02000854988089499,1.1071486158493824,1.2777295
PNRC1,False,False,1152,1.4956672,33.44887348353552,2589.0,True,0.7652516367090649,1.5395435382293197,1.8876796
ANKRD6,False,False,171,0.11496245,90.1213171577123,199.0,True,0.07295559964279956,1.152341278809008,1.3471177
BACH2,False,False,311,0.23396881,82.03350664355864,405.0,True,0.3099191881633194,2.480829101016072,4.4220486
MANEA-DT,False,False,33,0.019064125,98.09358752166378,33.0,True,0.033329047911524266,1.1838835075000744,1.3955472
CD24,False,False,6,0.004621606,99.65337954939342,8.0,True,0.04187759339716685,1.6047019615143852,2.041666
SCML4,False,False,314,0.2385904,81.86019641825536,413.0,True,0.2140730557030847,1.4282583859070386,1.7707571
AFG1L,False,False,193,0.12882727,88.85037550548816,223.0,True,0.19589347888054925,1.0551755754295564,1.1979308
AL139106.1,False,False,21,0.012131716,98.78682842287695,21.0,True,0.024321310617799092,1.1028225725080403,1.2710874
FOXO3,False,False,658,0.5545927,61.98729058347776,960.0,True,0.5139323868241007,1.0337737534301183,1.2087331
AL359711.2,False,False,59,0.046793763,96.59156556903524,81.0,True,0.10844536006432834,1.129320185155614,1.3117714
FYN,False,False,296,0.21028307,82.9000577700751,364.0,True,0.2700249474369018,1.376027650321695,1.6905627
LAMA4,False,False,7,0.0051993066,99.59560947429232,9.0,True,0.0262009977573798,1.5346011597201863,1.9340342
MARCKS,False,False,31,0.019641826,98.20912767186597,34.0,True,0.02106426160927746,1.4774906586442509,1.8463476
DSE,False,False,228,0.1502022,86.82842287694974,260.0,True,0.16417151533759541,1.1095390318898017,1.2813997
MAN1A1,False,False,670,0.63951474,61.29404968226459,1107.0,True,0.551029055128761,1.5291377357745417,1.8676877
NKAIN2,False,False,1212,2.283651,29.98266897746967,3953.0,True,1.0554116481557219,1.9505105265613822,2.1338847
RNF217-AS1,False,False,57,0.03812825,96.70710571923745,66.0,True,0.08750801848219698,1.0960424252530767,1.2606772
TPD52L1,False,False,65,0.03870595,96.24494511842865,67.0,True,0.025924089606513618,1.194134953620239,1.4112872
NCOA7,False,False,644,0.51761985,62.796071634893124,896.0,True,0.4443335069008175,1.1894024901295592,1.5543206
PTPRK,False,False,6,0.004043905,99.65337954939342,7.0,True,0.02741234133934684,2.1946278595565354,2.9474301
EPB41L2,False,False,300,0.2328134,82.66897746967071,403.0,True,0.24885533789485223,1.0667306967543733,1.2156724
CCN2,False,False,2,0.0017331023,99.8844598497978,3.0,True,0.03938113693879424,2.274263199656654,3.0697012
STX7,False,False,345,0.24321201,80.06932409012131,421.0,True,0.3485495160127757,1.3819833849137155,1.9819638
EYA4,False,False,3,0.0017331023,99.8266897746967,3.0,True,0.01308280287828285,1.4477441661540535,1.8006753
PDE7B,False,False,94,0.06123628,94.56961294049682,106.0,True,0.09938286421511108,1.2489742938498898,1.4954867
AL023284.4,False,False,18,0.010398613,98.96013864818023,18.0,True,0.014511631717356206,1.1205948155723988,1.2983747
TNFAIP3,False,False,206,0.14500289,88.09936452917388,251.0,True,0.10991075245898754,1.4605033570488302,1.8202655
AL592429.2,False,False,16,0.014442518,99.07567879838244,25.0,True,0.028059963462127042,1.0725250875190513,1.2245691
AL035446.2,False,False,111,0.093587525,93.58752166377816,162.0,True,0.11408907139451864,1.6246672929830506,2.0723205
PLAGL1,False,False,715,0.581167,58.694396302715205,1006.0,True,0.43407423908182596,1.1185861836246132,1.3970667
UTRN,False,False,771,0.6990179,55.45927209705373,1210.0,True,0.5589626949632783,1.3514717427496927,1.5263522
STXBP5,False,False,858,1.0525708,50.43327556325823,1822.0,True,0.9223618035158175,1.6677307790905405,1.6619899
SASH1,False,False,12,0.008665511,99.30675909878683,15.0,True,0.025471709810338167,1.400742267093228,1.7285092
UST,False,False,137,0.09243212,92.08549971114962,160.0,True,0.0983544174952997,1.163780287613186,1.364681
AL358852.1,False,False,7,0.004043905,99.59560947429232,7.0,True,0.02433932717138477,1.2596175110390317,1.5118282
PPP1R14C,False,False,5,0.0028885037,99.71114962449451,5.0,True,0.01023647776969926,1.2009772022195915,1.4217926
PLEKHG1,False,False,78,0.057192374,95.49393414211438,99.0,True,0.17931453990662316,1.4514161780672488,1.8063132
MTHFD1L,False,False,566,0.49162334,67.30213749277874,851.0,True,0.4576335521844682,1.2796393933552874,1.7546997
ARMT1,False,False,79,0.04794916,95.43616406701328,83.0,True,0.07286239410414992,1.55693809145631,1.96833
ESR1,False,False,126,0.080300406,92.72097053726169,139.0,True,0.03293503921880213,1.2377621718803367,1.4782717
RGS17,False,False,5,0.0028885037,99.71114962449451,5.0,True,0.00913683073043311,1.0867824990649797,1.2464597
CNKSR3,False,False,243,0.18601964,85.96187175043327,322.0,True,0.2722037414385929,1.1658526931013111,1.3678629
TIAM2,False,False,92,0.058347777,94.68515309069902,101.0,True,0.09309526949419711,1.260274133308837,1.5128363
AL589693.1,False,False,508,1.073368,70.6528018486424,1858.0,True,0.7424298221935062,2.5148707886858848,3.7614982
AL512658.1,False,False,13,0.00751011,99.24898902368572,13.0,True,0.02084691233768918,1.4793982495374025,1.8492764
AL139330.1,False,False,12,0.006932409,99.30675909878683,12.0,True,0.017422633218446313,1.2119723383166465,1.4386744
SYTL3,False,False,135,0.10051993,92.20103986135182,174.0,True,0.08691225308966816,1.199241597622853,1.4191278
C6orf99,False,False,9,0.0057770074,99.48006932409012,10.0,True,0.015363272102153389,1.4056381649677558,1.7360263
TAGAP,False,False,154,0.097631425,91.10340843443096,169.0,True,0.14804479042393773,1.5089786275676849,1.8946937
FNDC1,False,False,1,0.00057770073,99.94222992489891,1.0,True,0.016997441073669226,1.7114705902625313,2.2055972
PRKN,False,False,430,0.34835356,75.15886770652801,603.0,True,0.21854793942914824,1.3999650484163986,1.7273158
PDE10A,False,False,11,0.00751011,99.36452917388793,13.0,True,0.01863437882461003,1.8042369309317288,2.3480294
CCR6,False,False,1,0.00057770073,99.94222992489891,1.0,True,0.016694963766003074,1.6933632163556827,2.1777954
AC073957.3,False,False,4,0.002310803,99.7689196995956,4.0,True,0.01780236631506529,1.632638528986188,2.0845594
MAFK,False,False,34,0.020219527,98.03581744656267,35.0,True,0.034934825768980576,1.2383667360070192,1.4792
CARD11,False,False,132,0.08665511,92.37435008665511,150.0,True,0.13269792592871324,1.0602433974544287,1.2057118
TNRC18,False,False,585,0.4754477,66.20450606585788,823.0,True,0.3784176411113874,1.0653286333796086,1.2788036
ZNF316,False,False,53,0.03177354,96.93818601964182,55.0,True,0.04704040189466672,1.2502686128105558,1.497474
AC004982.2,False,False,21,0.012131716,98.78682842287695,21.0,True,0.016423562785301264,1.076700641186756,1.2309802
AC004160.1,False,False,13,0.00808781,99.24898902368572,14.0,True,0.038059177918995615,1.4438834823073405,1.7947476
THSD7A,False,False,34,0.022530328,98.03581744656267,39.0,True,0.07388532359934269,1.8438441626410185,2.4088416
SOSTDC1,False,False,11,0.00808781,99.36452917388793,14.0,True,0.013282112288097574,1.2474210488118378,1.4931018
AHR,False,False,296,0.2229925,82.9000577700751,386.0,True,0.24938573047386645,1.4971371094098525,1.8765124
HDAC9,False,False,325,0.24783362,81.22472559214327,429.0,True,0.2848877703829009,1.1832325880570993,1.5406199
AC007091.1,False,False,18,0.012131716,98.96013864818023,21.0,True,0.018960260594501767,1.3389304121332375,1.633604
MACC1,False,False,222,0.152513,87.17504332755632,264.0,True,0.20305792506851963,1.089701208478765,1.250941
ITGB8,False,False,74,0.048526864,95.72501444251877,84.0,True,0.04566307466976841,1.0554724950423942,1.1983867
STEAP1B,False,False,86,0.054881573,95.03177354130561,95.0,True,0.1062637475104491,2.0202325298632116,2.679666
IL6,False,False,2,0.004621606,99.8844598497978,8.0,True,0.04083459262624599,2.5999133826376584,3.5697
AC005682.2,False,False,3,0.0017331023,99.8266897746967,3.0,True,0.01067043215933259,1.2427135698306102,1.485874
OSBPL3,False,False,407,0.3044483,76.48757943385327,527.0,True,0.3395051117698452,1.2409182141274284,1.6687158
HOXA-AS3,False,False,14,0.00808781,99.19121894858463,14.0,True,0.02520630476591671,1.3957803800064068,1.7208908
HIBADH,False,False,465,0.33448875,73.13691507798961,579.0,True,0.30371220256618287,1.076880114641795,1.3044547
CREB5,False,False,150,0.13056037,91.33448873483535,226.0,True,0.18518994025661265,1.8155985903496008,2.3654737
BBS9,False,False,314,0.22125939,81.86019641825536,383.0,True,0.16827188817402478,1.1596747314054698,1.3583773
BMPER,False,False,2,0.0011554015,99.8844598497978,2.0,True,0.016997441073669226,1.7114705902625313,2.2055972
ELMO1,False,False,1364,3.0895436,21.201617562102825,5348.0,True,1.3097624253771885,2.1759470937066983,2.15406
ELMO1-AS1,False,False,545,0.42749855,68.5153090699018,740.0,True,0.324045909903381,1.1612830868767379,1.491879
AC004837.4,False,False,16,0.009243212,99.07567879838244,16.0,True,0.018353007597701313,1.2811342372727395,1.5448647
AEBP1,False,False,49,0.028885037,97.1692663200462,50.0,True,0.02442296913316224,1.4428835059335254,1.7932122
AC004847.1,False,False,11,0.006354708,99.36452917388793,11.0,True,0.022417352631773364,1.3494280641032885,1.649722
CCM2,False,False,397,0.28307337,77.06528018486424,490.0,True,0.2875271874301942,1.1635461771676165,1.4969044
RAMP3,False,False,1,0.002310803,99.94222992489891,4.0,True,0.03692786030154785,2.497384111491674,3.412278
IGFBP3,False,False,1,0.0017331023,99.94222992489891,3.0,True,0.0501493924401537,2.8100829471195943,3.8923914
LINC00525,False,False,1,0.00057770073,99.94222992489891,1.0,True,0.012249410812943885,1.3815058488215886,1.6989738
ABCA13,False,False,26,0.01559792,98.49797804737146,27.0,True,0.03660490937486174,1.2075953341886372,1.431954
AC099681.1,False,False,1,0.00057770073,99.94222992489891,1.0,True,0.011850853068939904,1.348228204634326,1.6478798
TPST1,False,False,195,0.13287117,88.73483535528597,230.0,True,0.1719005988477253,1.2125176140918776,1.4395117
LINC00174,False,False,116,0.0745234,93.29867128827267,129.0,True,0.0859918916531303,1.462559666977718,1.8234228
GALNT17,False,False,6,0.004043905,99.65337954939342,7.0,True,0.033710794092082594,2.404617871382709,3.269846
CALN1,False,False,1020,1.7267475,41.074523396880416,2989.0,True,0.8417233075966531,2.1200898397809183,2.4168737
POM121,False,False,304,0.21317157,82.43789716926632,369.0,True,0.29402359859311655,1.045488953353387,1.2347478
AC211476.2,False,False,12,0.006932409,99.30675909878683,12.0,True,0.020412858165021322,1.2257527766332896,1.4598327
ELN,False,False,58,0.03986135,96.64933564413633,69.0,True,0.05692865859892385,1.9427696120179858,2.5607305
LAT2,False,False,728,0.6839977,57.94338532640093,1184.0,True,0.5010897777186765,1.067343664960157,1.2832781
NCF1,False,False,50,0.03177354,97.11149624494512,55.0,True,0.07766975946437406,1.2764600539536777,1.537688
HIP1,False,False,310,0.24494512,82.09127671865973,424.0,True,0.23167608667809153,1.4836284901791692,1.8557715
CCL26,False,False,1,0.00057770073,99.94222992489891,1.0,True,0.016997441073669226,1.7114705902625313,2.2055972
SSC4D,False,False,20,0.011554015,98.84459849797804,20.0,True,0.020111357355237797,1.428165719376574,1.7706147
MAGI2,False,False,231,0.19179665,86.65511265164645,332.0,True,0.17904114924527087,1.5556960044218517,1.966423
CD36,False,False,229,0.48931253,86.77065280184864,847.0,True,0.6905242683743339,2.2209578287985523,3.1968267
TMEM243,False,False,383,0.24956672,77.8740612362796,432.0,True,0.25790548132486646,1.319134198333428,1.6032093
ABCB1,False,False,400,0.3206239,76.89196995956095,555.0,True,0.38676859320667983,1.2951622961290261,1.7891697
RUNDC3B,False,False,12,0.00751011,99.30675909878683,13.0,True,0.037058064816685735,2.1602529189130992,2.8946514
AC002454.1,False,False,658,0.7492779,61.98729058347776,1297.0,True,0.49123013892544787,1.1001805008029075,1.3561952
GNG11,False,False,134,0.09820913,92.25880993645292,170.0,True,0.14930872375748724,1.1113597560471717,1.2841952
CASD1,False,False,265,0.18313114,84.69093009820912,317.0,True,0.16524277676217713,1.2822372490479692,1.5465581
DYNC1I1,False,False,49,0.032928944,97.1692663200462,57.0,True,0.04974476541730094,1.3073662135559747,1.5851408
ASNS,False,False,9,0.0051993066,99.48006932409012,9.0,True,0.016787385713399966,1.054593220681601,1.1970367
NPTX2,False,False,7,0.00751011,99.59560947429232,13.0,True,0.07863321483317905,1.9804990420297264,2.6186597
TMEM130,False,False,7,0.004043905,99.59560947429232,7.0,True,0.009867793443734328,1.1641112950519275,1.3651892
SPDYE3,False,False,243,0.1565569,85.96187175043327,271.0,True,0.11633976908717693,1.2928766026269674,1.5628937
PCOLCE,False,False,21,0.012131716,98.78682842287695,21.0,True,0.023194911692116828,1.478921971436478,1.8485452
MUC12,False,False,9,0.0057770074,99.48006932409012,10.0,True,0.009417543497649178,1.117183739623988,1.2931373
SERPINE1,False,False,40,0.057192374,97.6891969959561,99.0,True,0.15329810551708387,1.5224931625438072,1.9154438
CLDN15,False,False,197,0.12709416,88.61929520508377,220.0,True,0.11012058115802234,1.0557542779380242,1.1988194
SH2B2,False,False,38,0.022530328,97.80473714615829,39.0,True,0.05466909783343925,1.999201311163312,2.6473749
FBXL13,False,False,142,0.088965915,91.79664933564413,154.0,True,0.12271109317343414,1.8722776328661055,2.452498
AC007384.1,False,False,87,0.057192374,94.97400346620451,99.0,True,0.09218953631655254,1.302530495349427,1.5777161
SYPL1,False,False,1118,1.2437897,35.41305603697285,2153.0,True,0.748276349268619,1.1876564340688294,1.2116268
NAMPT,False,False,529,0.42923164,69.43963027151936,743.0,True,0.3336942538769731,1.2572603778452178,1.7050052
PNPLA8,False,False,253,0.1594454,85.38417099942231,276.0,True,0.1675450073614023,1.1044849873172635,1.2736398
IMMP2L,False,False,1125,1.3864818,35.00866551126517,2400.0,True,0.8832774699725594,1.5122977274382898,1.4026078
DOCK4,False,False,83,0.058347777,95.2050837666089,101.0,True,0.044656588756058914,1.262287518020958,1.5159277
AC004112.1,False,False,19,0.010976315,98.90236857307914,19.0,True,0.03522517976579535,1.4401507366697104,1.7890164
IFRD1,False,False,415,0.29982668,76.02541883304448,519.0,True,0.328417660087654,1.2033117574839594,1.5852073
LSMEM1,False,False,3,0.0017331023,99.8266897746967,3.0,True,0.011850853068939904,1.348228204634326,1.6478798
MET,False,False,2,0.0011554015,99.8844598497978,2.0,True,0.009360594524854503,1.1110897750700668,1.2837807
ST7-AS2,False,False,71,0.043327555,95.89832466782207,75.0,True,0.0953468845030347,1.4045366560156278,1.7343351
AC004594.1,False,False,3,0.002310803,99.8266897746967,4.0,True,0.009360594524854503,1.1110897750700668,1.2837807
AC073934.1,False,False,13,0.00751011,99.24898902368572,13.0,True,0.034579666280836543,1.1152348778580359,1.290145
UBE2H,False,False,461,0.33564413,73.36799537839399,581.0,True,0.3348420775057544,1.4330922131323498,2.0954554
AC016831.5,False,False,43,0.025418833,97.5158867706528,44.0,True,0.030726163993927122,1.2219485906529024,1.4539918
LINC-PINT,False,False,259,0.16984402,85.03755054881572,294.0,True,0.2545434284948116,1.6726339079216372,2.1459677
PLXNA4,False,False,11,0.006932409,99.36452917388793,12.0,True,0.033703238800954535,1.393224938575008,1.7169671
AC009365.4,False,False,6,0.0034662045,99.65337954939342,6.0,True,0.020298909657601585,1.247619303057256,1.4934063
BPGM,False,False,186,0.13749278,89.25476603119584,238.0,True,0.17018008683624072,1.5693541079296858,1.9873935
AC083862.3,False,False,54,0.03119584,96.88041594454073,54.0,True,0.03393766584689523,1.1416359798090383,1.330681
UBN2,False,False,195,0.12478336,88.73483535528597,216.0,True,0.16508838325546493,1.060595678079183,1.2062528
MKRN1,False,False,519,0.37146157,70.01733102253033,643.0,True,0.39529813511310924,1.3541456174055946,1.9201474
DENND11,False,False,176,0.10918544,89.83246678220682,189.0,True,0.13158879475048024,1.5272955944000028,1.9228173
TRBVB,False,False,14,0.009243212,99.19121894858463,16.0,True,0.03314969958612633,1.3727348849382657,1.685507
PRSS2,False,False,110,0.12824957,93.64529173887925,222.0,True,0.17370152183997686,1.930382673892519,2.5417118
TRBC2,False,False,334,0.26169845,80.7047949162334,453.0,True,0.17424381590618684,1.2102418512024502,1.4360174
CLCN1,False,False,18,0.010398613,98.96013864818023,18.0,True,0.009867793443734328,1.1641112950519275,1.3651892
CNTNAP2,False,False,53,0.042749856,96.93818601964182,74.0,True,0.1802998533367131,2.3317389641224318,3.1579487
RARRES2,False,False,24,0.017908724,98.61351819757365,31.0,True,0.0816876790539428,2.903296939338189,4.035511
GIMAP8,False,False,5,0.0028885037,99.71114962449451,5.0,True,0.016360465104122836,1.0768985396567101,1.231284
SMARCD3,False,False,59,0.034662046,96.59156556903524,60.0,True,0.026315449283897455,1.2547169130514944,1.5043038
WDR86,False,False,23,0.013287118,98.67128827267476,23.0,True,0.019671416219191194,1.5758957896665928,1.9974375
ESYT2,False,False,863,0.81340265,50.14442518775275,1408.0,True,0.649282513552773,1.3104677203056352,1.4475744
SLC35G5,False,False,4,0.002310803,99.7689196995956,4.0,True,0.015712105984055518,1.6321948442573342,2.0838783
BLK,False,False,5,0.0034662045,99.71114962449451,6.0,True,0.053187481659266414,1.5279670508935574,1.9238483
AC069185.1,False,False,19,0.010976315,98.90236857307914,19.0,True,0.030767366183668782,1.089366598342938,1.2504272
AC025857.2,False,False,1,0.00057770073,99.94222992489891,1.0,True,0.009725205634544286,1.149484666067656,1.3427317
FAM66D,False,False,24,0.014442518,98.61351819757365,25.0,True,0.030604826633149625,1.3155779690683393,1.5977491
AC068587.4,False,False,643,0.67071056,62.85384170999422,1161.0,True,0.45758403205824405,1.4079143477904896,2.0395458
SGCZ,False,False,108,0.0768342,93.76083188908146,133.0,True,0.0745755539739726,1.5728221940337987,1.9927183
MTUS1,False,False,10,0.006354708,99.42229924898902,11.0,True,0.03427693486628237,1.527240213750394,1.9227324
AC100800.1,False,False,6,0.0034662045,99.65337954939342,6.0,True,0.016997441073669226,1.7114705902625313,2.2055972
CSGALNACT1,False,False,47,0.029462738,97.28480647024841,51.0,True,0.0859150838709084,1.6701636888425375,2.1421752
LPL,False,False,2,0.0011554015,99.8844598497978,2.0,True,0.016997441073669226,1.7114705902625313,2.2055972
PEBP4,False,False,13,0.00808781,99.24898902368572,14.0,True,0.020419630766244867,1.2114226346830403,1.4378304
SLC25A37,False,False,578,1.027152,66.60889659156557,1778.0,True,0.9994605773174725,2.3081146675693,2.7306442
ADAM28,False,False,536,0.42807627,69.03523974581167,741.0,True,0.3171185692937428,1.4554935801588902,2.1451998
AC120193.1,False,False,313,0.2281918,81.91796649335645,395.0,True,0.17734855588484108,1.494093345857674,1.8718392
KCTD9,False,False,172,0.11034084,90.06354708261121,191.0,True,0.14328064327250342,1.1815145581191875,1.39191
PTK2B,False,False,374,0.25880992,78.39399191218949,448.0,True,0.2528988119339167,1.0570001916943002,1.2007324
CLU,False,False,431,0.3772386,75.10109763142691,653.0,True,0.38488108333318966,1.2257512392940482,1.6350362
AC013643.2,False,False,2,0.0011554015,99.8844598497978,2.0,True,0.021056805488098615,1.5504710147033112,1.9584006
AC021678.2,False,False,6,0.0034662045,99.65337954939342,6.0,True,0.026332058809993675,1.4554475280890995,1.8125029
RBPMS,False,False,607,0.5465049,64.93356441363373,946.0,True,0.34293289928641246,1.247073950011335,1.6823852
RNF122,False,False,21,0.013864818,98.78682842287695,24.0,True,0.03520474818842868,2.2633467334637083,3.0529401
TCIM,False,False,2,0.0017331023,99.8844598497978,3.0,True,0.01863437882461003,1.8042369309317288,2.3480294
AC103724.4,False,False,46,0.028307337,97.34257654534952,49.0,True,0.02238081318707307,1.6678723328914022,2.1386569
CEBPD,False,False,48,0.034084346,97.22703639514731,59.0,True,0.03191393302147896,1.179974514170119,1.3895454
AC103769.1,False,False,14,0.008665511,99.19121894858463,15.0,True,0.02442774742320805,1.4462555161063102,1.7983896
LYN,False,False,1136,1.3980358,34.37319468515309,2420.0,True,0.8508871323864438,1.7645334886390827,1.8235315
TOX,False,False,782,0.89948004,54.82380127094165,1557.0,True,0.6478381750366742,2.1266946791989625,3.0157263
AC022182.1,False,False,5,0.0028885037,99.71114962449451,5.0,True,0.022300474548869628,1.3423329872165615,1.6388284
AC022182.2,False,False,15,0.008665511,99.13344887348353,15.0,True,0.03588608163221173,2.1847978521918656,2.9323373
AC104232.1,False,False,106,0.09069902,93.87637203928365,157.0,True,0.18578067201029697,2.0159828246621774,2.673141
PREX2,False,False,356,0.27498555,79.43385326400924,476.0,True,0.10854946400737554,1.7215920225388535,2.2211375
SLCO5A1,False,False,64,0.04563836,96.30271519352975,79.0,True,0.047598599535272575,1.3578417626039956,1.6626403
AC022730.4,False,False,4,0.002310803,99.7689196995956,4.0,True,0.016490431670701647,1.6809339017712435,2.1587114
TRAM1,False,False,744,0.6239168,57.01906412478337,1080.0,True,0.5318380381179624,1.1749328247702016,1.5221895
AC022893.1,False,False,39,0.02310803,97.74696707105718,40.0,True,0.05298105049564692,1.1239710194363561,1.3035583
LY96,False,False,19,0.011554015,98.90236857307914,20.0,True,0.03021539563150418,1.763020368887917,2.284746
AC062004.1,False,False,4,0.0028885037,99.7689196995956,5.0,True,0.033710794092082594,2.404617871382709,3.269846
LINC01607,False,False,8,0.0051993066,99.53783939919121,9.0,True,0.011694178520703341,1.3348410171731544,1.6273253
FABP4,False,False,5,0.017331023,99.71114962449451,30.0,True,0.12368876507041068,3.750147242938503,5.335753
SNX16,False,False,136,0.08492201,92.14326978625073,147.0,True,0.10704185144756187,1.3662730555981197,1.6755856
AC011773.4,False,False,16,0.009820913,99.07567879838244,17.0,True,0.01682940655751051,1.2844550068586222,1.5499634
CA1,False,False,301,2.507799,82.61120739456962,4341.0,True,1.43075347378533,2.756255004321371,2.4747887
CA2,False,False,478,1.6522242,72.38590410167534,2860.0,True,1.2580544131652798,1.6436895728464198,1.3274987
TMEM64,False,False,210,0.13575968,87.8682842287695,235.0,True,0.17235514421074077,1.1761456365186118,1.3836666
RUNX1T1,False,False,9,0.0057770074,99.48006932409012,10.0,True,0.015515253911722994,1.6194883373296352,2.064369
AC104211.1,False,False,25,0.01617562,98.55574812247256,28.0,True,0.04616648609892924,2.2676618385346203,3.0595655
AC117834.1,False,False,50,0.03004044,97.11149624494512,52.0,True,0.044984160442244146,1.0599053199742563,1.2051928
AC023632.2,False,False,30,0.017331023,98.26689774696708,30.0,True,0.036377988601011484,1.1019781174035934,1.2697908
C8orf37-AS1,False,False,50,0.032928944,97.11149624494512,57.0,True,0.043756029523711625,1.1777836666438923,1.3861816
OSR2,False,False,4,0.002310803,99.7689196995956,4.0,True,0.023029351697325524,1.482253683891018,1.8536607
AZIN1-AS1,False,False,309,0.2229925,82.14904679376083,386.0,True,0.17069031507992863,1.284316524801169,1.5497507
BAALC,False,False,464,0.43500867,73.1946851530907,753.0,True,0.20849577260499844,1.182590698575772,1.3935622
BAALC-AS1,False,False,122,0.0762565,92.95205083766609,132.0,True,0.07074830134504914,1.0545354740621036,1.196948
ZFPM2-AS1,False,False,9,0.006932409,99.48006932409012,12.0,True,0.026696038029339435,1.1013394777454764,1.2688103
ANGPT1,False,False,799,0.95320624,53.841709994222995,1650.0,True,0.6369106902253083,1.4698362872334303,1.7537565
TRPS1,False,False,528,0.41421145,69.49740034662045,717.0,True,0.3753931756028617,1.3441364473284878,1.8979212
SAMD12,False,False,151,0.10340843,91.27671865973426,179.0,True,0.08884978950247263,1.2518072816802621,1.4998364
AC023590.1,False,False,53,0.032928944,96.93818601964182,57.0,True,0.0545324354504924,1.2787403919420195,1.5411892
CCN3,False,False,58,0.052570768,96.64933564413633,91.0,True,0.03637502585990447,1.1670706832386915,1.369733
ENPP2,False,False,19,0.011554015,98.90236857307914,20.0,True,0.021143713323216694,1.4024670120999292,1.7311573
COL14A1,False,False,36,0.023685731,97.92027729636048,41.0,True,0.06105283913080499,1.9160942306839999,2.5197735
MTBP,False,False,226,0.1565569,86.94396302715194,271.0,True,0.23004938303253927,1.101667868908522,1.2693144
ZHX2,False,False,241,0.16522242,86.07741190063547,286.0,True,0.21124922095120072,1.318788177129817,1.602678
AC104316.1,False,False,184,0.110918544,89.37030618139804,192.0,True,0.18678099951720126,1.3033255897607698,1.5789369
TMEM65,False,False,539,0.4534951,68.86192952050838,785.0,True,0.40782057488619006,1.1608878537382101,1.4910014
MTSS1,False,False,272,0.27151936,84.28653957250145,470.0,True,0.4743700562585389,1.4616161723064878,2.1587954
ZNF572,False,False,6,0.0034662045,99.65337954939342,6.0,True,0.009489708572551313,1.1248535892371425,1.3049135
PCAT1,False,False,60,0.045060657,96.53379549393414,78.0,True,0.017204674656999173,1.5492455421843205,1.956519
TMEM71,False,False,69,0.042749856,96.01386481802426,74.0,True,0.08343568786709914,1.0623549937141323,1.208954
NDRG1,False,False,61,0.036972847,96.47602541883305,64.0,True,0.04014282976011152,1.1837514819446076,1.3953445
AC040970.1,False,False,23,0.014442518,98.67128827267476,25.0,True,0.02888371202373831,1.30335099875662,1.5789759
LY6K,False,False,5,0.0028885037,99.71114962449451,5.0,True,0.016997441073669226,1.7114705902625313,2.2055972
AC105118.1,False,False,1,0.00057770073,99.94222992489891,1.0,True,0.012249410812943885,1.3815058488215886,1.6989738
SCRIB,False,False,63,0.03755055,96.36048526863085,65.0,True,0.07660371791636877,1.167045088021215,1.3696938
MROH1,False,False,137,0.08492201,92.08549971114962,147.0,True,0.10133666036525822,1.3088228941878195,1.5873774
RPL8,False,True,1701,50.041595,1.7331022530329254,86622.0,True,3.7734085196146756,2.0409529264357027,1.881994
AL158832.1,False,False,7,0.004043905,99.59560947429232,7.0,True,0.009360594524854503,1.1110897750700668,1.2837807
RFX3-AS1,False,False,325,0.225881,81.22472559214327,391.0,True,0.2419245987341635,1.0880424976504623,1.2483943
AL354977.2,False,False,4,0.002310803,99.7689196995956,4.0,True,0.019308452185632867,1.8401097725484858,2.403108
GLIS3,False,False,4,0.0028885037,99.7689196995956,5.0,True,0.009360594524854503,1.1110897750700668,1.2837807
SLC1A1,False,False,2,0.0011554015,99.8844598497978,2.0,True,0.009867793443734328,1.1641112950519275,1.3651892
KIAA2026,False,False,325,0.21721548,81.22472559214327,376.0,True,0.3061461018721034,1.2120077376710392,1.6045176
PTPRD,False,False,132,0.097631425,92.37435008665511,169.0,True,0.07920830193725295,1.6380077115090292,2.0928032
MPDZ,False,False,78,0.04794916,95.49393414211438,83.0,True,0.09078282921318279,1.5976429073856586,2.0308278
AL159169.2,False,False,15,0.008665511,99.13344887348353,15.0,True,0.019588938593021757,1.7300399644026276,2.2341082
FREM1,False,False,449,0.5332178,74.06123627960717,923.0,True,0.3554220424904596,1.3110758126109203,1.8245071
CCDC171,False,False,467,0.34604275,73.0213749277874,599.0,True,0.2901737730074505,1.165630857132039,1.5015336
FOCAD-AS1,False,False,6,0.0034662045,99.65337954939342,6.0,True,0.012858344611385911,1.1205336825921814,1.2982807
DCAF12,False,False,228,0.1530907,86.82842287694974,265.0,True,0.18256871419895554,1.4263656909116396,1.767851
AL162231.2,False,False,23,0.013864818,98.67128827267476,24.0,True,0.012474825532632463,1.1418336469915276,1.3309845
CCL21,False,False,1,0.00057770073,99.94222992489891,1.0,True,0.009360594524854503,1.1110897750700668,1.2837807
CD72,False,False,28,0.017908724,98.38243789716927,31.0,True,0.02316035466694142,1.361946237142446,1.6689422
SPAG8,False,False,25,0.014442518,98.55574812247256,25.0,True,0.029938078954596777,1.10287710363682,1.2711711
RECK,False,False,215,0.13980359,87.579433853264,242.0,True,0.17297288247794937,1.1796401370354992,1.389032
PAX5,False,False,6,0.004043905,99.65337954939342,7.0,True,0.03010979602916639,1.6018480988494428,2.0372844
ZBTB5,False,False,105,0.06181398,93.93414211438474,107.0,True,0.11261767948048515,1.059056825407136,1.2038901
FBXO10,False,False,18,0.011554015,98.96013864818023,20.0,True,0.04649091185536765,1.099983450608807,1.2667282
ANKRD18A,False,False,5,0.0028885037,99.71114962449451,5.0,True,0.012315913955046727,1.121321851616811,1.2994909
BX088651.4,False,False,10,0.0057770074,99.42229924898902,10.0,True,0.016490431670701647,1.6809339017712435,2.1587114
CNTNAP3C,False,False,1,0.00057770073,99.94222992489891,1.0,True,0.009360594524854503,1.1110897750700668,1.2837807
AL391987.4,False,False,7,0.004043905,99.59560947429232,7.0,True,0.01023647776969926,1.2009772022195915,1.4217926
ANKRD20A4,False,False,21,0.012131716,98.78682842287695,21.0,True,0.04336564740990783,2.016218206505885,2.6735024
FP326651.1,False,False,1,0.00057770073,99.94222992489891,1.0,True,0.01837993019855108,1.7903603568681372,2.3267233
ZNF658,False,False,21,0.014442518,98.78682842287695,25.0,True,0.014306938676371566,1.1574130821414306,1.3549049
CEMIP2,False,False,277,0.19121894,83.99768919699595,331.0,True,0.24153216245166462,1.2963871469604022,1.5682838
LINC01504,False,False,4,0.002310803,99.7689196995956,4.0,True,0.014146930690334297,1.5264765295490335,1.9215598
ANXA1,False,False,1057,1.9162334,38.9370306181398,3317.0,True,1.005185613570954,2.221234660153028,2.5856614
RORB,False,False,4,0.0034662045,99.7689196995956,6.0,True,0.05242164123767437,2.7664963782967837,3.8254693
TLE1,False,False,55,0.040439054,96.82264586943963,70.0,True,0.08385764163494121,1.616789920329731,2.0602257
NTRK2,False,False,1,0.00057770073,99.94222992489891,1.0,True,0.016997441073669226,1.7114705902625313,2.2055972
C9orf153,False,False,16,0.009243212,99.07567879838244,16.0,True,0.01708373649058494,1.3146885358729514,1.5963835
TUT7,False,False,239,0.1565569,86.19295205083766,271.0,True,0.20721377054150047,1.379517976371769,1.6959217
GAS1,False,False,2,0.0011554015,99.8844598497978,2.0,True,0.016997441073669226,1.7114705902625313,2.2055972
DAPK1,False,False,750,0.64586943,56.672443674176776,1118.0,True,0.4306915349566788,1.0739069129218983,1.2978524
SECISBP2,False,False,998,0.9254766,42.34546504910457,1602.0,True,0.6965412034452353,1.364764215019327,1.5518899
AL606807.1,False,False,10,0.006354708,99.42229924898902,11.0,True,0.00909122098479082,1.0817553323194926,1.238741
AL158071.3,False,False,17,0.009820913,99.01790872328135,17.0,True,0.036349554999336176,1.4710107632741825,1.8363985
NFIL3,False,False,55,0.032928944,96.82264586943963,57.0,True,0.0413473265401586,1.1815176923062147,1.3919147
CARD19,False,False,669,0.5696129,61.351819757365675,986.0,True,0.520978299199671,1.2378116031755004,1.6618174
NUTM2G,False,False,5,0.0028885037,99.71114962449451,5.0,True,0.009867793443734328,1.1641112950519275,1.3651892
HEMGN,False,False,508,0.45060658,70.6528018486424,780.0,True,0.5376542699122859,1.5725894584686537,2.4052215
NR4A3,False,False,67,0.045060657,96.12940496822647,78.0,True,0.07004752285677902,1.5802796280111882,2.0041683
PLPPR1,False,False,3,0.002310803,99.8266897746967,4.0,True,0.011486048080496662,1.1077975954071186,1.278726
SLC44A1,False,False,313,0.24841133,81.91796649335645,430.0,True,0.3774092419312327,1.1842035856325501,1.542776
TMEM38B,False,False,402,0.27325246,76.77642980935875,473.0,True,0.22187847019306453,1.0914761175121532,1.2536662
LINC01505,False,False,63,0.050259966,96.36048526863085,87.0,True,0.05330426643854384,1.9898137479987739,2.6329613
KLF4,False,False,229,0.16637781,86.77065280184864,288.0,True,0.18675964283429022,1.164047284436868,1.365091
PALM2-AKAP2,False,False,128,0.09243212,92.6054303870595,160.0,True,0.1287499757351267,1.5514445735842515,1.9598954
SLC31A2,False,False,76,0.047371462,95.60947429231658,82.0,True,0.09648540073104997,1.241108272039974,1.4834093
TNC,False,False,6,0.0034662045,99.65337954939342,6.0,True,0.022232543830902105,1.5311557901115949,1.9287443
PAPPA,False,False,5,0.0028885037,99.71114962449451,5.0,True,0.019034895208974383,1.611034656101686,2.0513892
GSN,False,False,447,0.36395147,74.17677642980935,630.0,True,0.44451132049202224,1.401522402396054,2.0253518
AL359644.1,False,False,34,0.020797227,98.03581744656267,36.0,True,0.04715195684078952,1.934838159218525,2.5485525
PTGS1,False,False,204,0.14211439,88.21490467937608,246.0,True,0.20791167574851685,1.1738023735448353,1.3800688
AL359636.2,False,False,8,0.004621606,99.53783939919121,8.0,True,0.012931223094055788,1.1172976375835872,1.2933122
ZBTB6,False,False,33,0.019064125,98.09358752166378,33.0,True,0.04254961372126,1.1711265784881906,1.3759604
NR6A1,False,False,493,0.39688042,71.51935297515887,687.0,True,0.3057363489188252,1.0904490714542048,1.3345857
HSPA5,False,False,838,1.198729,51.58867706528019,2075.0,True,1.0895739966978524,1.7097560240504779,1.7321205
AL354710.2,False,False,3,0.0017331023,99.8266897746967,3.0,True,0.022766227580159868,1.6901332108490268,2.172836
ANGPTL2,False,False,1,0.00057770073,99.94222992489891,1.0,True,0.009360594524854503,1.1110897750700668,1.2837807
PIP5KL1,False,False,4,0.002310803,99.7689196995956,4.0,True,0.02088513146604133,1.3322355970415807,1.623325
SPTAN1,False,False,135,0.08318891,92.20103986135182,144.0,True,0.03439557653210471,1.0980380179504123,1.2637413
ZER1,False,False,295,0.20161757,82.9578278451762,349.0,True,0.18754648115612185,1.0561271737481872,1.1993918
C9orf106,False,False,6,0.0034662045,99.65337954939342,6.0,True,0.009867793443734328,1.1641112950519275,1.3651892
USP20,False,False,198,0.13113807,88.56152512998267,227.0,True,0.17995879517392424,1.1744903184105855,1.3811251
FNBP1,False,False,1034,1.2784518,40.26574234546505,2213.0,True,0.7547607711737229,1.6522879148892822,2.1042864
RAPGEF1,False,False,230,0.14846909,86.71288272674754,257.0,True,0.1926622322879059,1.083939968536526,1.2420952
SLC2A6,False,False,25,0.01502022,98.55574812247256,26.0,True,0.03003946715996201,1.3677193438438064,1.6778063
ADAMTSL2,False,False,1,0.00057770073,99.94222992489891,1.0,True,0.00909122098479082,1.0817553323194926,1.238741
SARDH,False,False,24,0.013864818,98.61351819757365,24.0,True,0.02776934745627486,1.2633510590415862,1.5175606
COL5A1,False,False,94,0.05603697,94.56961294049682,97.0,True,0.05969859677287833,1.389475847107165,1.7112108
NALT1,False,False,24,0.013864818,98.61351819757365,24.0,True,0.03231015031600381,1.4471386733591143,1.7997456
SNHG7,False,False,1515,3.6383593,12.478336221837083,6298.0,True,1.387535223314432,1.8736458055485952,1.2768497
PTGDS,False,False,1,0.0057770074,99.94222992489891,10.0,True,0.15822285818376647,4.014055887015946,5.740955
LCNL1,False,False,1,0.00057770073,99.94222992489891,1.0,True,0.016997441073669226,1.7114705902625313,2.2055972
C9orf139,False,False,83,0.05314847,95.2050837666089,92.0,True,0.0389585440280422,1.1154080951176388,1.290411
NPDC1,False,False,665,0.5817447,61.582900057770075,1007.0,True,0.234157587068864,1.3545214625226547,1.6575423
PITRM1-AS1,False,False,19,0.010976315,98.90236857307914,19.0,True,0.022747747575719904,1.466058622300576,1.828795
KLF6,False,False,860,1.3125361,50.31773541305604,2272.0,True,1.1513792543363948,2.495588055141361,2.6504416
LINC02649,False,False,66,0.043327555,96.18717504332756,75.0,True,0.09031203180858569,1.685915407409914,2.1663601
ITIH5,False,False,3,0.0017331023,99.8266897746967,3.0,True,0.016997441073669226,1.7114705902625313,2.2055972
CELF2,False,False,1121,1.554015,35.23974581166955,2690.0,True,0.9705827887038884,1.6486452968345275,1.6301407
CAMK1D,False,False,1004,1.2091277,41.998844598497975,2093.0,True,0.8290073550507363,1.7780193251995646,1.8460363
FRMD4A,False,False,26,0.01559792,98.49797804737146,27.0,True,0.050208659529079096,1.2059493251905398,1.4294268
FAM107B,False,False,85,0.05430387,95.0895436164067,94.0,True,0.06488070381817833,1.3425765380236978,1.6392024
VIM,False,False,1364,5.4893126,21.201617562102825,9502.0,True,1.5725450127586407,2.5584341346875896,2.2062924
AL133415.1,False,False,16,0.009243212,99.07567879838244,16.0,True,0.01548520462571516,1.168393232848655,1.3717637
CACNB2,False,False,552,0.6060081,68.1109185441941,1049.0,True,0.33101709063044893,1.7372099276748232,2.770776
NSUN6,False,False,314,0.20912766,81.86019641825536,362.0,True,0.23469947022018423,1.0680206868459092,1.217653
MALRD1,False,False,496,0.44194108,71.34604274985557,765.0,True,0.33689732552588353,1.3549567421550797,1.9219487
AL157895.1,False,False,315,0.64240324,81.80242634315424,1112.0,True,0.626591474452012,1.8819400001143798,2.5454986
PLXDC2,False,False,1108,2.221837,35.99075678798383,3846.0,True,1.3756274718295864,2.3758195405828566,1.958435
AC069549.1,False,False,2,0.0011554015,99.8844598497978,2.0,True,0.01908251935917918,1.4618606907600273,1.8223495
DNAJC1,False,False,1266,1.8960139,26.863084922010394,3282.0,True,1.1965801940288963,1.9640938250516935,1.8250656
ARHGAP21,False,False,282,0.2235702,83.70883882149047,387.0,True,0.3460299263331448,1.411131734935782,2.0466902
MPP7,False,False,277,0.19352975,83.99768919699595,335.0,True,0.19149317371192073,1.2015018663223118,1.4225982
SVIL,False,False,409,0.3044483,76.37203928365108,527.0,True,0.2844845660102709,1.6293815449155085,2.5313334
MAP3K8,False,False,569,0.57192373,67.12882726747544,990.0,True,0.4800181261355779,1.2018807544360588,1.5820297
AL391839.1,False,False,80,0.050837666,95.37839399191219,88.0,True,0.07625685504645296,1.6030134357010046,2.0390735
ZNF248,False,False,133,0.08434431,92.31658001155402,146.0,True,0.08296205692034922,1.4436939099736963,1.7944565
AL450326.1,False,False,22,0.013287118,98.72905834777586,23.0,True,0.03986594139643103,1.475456105578682,1.8432237
CXCL12,False,False,5,0.028885037,99.71114962449451,50.0,True,0.5814135733305518,5.540111750114701,9.573653
DEPP1,False,False,66,0.05603697,96.18717504332756,97.0,True,0.06534462994198441,1.3905071674655676,1.7127943
ALOX5,False,False,6,0.004043905,99.65337954939342,7.0,True,0.02548527800211066,1.2800010546682894,1.5431248
NCOA4,False,False,660,0.5413056,61.871750433275565,937.0,True,0.4036613241456054,1.1131743898536937,1.3850493
WDFY4,False,False,229,0.1571346,86.77065280184864,272.0,True,0.083955134681944,1.4169143907478894,1.7533396
FAM170B,False,False,1,0.00057770073,99.94222992489891,1.0,True,0.01308280287828285,1.4477441661540535,1.8006753
TMEM273,False,False,21,0.012709416,98.78682842287695,22.0,True,0.04498436438064,1.2445309098058566,1.4886644
AC069547.2,False,False,2,0.0017331023,99.8844598497978,3.0,True,0.013864991026218413,1.5062045680845413,1.8904345
PRKG1,False,False,529,0.64818025,69.43963027151936,1122.0,True,0.6527953160837755,2.0199575813249515,2.8106608
LNCAROD,False,False,352,0.31542462,79.66493356441363,546.0,True,0.23727595038688412,1.640427976447535,2.0965192
ANK3,False,False,183,0.13807048,89.42807625649914,239.0,True,0.047437846311898686,1.298950354347842,1.5722193
ARID5B,False,False,289,0.21606009,83.30444829578279,374.0,True,0.1558982343685468,1.1606567319349832,1.3598851
SRGN,False,False,1458,3.779896,15.771230502599654,6543.0,True,1.4420711631637904,3.013108878998786,2.8234086
PALD1,False,False,25,0.01559792,98.55574812247256,27.0,True,0.03260914241210024,1.6765695390018645,2.1520104
SGPL1,False,False,65,0.040439054,96.24494511842865,70.0,True,0.06390131332560978,1.1240843242041023,1.3037324
SPOCK2,False,False,68,0.042172156,96.07163489312536,73.0,True,0.07891383876412907,1.559791436280037,1.9727111
DDIT4,False,False,256,0.22241479,85.21086077411901,385.0,True,0.22462573190056923,1.517794104452463,1.9082289
OIT3,False,False,2,0.0017331023,99.8844598497978,3.0,True,0.02599665976271964,2.140891544114168,2.8649242
NUDT13,False,False,43,0.025418833,97.5158867706528,44.0,True,0.05207943361302883,1.7249209274931516,2.2262485
CFAP70,False,False,41,0.023685731,97.631426920855,41.0,True,0.02199207041902482,1.3599440289801348,1.665868
VCL,False,False,416,0.33448875,75.96764875794338,579.0,True,0.38493183771372064,1.1731014975755079,1.5181228
AP3M1,False,False,311,0.20739457,82.03350664355864,359.0,True,0.26091968366990004,1.5658969031496042,1.9820853
AC010997.3,False,False,4,0.002310803,99.7689196995956,4.0,True,0.016947580415178343,1.5385259852062412,1.9400604
ZNF503,False,False,70,0.046793763,95.95609474292317,81.0,True,0.07742869317260069,1.2567699195440163,1.507456
TMEM254-AS1,False,False,48,0.03004044,97.22703639514731,52.0,True,0.020042493316029017,1.409344052842719,1.7417163
SNCG,False,False,2,0.0011554015,99.8844598497978,2.0,True,0.009360594524854503,1.1110897750700668,1.2837807
ADIRF,False,False,5,0.004043905,99.71114962449451,7.0,True,0.05173299583540748,2.227748432389813,2.998283
LINC00863,False,False,196,0.13633738,88.67706528018486,236.0,True,0.20262656793818365,1.1453548115948626,1.3363907
IFIT1B,False,False,9,0.00808781,99.48006932409012,14.0,True,0.031118368727463246,1.9370255202392859,2.551911
IFIT1,False,False,60,0.042172156,96.53379549393414,73.0,True,0.10605292897756166,1.6009310994077066,2.0358763
SLC16A12,False,False,2,0.0017331023,99.8844598497978,3.0,True,0.023562906705684717,2.041375385194271,2.7121284
AL157400.3,False,False,13,0.00751011,99.24898902368572,13.0,True,0.022137900227739666,1.4736124791510428,1.8403931
LINC01374,False,False,9,0.00751011,99.48006932409012,13.0,True,0.04172462501622459,1.881638639552473,2.4668708
PPP1R3C,False,False,1,0.00057770073,99.94222992489891,1.0,True,0.016997441073669226,1.7114705902625313,2.2055972
MYOF,False,False,3,0.0017331023,99.8266897746967,3.0,True,0.009360594524854503,1.1110897750700668,1.2837807
AL139124.1,False,False,1,0.00057770073,99.94222992489891,1.0,True,0.012249410812943885,1.3815058488215886,1.6989738
AL157834.2,False,False,2,0.0011554015,99.8844598497978,2.0,True,0.009417543497649178,1.117183739623988,1.2931373
PDLIM1,False,False,912,1.237435,47.313691507798964,2142.0,True,0.9384359109365845,1.4606663705969216,1.3164468
CC2D2B,False,False,21,0.012131716,98.78682842287695,21.0,True,0.0205376700305762,1.2367311442610227,1.4766887
DNTT,False,False,51,0.2328134,97.05372616984403,403.0,True,0.5242742634362271,3.3049503883531823,6.252084
RRP12,False,False,529,0.469093,69.43963027151936,812.0,True,0.48230941192257315,1.2007368948051047,1.5794897
AL355490.2,False,False,36,0.024263432,97.92027729636048,42.0,True,0.04137598622555637,1.0680178163544811,1.2176486
UBTD1,False,False,12,0.006932409,99.30675909878683,12.0,True,0.019663830827091493,1.4520359872598751,1.8072648
MORN4,False,False,27,0.01617562,98.44020797227037,28.0,True,0.03933320647259646,1.548088503602791,1.9547426
LINC01475,False,False,32,0.019064125,98.15135759676488,33.0,True,0.026062499105817975,1.2799356095165364,1.5430243
AL138762.1,False,False,15,0.009243212,99.13344887348353,16.0,True,0.033189357984665165,1.2456263575997693,1.4903463
NEURL1,False,False,84,0.055459272,95.14731369150779,96.0,True,0.08579463487367209,1.4814103332879003,1.8523657
ABLIM1,False,False,503,0.39110342,70.94165222414789,677.0,True,0.34869588967252935,1.3909777846790585,2.0019367
CUZD1,False,False,7,0.004043905,99.59560947429232,7.0,True,0.012249410812943885,1.3815058488215886,1.6989738
ZRANB1,False,False,133,0.08261121,92.31658001155402,143.0,True,0.09058588222588984,1.3776363683884816,1.6930326
AL731571.1,False,False,6,0.0034662045,99.65337954939342,6.0,True,0.015712105984055518,1.6321948442573342,2.0838783
DOCK1,False,False,278,0.21663778,83.93991912189486,375.0,True,0.20402284112091834,1.583155605945941,2.008584
AL359094.1,False,False,5,0.0028885037,99.71114962449451,5.0,True,0.009489708572551313,1.1248535892371425,1.3049135
PTPRE,False,False,217,0.15135759,87.46389370306181,262.0,True,0.1965466595709287,1.872551256127509,2.452918
EBF3,False,False,7,0.0057770074,99.59560947429232,10.0,True,0.06829839069782323,3.0681615750637876,4.288642
IFITM3,False,False,1037,1.1253611,40.09243212016176,1948.0,True,0.7760871650366048,1.822421137857781,2.4311497
LSP1,False,False,772,0.7862507,55.40150202195263,1361.0,True,0.3933765191650017,1.1790434683130375,1.5313175
OSBPL5,False,False,90,0.057192374,94.80069324090121,99.0,True,0.10068662905425223,1.3522211050677635,1.6540104
NUP98,False,False,843,0.7440786,51.2998266897747,1288.0,True,0.6526092546204558,1.241613507544141,1.3152902
HBD,False,False,569,11.006354,67.12882726747544,19052.0,True,2.8224331908041624,3.6042395533016163,2.2044377
HBG1,False,False,226,7.322357,86.94396302715194,12675.0,True,2.5448494128920456,5.102309177890087,1.6513906
HBG2,False,False,152,3.8555748,91.21894858463317,6674.0,True,1.8034089195318952,4.580773096805869,4.980581
CAVIN3,False,False,1,0.0011554015,99.94222992489891,2.0,True,0.01863437882461003,1.8042369309317288,2.3480294
OR6A2,False,False,5,0.0028885037,99.71114962449451,5.0,True,0.018372410734858444,1.3275628231737258,1.6161505
RIC3,False,False,190,0.12998267,89.02368573079144,225.0,True,0.1884690848288365,1.1736029216725936,1.3797625
ST5,False,False,13,0.00808781,99.24898902368572,14.0,True,0.019867830553157738,1.567412993720904,1.984413
DENND5A,False,False,540,0.43212017,68.80415944540728,748.0,True,0.34829096531350745,1.039554233816043,1.2215692
SWAP70,False,False,396,0.27498555,77.12305025996532,476.0,True,0.27215268623105965,1.102094178563532,1.269969
SBF2,False,False,659,0.5361063,61.929520508376655,928.0,True,0.36554216228592584,1.2090302119489251,1.5979058
MRVI1-AS1,False,False,4,0.002310803,99.7689196995956,4.0,True,0.01380009874215648,1.5014807620464525,1.8831817
TEAD1,False,False,6,0.0034662045,99.65337954939342,6.0,True,0.02774555343034951,1.4824468452077615,1.8539572
NAV2,False,False,14,0.013287118,99.19121894858463,23.0,True,0.15415051922950282,3.8338081719127155,5.464205
BDNF-AS,False,False,95,0.057770073,94.51184286539572,100.0,True,0.052940910390574275,1.086067391076609,1.2453617
MPPED2,False,False,195,0.12709416,88.73483535528597,220.0,True,0.11852611181165461,1.3338575661315335,1.6258153
HIPK3,False,False,455,0.33679953,73.71461582900058,583.0,True,0.3710082370120223,1.1701061353200841,1.5114714
ABTB2,False,False,18,0.013864818,98.96013864818023,24.0,True,0.02918755839116802,1.2532102391472375,1.5019906
CD44,False,False,1246,1.8636626,28.018486424032353,3226.0,True,0.8951948339841196,1.9309065875955451,2.1011703
LDLRAD3,False,False,77,0.05199307,95.55170421721549,90.0,True,0.07756591007868416,1.4118410943097646,1.7455502
TRAF6,False,False,137,0.08665511,92.08549971114962,150.0,True,0.12588247323187465,1.2664017587321017,1.5222446
PRDM11,False,False,62,0.03986135,96.41825534373196,69.0,True,0.07250470277327903,1.068501721611348,1.2183917
LARGE2,False,False,2,0.0011554015,99.8844598497978,2.0,True,0.030268126441412583,1.6080702988111932,2.0468378
MDK,False,False,854,1.1513577,50.66435586366262,1993.0,True,0.5139949436591006,1.7405179698125048,2.7781217
AC090589.2,False,False,11,0.006354708,99.36452917388793,11.0,True,0.01067043215933259,1.2427135698306102,1.485874
SPI1,False,False,443,0.32640094,74.40785673021375,565.0,True,0.20696767638956437,1.116994478485116,1.2928467
RAPSN,False,False,10,0.0057770074,99.42229924898902,10.0,True,0.012644669105072106,1.2343823445009816,1.4730824
C1QTNF4,False,False,691,1.021375,60.08087810514154,1768.0,True,0.42872554048692263,1.6637107804678006,2.6075644
PRG2,False,False,155,0.762565,91.04563835932986,1320.0,True,0.4511875660331133,2.5527453965444318,4.581745
RTN4RL2,False,False,31,0.018486423,98.20912767186597,32.0,True,0.0315426377724649,1.4685881913872085,1.8326788
SERPING1,False,False,375,0.26805314,78.33622183708839,464.0,True,0.17424305100776438,1.100997687129973,1.2682855
BTBD18,False,False,9,0.0051993066,99.48006932409012,9.0,True,0.021013907453825503,1.3334346508077732,1.6251659
OR9Q1,False,False,1,0.00057770073,99.94222992489891,1.0,True,0.009867793443734328,1.1641112950519275,1.3651892
GLYATL1,False,False,29,0.017331023,98.32466782206816,30.0,True,0.020336005870651173,1.5403442617250738,1.9428521
OR4D9,False,False,4,0.002310803,99.7689196995956,4.0,True,0.015515253911722994,1.6194883373296352,2.064369
LINC02739,False,False,12,0.010976315,99.30675909878683,19.0,True,0.0779269937071243,3.145306934647487,4.4070897
MS4A1,False,False,8,0.012709416,99.53783939919121,22.0,True,0.1987813030088663,2.3636897246621813,3.2070053
FADS2,False,False,276,0.21143848,84.05545927209705,366.0,True,0.2596360242205473,1.4692601294778167,1.8337106
FTH1,False,False,1702,42.451183,1.675332177931832,73483.0,True,3.8735372366208694,2.8897325087162957,2.1247451
AHNAK,False,False,383,0.29462737,77.8740612362796,510.0,True,0.25038492463944323,1.2472667038507632,1.4928648
INTS5,False,False,66,0.041016754,96.18717504332756,71.0,True,0.07215559847753415,1.4967367225037511,1.8758978
TMEM179B,False,False,533,0.37550548,69.20854997111496,650.0,True,0.3993781738741372,1.0405422326226865,1.2237631
AP001160.1,False,False,24,0.013864818,98.61351819757365,24.0,True,0.026206985981420756,1.0708083270350854,1.2219331
PLAAT3,False,False,11,0.00751011,99.36452917388793,13.0,True,0.07979969182848484,2.461715559276443,3.357513
FERMT3,False,False,544,0.48064703,68.5730791450029,832.0,True,0.5270152029617836,1.0643401851802545,1.2766086
PYGM,False,False,21,0.012131716,98.78682842287695,21.0,True,0.01864959633021323,1.1090276958322955,1.2806146
NEAT1,False,False,1299,1.982669,24.956672443674176,3432.0,True,1.220880409764038,2.0282748611486485,1.9247346
SSSCA1-AS1,False,False,24,0.013864818,98.61351819757365,24.0,True,0.018585865140191504,1.5757934696795444,1.9972804
SNX32,False,False,88,0.05603697,94.9162333911034,97.0,True,0.04918091196720348,1.1737868981066633,1.380045
EFEMP2,False,False,30,0.017908724,98.26689774696708,31.0,True,0.026198482699779965,1.2650811545669902,1.520217
FOSL1,False,False,280,0.21317157,83.82437897169265,369.0,True,0.24809305197668094,1.2666893146653118,1.5226861
RAB1B,False,False,218,0.14558059,87.40612362796072,252.0,True,0.15319717268502434,1.0974521870606642,1.2628417
C11orf80,False,False,66,0.041594453,96.18717504332756,72.0,True,0.07796000370098782,1.2514433137880858,1.4992776
KDM2A,False,False,759,0.65915656,56.15251299826689,1141.0,True,0.6144268582394754,1.355815012447125,1.5346965
NUDT8,False,False,264,0.18544194,84.74870017331023,321.0,True,0.17323238962372434,1.324216521956055,1.6110126
ACY3,False,False,53,0.035817448,96.93818601964182,62.0,True,0.10959387435366262,1.7020599553741849,2.1911483
TPCN2,False,False,61,0.036395147,96.47602541883305,63.0,True,0.06331310839392011,1.681847847942879,2.1601148
AP002336.2,False,False,289,0.20161757,83.30444829578279,349.0,True,0.3025437223829376,1.418122119006534,2.062213
ALG1L9P,False,False,24,0.014442518,98.61351819757365,25.0,True,0.024414629310981175,1.2851334899810065,1.551005
AP002495.1,False,False,168,0.10803004,90.29462738301561,187.0,True,0.1592850638260363,1.226973097723757,1.4617064
FCHSD2,False,False,1002,1.1496245,42.114384748700175,1990.0,True,0.7815919171437881,1.3525833498748976,1.5284878
PLEKHB1,False,False,23,0.013287118,98.67128827267476,23.0,True,0.016485993221750858,1.3723346861031394,1.6848925
AP001372.1,False,False,10,0.006354708,99.42229924898902,11.0,True,0.011850853068939904,1.348228204634326,1.6478798
B3GNT6,False,False,2,0.0011554015,99.8844598497978,2.0,True,0.010842330859962843,1.2587811215845084,1.510544
GAB2,False,False,902,1.061814,47.89139225880994,1838.0,True,0.7382849728926015,1.6931693095875024,2.1828284
AP003086.1,False,False,586,0.4656268,66.1467359907568,806.0,True,0.3917131756685648,1.0894651521529153,1.3324008
RAB30,False,False,42,0.026574235,97.5736568457539,46.0,True,0.036671536171850656,1.2149067100368633,1.4431798
AP003059.1,False,False,45,0.027151935,97.4003466204506,47.0,True,0.033692441376195134,1.0619030079401297,1.20826
AP003059.2,False,False,41,0.024263432,97.631426920855,42.0,True,0.027198469978093543,1.412848272073119,1.7470965
PRSS23,False,False,17,0.010976315,99.01790872328135,19.0,True,0.040262151005100486,2.2327792422705746,3.0060072
AP001528.1,False,False,4,0.002310803,99.7689196995956,4.0,True,0.019608263116980364,1.5784938664999166,2.0014265
DISC1FP1,False,False,224,0.19699596,87.05950317735413,341.0,True,0.19480596590917662,1.349475515621973,1.6497949
FAT3,False,False,6,0.0034662045,99.65337954939342,6.0,True,0.03525360242273137,1.2995525100278948,1.5731438
PANX1,False,False,56,0.034662046,96.76487579433854,60.0,True,0.05470495190878629,1.1702323291580619,1.3745874
PIWIL4,False,False,31,0.019641826,98.20912767186597,34.0,True,0.04387492706372454,2.1215234729514094,2.8351867
AP000943.2,False,False,11,0.006932409,99.36452917388793,12.0,True,0.019308452185632867,1.8401097725484858,2.403108
ENDOD1,False,False,89,0.05430387,94.8584633160023,94.0,True,0.09481213586093774,1.0544562183688289,1.1968263
FAM76B,False,False,202,0.13402657,88.33044482957828,232.0,True,0.20607980280411392,1.055315829487593,1.1981462
MAML2,False,False,346,0.32582322,80.01155401502022,564.0,True,0.373617685167565,1.7434540754331265,2.7846417
BIRC3,False,False,176,0.119584054,89.83246678220682,207.0,True,0.09315438625643484,1.245373204788972,1.4899577
CASP1,False,False,162,0.10109763,90.64124783362219,175.0,True,0.06914799424143413,1.1541674246614477,1.3499216
POU2AF1,False,False,3,0.0034662045,99.8266897746967,6.0,True,0.02618354699940298,2.14814862922657,2.8760664
SIK2,False,False,474,0.37377238,72.61698440207972,647.0,True,0.38899740932487537,1.0883862123461154,1.3300049
NNMT,False,False,13,0.010398613,99.24898902368572,18.0,True,0.08350902328417459,2.536537192755109,3.472393
SIK3,False,False,1443,2.637204,16.637781629116123,4565.0,True,1.437835231427347,2.055255564986113,1.5233432
AP000936.1,False,False,17,0.009820913,99.01790872328135,17.0,True,0.0122537120678768,1.0574690891290113,1.2014523
TAGLN,False,False,14,0.00808781,99.19121894858463,14.0,True,0.03836094540868277,1.2158188935011554,1.4445803
FXYD6,False,False,60,0.03928365,96.53379549393414,68.0,True,0.03383897805364942,1.0831516185736478,1.2408849
IL10RA,False,False,14,0.009243212,99.19121894858463,16.0,True,0.04147791460964932,1.5791091024524724,2.002371
JAML,False,False,177,0.13056037,89.77469670710572,226.0,True,0.11334164660362717,1.336410969763398,1.6297358
MPZL2,False,False,40,0.023685731,97.6891969959561,41.0,True,0.040377985606238974,1.384911077868731,1.7042022
CBL,False,False,125,0.0785673,92.7787406123628,136.0,True,0.0919250264709644,1.145375529242424,1.3364226
USP2-AS1,False,False,53,0.033506643,96.93818601964182,58.0,True,0.03228812752246664,1.054847707293384,1.1974274
SORL1,False,False,515,0.4581167,70.24841132293471,793.0,True,0.31936976654607463,1.4978252710197997,2.239201
MIR100HG,False,False,67,0.04563836,96.12940496822647,79.0,True,0.07200778758565254,1.3622402651323475,1.6693937
FLI1,False,False,724,0.66608894,58.174465626805315,1153.0,True,0.5128746167569331,1.1789367054347897,1.5310804
KCNJ1,False,False,33,0.020219527,98.09358752166378,35.0,True,0.022595449190487813,1.1576340904193734,1.3552442
IGSF9B,False,False,4,0.002310803,99.7689196995956,4.0,True,0.009489708572551313,1.1248535892371425,1.3049135
CACNA1C,False,False,50,0.032928944,97.11149624494512,57.0,True,0.06439460837749901,1.881485545167406,2.4666357
ITFG2-AS1,False,False,81,0.049104564,95.32062391681109,85.0,True,0.05336383975556797,1.0792954101564902,1.2349641
TSPAN9,False,False,6,0.0034662045,99.65337954939342,6.0,True,0.03007312097304004,1.2723374644394763,1.5313582
AC005833.2,False,False,26,0.01559792,98.49797804737146,27.0,True,0.014711994555791315,1.1865718127678333,1.3996748
VWF,False,False,58,0.05430387,96.64933564413633,94.0,True,0.1598957221973135,1.1354079536390331,1.3211185
CD27,False,False,2,0.0011554015,99.8844598497978,2.0,True,0.00913683073043311,1.0867824990649797,1.2464597
NCAPD2,False,False,121,0.0751011,93.00982091276718,130.0,True,0.09210554183195224,1.3147615639990036,1.5964956
LAG3,False,False,65,0.03870595,96.24494511842865,67.0,True,0.03555906176165515,1.380977775042454,1.698163
P3H3,False,False,44,0.026574235,97.4581166955517,46.0,True,0.03515242581983101,1.2929030955746432,1.5629344
LRRC23,False,False,337,0.23685731,80.5314846909301,410.0,True,0.23843763768591525,1.4512134362641864,1.8060019
C1R,False,False,45,0.026574235,97.4003466204506,46.0,True,0.053399894605663675,1.9945223085962014,2.6401908
SLC2A3,False,False,126,0.09936453,92.72097053726169,172.0,True,0.18857069929507486,2.0018193089052314,2.6513946
AC092745.5,False,False,53,0.03177354,96.93818601964182,55.0,True,0.043769495487848996,1.7123359279673604,2.2069259
A2M,False,False,12,0.00751011,99.30675909878683,13.0,True,0.023784781432633295,1.5945077275060795,2.0260139
CLECL1,False,False,16,0.010398613,99.07567879838244,18.0,True,0.019243795435730453,1.6577130860916207,2.1230586
CD69,False,False,724,1.2784518,58.174465626805315,2213.0,True,0.7030281341404564,2.1626044483509053,3.084717
LINC02470,False,False,69,0.041594453,96.01386481802426,72.0,True,0.06628513009693222,1.2674201612981248,1.5238082
AC022075.1,False,False,20,0.012131716,98.84459849797804,21.0,True,0.04639688990129583,1.2715921095002036,1.5302138
KLRK1,False,False,2,0.0011554015,99.8844598497978,2.0,True,0.01380009874215648,1.5014807620464525,1.8831817
ETV6,False,False,1405,3.4332755,18.833044482957828,5943.0,True,1.458755852223924,2.3041088488106247,1.8611042
BCL2L14,False,False,77,0.047371462,95.55170421721549,82.0,True,0.062196479141153636,1.3196794144841275,1.6040463
LOH12CR2,False,False,26,0.01559792,98.49797804737146,27.0,True,0.02488043456665257,1.0889583832262868,1.2498004
GPRC5A,False,False,3,0.002310803,99.8266897746967,4.0,True,0.033710794092082594,2.404617871382709,3.269846
GSG1,False,False,64,0.042172156,96.30271519352975,73.0,True,0.05005967043724953,1.5873761808806668,2.0150642
EMP1,False,False,339,0.384171,80.4159445407279,665.0,True,0.4811779181742939,3.741079533999642,7.2205477
GRIN2B,False,False,3,0.0017331023,99.8266897746967,3.0,True,0.01319994589145895,1.456717024565684,1.814452
MGP,False,False,2,0.0011554015,99.8844598497978,2.0,True,0.016997441073669226,1.7114705902625313,2.2055972
RERG,False,False,7,0.004043905,99.59560947429232,7.0,True,0.00980528796659544,1.1577255328759584,1.3553846
EPS8,False,False,79,0.050259966,95.43616406701328,87.0,True,0.086696021713583,1.3282359594135922,1.6171839
SOX5,False,False,12,0.012709416,99.30675909878683,22.0,True,0.12315985269710322,2.410152099058107,3.278343
AC012150.1,False,False,36,0.021374928,97.92027729636048,37.0,True,0.019709416318259034,1.2138505835332591,1.4415582
AC012150.2,False,False,30,0.017908724,98.26689774696708,31.0,True,0.021472992243628482,1.0957576779352614,1.2602401
BICD1,False,False,435,0.3131138,74.87001733102254,542.0,True,0.2777361851853619,1.1823878223995192,1.538744
DNM1L,False,False,672,0.5522819,61.178509532062385,956.0,True,0.559246960198766,1.2462418429219035,1.3241823
AC090630.1,False,False,110,0.06816869,93.64529173887925,118.0,True,0.06802095241829771,1.4009958069946635,1.7288984
AC008014.1,False,False,333,0.24956672,80.7625649913345,432.0,True,0.17790675358411448,1.0796501499107098,1.2355088
PCED1B,False,False,121,0.11554015,93.00982091276718,200.0,True,0.08631054072711582,1.6034332889878142,2.0397182
PCED1B-AS1,False,False,7,0.0051993066,99.59560947429232,9.0,True,0.055357432780506505,1.330216784009428,1.6202253
AC008083.2,False,False,5,0.0028885037,99.71114962449451,5.0,True,0.019507510936150538,1.5827853419706615,2.0080156
AC090115.1,False,False,5,0.0028885037,99.71114962449451,5.0,True,0.01380009874215648,1.5014807620464525,1.8831817
TUBA1A,False,False,1262,2.7590988,27.09416522241479,4776.0,True,1.3724542910139672,3.3789136238964965,3.3199043
NCKAP5L,False,False,72,0.042749856,95.84055459272098,74.0,True,0.0715981267979959,1.0758332980632843,1.2296485
NR4A1,False,False,164,0.11438475,90.52570768341998,198.0,True,0.15272598838146792,1.847890237957469,2.415054
PDE1B,False,False,41,0.023685731,97.631426920855,41.0,True,0.02228929324559928,1.3227999921681501,1.6088376
CD63,False,False,1215,1.8827268,29.809358752166382,3259.0,True,1.2979355761854365,1.6808785425450103,1.3852507
SUOX,False,False,73,0.044482958,95.78278451761987,77.0,True,0.06398972033726563,1.7777311137818435,2.3073325
AC073896.3,False,False,11,0.006354708,99.36452917388793,11.0,True,0.01709347600634618,1.2377884599710383,1.4783121
STAT2,False,False,148,0.09532063,91.45002888503755,165.0,True,0.11802571500864731,1.4888662224588256,1.8638134
RBMS2,False,False,167,0.11034084,90.3523974581167,191.0,True,0.08111845286261316,1.0918446919875362,1.254232
NXPH4,False,False,1,0.00057770073,99.94222992489891,1.0,True,0.014146930690334297,1.5264765295490335,1.9215598
DDIT3,False,False,304,0.21143848,82.43789716926632,366.0,True,0.19539495905790302,1.156610017644464,1.3536719
MARCH9,False,False,47,0.028307337,97.28480647024841,49.0,True,0.053698971543555324,1.2089853620445117,1.4340882
AVIL,False,False,35,0.021374928,97.97804737146159,37.0,True,0.04058932743401106,1.0906678112430215,1.2524251
TAFA2,False,False,982,1.1900636,43.269786250722134,2060.0,True,0.7745500427029282,1.1883211855853204,1.212904
AC048341.2,False,False,16,0.009243212,99.07567879838244,16.0,True,0.026836545196476724,1.204934932630049,1.4278693
SRGAP1,False,False,47,0.032928944,97.28480647024841,57.0,True,0.07199522029465687,2.1696884218905654,2.9091384
MSRB3,False,False,973,1.0456383,43.789716926632,1810.0,True,0.6377052562178123,1.2307640232319779,1.294446
HMGA2-AS1,False,False,183,0.119584054,89.42807625649914,207.0,True,0.14186098967436828,1.2910345963212038,1.5600655
IRAK3,False,False,565,0.4627383,67.35990756787984,801.0,True,0.38289484421612313,1.507120006505712,2.2598407
IFNG-AS1,False,False,7,0.006932409,99.59560947429232,12.0,True,0.09024972958935287,2.033970990064504,2.70076
RAP1B,False,False,1315,2.103986,24.032351242056617,3642.0,True,1.3363974696171377,1.6578150542077028,1.3494346
LYZ,False,False,323,0.23396881,81.34026574234547,405.0,True,0.14919387431918962,1.0860227359695367,1.2452931
AC025159.1,False,False,380,0.26632005,78.0473714615829,461.0,True,0.2481624635159753,1.126491253765031,1.3074279
PTPRB,False,False,1,0.00057770073,99.94222992489891,1.0,True,0.009360594524854503,1.1110897750700668,1.2837807
TRHDE,False,False,4,0.0028885037,99.7689196995956,5.0,True,0.011694178520703341,1.3348410171731544,1.6273253
GLIPR1L1,False,False,11,0.006354708,99.36452917388793,11.0,True,0.029959462283829036,1.6655321998377974,2.135064
GLIPR1L2,False,False,9,0.0051993066,99.48006932409012,9.0,True,0.02682119765205451,1.3607882042463386,1.6671642
SYT1,False,False,408,0.33795494,76.42980935875217,585.0,True,0.2498699472807352,1.4234366962484983,1.7633538
LIN7A,False,False,11,0.006932409,99.36452917388793,12.0,True,0.009417543497649178,1.117183739623988,1.2931373
PPFIA2,False,False,2,0.0011554015,99.8844598497978,2.0,True,0.009867793443734328,1.1641112950519275,1.3651892
ALX1,False,False,1,0.00057770073,99.94222992489891,1.0,True,0.016997441073669226,1.7114705902625313,2.2055972
NTS,False,False,1,0.0011554015,99.94222992489891,2.0,True,0.013016796070858622,1.4426530333648901,1.7928584
KITLG,False,False,1,0.00057770073,99.94222992489891,1.0,True,0.016997441073669226,1.7114705902625313,2.2055972
LINC02458,False,False,4,0.002310803,99.7689196995956,4.0,True,0.011515835695081892,1.319383573311224,1.6035922
DUSP6,False,False,220,0.18717505,87.29058347775852,324.0,True,0.16199658111930113,1.6854544751944172,2.1656523
POC1B-AS1,False,False,58,0.035817448,96.64933564413633,62.0,True,0.06499620582722465,1.3320556110525898,1.6230487
ATP2B1,False,False,977,1.1305604,43.55863662622761,1957.0,True,0.7691841818653048,1.5999968142136547,2.0038235
ATP2B1-AS1,False,False,300,0.22414789,82.66897746967071,388.0,True,0.2272657633703427,1.2913678762208967,1.5605773
LUM,False,False,1,0.00057770073,99.94222992489891,1.0,True,0.016997441073669226,1.7114705902625313,2.2055972
DCN,False,False,1,0.0011554015,99.94222992489891,2.0,True,0.033710794092082594,2.404617871382709,3.269846
LINC01619,False,False,277,0.22010398,83.99768919699595,381.0,True,0.4221582962793012,2.3734289339812698,4.183557
BTG1,False,False,899,0.9508954,48.06470248411323,1646.0,True,0.8612433326431018,2.4056339988637365,2.8933816
LINC02391,False,False,3,0.0017331023,99.8266897746967,3.0,True,0.015731134632668065,1.4315040178280876,1.7757403
CDK17,False,False,780,0.6441363,54.93934142114385,1115.0,True,0.5966015764014151,1.287141256132468,1.4027591
DRAM1,False,False,464,0.33795494,73.1946851530907,585.0,True,0.2865519817815183,1.2502118943312992,1.6893533
GLT8D2,False,False,4,0.002310803,99.7689196995956,4.0,True,0.016997441073669226,1.7114705902625313,2.2055972
HCFC2,False,False,96,0.05950318,94.45407279029463,103.0,True,0.056844578822133375,1.166304532957104,1.3685567
CHST11,False,False,1502,3.56788,13.229347198151354,6176.0,True,1.4487453137561197,2.170566274514971,1.6798509
CKAP4,False,False,34,0.021374928,98.03581744656267,37.0,True,0.03807694634878632,1.0789874189163577,1.2344912
TCP11L2,False,False,157,0.10456383,90.93009820912768,181.0,True,0.07422316665280064,1.1781627640677212,1.3867637
CRY1,False,False,546,0.42056614,68.4575389948007,728.0,True,0.43806317585217475,1.2958912590763518,1.7907884
BTBD11,False,False,524,0.43731946,69.72848064702484,757.0,True,0.32558269462751593,1.250046556136092,1.6889862
GIT2,False,False,534,0.43038705,69.15077989601386,745.0,True,0.3708210866458113,1.035162154238448,1.2118162
SLC8B1,False,False,85,0.05199307,95.0895436164067,90.0,True,0.06903694403543438,1.6268376825580078,2.0756528
HRK,False,False,2,0.0011554015,99.8844598497978,2.0,True,0.025309970717835535,1.5118529011424342,1.8991069
TAOK3,False,False,1414,2.5892549,18.313113807047955,4482.0,True,1.1182772630435167,1.5665104420077258,1.2076445
KDM2B-DT,False,False,43,0.027151935,97.5158867706528,47.0,True,0.02831451894136826,1.4353581518740046,1.7816579
WDR66,False,False,20,0.012131716,98.84459849797804,21.0,True,0.014489726065936119,1.355897778192479,1.6596556
ABCB9,False,False,98,0.06759099,94.33853264009244,117.0,True,0.13768478647264865,1.0875745765587184,1.2476758
RILPL1,False,False,24,0.01502022,98.61351819757365,26.0,True,0.031052035931735538,1.5242911342049459,1.9182044
TMEM132C,False,False,2,0.0011554015,99.8844598497978,2.0,True,0.016997441073669226,1.7114705902625313,2.2055972
ADGRD1,False,False,2,0.0011554015,99.8844598497978,2.0,True,0.01380009874215648,1.5014807620464525,1.8831817
AC073578.1,False,False,21,0.012709416,98.78682842287695,22.0,True,0.02205921520472732,1.4481749281034348,1.8013366
ZDHHC20,False,False,671,0.5574812,61.23627960716349,965.0,True,0.5481641951041556,1.6164828560860496,2.5026908
MTMR6,False,False,376,0.28365105,78.27845176198728,491.0,True,0.2862277712804017,1.3048003519284002,1.8105719
RNF6,False,False,229,0.1536684,86.77065280184864,266.0,True,0.21978990068827425,1.1294404435453331,1.311956
USP12-AS1,False,False,47,0.027151935,97.28480647024841,47.0,True,0.0498315930641001,1.7797315559048617,2.310404
FLT3,False,False,564,0.5557481,67.41767764298093,962.0,True,0.4053955575875968,1.7473542268273454,2.7933023
FRY,False,False,438,0.33622184,74.69670710571924,582.0,True,0.2681355078895008,1.5767844135628786,1.9988018
STARD13,False,False,38,0.024263432,97.80473714615829,42.0,True,0.051918956155930986,1.4103074651211487,1.7431954
AL138999.2,False,False,2,0.0011554015,99.8844598497978,2.0,True,0.009867793443734328,1.1641112950519275,1.3651892
AL139383.1,False,False,26,0.01617562,98.49797804737146,28.0,True,0.00980528796659544,1.1577255328759584,1.3553846
FOXO1,False,False,440,0.37088388,74.58116695551705,642.0,True,0.46243241782047073,1.739195611259104,2.7751853
AL354696.2,False,False,81,0.05372617,95.32062391681109,93.0,True,0.07322780835178078,1.863355680306355,2.4387994
RGCC,False,False,480,0.5413056,72.27036395147314,937.0,True,0.650539499412091,1.6349305387081885,2.070939
ENOX1,False,False,36,0.022530328,97.92027729636048,39.0,True,0.0284693686408587,1.1876110741879458,1.4012705
TSC22D1,False,False,1004,1.2362796,41.998844598497975,2140.0,True,0.8482930990129592,2.2399091044742803,2.6168246
SLC25A30,False,False,47,0.027729636,97.28480647024841,48.0,True,0.023921849832669748,1.2701225401588883,1.5279574
RUBCNL,False,False,9,0.0051993066,99.48006932409012,9.0,True,0.05563943162825476,1.2589044962551392,1.5107334
MED4-AS1,False,False,2,0.0011554015,99.8844598497978,2.0,True,0.012414315405936167,1.1427736333898324,1.3324276
CYSLTR2,False,False,57,0.034084346,96.70710571923745,59.0,True,0.058781564814593304,1.0747432611173782,1.2279748
AL139089.1,False,False,47,0.027729636,97.28480647024841,48.0,True,0.05391106256586673,1.0882200185822855,1.2486668
CNMD,False,False,35,0.02195263,97.97804737146159,38.0,True,0.014370819995644478,1.1546172003822883,1.3506122
PCDH9,False,False,488,0.56614673,71.80820335066436,980.0,True,0.4712710116139158,1.700572228840893,2.6894188
DACH1,False,False,728,0.65337956,57.94338532640093,1131.0,True,0.4943907460686704,1.6762956116135705,2.6355102
KLF5,False,False,63,0.042172156,96.36048526863085,73.0,True,0.04046380181447547,1.1318914638620712,1.3157194
AL353660.1,False,False,1,0.00057770073,99.94222992489891,1.0,True,0.012249410812943885,1.3815058488215886,1.6989738
CLN5,False,False,292,0.18717505,83.1311380704795,324.0,True,0.1853041364900752,1.1294845454931628,1.3120238
AL445255.1,False,False,17,0.02310803,99.01790872328135,40.0,True,0.042668267352697145,2.644762487083905,3.6385605
AL162493.1,False,False,48,0.040439054,97.22703639514731,70.0,True,0.05629029214734414,1.0572370659891304,1.201096
LINC00379,False,False,47,0.03004044,97.28480647024841,52.0,True,0.025150924887340526,1.114615363275302,1.2891939
GPC5,False,False,808,1.2674755,53.32177931831311,2194.0,True,0.7059448188934131,1.4479507593099457,1.7117096
GPC6,False,False,222,0.21663778,87.17504332755632,375.0,True,0.18868703635095874,1.3535466898952355,1.6560457
DCT,False,False,2,0.0017331023,99.8844598497978,3.0,True,0.009013142125656471,1.0730907114072208,1.2254375
GPR180,False,False,84,0.050837666,95.14731369150779,88.0,True,0.10406340519372319,1.4589891901807026,1.8179407
FARP1,False,False,6,0.0034662045,99.65337954939342,6.0,True,0.009360594524854503,1.1110897750700668,1.2837807
DOCK9,False,False,50,0.03119584,97.11149624494512,54.0,True,0.08141048205979985,1.7428178556805343,2.2537272
GPR183,False,False,39,0.025418833,97.74696707105718,44.0,True,0.03347339960560097,1.4625277145569875,1.8233737
COL4A1,False,False,4,0.0034662045,99.7689196995956,6.0,True,0.027822951848638557,2.2097020439861734,2.9705749
RAB20,False,False,21,0.012131716,98.78682842287695,21.0,True,0.021714728814978063,1.637606534845066,2.0921872
MCF2L,False,False,10,0.0057770074,99.42229924898902,10.0,True,0.028997173956749663,1.3210576954870945,1.6061625
ADPRHL1,False,False,8,0.004621606,99.53783939919121,8.0,True,0.018480149590404713,1.481662172293573,1.8527524
TMEM255B,False,False,1,0.0017331023,99.94222992489891,3.0,True,0.027822951848638557,2.2097020439861734,2.9705749
GAS6-AS1,False,False,112,0.06932409,93.52975158867707,120.0,True,0.0783059028954875,1.2541155409820843,1.5033805
RASA3,False,False,171,0.10687464,90.1213171577123,185.0,True,0.16173640074831103,1.1300812282739012,1.3129399
ANG,False,False,25,0.01617562,98.55574812247256,28.0,True,0.022253821854943543,1.2211400919195339,1.4527504
RNASE4,False,False,58,0.033506643,96.64933564413633,58.0,True,0.03466744499898646,1.2434169435697127,1.486954
RNASE1,False,False,95,0.08261121,94.51184286539572,143.0,True,0.1583823619401725,1.194423993587755,1.4117309
ARHGEF40,False,False,188,0.13229348,89.13922588099365,229.0,True,0.12917577912267436,1.25115613103701,1.4988366
CDH24,False,False,2,0.0011554015,99.8844598497978,2.0,True,0.016997441073669226,1.7114705902625313,2.2055972
CMTM5,False,False,50,0.050837666,97.11149624494512,88.0,True,0.18487268760607065,1.498208378274011,1.8781573
AL096870.8,False,False,135,0.08376661,92.20103986135182,145.0,True,0.08800099882152414,1.4706872800542428,1.8359017
ADCY4,False,False,23,0.013864818,98.67128827267476,24.0,True,0.014025160220924392,1.517770700006878,1.908193
CBLN3,False,False,4,0.002310803,99.7689196995956,4.0,True,0.012249410812943885,1.3815058488215886,1.6989738
NPAS3,False,False,30,0.019064125,98.26689774696708,33.0,True,0.03598073162639693,1.6583651580812813,2.1240597
NFKBIA,False,False,1198,2.2715194,30.791450028885038,3932.0,True,1.228279570964426,2.160028296212976,2.1293392
SEC23A,False,False,308,0.20219526,82.20681686886194,350.0,True,0.22366240779797908,1.5152918877554784,1.9043871
AL049828.2,False,False,1,0.00057770073,99.94222992489891,1.0,True,0.01380009874215648,1.5014807620464525,1.8831817
MDGA2,False,False,161,0.11438475,90.69901790872328,198.0,True,0.09265680817846252,1.0988402902974026,1.264973
KLHDC1,False,False,80,0.048526864,95.37839399191219,84.0,True,0.05424742387687717,1.1029274041488024,1.2712483
LINC01588,False,False,20,0.011554015,98.84459849797804,20.0,True,0.04019726923012549,1.3092341240996301,1.5880088
PYGL,False,False,262,0.18024263,84.86424032351242,312.0,True,0.13271916089516358,1.0662835294709943,1.2149858
FERMT2,False,False,6,0.0051993066,99.65337954939342,9.0,True,0.027822951848638557,2.2097020439861734,2.9705749
LGALS3,False,False,129,0.14731368,92.5476603119584,255.0,True,0.21556460758241025,1.1344809027313265,1.3196951
KTN1-AS1,False,False,105,0.067013286,93.93414211438474,116.0,True,0.10288826099320823,1.6236275417733153,2.070724
ARMH4,False,False,131,0.08318891,92.43212016175622,144.0,True,0.15622135695726186,1.2336360069055323,1.4719365
AL139021.2,False,False,34,0.020219527,98.03581744656267,35.0,True,0.021492831798250633,1.155898521754999,1.3525795
AL157756.1,False,False,16,0.009243212,99.07567879838244,16.0,True,0.013796322304967712,1.221208168678333,1.452855
SIX1,False,False,1,0.0011554015,99.94222992489891,2.0,True,0.033710794092082594,2.404617871382709,3.269846
SLC38A6,False,False,133,0.081455804,92.31658001155402,141.0,True,0.10997784753492894,1.3144508973716709,1.5960186
PRKCH,False,False,754,0.814558,56.44136337377239,1410.0,True,0.5880350761390241,1.9020293250319653,2.5840948
PPP2R5E,False,False,600,0.4742923,65.33795493934143,821.0,True,0.48947214331608646,1.158327830681545,1.4853165
SYNE2,False,False,41,0.025418833,97.631426920855,44.0,True,0.0940239148730855,1.8756524187489834,2.4576797
ESR2,False,False,60,0.03755055,96.53379549393414,65.0,True,0.0363897823589086,1.16224776239222,1.3623279
FUT8-AS1,False,False,29,0.017331023,98.32466782206816,30.0,True,0.048487227853204994,1.448404186613698,1.8016886
AL359232.1,False,False,115,0.079145,93.35644136337378,137.0,True,0.03238350455363345,1.1664923658198803,1.3688451
SLC10A1,False,False,20,0.013864818,98.84459849797804,24.0,True,0.02480809153972582,1.3483615792075074,1.6480845
PCNX1,False,False,327,0.22472559,81.10918544194108,389.0,True,0.19023265299229544,1.2717955881675291,1.5305262
AC004817.5,False,False,7,0.004043905,99.59560947429232,7.0,True,0.014146930690334297,1.5264765295490335,1.9215598
SIPA1L1,False,False,499,0.5210861,71.17273252455229,902.0,True,0.5231382546198666,1.7075614885946497,2.704939
ZFYVE1,False,False,99,0.06008088,94.28076256499133,104.0,True,0.08808466860373312,1.5473579693897237,1.9536209
AC005225.3,False,False,17,0.009820913,99.01790872328135,17.0,True,0.02216655056170936,1.6423737024373226,2.0995066
PNMA1,False,False,155,0.09936453,91.04563835932986,172.0,True,0.11251337952169198,1.5202198691264428,1.9119534
AC005520.2,False,False,38,0.02310803,97.80473714615829,40.0,True,0.027584435551613634,1.2368530243841585,1.4768759
AC005480.1,False,False,141,0.08549971,91.85441941074524,148.0,True,0.1057053626295198,1.2541042012797639,1.5033631
FAM161B,False,False,80,0.048526864,95.37839399191219,84.0,True,0.08487593276181082,1.10333015764613,1.2718667
PGF,False,False,4,0.004043905,99.7689196995956,7.0,True,0.06759535583389262,3.078376251468796,4.304325
MLH3,False,False,225,0.1502022,87.00173310225303,260.0,True,0.18941023610533375,1.266083221969437,1.5217556
AL691403.2,False,False,17,0.009820913,99.01790872328135,17.0,True,0.018302843955724592,1.6094116169340682,2.0488973
AL691403.1,False,False,658,0.6978625,61.98729058347776,1208.0,True,0.5048046278467255,1.1324851962935307,1.4279307
FOS,False,False,1238,6.027152,28.480647024841133,10433.0,True,1.9652221633861549,3.2608967153555537,2.583858
JDP2,False,False,15,0.008665511,99.13344887348353,15.0,True,0.02295683810843328,1.2549769972754379,1.5047032
ESRRB,False,False,6,0.004621606,99.65337954939342,8.0,True,0.04545428233314489,2.2799963389298084,3.0785036
GSTZ1,False,False,231,0.1461583,86.65511265164645,253.0,True,0.11623235326439375,1.0543133015476234,1.1966069
ALKBH1,False,False,147,0.09127672,91.50779896013866,158.0,True,0.10519835867648943,1.242282443511422,1.4852121
NRXN3,False,False,17,0.011554015,99.01790872328135,20.0,True,0.07617984621693859,2.9584936509359565,4.1202593
AC008056.1,False,False,2,0.0011554015,99.8844598497978,2.0,True,0.01845107550611818,1.6355717061831945,2.089063
TSHR,False,False,24,0.014442518,98.61351819757365,25.0,True,0.01554641749537333,1.6215105806010108,2.067474
AC007262.2,False,False,43,0.025996534,97.5158867706528,45.0,True,0.025356091720773428,1.0532765194508729,1.1950151
LINC01467,False,False,1,0.00057770073,99.94222992489891,1.0,True,0.014146930690334297,1.5264765295490335,1.9215598
LINC02328,False,False,321,0.2385904,81.45580589254766,413.0,True,0.19495325292944465,1.5588937884591463,1.9713328
LINC02316,False,False,27,0.01559792,98.44020797227037,27.0,True,0.019548075620949967,1.2641056642242816,1.5187192
FOXN3,False,False,1306,1.8503755,24.55228191796649,3203.0,True,1.0267914664688642,1.4082012889095132,1.2288946
RPS6KA5,False,True,856,0.8324668,50.54881571346043,1441.0,True,0.6316463973632258,1.1826639961413636,1.2020352
SLC24A4,False,False,11,0.006354708,99.36452917388793,11.0,True,0.020396803835966558,1.4168761560723182,1.7532809
LGMN,False,False,13,0.00808781,99.24898902368572,14.0,True,0.06442877731353731,1.9029468290050382,2.499587
IFI27,False,False,149,0.34604275,91.39225880993645,599.0,True,0.501170429651149,2.3805544408221184,4.19938
TCL6,False,False,1,0.0011554015,99.94222992489891,2.0,True,0.017442753314580693,1.7375554079255937,2.2456474
TCL1A,False,False,9,0.00808781,99.48006932409012,14.0,True,0.11278625257531609,3.020937898341056,4.216135
AL163051.1,False,False,70,0.041016754,95.95609474292317,71.0,True,0.08797033279062158,1.4675683781039714,1.8311131
MEG3,False,False,226,0.21837088,86.94396302715194,378.0,True,0.12064009274263604,2.0184060961454144,2.6768618
AL117190.2,False,False,6,0.0034662045,99.65337954939342,6.0,True,0.011850853068939904,1.348228204634326,1.6478798
AL132709.8,False,False,102,0.06181398,94.10745233968805,107.0,True,0.052453429866536075,1.0562841878627713,1.199633
EXOC3L4,False,False,3,0.0017331023,99.8266897746967,3.0,True,0.020613169857686846,1.5606697912430867,1.9740597
CKB,False,False,286,0.23916811,83.47775852108607,414.0,True,0.2684432150453272,1.0901626623747844,1.2516495
PPP1R13B,False,False,7,0.004043905,99.59560947429232,7.0,True,0.016156362640644573,1.3708195896621866,1.6825663
C14orf180,False,False,1,0.00057770073,99.94222992489891,1.0,True,0.016997441073669226,1.7114705902625313,2.2055972
BRF1,False,False,360,0.24321201,79.20277296360484,421.0,True,0.2694648305507211,1.0887578916584582,1.2494926
CRIP1,False,False,178,0.14269209,89.71692663200463,247.0,True,0.2239055018354767,1.0773704791027798,1.2320086
IGHA1,False,False,2,0.0017331023,99.8844598497978,3.0,True,0.017531652711835363,1.7426836286752005,2.2535212
IGHG3,False,False,1,0.00057770073,99.94222992489891,1.0,True,0.009489708572551313,1.1248535892371425,1.3049135
IGHD,False,False,129,0.08203351,92.5476603119584,142.0,True,0.17489187625804245,2.055987754857294,2.734564
IGHM,False,False,614,0.80184865,64.52917388792605,1388.0,True,1.1294463267302768,3.927175674113474,4.8736043
FAM30A,False,False,1275,2.5407279,26.343154246100518,4398.0,True,1.1435978815885264,1.8967009624442943,1.7204089
MKRN3,False,False,3,0.0017331023,99.8266897746967,3.0,True,0.016997441073669226,1.7114705902625313,2.2055972
GABRB3,False,False,3,0.0017331023,99.8266897746967,3.0,True,0.01380009874215648,1.5014807620464525,1.8831817
FAM189A1,False,False,8,0.004621606,99.53783939919121,8.0,True,0.023058353298346282,1.4837184113478332,1.8559096
LINC02352,False,False,41,0.024841132,97.631426920855,43.0,True,0.02779687123482684,1.3422907755912366,1.6387635
OTUD7A,False,False,32,0.019064125,98.15135759676488,33.0,True,0.036663439479436004,2.054052060545269,2.731592
GOLGA8N,False,False,15,0.008665511,99.13344887348353,15.0,True,0.017586827154338628,1.5137380483609102,1.9020013
DPH6-DT,False,False,35,0.02195263,97.97804737146159,38.0,True,0.03926147604406798,1.098193711924145,1.2639803
BMF,False,False,9,0.0051993066,99.48006932409012,9.0,True,0.03859449078205581,1.1614089738757687,1.3610401
CHST14,False,False,88,0.05199307,94.9162333911034,90.0,True,0.0718315840841546,1.0839209112119605,1.242066
STARD9,False,False,233,0.15771231,86.53957250144425,273.0,True,0.1601879011090485,1.174440853046154,1.381049
TP53BP1,False,False,517,0.39110342,70.13287117273252,677.0,True,0.36865705003694366,1.10928626859967,1.3764154
SLC12A1,False,False,3,0.0017331023,99.8266897746967,3.0,True,0.011850853068939904,1.348228204634326,1.6478798
SECISBP2L,False,False,389,0.26632005,77.52744078567302,461.0,True,0.3014173509182985,1.7531559070153009,2.8061855
FGF7,False,False,40,0.024841132,97.6891969959561,43.0,True,0.041501620286241166,2.2102674436993976,2.971443
ATP8B4,False,False,1174,2.2744079,32.177931831311376,3937.0,True,0.9065523420606679,2.11215434282465,2.4036312
GABPB1-IT1,False,False,596,0.45522818,65.56903523974582,788.0,True,0.39168093141703664,1.0735287299655167,1.2970126
GABPB1-AS1,False,False,828,0.7151935,52.16637781629117,1238.0,True,0.5512737920841069,1.2095373934719296,1.253665
AC012170.3,False,False,2,0.0011554015,99.8844598497978,2.0,True,0.014146930690334297,1.5264765295490335,1.9215598
GLDN,False,False,2,0.002310803,99.8844598497978,4.0,True,0.0501493924401537,2.8100829471195943,3.8923914
AC066613.2,False,False,3,0.0017331023,99.8266897746967,3.0,True,0.00980528796659544,1.1577255328759584,1.3553846
DMXL2,False,False,47,0.028307337,97.28480647024841,49.0,True,0.018100534289386468,1.774902374330243,2.3029895
TMOD2,False,False,44,0.025996534,97.4581166955517,45.0,True,0.027148212747075483,1.3850853060815203,1.7044697
AC090971.2,False,False,49,0.03061814,97.1692663200462,53.0,True,0.06015471940796781,1.7476730058756162,2.2611818
GNB5,False,False,219,0.146736,87.34835355285962,254.0,True,0.16781929411242955,1.307121387225042,1.584765
FAM214A,False,False,189,0.118428655,89.08145580589255,205.0,True,0.1693657746649953,1.3413534655376171,1.6373245
AC090518.1,False,False,6,0.0051993066,99.65337954939342,9.0,True,0.009735399297618746,1.150537320160821,1.344348
LINC00926,False,False,12,0.00808781,99.30675909878683,14.0,True,0.03010979602916639,1.6018480988494428,2.0372844
MYO1E,False,False,73,0.048526864,95.78278451761987,84.0,True,0.06300766501003877,1.5417562034593306,1.94502
ANXA2,False,False,213,0.16002311,87.69497400346621,277.0,True,0.19804863132410155,1.7588333950901134,2.2783172
RORA,False,False,349,0.30560368,79.83824378971693,529.0,True,0.27977886940995395,1.4733441154738698,2.1848383
VPS13C,False,False,376,0.25880992,78.27845176198728,448.0,True,0.25271800858089144,1.1474732200200313,1.3396434
LACTB,False,False,162,0.10456383,90.64124783362219,181.0,True,0.12971186839237367,1.3450043753069476,1.6429299
DAPK2,False,False,7,0.004043905,99.59560947429232,7.0,True,0.0193779711265827,1.598141743722826,2.0315936
ZNF609,False,False,610,0.49566725,64.76025418833045,858.0,True,0.3575012465790723,1.271712029563948,1.7370963
PARP16,False,False,199,0.121317156,88.50375505488157,210.0,True,0.12638982693911355,1.1536763195326183,1.3491675
DENND4A,False,False,1151,1.4841132,33.506643558636625,2569.0,True,1.045239560812206,1.452551196658029,1.3029045
SMAD6,False,False,5,0.0028885037,99.71114962449451,5.0,True,0.018444097527641763,1.6358851078142687,2.0895443
IQCH,False,False,97,0.06181398,94.39630271519353,107.0,True,0.0972968198536682,1.1399548196471534,1.3280997
ITGA11,False,False,4,0.0034662045,99.7689196995956,6.0,True,0.020726055908394703,1.9116695798670333,2.51298
AC027237.2,False,False,6,0.0034662045,99.65337954939342,6.0,True,0.018575768362567018,1.4576516302809115,1.815887
AC022872.1,False,False,14,0.00808781,99.19121894858463,14.0,True,0.02335884381052276,1.1334257791339057,1.3180751
PKM,False,False,859,1.0808781,50.37550548815714,1871.0,True,0.6700784529122432,1.3514262396835726,1.5262647
CELF6,False,False,19,0.010976315,98.90236857307914,19.0,True,0.02638074876177091,1.2434925962440933,1.4870702
TMEM202-AS1,False,False,34,0.019641826,98.03581744656267,34.0,True,0.03212135486974582,1.2257850599734232,1.4598823
FAM219B,False,False,263,0.16753322,84.80647024841133,290.0,True,0.12901984344321688,1.4254134566074101,1.766389
PPCDC,False,False,236,0.15829,86.36626227614096,274.0,True,0.2202108982816896,1.13132509038762,1.3148497
SCAPER,False,False,525,0.43154246,69.67071057192375,747.0,True,0.3221646345837025,1.0685982475649924,1.286064
PSTPIP1,False,False,68,0.03928365,96.07163489312536,68.0,True,0.06250452571362179,1.14878104923587,1.3416514
IDH3A,False,False,219,0.14326979,87.34835355285962,248.0,True,0.1958855359136813,1.090885341739091,1.2527591
CTSH,False,False,36,0.026574235,97.92027729636048,46.0,True,0.08983076233243309,1.4782682772301237,1.8475416
AC015871.7,False,False,56,0.03235124,96.76487579433854,56.0,True,0.06788008678597816,1.2658379723369855,1.521379
CEMIP,False,False,29,0.032928944,98.32466782206816,57.0,True,0.05775853964261276,2.8270111515901513,3.9183826
CFAP161,False,False,15,0.009243212,99.13344887348353,16.0,True,0.03717141921125817,1.0983048353413916,1.2641509
IL16,False,False,135,0.0797227,92.20103986135182,138.0,True,0.10636475645760277,1.2314123944009847,1.4685224
AC104041.1,False,False,22,0.017908724,98.72905834777586,31.0,True,0.01942088700000418,1.2831073481222905,1.5478941
MEX3B,False,False,74,0.04621606,95.72501444251877,80.0,True,0.06770457542541655,1.7666821213195947,2.290368
SH3GL3,False,False,107,0.06874639,93.81860196418256,119.0,True,0.06718819304795896,1.080270373294762,1.236461
AKAP13,False,False,869,0.8261121,49.79780473714616,1430.0,True,0.677504970687404,1.7601145404801695,2.311445
AC087286.2,False,False,126,0.08087811,92.72097053726169,140.0,True,0.15394828280755557,1.4570802200122277,1.8150097
ISG20,False,False,99,0.06123628,94.28076256499133,106.0,True,0.138868736659586,1.8082194163193877,2.3541439
SEMA4B,False,False,46,0.027151935,97.34257654534952,47.0,True,0.03272876719466266,1.33287250069964,1.6243029
MCTP2,False,False,988,1.1617562,42.923165800115534,2011.0,True,0.6815779216075529,1.2282092673939553,1.2895378
AC026523.1,False,False,6,0.004043905,99.65337954939342,7.0,True,0.020369232386778107,1.894124483823008,2.4860413
LINC00923,False,False,104,0.0774119,93.99191218948584,134.0,True,0.048424947657046885,1.1883381392155619,1.4023868
LUNAR1,False,False,2,0.0011554015,99.8844598497978,2.0,True,0.014025160220924392,1.517770700006878,1.908193
MEF2A,False,False,361,0.26343155,79.14500288850375,456.0,True,0.3374390247650166,1.4023301892841333,2.0271456
AC015712.1,False,False,21,0.012131716,98.78682842287695,21.0,True,0.019091813519442835,1.6088184385445548,2.0479865
ALDH1A3,False,False,1,0.00057770073,99.94222992489891,1.0,True,0.016997441073669226,1.7114705902625313,2.2055972
PCSK6,False,False,6,0.004043905,99.65337954939342,7.0,True,0.04457756996061486,2.1742343781117364,2.9161181
HBM,False,False,122,0.29000577,92.95205083766609,502.0,True,0.5725112191692338,3.8167005887544825,6.2626004
HBA2,False,False,472,11.372039,72.73252455228192,19685.0,True,3.3494479097178522,7.056794464129525,3.292034
HBA1,False,False,447,9.770075,74.17677642980935,16912.0,True,3.128364565776609,6.180410911052689,3.7226992
TPSAB1,False,False,81,0.14095898,95.32062391681109,244.0,True,0.03994215430502406,1.2402863802758812,1.4821475
TMEM204,False,False,26,0.01559792,98.49797804737146,27.0,True,0.05675905618598647,1.985624103689351,2.6265287
RAB26,False,False,95,0.06239168,94.51184286539572,108.0,True,0.11661142189486985,1.2046103630648055,1.4273709
AC092117.1,False,False,8,0.004621606,99.53783939919121,8.0,True,0.01023647776969926,1.2009772022195915,1.4217926
PRSS21,False,False,211,0.18775274,87.8105141536684,325.0,True,0.12751745128892925,1.2837956225325569,1.5489509
TNFRSF12A,False,False,33,0.025418833,98.09358752166378,44.0,True,0.05107433835078024,1.3149014109173303,1.5967103
IL32,False,False,1,0.00057770073,99.94222992489891,1.0,True,0.009360594524854503,1.1110897750700668,1.2837807
NLRC3,False,False,210,0.13344887,87.8682842287695,231.0,True,0.15607388389719523,1.6498768232417635,2.111027
MGRN1,False,False,294,0.19468515,83.0155979202773,337.0,True,0.2563097116513532,1.446554506017198,1.7988486
RBFOX1,False,False,14,0.00808781,99.19121894858463,14.0,True,0.014885924736907296,1.351304946319231,1.6526037
AC087190.1,False,False,24,0.013864818,98.61351819757365,24.0,True,0.02600845972449359,1.1392407165356546,1.3270032
AC027277.1,False,False,1,0.00057770073,99.94222992489891,1.0,True,0.016997441073669226,1.7114705902625313,2.2055972
SNX29,False,False,362,0.24205661,79.08723281340266,419.0,True,0.25866610215831515,1.2132625071714442,1.4406554
PLA2G10,False,False,3,0.0017331023,99.8266897746967,3.0,True,0.00909122098479082,1.0817553323194926,1.238741
AC026401.2,False,False,6,0.0034662045,99.65337954939342,6.0,True,0.0165728412600838,1.3513621276808223,1.6526916
MYH11,False,False,29,0.018486423,98.32466782206816,32.0,True,0.04384982861264337,1.1329583668218275,1.3173574
ABCC6,False,False,23,0.013287118,98.67128827267476,23.0,True,0.034820493264756884,1.2310203417341685,1.4679204
XYLT1,False,False,486,0.389948,71.92374350086655,675.0,True,0.33000029423590266,1.3640185545587227,1.9420712
COQ7,False,False,290,0.19006355,83.24667822068167,329.0,True,0.2042054705802078,1.1258954658130247,1.3065132
AC130456.3,False,False,25,0.017331023,98.55574812247256,30.0,True,0.0377712842602717,1.10128783503816,1.268731
ACSM5,False,False,1,0.00057770073,99.94222992489891,1.0,True,0.016997441073669226,1.7114705902625313,2.2055972
AC008915.2,False,False,61,0.03870595,96.47602541883305,67.0,True,0.07248842977860892,1.6579785178662307,2.1234663
PRKCB,False,False,685,0.6140959,60.427498555748116,1063.0,True,0.6137872292231781,1.509828630177489,1.8305906
KDM8,False,False,28,0.017331023,98.38243789716927,30.0,True,0.026698186291314818,1.2781215082963364,1.540239
IL4R,False,False,37,0.021374928,97.86250722125939,37.0,True,0.05065229979412589,1.1872276854184718,1.4006819
CD19,False,False,10,0.0057770074,99.42229924898902,10.0,True,0.052620640523640926,1.3682359580359411,1.6785994
AC009133.3,False,False,67,0.042172156,96.12940496822647,73.0,True,0.06231353675760991,1.08032528147639,1.2365453
DOC2A,False,False,16,0.009820913,99.07567879838244,17.0,True,0.01360332299072412,1.183415157268255,1.3948281
YPEL3,False,False,291,0.19526285,83.18890814558058,338.0,True,0.17561537064489002,1.1411157710365165,1.3298823
CORO1A,False,False,718,0.7885615,58.5210860774119,1365.0,True,0.5644454440327915,1.6486711111246528,2.0973377
ORAI3,False,False,469,0.33911034,72.90583477758521,587.0,True,0.23835727298220405,1.225674843992469,1.4597131
ITGAD,False,False,12,0.00808781,99.30675909878683,14.0,True,0.011252154987677485,1.2960880621319986,1.5678245
LONP2,False,False,530,0.3743501,69.38186019641826,648.0,True,0.3915576766644021,1.3296366917493174,1.8657233
ZNF423,False,False,14,0.008665511,99.19121894858463,15.0,True,0.0293598042547756,1.4179491762347143,1.7549284
MMP2,False,False,64,0.03928365,96.30271519352975,68.0,True,0.020913198041413644,1.1461795656691605,1.3376571
LPCAT2,False,False,517,0.40958983,70.13287117273252,709.0,True,0.3484709293634038,1.355225439080986,1.9225453
HERPUD1,False,False,312,0.26112074,81.97573656845753,452.0,True,0.44148598391156024,1.9267946656621697,3.1917658
KIFC3,False,False,195,0.12593876,88.73483535528597,218.0,True,0.10952990907340612,1.3108703345982915,1.590521
CDH11,False,False,1,0.0011554015,99.94222992489891,2.0,True,0.033710794092082594,2.404617871382709,3.269846
CDH5,False,False,1,0.0011554015,99.94222992489891,2.0,True,0.01863437882461003,1.8042369309317288,2.3480294
CMTM2,False,False,13,0.00751011,99.24898902368572,13.0,True,0.02063978818848012,1.5372673167487723,1.9381279
EXOC3L1,False,False,2,0.0011554015,99.8844598497978,2.0,True,0.009360594524854503,1.1110897750700668,1.2837807
ELMO3,False,False,10,0.0057770074,99.42229924898902,10.0,True,0.023746870111171173,1.5513478301240575,1.9597468
AGRP,False,False,2,0.0011554015,99.8844598497978,2.0,True,0.016997441073669226,1.7114705902625313,2.2055972
DPEP3,False,False,46,0.040439054,97.34257654534952,70.0,True,0.05387717703992759,1.9408916197122519,2.557847
DPEP2,False,False,127,0.0774119,92.6632004621606,134.0,True,0.1157969876726919,1.0950772239943598,1.2591953
NFAT5,False,False,931,0.8942808,46.21606008087811,1548.0,True,0.6989180321444338,1.2565499593131986,1.3439865
AC009060.1,False,False,125,0.0785673,92.7787406123628,136.0,True,0.14110617448285187,1.2754073999232691,1.5360718
IL34,False,False,24,0.01617562,98.61351819757365,28.0,True,0.02444471589496556,1.3273571694993211,1.6158347
AP1G1,False,False,281,0.17504333,83.76660889659156,303.0,True,0.22939653903510754,1.162319502231557,1.3624381
ZFHX3,False,False,174,0.10918544,89.94800693240902,189.0,True,0.1260481682856486,1.0729303250519253,1.2251912
BCAR1,False,False,3,0.0017331023,99.8266897746967,3.0,True,0.009360594524854503,1.1110897750700668,1.2837807
AC106729.1,False,False,2,0.0017331023,99.8844598497978,3.0,True,0.009867793443734328,1.1641112950519275,1.3651892
MLYCD,False,False,116,0.06816869,93.29867128827267,118.0,True,0.09047254738623137,1.4524754806369748,1.8079396
C16orf74,False,False,77,0.052570768,95.55170421721549,91.0,True,0.027785026758377386,1.4339958434163733,1.7795663
IRF8,False,False,18,0.022530328,98.96013864818023,39.0,True,0.06844578806895155,2.209645636265738,2.9704883
ZCCHC14,False,False,34,0.020219527,98.03581744656267,35.0,True,0.04085267150853074,1.1980865214480578,1.4173543
CYBA,False,False,1264,2.2969382,26.97862507221259,3976.0,True,1.0905645343139332,1.5917078865737042,1.5351251
CBFA2T3,False,False,277,0.18659735,83.99768919699595,323.0,True,0.2325541185907553,1.1289392953595347,1.3111867
AC137932.3,False,False,21,0.012131716,98.78682842287695,21.0,True,0.03146023386756948,1.145206482996176,1.336163
SPIRE2,False,False,16,0.009243212,99.07567879838244,16.0,True,0.015515253911722994,1.6194883373296352,2.064369
DBNDD1,False,False,5,0.0028885037,99.71114962449451,5.0,True,0.03048951235943113,1.6139925921386653,2.0559309
AC133919.1,False,False,46,0.026574235,97.34257654534952,46.0,True,0.05697959019180003,1.3105156025428888,1.5899764
DOC2B,False,False,1,0.00057770073,99.94222992489891,1.0,True,0.009360594524854503,1.1110897750700668,1.2837807
NXN,False,False,12,0.00751011,99.30675909878683,13.0,True,0.0420771400621569,2.2089534079121496,2.9694254
ABR,False,False,102,0.06296938,94.10745233968805,109.0,True,0.10583825078037164,1.193302065844509,1.4100083
SLC43A2,False,False,112,0.0774119,93.52975158867707,134.0,True,0.17883784292784777,1.3074844112562438,1.5853224
SERPINF1,False,False,16,0.009820913,99.07567879838244,17.0,True,0.029597463257205667,1.2426640861552725,1.4857981
AC090617.5,False,False,5,0.0028885037,99.71114962449451,5.0,True,0.020055264300429036,1.710161151324118,2.2035866
RAP1GAP2,False,False,345,0.26920855,80.06932409012131,466.0,True,0.25902721010172386,1.0606770009468518,1.2063776
P2RX5,False,False,47,0.029462738,97.28480647024841,51.0,True,0.048730978968858765,1.258292908647447,1.5097944
P2RX1,False,False,431,0.32582322,75.10109763142691,564.0,True,0.36801428136236497,1.2810305093286751,1.7577888
CYB5D2,False,False,206,0.14269209,88.09936452917388,247.0,True,0.13571847041278645,1.1864934526295983,1.3995545
SPNS2,False,False,175,0.12536107,89.89023685730791,217.0,True,0.11600663742981454,1.0891684817060923,1.250123
AC233723.1,False,False,6,0.0034662045,99.65337954939342,6.0,True,0.012838041155712281,1.0964211712632244,1.2612587
ZFP3,False,False,15,0.009243212,99.13344887348353,16.0,True,0.024697259752493938,1.6566891738759633,2.1214864
NLRP1,False,False,177,0.11900636,89.77469670710572,206.0,True,0.16641765491016475,1.3461374700159658,1.6446697
SLC16A11,False,False,6,0.0034662045,99.65337954939342,6.0,True,0.00980528796659544,1.1577255328759584,1.3553846
ZBTB4,False,False,144,0.08549971,91.68110918544194,148.0,True,0.16594651167667152,1.244360784137871,1.4884032
TNFSF13,False,False,241,0.1559792,86.07741190063547,270.0,True,0.13669920554735085,1.1714365928151735,1.3764364
SAT2,False,False,436,0.3131138,74.81224725592143,542.0,True,0.2533507655469428,1.054053196209124,1.1962075
PER1,False,False,481,0.35181975,72.21259387637204,609.0,True,0.3612864330731792,1.3808205032271665,1.9793814
VAMP2,False,False,1161,1.2703639,32.92894280762565,2199.0,True,0.7858344970531499,1.2824446472080333,1.3937359
GAS7,False,False,184,0.13287117,89.37030618139804,230.0,True,0.12580609794631142,1.120100011477542,1.2976149
AC015908.3,False,False,15,0.008665511,99.13344887348353,15.0,True,0.01589445011127544,1.1625170444506983,1.3627415
ARHGAP44,False,False,20,0.013864818,98.84459849797804,24.0,True,0.03011711082429948,2.1611537550126245,2.8960345
UBB,False,False,1653,8.78394,4.506065857885611,15205.0,True,2.4186135083486833,2.407815477669082,1.7646301
CCDC144A,False,False,126,0.0779896,92.72097053726169,135.0,True,0.10574284711052018,1.3258280750096836,1.6134869
TNFRSF13B,False,False,1,0.00057770073,99.94222992489891,1.0,True,0.012249410812943885,1.3815058488215886,1.6989738
DRC3,False,False,43,0.025996534,97.5158867706528,45.0,True,0.05267192032199362,1.1635485726551207,1.3643253
NATD1,False,False,16,0.009820913,99.07567879838244,17.0,True,0.03921809316444947,1.4792479386011035,1.8490456
WSB1,False,False,980,0.97111493,43.38532640092432,1681.0,True,0.8156731775835689,1.4921887758705057,1.7967006
NOS2,False,False,1,0.00057770073,99.94222992489891,1.0,True,0.009360594524854503,1.1110897750700668,1.2837807
AC015917.2,False,False,36,0.02195263,97.92027729636048,38.0,True,0.029650304677317014,1.2134028195343731,1.4408708
UNC119,False,False,134,0.08434431,92.25880993645292,146.0,True,0.10736180161377844,1.1719499951269507,1.3772247
KIAA0100,False,False,171,0.10745234,90.1213171577123,186.0,True,0.1396203358633938,1.3050331584455959,1.5815587
PIPOX,False,False,54,0.033506643,96.88041594454073,58.0,True,0.031163027487784666,1.2848932425334907,1.5506362
ABHD15-AS1,False,False,54,0.034662046,96.88041594454073,60.0,True,0.0929597211344081,1.697833230799413,2.1846585
SSH2,False,False,906,0.9064125,47.66031195840554,1569.0,True,0.8539065007977349,1.7373114599223531,1.7781042
AC104984.2,False,False,17,0.009820913,99.01790872328135,17.0,True,0.032238801119511586,2.283562366684722,3.083979
EVI2B,False,False,508,0.43038705,70.6528018486424,745.0,True,0.27747223842984947,1.4074358578753277,2.0384831
SLFN5,False,False,8,0.004621606,99.53783939919121,8.0,True,0.022395246133131746,1.4570738525199898,1.8149999
MMP28,False,False,128,0.081455804,92.6054303870595,141.0,True,0.0765437177211795,1.130724566411783,1.3139277
CCL5,False,False,18,0.024841132,98.96013864818023,43.0,True,0.061686552819587376,2.030065138409013,2.6947627
CCL14,False,False,4,0.016753322,99.7689196995956,29.0,True,0.08124893593023076,3.308314279982268,4.6573687
CCL3,False,False,5,0.0034662045,99.71114962449451,6.0,True,0.011584782854574451,1.3253874294727057,1.6128104
CCL3L1,False,False,14,0.012131716,99.19121894858463,21.0,True,0.10659520998900672,2.7904326278994387,3.8622205
IGFBP4,False,False,6,0.004621606,99.65337954939342,8.0,True,0.027822951848638557,2.2097020439861734,2.9705749
CCR7,False,False,6,0.004621606,99.65337954939342,8.0,True,0.05591275174818768,2.1023048636259976,2.8056786
FKBP10,False,False,72,0.04390526,95.84055459272098,76.0,True,0.042448335374841,1.1268621265836876,1.3079973
STAT3,False,False,1002,0.9982669,42.114384748700175,1728.0,True,0.8356972798604018,1.3890785330313775,1.1969831
AC067852.3,False,False,11,0.006354708,99.36452917388793,11.0,True,0.0207696332281311,1.1940375483033407,1.4111376
NAGLU,False,False,96,0.058925476,94.45407279029463,102.0,True,0.14368620905192897,1.341772557299052,1.6379678
RAMP2,False,False,7,0.0057770074,99.59560947429232,10.0,True,0.03692786030154785,2.497384111491674,3.412278
AC060780.1,False,False,159,0.102253035,90.81455805892547,177.0,True,0.10405589504392036,1.3183583119512963,1.602018
LINC00910,False,False,486,0.4534951,71.92374350086655,785.0,True,0.3967835083550068,1.4164670170119453,2.0585377
SLC4A1,False,False,45,0.043327555,97.4003466204506,75.0,True,0.10901594721736824,1.4129118975216675,1.7471943
ITGA2B,False,False,253,0.3847487,85.38417099942231,666.0,True,0.7103086506679515,1.9841611655535696,2.741888
LRRC37A2,False,False,57,0.033506643,96.70710571923745,58.0,True,0.04567333011208065,1.1790197920788088,1.3880795
RPRML,False,False,4,0.002310803,99.7689196995956,4.0,True,0.014903406684578506,1.4299833288145092,1.7734054
SKAP1,False,False,603,0.542461,65.16464471403813,939.0,True,0.3479859200124471,1.4897085356123312,2.221177
AC103702.1,False,False,12,0.006932409,99.30675909878683,12.0,True,0.01852208061599144,1.1578149745123347,1.3555219
TTLL6,False,False,2,0.0011554015,99.8844598497978,2.0,True,0.016997441073669226,1.7114705902625313,2.2055972
PHOSPHO1,False,False,15,0.010976315,99.13344887348353,19.0,True,0.01909271294972284,1.4122502056671147,1.7461783
SPOP,False,False,495,0.35817447,71.40381282495667,620.0,True,0.41191585986179213,1.3842263063744193,1.9869443
SPATA20,False,False,43,0.025418833,97.5158867706528,44.0,True,0.026649602353051062,1.4078268469850077,1.7393867
AC006141.1,False,False,51,0.03177354,97.05372616984403,55.0,True,0.043243901118730485,1.0876370548068546,1.2477717
HLF,False,False,177,0.11669555,89.77469670710572,202.0,True,0.13752747149501438,2.5340221773297564,3.4685314
MSI2,False,False,1464,3.077412,15.42461005199307,5327.0,True,1.345755479212005,1.9035511389979987,1.7310468
MPO,False,False,135,0.56499135,92.20103986135182,978.0,True,0.09009432451506144,2.459609039909998,3.3542786
TSPOAP1,False,False,67,0.043327555,96.12940496822647,75.0,True,0.05272036567268712,1.1236604133247077,1.3030815
TEX14,False,False,1041,2.2385905,39.86135181975736,3875.0,True,1.0351291079056497,2.8270256015705106,3.596588
BCAS3,False,False,570,0.48180243,67.07105719237435,834.0,True,0.43218925461826174,1.0917735316667943,1.3375268
MRC2,False,False,45,0.027729636,97.4003466204506,48.0,True,0.06695249906751109,1.5314648353294438,1.9292188
DCAF7,False,False,665,0.5470826,61.582900057770075,947.0,True,0.490200269090725,1.1102407857188068,1.378535
CD79B,False,False,289,0.19815136,83.30444829578279,343.0,True,0.2924720542398377,2.6931828385367185,4.893599
PRR29-AS1,False,False,2,0.0011554015,99.8844598497978,2.0,True,0.010857539624144597,1.2601904287258536,1.5127078
ICAM2,False,False,581,0.4771808,66.43558636626227,826.0,True,0.44311582265382954,1.2941969600135552,1.7870262
ERN1,False,False,200,0.13229348,88.44598497978046,229.0,True,0.24119506936950433,1.401021258575932,1.7289375
MILR1,False,False,27,0.01617562,98.44020797227037,28.0,True,0.016631141999399066,1.2500203920820767,1.4970928
CEP112,False,False,70,0.04794916,95.95609474292317,83.0,True,0.07198104384643007,1.8832293788607826,2.4693131
AC007780.1,False,False,9,0.0051993066,99.48006932409012,9.0,True,0.01554641749537333,1.6215105806010108,2.067474
SDK2,False,False,182,0.146736,89.48584633160023,254.0,True,0.18021807861041791,1.5810079773056693,2.0052867
OTOP2,False,False,3,0.0028885037,99.8266897746967,5.0,True,0.021918900523789156,1.8581330360163635,2.4307806
HID1,False,False,2,0.0011554015,99.8844598497978,2.0,True,0.009360594524854503,1.1110897750700668,1.2837807
TRIM47,False,False,60,0.036395147,96.53379549393414,63.0,True,0.027449040138166514,1.0554654052512613,1.1983758
CYGB,False,False,2,0.0011554015,99.8844598497978,2.0,True,0.022232543830902105,1.5311557901115949,1.9287443
SNHG20,False,False,164,0.10109763,90.52570768341998,175.0,True,0.16726131558703755,1.2472644574264367,1.4928614
TMC8,False,False,568,0.42172155,67.18659734257655,730.0,True,0.36286573505245395,1.0336920658012834,1.2085518
SOCS3,False,False,397,0.5817447,77.06528018486424,1007.0,True,0.19569252886251515,1.4701355647192484,1.8350546
DNAH17,False,False,28,0.01617562,98.38243789716927,28.0,True,0.014462621678922108,1.1945384877981342,1.4119067
CYTH1,False,False,412,0.2963605,76.19872905834777,513.0,True,0.3101434629002426,1.1352412224257455,1.4340507
TIMP2,False,False,127,0.080300406,92.6632004621606,139.0,True,0.07995164841197504,1.3285220216076568,1.6176232
CBX4,False,False,52,0.03061814,96.99595609474292,53.0,True,0.04500702853990661,1.0930271091220087,1.2560476
TBC1D16,False,False,200,0.12593876,88.44598497978046,218.0,True,0.15016079538411473,1.0537371196952576,1.1957222
SLC38A10,False,False,200,0.12824957,88.44598497978046,222.0,True,0.17793866279226386,1.1812961991645863,1.3915747
BAHCC1,False,False,57,0.035817448,96.70710571923745,62.0,True,0.048877595009629585,1.1908292630291637,1.4062116
ACTG1,False,False,1645,10.076834,4.968226458694391,17443.0,True,2.17474086448657,2.3636437001314134,1.4593102
LINC00470,False,False,9,0.00808781,99.48006932409012,14.0,True,0.01759584639001281,1.114447940879048,1.2889369
EPB41L3,False,False,61,0.036395147,96.47602541883305,63.0,True,0.02338754886961479,1.303680872250732,1.5794824
L3MBTL4,False,False,568,0.4754477,67.18659734257655,823.0,True,0.38429287820385716,1.1644643324744277,1.4989432
PTPRM,False,False,299,0.23743501,82.72674754477181,411.0,True,0.17948566363083682,1.5157417464207024,1.9050778
AP001033.2,False,False,13,0.00751011,99.24898902368572,13.0,True,0.03154245700095602,1.2130630315402904,1.4403491
RAB31,False,False,40,0.025996534,97.6891969959561,45.0,True,0.08142285146320874,1.8566350215528848,2.4284806
PIEZO2,False,False,219,0.17966494,87.34835355285962,311.0,True,0.20954667249179332,1.4775929391975644,1.8465046
CHMP1B,False,False,787,0.66204506,54.53495089543616,1146.0,True,0.5858554748775355,1.296673755449248,1.4210731
SPIRE1,False,False,205,0.13402657,88.15713460427499,232.0,True,0.1679206113172482,1.0632481097669528,1.2103252
CABLES1,False,False,547,0.43963027,68.39976891969958,761.0,True,0.401222817312167,1.3677612599790827,1.9503822
TMEM241,False,False,483,0.36683998,72.09705372616985,635.0,True,0.3342683696458144,1.9871974010568063,3.3258955
DSC2,False,False,10,0.0057770074,99.42229924898902,10.0,True,0.009360594524854503,1.1110897750700668,1.2837807
RNF125,False,False,559,0.47949162,67.70652801848642,830.0,True,0.42405770757685896,1.389460986103192,1.9985684
CCDC178,False,False,3,0.002310803,99.8266897746967,4.0,True,0.024955236287131373,1.986469387981926,2.6278265
MAPRE2,False,False,818,0.75332177,52.74407856730215,1304.0,True,0.6517419525981885,1.5851222830639793,1.9752463
AC011139.1,False,False,358,0.6724437,79.31831311380705,1164.0,True,0.2820193379064528,1.8584277371201028,3.0399508
SETBP1,False,False,192,0.14095898,88.90814558058926,244.0,True,0.08788470122036916,1.1398493957042313,1.3279378
AC012254.1,False,False,18,0.010398613,98.96013864818023,18.0,True,0.030952500979898018,1.4422780290365809,1.7922826
AC093567.1,False,False,1,0.00057770073,99.94222992489891,1.0,True,0.009360594524854503,1.1110897750700668,1.2837807
RAB27B,False,False,292,0.27151936,83.1311380704795,470.0,True,0.43908603551064823,1.568395110306627,2.3959076
TCF4,False,False,1051,1.1617562,39.283651068746394,2011.0,True,0.7464275648373503,1.2225226062812211,1.2786124
AC022031.2,False,False,4,0.002310803,99.7689196995956,4.0,True,0.011850853068939904,1.348228204634326,1.6478798
AC027097.1,False,False,68,0.03986135,96.07163489312536,69.0,True,0.07002481647193828,1.1685548058959625,1.3720118
AC027097.2,False,False,146,0.10283073,91.56556903523975,178.0,True,0.13127949990053642,2.0444245554338853,2.71681
ZNF532,False,False,30,0.017908724,98.26689774696708,31.0,True,0.024474580084107734,1.201811620977952,1.4230738
BCL2,False,False,447,0.39514732,74.17677642980935,684.0,True,0.3711377208654629,1.5239932309280633,2.2973092
AC036176.1,False,False,70,0.041016754,95.95609474292317,71.0,True,0.027786101919462576,1.2685352003435435,1.5255202
DSEL,False,False,27,0.01617562,98.44020797227037,28.0,True,0.027614849302562843,1.3449904268094528,1.6429086
NFATC1,False,False,250,0.17850953,85.55748122472559,309.0,True,0.26547845455697117,1.3878237043922605,1.7086742
AC018445.5,False,False,63,0.042749856,96.36048526863085,74.0,True,0.13193020408461026,1.4989405510913625,1.8792814
AC068473.5,False,False,42,0.024841132,97.5736568457539,43.0,True,0.04063656845718866,1.126820406481802,1.3079333
PARD6G-AS1,False,False,19,0.011554015,98.90236857307914,20.0,True,0.011515835695081892,1.319383573311224,1.6035922
AZU1,False,False,79,0.33044484,95.43616406701328,572.0,True,0.05138872195440642,2.1796526922898205,2.9244375
ELANE,False,False,38,0.17157713,97.80473714615829,297.0,True,0.016997441073669226,1.7114705902625313,2.2055972
CFD,False,False,157,0.17677642,90.93009820912768,306.0,True,0.2865183407327807,4.172024922977655,8.1775
CBARP,False,False,1,0.00057770073,99.94222992489891,1.0,True,0.011850853068939904,1.348228204634326,1.6478798
MIDN,False,False,179,0.11554015,89.65915655690353,200.0,True,0.11615170453016242,1.0987520874980266,1.2648376
APC2,False,False,13,0.00808781,99.24898902368572,14.0,True,0.020058373459146676,1.1029906184625993,1.2713454
MOB3A,False,False,154,0.09994223,91.10340843443096,173.0,True,0.21273821821018202,1.407651812039438,1.739118
GADD45B,False,False,342,0.28307337,80.24263431542461,490.0,True,0.34033163829111096,1.9124305106518262,3.159869
GNG7,False,False,334,0.2345465,80.7047949162334,406.0,True,0.23837892347717124,1.5026504102198228,1.8849775
AC005944.1,False,False,2,0.0011554015,99.8844598497978,2.0,True,0.015712105984055518,1.6321948442573342,2.0838783
AC005264.1,False,False,178,0.11322935,89.71692663200463,196.0,True,0.11751929886033535,1.5651375035435953,1.9809194
SMIM24,False,False,905,1.2253033,47.71808203350665,2121.0,True,0.5072134984766536,1.4730554518497148,2.1841974
TJP3,False,False,5,0.0028885037,99.71114962449451,5.0,True,0.009417543497649178,1.117183739623988,1.2931373
FSD1,False,False,15,0.008665511,99.13344887348353,15.0,True,0.013056785869445385,1.210182677933876,1.4359266
TICAM1,False,False,86,0.05372617,95.03177354130561,93.0,True,0.06995564642559741,1.3283487294937706,1.6173571
KDM4B,False,False,229,0.1559792,86.77065280184864,270.0,True,0.24876849435630072,1.3593432424754959,1.6649457
VMAC,False,False,98,0.057770073,94.33853264009244,100.0,True,0.11901252652612751,2.449698438410651,3.339062
RFX2,False,False,776,0.8636626,55.170421721548244,1495.0,True,0.7292258800069874,1.5409058907209532,1.8902969
AC011444.3,False,False,36,0.022530328,97.92027729636048,39.0,True,0.02429283109687267,1.0711863784588613,1.2225136
AC119396.1,False,False,67,0.043327555,96.12940496822647,75.0,True,0.032954416447235055,1.1274710175304967,1.3089323
PEX11G,False,False,101,0.06643558,94.16522241478914,115.0,True,0.05511412094479019,1.1330536919992131,1.3175038
FCER2,False,False,2,0.0017331023,99.8844598497978,3.0,True,0.04646934043800446,2.196093084112739,2.9496799
AC022146.2,False,False,19,0.011554015,98.90236857307914,20.0,True,0.02097669470845621,1.230600169580454,1.4672754
ANGPTL4,False,False,7,0.0051993066,99.59560947429232,9.0,True,0.05290766862086751,2.7564222128599405,3.8100014
PRAM1,False,False,437,0.39225882,74.75447718082033,679.0,True,0.2350839722119877,1.3401794420343727,1.6355219
MYO1F,False,False,186,0.12189486,89.25476603119584,211.0,True,0.12933123785588316,1.715697329496478,2.212087
ZNF177,False,False,30,0.017908724,98.26689774696708,31.0,True,0.025751188750446442,1.3737057553755125,1.6869977
ICAM1,False,False,30,0.028307337,98.26689774696708,49.0,True,0.0954551401401973,2.5017472202169375,3.418977
ICAM3,False,False,1153,1.6146736,33.39110340843443,2795.0,True,0.5908168840370316,1.3128261902044138,1.4521055
LDLR,False,False,200,0.13807048,88.44598497978046,239.0,True,0.16361649790407587,1.2748681007297717,1.5352437
ZNF563,False,False,34,0.020219527,98.03581744656267,35.0,True,0.029360595760405204,1.1129657400078263,1.286661
JUNB,False,False,918,1.2293472,46.96707105719238,2128.0,True,0.8080834121564887,1.9396493524763823,2.656371
PRDX2,False,False,1207,7.2726746,30.27151935297516,12589.0,True,2.4235369975436227,2.382329820314054,1.7159342
LYL1,False,False,1092,1.1819757,36.915077989601386,2046.0,True,0.8036910755939164,1.415371163670635,1.649117
IER2,False,False,926,1.3362218,46.5049104563836,2313.0,True,1.0294254772015887,2.130708282408988,2.4345934
AC020916.1,False,False,712,0.86192954,58.867706528018495,1492.0,True,0.7042682834947454,1.6544582625027462,2.1084561
ADGRE5,False,False,473,0.44945118,72.67475447718081,778.0,True,0.3875419557921809,1.6334142603520647,2.5402884
AC008569.1,False,False,61,0.03755055,96.47602541883305,65.0,True,0.053162044195770045,1.1373995262439756,1.3241763
CLEC17A,False,False,2,0.0017331023,99.8844598497978,3.0,True,0.03010979602916639,1.6018480988494428,2.0372844
ADGRE2,False,False,161,0.105141535,90.69901790872328,182.0,True,0.15646927348319778,1.5221257022645356,1.9148796
NOTCH3,False,False,7,0.004043905,99.59560947429232,7.0,True,0.016997441073669226,1.7114705902625313,2.2055972
RASAL3,False,False,163,0.10109763,90.5834777585211,175.0,True,0.09137718793089682,1.186768695573916,1.3999771
OR10H1,False,False,1,0.00057770073,99.94222992489891,1.0,True,0.009360594524854503,1.1110897750700668,1.2837807
HSH2D,False,False,574,0.4800693,66.83997689196997,831.0,True,0.23101517104579639,1.1527103711107558,1.3476844
KLF2,False,False,167,0.12767187,90.3523974581167,221.0,True,0.2459990467079631,1.3404817636857376,1.635986
NIBAN3,False,False,13,0.009243212,99.24898902368572,16.0,True,0.08074389299282951,2.2005830315929202,2.9565737
IL12RB1,False,False,39,0.02310803,97.74696707105718,40.0,True,0.028972113044120763,1.2180801715857235,1.4480523
IFI30,False,False,31,0.020219527,98.20912767186597,35.0,True,0.02953693358158443,1.2076262899892083,1.4320016
LRRC25,False,False,10,0.0057770074,99.42229924898902,10.0,True,0.02956255042770026,1.5898785740538703,2.0189064
PBX4,False,False,48,0.028885037,97.22703639514731,50.0,True,0.052596190967624815,1.2069339143834947,1.4309385
LPAR2,False,False,22,0.012709416,98.72905834777586,22.0,True,0.01831822468171785,1.2809697922751777,1.5446122
GMIP,False,False,69,0.042172156,96.01386481802426,73.0,True,0.04453734014691204,1.2128184162624671,1.4399735
ZNF737,False,False,97,0.058347777,94.39630271519353,101.0,True,0.10186395274159986,1.0857307729939853,1.2448449
AC123912.2,False,False,1,0.00057770073,99.94222992489891,1.0,True,0.01319994589145895,1.456717024565684,1.814452
PLEKHF1,False,False,12,0.006932409,99.30675909878683,12.0,True,0.019670269240379862,1.2301671467577642,1.4666104
CEBPA,False,False,105,0.069901794,93.93414211438474,121.0,True,0.03568591331444905,1.490760758447439,1.8667223
AC020907.4,False,False,2,0.0011554015,99.8844598497978,2.0,True,0.015712105984055518,1.6321948442573342,2.0838783
CD22,False,False,12,0.00751011,99.30675909878683,13.0,True,0.021978766781437165,1.4617075445890286,1.8221143
NFKBID,False,False,129,0.081455804,92.5476603119584,141.0,True,0.13566636512998898,1.2542213224197138,1.5035429
HCST,False,False,425,0.38243788,75.4477180820335,662.0,True,0.280055116805222,1.382803839071536,1.9837856
TYROBP,False,False,183,0.13633738,89.42807625649914,236.0,True,0.16702856873048413,1.720671451553328,2.219724
COX7A1,False,False,6,0.0034662045,99.65337954939342,6.0,True,0.009360594524854503,1.1110897750700668,1.2837807
ZNF585B,False,False,85,0.051415365,95.0895436164067,89.0,True,0.069966597191519,1.7267311372200518,2.229028
SIPA1L3,False,False,537,0.40843442,68.97746967071056,707.0,True,0.41396914455788203,1.4962233807284742,2.2356439
DPF1,False,False,98,0.06296938,94.33853264009244,109.0,True,0.09417273539074278,1.553317125827939,1.9627705
PPP1R14A,False,False,119,0.08838821,93.12536106296938,153.0,True,0.15409212167669445,1.2223075389917688,1.454543
CATSPERG,False,False,54,0.03177354,96.88041594454073,55.0,True,0.05169494866883963,1.2465637148014976,1.4917855
AC008649.1,False,False,3,0.002310803,99.8266897746967,4.0,True,0.014532228410257787,1.0650090500016982,1.213029
SAMD4B,False,False,319,0.21374927,81.57134604274987,370.0,True,0.22945012628044972,1.4634182765757335,1.824741
ZFP36,False,False,807,1.0531485,53.37954939341421,1823.0,True,0.7923338228929743,1.9577967255586126,2.6912363
PLEKHG2,False,False,36,0.022530328,97.92027729636048,39.0,True,0.048115673438796,1.0953310896777682,1.259585
CNTD2,False,False,4,0.002310803,99.7689196995956,4.0,True,0.011850853068939904,1.348228204634326,1.6478798
AKT2,False,False,226,0.14038128,86.94396302715194,243.0,True,0.1629243492312876,1.1238995210751634,1.3034487
SERTAD1,False,False,119,0.0768342,93.12536106296938,133.0,True,0.15777437212760198,1.1811537810105568,1.391356
SERTAD3,False,False,47,0.03004044,97.28480647024841,52.0,True,0.07051376914557249,1.436610856810325,1.7835813
BLVRB,False,False,729,5.8388214,57.885615251299825,10107.0,True,2.2618825171954158,2.2331533413899662,1.4308997
CEACAM5,False,False,1,0.00057770073,99.94222992489891,1.0,True,0.01554641749537333,1.6215105806010108,2.067474
CD79A,False,False,54,0.046793763,96.88041594454073,81.0,True,0.2585456636775457,2.880132413087115,3.9999444
ZNF574,False,False,107,0.06354708,93.81860196418256,110.0,True,0.10166082984653499,1.446267616523791,1.7984082
POU2F2,False,False,190,0.12940496,89.02368573079144,224.0,True,0.17316566808532605,1.4498243948106477,1.8038691
ZNF230,False,False,21,0.012131716,98.78682842287695,21.0,True,0.03237550839942422,1.0875332192328606,1.2476124
ZNF235,False,False,155,0.10398614,91.04563835932986,180.0,True,0.16424677910964575,1.266964670297039,1.5231088
APOE,False,False,259,0.5459272,85.03755054881572,945.0,True,0.5793735986656829,1.8349771925246259,2.4552727
RELB,False,False,695,0.6666667,59.84979780473715,1154.0,True,0.5157638792592155,1.3293555701364588,1.865099
FOSB,False,False,817,0.94396305,52.801848642403236,1634.0,True,0.7711569627537692,1.5097946743682358,1.8305254
GIPR,False,False,1,0.00057770073,99.94222992489891,1.0,True,0.009867793443734328,1.1641112950519275,1.3651892
QPCTL,False,False,117,0.0745234,93.24090121317158,129.0,True,0.09887863215105655,1.126011729256576,1.3066916
CCDC9,False,False,52,0.03119584,96.99595609474292,54.0,True,0.04365840968334131,1.0950361593564548,1.2591323
PLA2G4C,False,False,11,0.006354708,99.36452917388793,11.0,True,0.009489708572551313,1.1248535892371425,1.3049135
KCNJ14,False,False,87,0.05372617,94.97400346620451,93.0,True,0.09237312998447321,1.3194118197574793,1.6036355
LMTK3,False,False,10,0.0057770074,99.42229924898902,10.0,True,0.013330925835252746,1.244714271971195,1.488946
NTN5,False,False,9,0.0051993066,99.48006932409012,9.0,True,0.03048951235943113,1.6139925921386653,2.0559309
TULP2,False,False,11,0.006354708,99.36452917388793,11.0,True,0.03105462235449154,1.3145782621446604,1.5962142
CD37,False,False,1261,2.0583477,27.151935297515884,3563.0,True,0.9989049281269538,1.9301618891657566,2.0999274
FLT3LG,False,False,55,0.03235124,96.82264586943963,56.0,True,0.03598995202637199,1.1923643192319147,1.4085685
ZNF473,False,False,139,0.08838821,91.96995956094743,153.0,True,0.09929620089755078,1.065269218372466,1.2134285
FAM71E1,False,False,13,0.00751011,99.24898902368572,13.0,True,0.011850853068939904,1.348228204634326,1.6478798
AC010325.2,False,False,4,0.002310803,99.7689196995956,4.0,True,0.013910251079896189,1.2160763556958856,1.4449756
IGLON5,False,False,15,0.008665511,99.13344887348353,15.0,True,0.016771577209730833,1.0532340580136783,1.1949499
SIGLEC5,False,False,22,0.012709416,98.72905834777586,22.0,True,0.00980528796659544,1.1577255328759584,1.3553846
AC010320.4,False,False,19,0.011554015,98.90236857307914,20.0,True,0.023264822832300573,1.374309190469814,1.6879241
MYADM,False,False,739,0.7099942,57.307914500288845,1229.0,True,0.5890059070303738,1.3188838526046998,1.4637436
PRKCG,False,False,12,0.00751011,99.30675909878683,13.0,True,0.022529258848213687,1.481822883323564,1.8529992
MBOAT7,False,False,750,0.7261698,56.672443674176776,1257.0,True,0.4253007404188196,1.1747583590273694,1.5218021
LAIR1,False,False,393,0.28942809,77.29636048526864,501.0,True,0.22680412959464694,1.2017457981458988,1.4229727
LENG8,False,False,170,0.10803004,90.1790872328134,187.0,True,0.17447598320619231,1.2078179946952712,1.4322959
AC010327.8,False,False,2,0.0011554015,99.8844598497978,2.0,True,0.011850853068939904,1.348228204634326,1.6478798
ZNF805,False,False,41,0.025418833,97.631426920855,44.0,True,0.05417512181545199,1.8603538953110235,2.4341905
ZNF548,False,False,92,0.054881573,94.68515309069902,95.0,True,0.09111084052996118,1.3575290589217694,1.6621602
ZNF773,False,False,69,0.041594453,96.01386481802426,72.0,True,0.05473746504293704,1.079685574580986,1.2355632
ZNF154,False,False,43,0.024841132,97.5158867706528,43.0,True,0.026758491250575767,1.1663301346663353,1.368596
ZNF776,False,False,107,0.065280184,93.81860196418256,113.0,True,0.12666148485821468,1.3351817495647407,1.6278484
C19orf18,False,False,27,0.017331023,98.44020797227037,30.0,True,0.025374746585836935,1.3665517524260624,1.6760135
AC010642.2,False,False,305,0.20161757,82.38012709416522,349.0,True,0.23335013792458198,1.1962205952882945,1.4144894
MZF1,False,False,186,0.11900636,89.25476603119584,206.0,True,0.14906106504936578,2.0600648452847534,2.740824
OXT,False,False,79,0.049104564,95.43616406701328,85.0,True,0.029906370432330173,1.070158382925026,1.2209352
AVP,False,False,837,2.0930097,51.64644714038129,3623.0,True,0.8436546692573337,2.433215057297434,2.939408
AL133396.2,False,False,2,0.0011554015,99.8844598497978,2.0,True,0.01391797450847007,1.5100452017303365,1.8963314
AL096799.1,False,False,2,0.0011554015,99.8844598497978,2.0,True,0.021327602747494265,1.2926316577485932,1.5625176
PLCB1,False,False,1057,1.6747545,38.9370306181398,2899.0,True,0.7401554598361518,1.6483688401349725,2.096757
PLCB4,False,False,491,0.41767764,71.63489312536106,723.0,True,0.40707276949935095,1.1122279671526065,1.3829477
KAT14,False,False,53,0.03177354,96.93818601964182,55.0,True,0.053324135248139504,1.0721997891415396,1.2240696
SLC24A3,False,False,277,0.35990757,83.99768919699595,623.0,True,0.5194539033571536,1.1872592751389284,1.5495614
RIN2,False,False,155,0.11034084,91.04563835932986,191.0,True,0.09787715088614364,1.3199166225883312,1.6044105
KIZ,False,False,278,0.18775274,83.93991912189486,325.0,True,0.20026296930941584,1.1096973517613604,1.2816428
NINL,False,False,2,0.0011554015,99.8844598497978,2.0,True,0.009360594524854503,1.1110897750700668,1.2837807
ID1,False,False,210,0.2357019,87.8682842287695,408.0,True,0.3027417333883701,2.572773997258321,4.6262207
TM9SF4,False,False,532,0.3916811,69.26632004621607,678.0,True,0.35185627841359196,1.23796893819855,1.6621667
KIF3B,False,False,116,0.06874639,93.29867128827267,119.0,True,0.10920389913189019,1.357088638577782,1.661484
CBFA2T2,False,False,299,0.19988446,82.72674754477181,346.0,True,0.20914361958425928,1.3321858025646236,1.6232485
ZNF341,False,False,40,0.023685731,97.6891969959561,41.0,True,0.046961228882484024,1.1957341787393008,1.4137425
MYH7B,False,False,8,0.004621606,99.53783939919121,8.0,True,0.01602058807978426,1.403235522458716,1.7323372
PROCR,False,False,73,0.045060657,95.78278451761987,78.0,True,0.03951176940859835,1.0664968531336023,1.2153133
GDF5,False,False,2,0.0011554015,99.8844598497978,2.0,True,0.011850853068939904,1.348228204634326,1.6478798
PPP1R16B,False,False,788,0.9127672,54.47718082033506,1580.0,True,0.5687092392372093,1.4237982260116244,1.6653073
OSER1,False,False,419,0.28480646,75.7943385326401,493.0,True,0.23977982150631752,1.0816019602390439,1.2385055
CCN5,False,False,2,0.0011554015,99.8844598497978,2.0,True,0.016997441073669226,1.7114705902625313,2.2055972
AL008725.1,False,False,3,0.0017331023,99.8266897746967,3.0,True,0.016997441073669226,1.7114705902625313,2.2055972
UBE2C,False,False,293,0.73425764,83.07336799537839,1271.0,True,0.7087710723807933,1.6978331483869187,2.191789
AL162458.1,False,False,44,0.026574235,97.4581166955517,46.0,True,0.036666306906136426,1.308961464635154,1.5875902
PTGIS,False,False,1,0.00057770073,99.94222992489891,1.0,True,0.009417543497649178,1.117183739623988,1.2931373
PTPN1,False,False,457,0.33391103,73.59907567879837,578.0,True,0.3493941363300885,1.0807625165740349,1.3130759
NFATC2,False,False,575,0.4471404,66.78220681686886,774.0,True,0.38649653523973493,1.2691078327481355,1.7313135
SALL4,False,False,12,0.006932409,99.30675909878683,12.0,True,0.01308280287828285,1.4477441661540535,1.8006753
CASS4,False,False,83,0.06759099,95.2050837666089,117.0,True,0.10354350366700585,1.311787253283459,1.5919288
AL109955.1,False,False,8,0.004621606,99.53783939919121,8.0,True,0.022360110626431767,1.3733929203720325,1.6865174
RBM38,False,False,235,0.18139803,86.42403235124205,314.0,True,0.31508889874671986,1.2290804350558917,1.642429
ZBP1,False,False,3,0.0017331023,99.8266897746967,3.0,True,0.014146930690334297,1.5264765295490335,1.9215598
HELZ2,False,False,59,0.03755055,96.59156556903524,65.0,True,0.08029627836638516,1.1265765351906987,1.3075589
MHENCR,False,False,159,0.10167533,90.81455805892547,176.0,True,0.09821785385641811,1.0968658817830133,1.2619416
LKAAEAR1,False,False,153,0.09936453,91.16117850953206,172.0,True,0.05425520928480061,1.2044165335925947,1.4270734
LIPI,False,False,12,0.006932409,99.30675909878683,12.0,True,0.018061803896173016,1.2916377039721325,1.5609915
AJ009632.2,False,False,700,0.8711727,59.56094742923166,1508.0,True,0.5245410793529056,1.3511352688176634,1.9134628
MIR99AHG,False,False,531,0.4604275,69.32409012131716,797.0,True,0.2888785420291194,1.626623830789875,2.5252097
AP001172.1,False,False,6,0.0034662045,99.65337954939342,6.0,True,0.010857539624144597,1.2601904287258536,1.5127078
CHODL,False,False,25,0.017908724,98.55574812247256,31.0,True,0.029227018480469876,1.3125962456276052,1.593171
APP,False,False,502,0.37954938,70.99942229924898,657.0,True,0.3894688302627714,1.4353784899528765,2.1005323
AP001439.1,False,False,47,0.028885037,97.28480647024841,50.0,True,0.02668678543841037,1.0733555006073947,1.225844
BACH1-IT1,False,False,2,0.0011554015,99.8844598497978,2.0,True,0.018465999245511695,1.624900288308551,2.0726783
TIAM1,False,False,28,0.016753322,98.38243789716927,29.0,True,0.040030301480286176,1.1947685760912679,1.4122599
EVA1C,False,False,222,0.14442518,87.17504332755632,250.0,True,0.17142346754738372,1.4335877990620929,1.7789397
IL10RB,False,False,255,0.16060081,85.2686308492201,278.0,True,0.16882792211941608,1.1252114317158706,1.305463
RUNX1,False,False,1410,2.4113228,18.544194107452338,4174.0,True,1.3494346760393114,1.7986609212943758,1.5681591
ERG,False,False,941,1.0577701,45.63835932986713,1831.0,True,0.5884013112169677,1.5436837831490229,1.8956338
DSCAM,False,False,6,0.0034662045,99.65337954939342,6.0,True,0.009489708572551313,1.1248535892371425,1.3049135
ZBTB21,False,False,195,0.12651646,88.73483535528597,219.0,True,0.13038540072365096,1.0692796129340256,1.219586
PDE9A,False,False,7,0.004621606,99.59560947429232,8.0,True,0.027443920237177562,1.2423544407892213,1.4853227
DNMT3L,False,False,1,0.00057770073,99.94222992489891,1.0,True,0.010857539624144597,1.2601904287258536,1.5127078
TRPM2,False,False,16,0.010976315,99.07567879838244,19.0,True,0.021903545923000478,1.3019922923809903,1.5768898
ITGB2,False,False,366,0.24898903,78.85615251299826,431.0,True,0.1879535034378897,1.1427134073637855,1.3323352
COL6A2,False,False,23,0.013287118,98.67128827267476,23.0,True,0.054017282694484574,1.1396926552733633,1.3276972
ADA2,False,False,63,0.041016754,96.36048526863085,71.0,True,0.054885616335309056,1.1754706546454918,1.3826302
CECR2,False,False,5,0.0028885037,99.71114962449451,5.0,True,0.017033326175400237,1.3423039622915476,1.6387838
DGCR2,False,False,183,0.11669555,89.42807625649914,202.0,True,0.17043954351224538,1.088134356918157,1.2485353
AC000085.1,False,False,2,0.0011554015,99.8844598497978,2.0,True,0.01391797450847007,1.5100452017303365,1.8963314
GP1BB,False,False,560,1.2680532,67.64875794338532,2195.0,True,1.2554505156412061,2.561717126228615,2.753136
ARVCF,False,False,43,0.024841132,97.5158867706528,43.0,True,0.05263986972763558,1.0890517825682866,1.2499439
ZDHHC8,False,False,49,0.028885037,97.1692663200462,50.0,True,0.03646723256924347,1.1058686660177883,1.2757643
PI4KA,False,False,356,0.24725592,79.43385326400924,428.0,True,0.3287032891037164,1.123999847258277,1.4090883
YPEL1,False,False,124,0.080300406,92.83651068746389,139.0,True,0.13036127403786218,1.3834653124174707,1.7019824
TOP3B,False,False,51,0.03119584,97.05372616984403,54.0,True,0.06245934751280887,1.7576000289418816,2.2764237
AC245060.6,False,False,13,0.00751011,99.24898902368572,13.0,True,0.027937398607703685,1.2872853163579794,1.5543089
AC245060.5,False,False,52,0.03119584,96.99595609474292,54.0,True,0.04865250058347462,1.1107849443390192,1.2833127
IGLC1,False,False,4,0.0051993066,99.7689196995956,9.0,True,0.10418746092909337,3.408630674453046,4.8113933
IGLC2,False,False,7,0.03235124,99.59560947429232,56.0,True,0.15217594443234972,2.867842471369651,3.9810746
IGLC3,False,False,3,0.0051993066,99.8266897746967,9.0,True,0.04304935595629841,2.6538462469911037,3.6525078
IGLC5,False,False,1,0.00057770073,99.94222992489891,1.0,True,0.016694963766003074,1.6933632163556827,2.1777954
IGLL1,False,False,853,2.3073368,50.72212593876372,3994.0,True,0.7191387037654624,2.2058208552477225,3.167745
GGT5,False,False,3,0.0017331023,99.8266897746967,3.0,True,0.016997441073669226,1.7114705902625313,2.2055972
ADORA2A,False,False,28,0.016753322,98.38243789716927,29.0,True,0.027074571162706455,1.0818069936706523,1.2388203
SGSM1,False,False,11,0.006932409,99.36452917388793,12.0,True,0.014867963956787446,1.2305214054870075,1.4671544
MIAT,False,False,23,0.013864818,98.67128827267476,24.0,True,0.024530401491366125,1.3151452609812444,1.5970846
TTC28,False,False,237,0.17619874,86.30849220103987,305.0,True,0.19310076180962293,1.2712942609340305,1.5297564
SELENOM,False,False,103,0.06874639,94.04968226458695,119.0,True,0.10876396595356719,1.4179837772078714,1.7549815
PIK3IP1-AS1,False,False,79,0.050259966,95.43616406701328,87.0,True,0.07527416832921276,2.3963473890154416,3.2571476
SYN3,False,False,27,0.02310803,98.44020797227037,40.0,True,0.10927690324920986,1.8946935158336962,2.486915
TIMP3,False,False,245,0.20277296,85.84633160023107,351.0,True,0.3414827793557633,1.2730384767968705,1.7400419
LARGE1,False,False,29,0.023685731,98.32466782206816,41.0,True,0.07113569052814527,2.837617232774315,3.934667
MB,False,False,1,0.00057770073,99.94222992489891,1.0,True,0.01308280287828285,1.4477441661540535,1.8006753
APOL6,False,False,157,0.097631425,90.93009820912768,169.0,True,0.12327427191207321,1.3574804907676636,1.6620857
CSF2RB,False,False,118,0.094742924,93.18313113807048,164.0,True,0.10223215861343168,1.1565459630221449,1.3535736
KCTD17,False,False,42,0.024263432,97.5736568457539,42.0,True,0.02892174301234957,1.331958943266751,1.6229002
CYTH4,False,False,53,0.03235124,96.93818601964182,56.0,True,0.05081667955624541,1.1037800638547268,1.2725575
LGALS1,False,False,472,1.0184864,72.73252455228192,1763.0,True,0.37105391153563255,1.9543064401621635,3.2528582
H1F0,False,False,696,0.7030618,59.792027729636054,1217.0,True,0.5916686134378946,1.3629080334907775,1.5483238
APOBEC3F,False,False,78,0.048526864,95.49393414211438,84.0,True,0.0664845834751385,1.9614457708175626,2.5894055
PDGFB,False,False,3,0.002310803,99.8266897746967,4.0,True,0.021331908665771414,1.6879787810597164,2.1695282
TEF,False,False,14,0.00808781,99.19121894858463,14.0,True,0.024193588859404785,1.545143415354755,1.9502207
TOB2,False,False,267,0.17850953,84.57538994800693,309.0,True,0.24149351731667767,1.2249695708257529,1.4586302
TNFRSF13C,False,False,4,0.0028885037,99.7689196995956,5.0,True,0.019011508768743364,1.6676147574018336,2.1382616
WBP2NL,False,False,33,0.020219527,98.09358752166378,35.0,True,0.027483998646540338,1.1362923772221065,1.3224764
Z93241.1,False,False,68,0.042172156,96.07163489312536,73.0,True,0.06179758878474089,1.1261081896162544,1.3068398
EFCAB6,False,False,16,0.010398613,99.07567879838244,18.0,True,0.009489708572551313,1.1248535892371425,1.3049135
SMC1B,False,False,68,0.04390526,96.07163489312536,76.0,True,0.04641247036521587,1.8160391187112008,2.3661501
FBLN1,False,False,16,0.009243212,99.07567879838244,16.0,True,0.033218493588378965,1.2720640177133955,1.5309384
Z95331.1,False,False,24,0.013864818,98.61351819757365,24.0,True,0.056507805419087447,1.0549060243736155,1.1975169
LINC00899,False,False,33,0.019641826,98.09358752166378,34.0,True,0.027132152952502604,1.909373130518714,2.509454
CRELD2,False,False,202,0.12824957,88.33044482957828,222.0,True,0.1686047693550351,1.1391744282203304,1.3269016
PIM3,False,False,314,0.23743501,81.86019641825536,411.0,True,0.18973946202506312,1.117135957906084,1.293064
LINC00685,False,False,93,0.057770073,94.62738301559793,100.0,True,0.06238054577486783,1.3077468776393486,1.5857253
AL672277.1,False,False,21,0.012709416,98.78682842287695,22.0,True,0.03591069820764723,1.4267035012711988,1.7683697
IL3RA,False,False,593,0.4471404,65.74234546504911,774.0,True,0.3111811579579351,1.1424316098930072,1.4500176
P2RY8,False,False,295,0.2357019,82.9578278451762,408.0,True,0.17908265202467197,1.2969467628804006,1.5691429
CD99,False,False,1239,1.7960716,28.42287694974004,3109.0,True,1.0402129733989547,1.4835599555829644,1.354651
ANOS1,False,False,12,0.006932409,99.30675909878683,12.0,True,0.009489708572551313,1.1248535892371425,1.3049135
ARHGAP6,False,False,122,0.11611785,92.95205083766609,201.0,True,0.28960356398221043,1.161158414409962,1.4916022
TMSB4X,False,False,1549,16.241478,10.514153668399773,28114.0,True,3.3086851808270943,4.737569945723523,1.8184754
GPM6B,False,False,98,0.06296938,94.33853264009244,109.0,True,0.10358384127114015,2.172749960941493,2.913839
SCML1,False,False,20,0.012709416,98.84459849797804,22.0,True,0.03301423095782713,1.2132285633991713,1.4406033
ADGRG2,False,False,22,0.013864818,98.72905834777586,24.0,True,0.01721035150366163,1.2661242502696861,1.5218185
SAT1,False,False,1008,1.310803,41.76776429809359,2269.0,True,1.0468706053419998,1.4993592646696752,1.3810164
GK-AS1,False,False,18,0.010398613,98.96013864818023,18.0,True,0.0245993676932413,1.5407860955073325,1.9435306
AL606516.1,False,False,7,0.004043905,99.59560947429232,7.0,True,0.009489708572551313,1.1248535892371425,1.3049135
RPGR,False,False,352,0.25072214,79.66493356441363,434.0,True,0.28370860809974074,1.2344039433738736,1.6542504
TSPAN7,False,False,15,0.009820913,99.13344887348353,17.0,True,0.023836872196534555,1.6005818688264055,2.03534
AC108879.1,False,False,1,0.00057770073,99.94222992489891,1.0,True,0.016694963766003074,1.6933632163556827,2.1777954
ATP6AP2,False,False,715,0.56845754,58.694396302715205,984.0,True,0.5096248988886428,1.1249131761880244,1.4111164
DDX3X,False,False,905,0.83073366,47.71808203350665,1438.0,True,0.7533785424724028,1.3108979313751647,1.4484009
CASK,False,False,169,0.11554015,90.23685730791449,200.0,True,0.1383087727965162,1.2905577472864458,1.5593333
SLC9A7,False,False,321,0.20912766,81.45580589254766,362.0,True,0.23665992680180176,1.2906225246664291,1.5594329
TFE3,False,False,76,0.045060657,95.60947429231658,78.0,True,0.1031997277144772,1.299524128066708,1.5731002
CCDC22,False,False,194,0.118428655,88.79260543038706,205.0,True,0.16262627303475358,1.0914761684714793,1.2536663
USP27X-AS1,False,False,4,0.002310803,99.7689196995956,4.0,True,0.00913683073043311,1.0867824990649797,1.2464597
AC233976.1,False,False,42,0.026574235,97.5736568457539,46.0,True,0.028905021280259572,1.2911749026685417,1.5602809
TSPYL2,False,False,219,0.16464472,87.34835355285962,285.0,True,0.1268778183469292,1.4300917188545905,1.7735718
IQSEC2,False,False,37,0.02195263,97.86250722125939,38.0,True,0.03654398603603904,1.3696847933262977,1.6808239
RIBC1,False,False,14,0.008665511,99.19121894858463,15.0,True,0.013330925835252746,1.244714271971195,1.488946
ALAS2,False,False,210,0.3876372,87.8682842287695,671.0,True,0.617354759779152,3.01989517778205,4.7317615
AL050309.1,False,False,354,0.26112074,79.54939341421144,452.0,True,0.2808500528722416,1.2089323371691705,1.5976884
ZXDA,False,False,19,0.010976315,98.90236857307914,19.0,True,0.027158489134631533,1.174248974771531,1.3807545
ZC3H12B,False,False,119,0.0768342,93.12536106296938,133.0,True,0.07433140344899161,1.1911645545582035,1.4067265
AL034397.3,False,False,320,0.23685731,81.51357596764875,410.0,True,0.2024313224865502,1.161896952999883,1.3617893
EFNB1,False,False,27,0.01559792,98.44020797227037,27.0,True,0.04997651090922093,1.526930349160233,1.9222566
RPS4X,False,True,1704,119.8833,1.559792027729634,207518.0,True,4.303935752845465,2.6142141750946615,2.116761
PHKA1,False,False,92,0.05603697,94.68515309069902,97.0,True,0.08318351852046728,2.277807499208765,3.075143
PHKA1-AS1,False,False,10,0.0057770074,99.42229924898902,10.0,True,0.031040465820916675,2.3207491346751445,3.141075
Z83843.1,False,False,15,0.008665511,99.13344887348353,15.0,True,0.025698357070788727,1.3231918786762291,1.6094394
RLIM,False,False,626,0.469093,63.83593298671288,812.0,True,0.44834941194069255,1.136775364139081,1.4374574
P2RY10,False,False,6,0.0034662045,99.65337954939342,6.0,True,0.02094693233369364,1.252980708338074,1.501638
KLHL4,False,False,3,0.002310803,99.8266897746967,4.0,True,0.009360594524854503,1.1110897750700668,1.2837807
DIAPH2,False,False,767,0.7498556,55.69035239745812,1298.0,True,0.4856640749990366,1.0956998229444175,1.3462455
DIAPH2-AS1,False,False,120,0.0779896,93.06759098786829,135.0,True,0.0874475999019668,1.1211945819392353,1.2992955
TSPAN6,False,False,13,0.00751011,99.24898902368572,13.0,True,0.01863321652774741,1.1650927815292134,1.3666962
ARMCX4,False,False,91,0.057192374,94.74292316580012,99.0,True,0.0847052696977113,1.0847950262576238,1.2434081
GPRASP2,False,False,14,0.00808781,99.19121894858463,14.0,True,0.01752187838633084,1.512937451023559,1.9007721
BEX1,False,False,316,0.3945696,81.74465626805315,683.0,True,0.21047383361986854,1.3266414691438706,1.6147358
NUP62CL,False,False,82,0.06239168,95.26285384171,108.0,True,0.09613179413027019,1.095219140440613,1.2594131
FRMPD3,False,False,2,0.0011554015,99.8844598497978,2.0,True,0.016694963766003074,1.6933632163556827,2.1777954
TSC22D3,False,False,967,1.938186,44.13633737723859,3355.0,True,1.1633514944625944,2.5369944861075027,2.7147431
CHRDL1,False,False,27,0.01559792,98.44020797227037,27.0,True,0.030292628195120054,1.1070443162106032,1.2775694
IL13RA1,False,False,8,0.0051993066,99.53783939919121,9.0,True,0.019033637780314104,1.192347681711462,1.408543
SLC25A43,False,False,183,0.12478336,89.42807625649914,216.0,True,0.13853280204332066,1.296600277723835,1.568611
LAMP2,False,False,484,0.35759676,72.03928365106876,619.0,True,0.3885273747086331,1.2560118299539242,1.7022326
AL008633.1,False,False,23,0.017908724,98.67128827267476,31.0,True,0.030880703800030086,1.5510418084370978,1.959277
SMARCA1,False,False,58,0.034084346,96.64933564413633,59.0,True,0.041670320406792714,1.3678709555547532,1.678039
UTP14A,False,False,311,0.21143848,82.03350664355864,366.0,True,0.23538563631607687,1.755343542753769,2.272959
RAP2C-AS1,False,False,151,0.102253035,91.27671865973426,177.0,True,0.18866014678946158,1.7232387102312139,2.2236657
LINC00629,False,False,8,0.004621606,99.53783939919121,8.0,True,0.018171056266367867,1.6485270748799334,2.1089544
AL683813.1,False,False,37,0.023685731,97.86250722125939,41.0,True,0.06858674978976917,1.613726180860606,2.0555217
Z96074.1,False,False,5,0.0028885037,99.71114962449451,5.0,True,0.015075421499074789,1.3273235757379551,1.6157831
FGF13,False,False,177,0.1554015,89.77469670710572,269.0,True,0.09751147045895275,1.2310988948923836,1.4680411
IDS,False,False,867,0.9855575,49.91334488734835,1706.0,True,0.6451479242026665,1.7173310362892205,2.2292485
PLXNA3,False,False,14,0.00808781,99.19121894858463,14.0,True,0.015844675100491524,1.0919960533295296,1.2544645
IL9R,False,False,8,0.0051993066,99.53783939919121,9.0,True,0.012643668375306507,1.1049733075857224,1.2743896
MT-CO1,True,False,1702,37.744656,1.675332177931832,65336.0,True,3.9250156669446024,2.8306088052988203,2.0128872
MT-CO2,True,False,1697,36.59099,1.9641825534373214,63339.0,True,3.9027377688065377,2.6437471221520914,1.6593585
MT-CO3,True,False,1697,36.44194,1.9641825534373214,63081.0,True,3.867237204631409,2.6685006181699324,1.7061903
MT-ND4,True,False,1696,33.14327,2.021952628538415,57371.0,True,3.719158836598555,2.3153190042259304,2.6710064
