,PC1,PC2,PC3,PC4,PC5,PC6,PC7,PC8,PC9,PC10,PC11,PC12,PC13,PC14,PC15,PC16,PC17,PC18,PC19,PC20,PC21,PC22,PC23,PC24,PC25,PC26,PC27,PC28,PC29,PC30,PC31,PC32,PC33,PC34,PC35,PC36,PC37,PC38,PC39,PC40,PC41,PC42,PC43,PC44,PC45,PC46,PC47,PC48,PC49,PC50
AAACGGGAGCAATATG-1,-4.97891,-1.0969033,-4.426354,0.24178232,-5.4436893,5.560383,-2.8027215,-1.7898657,1.5286022,-0.84379673,-0.22392647,1.0885547,-1.1161131,-0.49256754,-0.82206637,0.012629188,-0.23572452,0.42952928,0.15289897,-0.63186675,-0.22782488,0.18254149,1.8664173,1.3383714,-0.4933901,-1.1136715,-0.017714946,0.16812561,-0.30692735,-2.2678945,-1.8501502,-0.22203751,-0.9506301,0.36424598,-0.20506302,-0.04232123,0.8044362,-0.4934358,0.7966122,-1.7105066,0.18098192,-1.264913,-0.077173606,-0.7465987,0.37881565,-1.0396556,0.5969439,-0.86709464,-0.7656221,-0.8812668
ACCCACTAGTCCATAC-1,-13.272394,-2.4241924,-2.0436716,-2.0516636,-0.4308251,-6.5366845,0.60594743,-1.4084067,-5.391763,0.94187427,3.53914,1.5181773,-0.30030608,-1.2012172,-1.4016759,-0.93586254,-2.6515956,1.0364763,2.4789445,-0.79468536,-0.35241884,-1.2075585,0.31724572,1.8260273,-3.3397248,2.6837187,0.5452047,2.8981407,-3.3730757,-1.6521724,4.2501674,-3.5862827,0.008200259,-1.9087414,2.025646,-2.185761,-5.9280095,-3.2503664,-1.4989372,-0.09153501,-2.370863,-1.723455,2.8549871,-0.24543744,4.395935,-4.2609854,-1.8710195,2.6940336,1.633869,-0.0051916186
ACGGCCAGTGCGAAAC-1,-11.952538,-1.8570155,-0.45404464,-1.1250523,2.9081614,-2.266382,-2.6807072,4.7408566,0.5091057,-7.7684336,-1.78225,-0.4001885,-2.4241803,1.001898,-4.4603076,2.22188,1.3107535,2.439408,-1.5743123,-1.1951828,-2.002376,0.20906276,2.0630958,-2.3169668,4.352569,0.27362707,-3.7443144,-2.7772715,-1.7734865,-3.7696333,-7.7139573,2.276867,-1.6538594,3.1125097,-7.1476994,4.1857643,3.752681,2.3886309,1.3452623,0.47868282,0.4748185,0.2109175,-10.247015,1.1407076,2.0429566,5.1620736,-12.170442,2.949282,-1.5452313,0.48597375
ACGGGTCCACGAGGTA-1,-32.996563,-6.7582345,-32.27072,-0.16167608,87.32317,16.849321,-9.694486,-31.17117,15.6525545,8.379615,-0.49153745,-1.2984166,3.4765284,6.6467338,-2.5589607,-5.560203,-1.6588234,1.4726632,0.526085,-2.4125905,1.0467108,1.9890295,0.22556189,1.8243966,0.7911018,0.019753344,-3.4598377,-0.1855438,1.0679387,1.3700613,0.98081195,0.19769348,0.46545,-0.7457078,-1.3635561,-1.9741586,0.77970153,0.7272451,0.45068106,-2.6042082,-0.42918387,-0.53591096,0.13305594,0.090770856,-0.32745725,-0.45086926,0.3367957,0.92002326,-0.83942586,0.45729828
ACTTGTTCAGCATACT-1,-15.981246,-3.6893156,-1.5387372,-0.85774136,0.38749468,-5.0756435,0.34299225,-0.8205324,-2.0834656,-0.5885313,0.7201279,-1.4883062,-1.2681746,-1.3453932,-3.7100918,-0.29771876,-1.6695012,1.0245719,1.3604405,-0.23349176,0.91809374,-1.4307327,1.820349,-0.766678,-2.0009232,-1.1910508,-2.7137227,-3.0510373,-1.3700534,-0.21009395,-2.2575586,-1.0601317,-4.6147094,3.3238854,-3.8076036,-0.6322969,-0.8440214,-3.627926,0.79379463,-1.0589341,-3.4155545,-5.908642,-5.1844563,1.6546043,-0.5785516,-6.0281777,6.518974,1.9551507,1.4683937,-1.3648173
AGACGTTTCCGCATCT-1,-2.782491,-0.8820241,-3.250391,-1.3090324,-3.754978,4.79788,-2.1161304,-0.64245117,0.9681699,-0.22634415,-0.43011802,0.8207003,-2.1797047,0.020118825,-3.0012836,-0.10740538,0.7555985,1.7823805,-1.0424197,-1.6050358,0.12353695,-1.0117726,-0.075741224,-1.2320906,1.9881331,-0.42628098,-1.5028363,-0.26247677,-0.8244043,0.40414578,-3.285631,0.6737325,-0.54963386,-1.0401517,0.9239425,1.7308698,2.6559865,0.48566467,1.8045291,-1.7892584,-0.20739172,-1.9379727,-1.4890596,0.480858,-1.4298619,-1.4265927,2.2028663,-1.0466624,-1.012305,-1.3590745
AGCAGCCAGTCATGCT-1,-9.897424,-3.0483222,-4.417083,-0.6957236,0.17079057,4.5308824,1.8410783,2.2740362,-1.8080609,-1.6192281,0.46446285,-0.7230876,-0.021698847,-3.2409194,-2.3162796,2.441431,-2.7594767,4.3204274,-1.0050616,0.40401024,1.2022339,0.5401807,1.803429,0.8122021,1.5506717,-3.2349057,-1.7563549,-3.4476743,-0.62629515,-4.2415156,-6.496565,-1.6444854,-0.16298927,0.48847377,-4.0640087,4.6876545,4.584341,2.3047147,5.26675,-1.313368,-4.3962297,-2.3646336,0.634542,-2.6381907,2.5611017,0.44272676,6.4791613,-7.363829,-2.1991167,7.512214
AGTCTTTAGTGGTAAT-1,-12.377393,-2.447938,1.7595674,-1.2618387,0.10533417,1.5464507,-1.380566,5.985328,-1.8433144,-3.024004,-2.5380707,1.5587139,-3.1824818,2.6851776,-0.6689965,1.1655194,-0.6869315,-0.26273754,5.24966,-1.2678306,-0.717099,-0.6222216,1.775498,-0.3899119,1.1690863,-2.3804724,-5.735232,-4.468316,-3.1203465,-1.4994943,-0.27827644,4.5205646,-0.5948052,4.766203,-1.9098443,7.8526216,2.4417436,3.2135265,5.578464,1.7050529,2.2877576,-7.622642,4.278449,-2.8162935,2.0388894,6.7663054,-6.012022,8.793165,8.208295,8.691174
AGTGAGGCAATGCCAT-1,-15.495667,-2.950626,9.868176,-4.0172386,-5.2001486,-21.773237,-10.987432,-0.5036399,24.453085,-6.1871934,6.865334,3.263471,22.970806,14.014205,33.230076,-5.0941043,12.962699,23.548355,-1.5849353,-16.996405,0.3444907,-30.029976,20.241804,14.681084,2.4788547,15.18155,1.6270475,-4.134823,-1.7153459,7.2828093,0.13739234,0.06632065,-1.0866482,-2.5500147,0.92510575,3.741341,1.2542555,1.7557331,3.2281325,-0.6179035,-1.805759,-1.136319,-0.71041834,-1.6262549,-1.6138992,-1.0450805,1.3556187,0.30588752,-2.2750084,-0.46894547
ATAGACCGTCGTCTTC-1,-9.217612,-3.0611503,36.744465,2.5217175,4.9373875,18.596895,-0.88516617,-1.4300284,-6.135071,-3.1427884,1.0377817,-2.7896152,-3.1229541,8.394841,-2.6363547,-6.44162,-3.4199529,2.6344655,-0.9783585,5.089154,-4.822444,5.383301,-0.56281334,-1.9349877,10.1714115,11.089159,9.475745,2.235141,1.2940061,-5.873678,5.9624596,-3.9359334,-4.640897,-11.699914,10.536901,9.629516,-29.790964,15.4829445,19.678455,-11.266995,-11.319086,-1.4011745,-6.5565987,1.76676,-2.4372714,1.4410487,3.6586301,3.7227414,8.863733,-4.2653933
ATCCGAATCCGAACGC-1,-13.167887,-3.0792005,-0.934286,-1.9650033,-0.5380503,-2.5240855,-0.29315576,3.022804,-3.2520666,-5.5688133,-1.1020519,-1.616606,-5.868891,0.96850705,-0.96755207,1.3866731,2.4371235,-0.22197312,1.4943875,-1.892842,-3.4239511,-0.5093741,0.35343575,-2.121459,1.3228282,-1.1921128,-3.5177321,-4.569316,-0.10257445,-0.72410107,-0.11953417,1.2987599,-1.3195608,2.2002075,-1.2002771,0.2018096,2.299227,3.8386972,-0.19679818,0.3575366,0.5217973,0.18515714,2.6956782,3.2784953,-2.0603755,2.7585726,-1.7629911,3.7071457,-1.4560173,-4.5519476
ATTATCCTCTGTGCAA-1,-15.442252,-3.333475,-5.67302,-1.4958034,1.193174,-2.8953211,-1.2749927,5.895819,-5.60453,-2.9355695,1.4578586,-0.41456977,0.4117635,-0.8939579,-1.3271464,-0.82623595,0.9942971,5.9777875,1.5426782,-6.3696785,6.0918503,1.6948735,-2.0229647,-6.483193,3.03982,-1.4132246,-1.0417079,-3.12105,1.4525766,3.0666971,0.7826856,1.6021143,-2.8329556,4.8957734,-2.100154,10.190903,-4.3286295,15.179324,0.5172867,-0.8161014,12.00492,27.2833,14.816095,-5.98739,9.874631,-16.740726,-4.6010933,9.264963,-1.8690381,0.7076922
CAAGATCGTATATGAG-1,-3.8030832,-1.3118687,-2.6380696,-0.9131807,-3.6594021,3.2164433,-2.12444,0.06480387,0.74209696,-1.2812142,-0.16003917,1.7223797,-1.3024484,-0.08588521,-0.51216483,1.2297395,0.4783667,1.5325853,-1.0226281,-1.6227465,-1.2637073,-0.20222515,1.080601,-0.4498464,0.48685998,-0.4720885,-0.43392438,0.59371626,-1.138091,-0.5148841,-1.9377415,0.002769021,-0.45257208,-0.0017854585,-1.0046768,0.91790545,0.91152155,0.06238359,-0.12212492,-1.7557455,0.48203203,-1.5363263,-1.1913886,-1.4271278,-2.2358844,-1.7699554,1.6232493,-0.24908748,-1.9509383,0.1383339
CAAGATCGTTGTACAC-1,-14.813038,-3.498703,0.87963694,-1.5642685,-1.9095052,-7.657761,-1.3557994,1.1787881,-1.1410947,-0.47294983,-0.58218014,0.41706392,-4.350789,-2.279831,-0.5299898,-0.26293245,0.78754765,0.4160235,1.534366,-0.5844673,-2.9363878,-1.9620545,-1.9714849,-1.4549799,0.5237883,-0.26948988,0.79394186,-0.3288399,-0.15002796,-0.59801924,-1.4245496,-1.6665183,1.4247904,3.6062799,2.2038796,1.6798646,-4.670162,2.9147902,0.75453943,2.4023578,5.0891128,10.585275,1.1892041,2.2166111,8.541063,6.735114,-2.8711803,5.7962017,-0.3135501,1.0873009
CACAGTACAGCTCGCA-1,-12.226528,-2.318513,5.7377048,-1.3851589,-2.3733418,-8.337792,-0.14279616,-2.7662394,3.2461596,4.0362883,-2.6223166,-0.42327693,-1.7030985,-2.057285,-2.8405128,1.9104824,-3.3686304,-6.2438493,-1.9966646,-0.33113843,-1.9858041,-0.64417285,2.999398,2.0638783,-1.942009,0.8694195,-1.5083523,0.38433474,-0.014735728,-6.888828,-1.1904877,-2.3560348,1.5205119,-1.8504035,-2.4042723,0.634876,0.9210974,-3.3604717,1.9685485,1.1756319,2.529241,5.3446817,-3.5230541,1.3762972,-0.053337943,1.9921389,5.657448,-0.22199374,-3.0941784,3.660637
CACTCCATCTTAGCCC-1,-10.038539,-0.27867448,-8.047049,-0.40279886,-5.9889336,8.450285,-1.478977,-0.20207807,1.0132018,-0.18027662,-0.68252224,0.47123864,-0.53341615,-0.9945858,-0.8981725,2.2911642,1.0336496,0.07541555,-1.0993671,-2.229685,5.243336,-0.017895857,-0.17110308,-0.17217948,1.5031059,-4.6913147,1.173737,3.7639146,-0.09942047,-3.1870697,-3.724463,-0.25662208,0.81202805,1.0711257,1.0921483,2.375607,2.2208574,5.8373632,3.3304806,-0.34730098,-1.4605111,2.4068592,0.8029792,1.5792027,-2.1297534,-2.2069013,0.46885508,-3.21773,-4.211992,-5.3364925
CAGAGAGGTGCATCTA-1,-9.590813,-1.592344,33.5146,-0.8378156,1.9262753,15.3042965,0.48437577,0.1756207,-9.582978,5.7903185,-6.450735,5.344849,7.039314,20.011332,-7.298409,14.5627575,9.72956,-1.8692808,5.4099545,-8.247259,19.69179,0.455974,-27.43913,29.83024,-21.727945,6.807485,-17.584484,-11.593496,-4.2149296,4.9028454,-15.179159,9.515133,4.2684445,1.5637228,2.6377451,-4.175441,-7.1318254,-1.6426395,-2.3012023,0.0668628,-0.3471408,1.0851895,0.42950124,1.0958285,1.2907478,-1.5138594,0.4480074,-1.0313423,-0.339194,-0.13409458
CAGCGACGTCACCCAG-1,-12.744684,-1.7355796,7.285616,-0.8652849,0.5192498,-10.3699045,-2.2837594,-6.2294364,12.053376,2.663071,-1.8116411,-0.35256806,5.0657444,-3.09014,-3.5281508,7.505623,-5.818729,-13.151748,-7.0708284,2.280013,-0.3738685,0.85183275,8.567648,3.8006625,-0.8274443,-1.4292632,1.9918277,8.016134,4.6521335,-7.2330565,-5.6724825,9.325511,1.7439169,0.68890357,9.251256,-5.827898,-2.4423904,-8.426096,17.805082,26.019638,18.368246,3.3657022,-14.16969,5.954733,-2.3128204,-17.330547,1.9979533,-2.0713012,9.757401,-7.626511
CAGCTGGCAACTGCGC-1,-15.663403,-0.8295669,54.588627,4.862034,7.7611666,24.492218,2.733993,4.316179,18.301718,-6.5805607,50.177418,-36.164352,-23.375845,-6.2696633,6.81383,-1.1541725,5.122517,1.464504,-0.8451895,2.5969694,0.4388347,0.45976385,4.4168377,-1.0607561,-3.6359723,-7.3396564,-3.8251116,3.2767465,0.5802191,-0.35682625,-0.30473754,-2.6783814,0.23787463,4.0371995,-3.27167,-5.3114586,5.8862777,-4.808903,-3.285779,0.8440402,2.091057,1.097479,2.4400349,-0.84386474,1.4093968,-1.4252313,-1.4028903,-1.2395818,-2.5803895,1.216385
CAGTAACTCCGTCATC-1,-12.616971,-2.5118358,-0.6399503,-1.2114494,-1.15499,0.58421904,0.4962949,4.401422,-1.9058481,-0.7009162,-1.7580252,-0.73874545,-4.402358,2.0759125,-3.4457674,-1.0359443,-0.17655928,3.8398616,-0.97240347,-2.4667006,-0.4449839,1.769765,-2.670844,-2.4033659,4.2837625,0.85977405,-1.0586582,-1.4807792,2.1124682,-0.12676884,-6.302411,0.9628368,-1.7846637,1.7497505,-3.9229155,1.8940083,-0.45067087,0.57712877,1.7169304,-3.8201222,0.60195386,-3.8319046,-0.6251118,-3.11638,0.38132715,1.0613568,-3.2683232,-0.31508392,-2.041849,10.671859
CAGTCCTAGATCCTGT-1,-12.338423,-1.5998979,1.3522676,-2.2753115,0.6245082,-3.646522,-4.4287434,0.93926185,-1.7249469,-3.5379226,-2.119072,0.0910978,-1.7088838,-1.1914371,-1.954831,0.0039238706,2.1355374,3.372046,0.88795406,-4.707873,-1.4665889,-0.54218525,-0.21303283,-1.6237885,2.791394,-1.1322783,-1.6717491,0.975164,-0.7422183,-0.010790123,-1.1075193,1.6507758,-4.24026,1.3764563,-0.08336884,1.4047891,-1.7807864,-1.7930707,1.1168245,2.2382772,4.395998,9.623293,0.036934152,0.5504491,-0.3563034,2.6629143,-2.9690433,1.1120459,-0.11774217,-0.009684165
CATATGGTCCCGGATG-1,-9.726607,-2.8627014,-2.2826462,-2.1649632,-0.061767537,-1.6782498,-1.7437042,0.5073445,-2.5032487,-3.8266418,0.28358307,0.21459478,-2.2006254,-2.3963208,-3.1225724,-0.5360098,0.52619165,0.9944444,1.4353151,-2.6370704,-2.7443972,-0.05086458,1.0074792,-1.2787702,0.5329351,-1.7391137,-0.18023121,-2.2900763,-1.6109151,-2.4930363,-2.716879,-1.0291988,-0.93867224,0.032236453,-1.6732695,1.0665319,-1.5306089,-0.47435468,2.3702352,-0.812104,-0.47882894,1.9115964,0.60228664,0.4646078,-2.8068464,0.19971378,-1.1140707,-1.4375666,-3.325709,-1.7670122
CATCGGGAGGACGAAA-1,-25.321568,153.2712,-1.0734074,-16.963388,1.5601944,1.1380687,-1.8244768,0.73498434,-1.632753,-0.4087313,0.4972103,0.6646552,-0.38617486,-0.16459736,0.15104204,-0.2909055,-0.35155016,-0.036172442,0.052873947,-0.5170242,-0.2656413,-0.7049259,-0.28286564,0.9098443,0.41028932,-0.60389715,-0.08389525,0.5232719,0.2608576,-0.025976079,0.6252883,-0.646947,0.19467647,0.04637915,0.11182878,-0.49133864,-0.37171796,0.5071908,0.3682306,-0.5684989,-0.20455538,-0.09908105,0.062653705,0.34498498,0.033282354,-0.5564953,0.9540783,0.1919519,0.41409302,0.47816062
CATGCCTTCTGACCTC-1,-6.840136,-1.6438789,-7.053138,-0.4825802,-5.5609126,8.200316,-3.485861,-0.972005,3.7784858,-0.5413907,0.12058035,-0.20673972,-1.8426481,-1.3486613,-2.4600997,1.5369664,0.18933402,3.0995364,-3.4232066,0.118409045,3.9992201,1.6235746,1.9019805,1.0575287,-0.367819,-3.2328293,-0.44652984,0.5683376,0.2482445,-3.8699493,-2.9603922,-0.5275867,-2.2784858,-3.419238,1.1281679,0.24033962,2.7203822,1.245494,0.61190236,-0.59771645,-0.14115274,0.51317114,0.41359857,-0.005286569,1.1671004,-2.5561478,1.916713,-5.457246,2.2247996,-3.2615407
CATTATCGTTCACGGC-1,-9.148788,-1.92588,0.9768,-1.2313303,-1.0341113,-2.5874085,0.07133382,2.251855,-0.07433682,-0.46354705,-1.3056083,0.30271742,-2.3529701,0.6268302,-3.190143,1.2887778,0.2179349,0.68087757,1.2878141,-0.8123865,-2.7774134,0.6333594,1.6598057,-1.4922298,0.10708882,0.40535656,-1.074372,0.39716688,-0.8312508,-1.2076898,-1.2783866,-0.3319011,1.728044,-0.44536194,-3.235044,1.1075428,-1.8128752,-1.8718367,-0.21034917,-1.6130061,-0.6252657,1.3465222,-0.24211487,1.0072044,-0.8390942,0.12626672,-0.8195027,0.46553007,0.28249183,-1.028274
CCACTACGTTATCGGT-1,-19.46988,-2.171763,-3.3552866,-0.5754218,3.013029,-2.0840807,3.949475,1.668721,-5.4598665,4.77705,2.7557125,-4.0332828,0.78484184,-2.9763496,-0.2587955,0.8396854,-0.08742601,-0.77999383,2.192502,1.0260057,2.3150766,-5.9565706,-7.252511,-1.0889957,-5.2862206,-0.021625854,-1.0273999,0.09880178,-4.6024923,-1.574987,-1.0800415,-13.551436,-6.503194,5.144108,4.3679466,11.188878,1.9998344,-9.961922,1.1221884,24.154972,-16.934454,0.16506691,7.9523835,-13.17903,-6.803121,6.303232,11.501985,18.11221,5.2399096,-5.8636117
CCATGTCAGTCCAGGA-1,7.158843,0.27218273,0.49762428,-0.412596,0.9101985,-0.2619983,2.4411776,0.30281368,0.1986262,-0.25559458,1.1284637,0.6712077,-0.7840826,-0.2423872,-0.036114972,-0.12594938,-0.30204853,0.60050654,-0.6540342,-0.1791488,0.52867866,-0.17463556,-0.30771828,1.2041377,0.9274988,-0.5209577,0.21755451,0.042730097,-0.017808013,-0.0019328832,-0.25916925,-0.55372345,-1.1532737,-0.046396576,0.35362244,0.29450047,0.14782144,0.49181333,0.62505627,-1.0952998,0.3281382,-0.3609266,-1.0014079,-0.70749176,1.4682621,0.39910325,0.45703393,-0.46110913,0.38495022,-0.2656528
CCCATACAGGAGTCTG-1,-10.442806,-0.90461755,35.177273,0.04569957,4.023968,18.547106,0.88909465,-3.7820916,-10.227756,2.3777785,-9.297975,5.177182,5.096446,11.738758,-9.809108,0.81455094,-9.259564,8.489242,0.8779923,9.07903,2.1669848,0.30994248,-6.776488,-4.4537063,31.730854,23.775278,12.6247835,-13.835266,-9.507363,0.42213085,8.310419,-1.6926427,-1.6136148,4.524851,11.72657,-2.439983,22.591154,-3.1076891,-2.277173,7.8008823,6.906365,1.653011,0.5189877,-1.5265862,0.70315486,-2.784971,2.3615127,-4.1146355,-5.403955,4.5285873
CCGGGATTCTCGTATT-1,-10.442469,-0.56886935,-1.2369198,-1.2156355,1.8169757,-1.2069454,-0.29371557,4.091503,-0.8754684,-7.050393,-0.36278275,0.7555768,-5.4605594,-1.9179993,-2.2466743,1.5504159,0.5340749,1.5225123,0.34691727,-6.293979,4.734181,-0.66882885,0.6718108,0.8077473,2.8372185,0.29723826,-3.8260508,-2.5366182,-4.1229115,-5.408705,-6.111339,3.1175528,-3.9736164,2.0821548,-6.630314,1.1551521,5.65669,6.360341,2.5212026,-2.5240607,10.032853,-0.8072726,0.4261154,-1.4788878,2.3496044,6.8892174,-9.059326,-3.950824,15.181605,2.8661647
CCTCAGTTCTGCGTAA-1,-13.357356,-1.7308419,0.9947723,-0.73921824,0.40863627,-4.0740952,-3.700392,2.8318346,1.2628443,-5.6127396,-3.634523,-0.81981146,-5.1229916,1.5449829,-1.5980905,-1.6886208,-2.1899512,0.5219997,1.5826821,-1.8496215,-0.7220375,-1.0870147,-2.854513,-2.8058867,6.129202,2.9591486,-3.2627306,-1.8745822,-2.4882057,-3.0639422,-3.243714,2.314901,-0.3859683,4.0187235,-0.9272794,0.42956233,0.5092016,-0.062826656,3.1841025,4.237045,-1.6938419,-1.9150941,-4.9799705,-0.78929514,-1.7270455,8.829665,0.97550505,-1.7157289,0.9172533,-5.549704
CGACTTCCAGCGATCC-1,-13.766351,-1.708689,5.1495295,-4.34855,-1.4010727,-10.451033,-2.439363,-4.1137567,2.583556,2.512108,-0.43086097,-0.49810556,2.1426375,0.36383843,-3.3056788,1.6216409,-2.1519248,-3.6323557,-1.96408,-0.36566836,-2.6816556,2.2528825,-1.744873,-0.18223335,1.5388331,-1.1214181,2.71492,-1.8644834,-2.005031,0.18643817,-0.4558974,-6.005429,0.7363857,-4.0618186,1.8040324,-3.7852147,-3.003414,-2.3517969,-7.74599,-7.5281644,-0.25591636,7.083629,-1.0927806,-0.53975916,5.758321,4.221578,8.811996,-8.826702,-8.90133,-6.1196136
CGAGAAGAGCCAGTTT-1,-14.042596,-2.654284,9.669376,-3.3336196,-4.020516,-7.492029,-0.8281027,-1.3780938,6.8743243,2.4675467,-3.152179,1.7444088,1.5973195,2.9167542,-3.8497417,0.9475783,-4.3923903,-4.4895205,-1.3595884,6.1052876,0.5736458,0.037071,1.0663539,-1.3016961,10.398205,-0.33681467,2.4613311,-1.4222969,-0.08942355,3.3660247,-8.288591,4.5337234,5.5346813,2.059431,-0.16719769,-3.4419196,5.3572636,-0.64638597,-11.496977,-9.098183,-4.11278,-4.782159,13.492478,8.080749,8.18597,-2.3108413,5.2981153,6.4598956,4.836767,-26.796024
CGAGCCAAGGATCGCA-1,-20.132574,-4.4623785,8.380158,-4.3271003,-2.8021421,-13.719245,-2.287838,-4.109446,8.117445,5.8081665,-0.9778901,2.2798595,2.2889512,-0.55630404,-4.609867,2.302166,-3.5658612,-6.871,-2.5667937,-1.5325903,-0.91183084,2.5144746,3.133762,1.4473119,-0.27876997,3.620527,3.6912258,1.4294987,4.782174,-7.1977215,0.5954067,-1.8223956,0.3267891,-3.8478298,0.4583645,-10.664695,-4.379335,-7.083467,-1.5624677,-6.263253,-3.082178,20.567793,-0.6734487,-6.627581,3.9284892,10.283404,11.412406,-4.7978487,-2.1257033,11.223845
CGCTATCCAGATGGCA-1,-6.229538,-4.40782,-4.917725,-5.8344417,-5.1893888,-9.44052,-5.644602,-16.314838,-16.556475,3.4512503,41.772972,52.900795,-21.381468,5.2612815,2.425832,-28.83786,10.494174,-7.5085444,-4.2600727,8.161507,7.127536,1.7213824,-1.499002,3.3502057,1.1040058,3.5100791,-2.0487642,3.5380683,-4.1567636,2.3764389,-0.5862446,3.9807508,1.6795956,0.5335228,2.3407905,0.9527973,2.8752925,1.0060116,-0.18510535,1.5151722,1.286052,0.3225708,-1.8856695,1.3814389,-0.79766566,-0.0628306,1.7225705,0.49718967,2.0091271,1.1072209
CGCTGGACACCCTATC-1,-12.306374,-1.6186503,-0.10586626,-1.7810407,-0.9259555,-4.4816227,-3.268137,0.98249793,-3.2931106,-3.10183,0.09128339,-0.83989084,-3.2405336,-0.7459063,-2.7430134,0.53345597,1.4923207,3.9333746,0.47408494,-5.2223186,-1.5187918,0.43617767,1.1071868,-2.8124902,-0.82397836,0.9330665,-0.681906,0.003288504,0.10319375,0.97625077,-0.9825346,1.2005857,1.4514824,0.21537457,-3.5149276,-0.96236235,-2.2524545,-0.59131855,1.2469807,0.09244095,0.41169706,-0.45585126,0.9501371,1.9663435,-2.1630473,2.4217167,-2.798742,1.1195095,-1.5903025,-5.0536013
CGGACACCAGCGTTCG-1,-7.9719334,-1.4131123,-0.6584227,-2.0420082,-1.0936627,-2.5632439,-1.0388739,0.7523588,-2.2316248,-1.3874104,1.1493996,1.5176767,-2.2180042,-0.52468216,-3.1974144,0.74474823,-0.04898669,-0.1174579,-0.37594163,-1.4009775,-1.5057366,-0.21419276,1.3871796,-0.42570022,1.7455877,0.14938721,-1.5585089,-1.0666991,-0.4252008,-3.3872921,-1.3790153,-0.93598425,-0.8569057,-0.02556447,-1.6021909,0.4309041,0.23766568,-1.5245355,-0.47964606,-0.6952429,-0.8488369,-1.2634912,-0.88417906,-1.3866098,0.29954678,1.7306621,0.67434996,0.6385298,-1.4013923,0.4599218
CGGACGTTCTTAGCCC-1,-12.156195,-1.6772557,1.1060394,-0.74463356,-0.44629028,-4.649125,-3.018585,1.1022643,-2.752927,-2.7205927,0.640571,-1.678383,-2.8584456,-0.61115694,-2.5051868,0.5857487,-0.8009654,-0.29129088,3.224644,-2.9329126,-1.3251226,-2.9942112,1.3361274,-2.3183627,-0.06768735,-2.087743,-1.1080842,-2.704179,-0.28681645,-0.30677533,-1.2973409,0.028879615,0.6823646,-3.3726006,0.36726156,-2.9428544,-1.0740458,1.4103465,0.21160671,1.5972465,1.4693509,3.383461,0.5022304,3.9080236,0.16523106,-4.224272,-1.1008328,-2.377314,-1.2876263,-2.3569257
CGGAGCTTCTGCGGCA-1,-11.840562,-3.3872657,3.8765304,-2.5563715,-2.4339468,-8.376457,-2.0902076,-1.3640983,1.5774866,0.28713363,-0.7517244,0.95154387,-0.34086296,0.26219946,-3.3620336,1.7043036,-2.549465,-2.1770718,-0.5647379,0.16160193,-1.8166752,0.9026873,0.3287598,0.8117447,0.20777772,2.1324139,0.09472051,-0.9336966,1.4121972,-1.6600097,0.26617247,-1.2403971,0.7171915,-1.90786,-1.6729437,0.21877326,-1.2087612,-1.2614789,-1.3142695,-3.0611694,2.1701238,1.3557475,0.30924812,0.33038726,2.1337023,2.0249622,1.5537785,0.8857218,2.5572488,4.4112225
CGGGTCATCGGATGGA-1,-11.6638975,-1.2733411,6.790263,-2.8932743,-2.7234037,-10.011369,-3.3465593,-3.737648,2.9523878,4.5432234,-2.2443283,-0.4250314,-0.63123876,-1.8641618,-2.9993684,0.46390268,-1.2199793,-5.718949,-2.1021724,-2.258023,-2.5280075,-0.23105358,0.48826262,1.3363495,0.20192961,1.5057945,-0.25671673,-0.23605454,-0.6997932,-4.7182236,-2.0567207,-1.7623348,4.325019,-1.3764505,-2.46283,-0.23164907,-2.172538,-7.5761147,-2.690692,-3.8996456,1.6012981,3.127556,-8.409657,4.487385,1.7949033,-0.52978766,-0.17185688,2.8879266,1.0613197,6.860496
CTAACTTCAGCCACCA-1,-11.702674,-2.2882073,-0.13812095,-3.4593894,-0.9959908,-6.2640653,-0.6177595,2.104218,-1.8180381,-2.533856,0.6190139,2.3442552,-0.41928148,0.85276145,-4.1409335,-1.2265534,-0.53027445,-1.1755489,0.8013832,-0.69482225,-3.240607,-2.0800056,-1.472619,-2.5727303,2.3521457,-2.3881664,-0.41145217,-0.38670892,5.305148,1.6408448,-2.3658948,-5.3896255,-1.4665977,-1.1768421,-1.6687762,-6.0565515,0.03152593,-2.1245453,-1.3825512,-2.0652742,-4.4314427,-1.6395477,-4.8045135,0.20453237,-2.0953803,1.7291173,3.9475214,-8.873472,-4.320885,-3.4719405
CTAAGACCAATTGCTG-1,-12.452074,-1.8373928,-0.2201625,0.44755247,0.33740366,-2.6219945,1.4847841,-0.7766247,-4.978196,-0.24646468,-1.3993113,-1.1774179,-3.8342607,-0.07988903,-2.312729,0.52320635,-3.2603965,0.23443943,3.7215526,0.9674406,-1.0637126,-3.4045777,0.8894022,0.59066796,2.2176838,-0.8075417,-1.1452341,-0.11586875,-0.808276,-2.5256703,-0.8679307,-1.8164365,-0.10970784,1.5241815,-3.0292397,2.0157936,-0.43772608,-5.0062294,-0.60537815,3.7505927,1.2468841,-1.0912055,-0.5503114,-6.6059346,-5.44754,5.767964,0.5767149,3.2219656,-0.3936773,2.7014925
CTAGAGTAGTGTCTCA-1,-4.1235476,-0.81551945,-7.304544,0.7071385,-5.516763,8.600764,-6.0984797,-1.757827,4.4991927,0.7640192,-0.18573892,1.1738731,0.9358918,1.2625622,-0.111853875,0.04989219,1.3446621,0.3461236,-3.2321136,-1.0179005,0.32612747,-1.0135993,0.060631312,0.22910784,1.1736443,-1.2131793,0.015614144,-0.45660856,1.019233,-0.5169756,-0.54657453,0.16638407,-1.9393365,-0.6180372,-1.2982138,0.76423514,2.0156188,1.3616899,0.3437066,0.13985538,-0.9961528,-0.6266879,-0.08690423,1.6308017,-1.0396705,-3.0971103,0.85098124,-1.8028662,1.2241117,-2.3706028
CTGAAGTTCGCTGATA-1,-12.157638,-2.3503654,4.4141726,-2.2276108,-0.0031155732,-7.825256,-1.0477335,-2.5251725,3.3934014,2.5751746,0.21222581,-0.45149025,0.8904402,-0.46456704,-3.23911,2.2484243,-3.39878,-3.5863826,-1.8500359,-0.6435753,-2.254315,-1.5188637,1.04791,-0.112595126,1.0167253,1.5034642,0.7070928,0.50639373,0.6411937,-0.9878557,1.7282643,-0.4035218,1.9845941,0.15442267,-0.6687012,0.4210281,-1.0274923,-3.820963,0.52823234,-2.7121038,0.9695253,1.334975,-2.985752,-0.9926401,0.9420316,4.7993364,3.0957973,0.31050393,-1.0178537,1.9692942
CTTCTCTAGGTAAACT-1,-13.3335085,-2.8765962,0.34587365,-1.5470505,-2.0305657,-4.538174,-0.5642258,0.9688589,-0.88901836,-3.4212215,-0.69942796,0.7154026,-1.7795798,-0.1047185,-1.4171878,-0.23995367,0.39778662,1.9589419,2.3513892,-1.6490068,-0.67807925,1.012809,-0.6918523,-1.956698,0.40993014,-0.6484453,-1.7717955,-1.6933701,0.7178186,0.6146242,-0.15872622,-0.6387994,-3.658159,2.0252264,0.62542725,0.100893706,0.98534924,-3.451439,2.7273111,-0.28414997,0.5281554,0.35999244,-0.7070971,2.0423431,-0.6005258,-0.40479589,-2.2951896,-0.5431679,-0.17658532,-0.9196162
GACAGAGTCCTTTACA-1,-18.708368,-4.6053405,5.213534,-3.2656527,-1.2529284,-8.350153,-4.6747355,1.0515133,-3.9779787,2.671078,-1.5215075,3.8519506,-2.5879753,-2.0097268,-8.056229,9.203747,9.692209,-1.2957009,0.96643025,-0.39284074,-2.7670121,0.21475582,-4.586295,-7.227206,-13.910064,14.149125,0.018265348,1.3341783,30.719172,16.989807,14.8137665,-11.566293,1.6123481,29.329258,-4.9608684,-7.1190634,8.071838,6.860495,15.490257,-5.937256,-3.5376456,-3.9150174,-0.9684591,-0.8622657,-3.5683515,-5.3909116,1.4728049,-2.7149377,0.35406005,-0.04459422
GACTACACAGGCAGTA-1,-10.808747,-3.6867068,-5.7603536,-2.369281,2.0982041,-6.203122,-0.1427659,4.781771,-4.731084,-9.330184,0.69960845,1.2579494,0.8063621,-7.4016604,-13.7117195,5.817141,1.9978081,45.291393,-35.564613,20.194464,-11.61837,0.37769532,-15.088985,19.134678,3.080816,-10.239873,-0.33063078,14.934945,1.7888626,2.376238,5.5466404,3.9708126,2.6783357,-1.9036567,-1.5778079,-6.0142074,0.066731125,-2.1367278,-0.25659972,1.3470831,-1.5725057,2.68127,0.40321788,2.30075,-0.56816816,0.6374925,-0.41031468,3.5291593,2.581068,0.7266783
GAGCAGACAAGGCTCC-1,-19.206459,-4.2703056,-7.0456753,-4.105821,11.922251,3.7207015,0.20167014,0.5163649,-18.086708,-20.428177,3.3881004,3.173277,8.390573,-1.6792331,20.799065,40.630035,43.230045,-21.660662,-5.9601607,17.58931,-3.5426645,-4.1932416,-0.989834,-7.1846995,8.732882,-2.7505512,7.2299085,2.6659112,-6.4332333,-1.240364,-1.0993372,-0.26851624,3.2263677,-3.3113031,3.002387,0.8317247,0.52143663,-0.31324568,-0.813535,-3.2706134,0.052955706,0.5158527,-2.3210118,2.1230445,0.657644,2.2420797,0.37739217,0.8862961,-0.21844308,1.8046327
GATCAGTGTCAGAAGC-1,-14.542924,-0.41342533,-7.2454076,-0.53743744,1.8449763,-1.833277,3.6246521,9.635116,-7.2909307,-9.425861,-2.4331586,-2.9368384,2.0399942,-4.238683,-1.0906199,3.2225027,5.818043,18.319008,-1.4912187,5.9549494,38.207775,35.279476,32.62505,-6.1574006,-7.2046466,15.985423,-2.570193,1.8132291,4.029713,1.7984217,-0.53734535,1.458815,8.2976,-2.4743161,5.1567936,1.4530431,-2.654712,-5.577132,-6.730749,0.5436883,-1.3059328,-0.68164885,-1.6177266,1.5173796,-3.4555764,1.1498622,2.843211,2.687934,-1.376993,-0.057593405
GATGAAAGTACTTCTT-1,-6.574711,-0.6279784,-2.4625478,-1.9443208,-2.967379,0.9636364,-1.7191013,-0.57042134,-0.47057983,-0.53243536,1.3402953,2.3300812,-1.6870799,-0.16658768,-3.1512194,0.21010676,-0.11487389,0.034857716,-1.4798971,-1.9777497,0.42935798,-0.9841715,2.3773358,-0.88807476,0.9680955,-2.1565974,-2.3928528,-0.36178792,-2.609209,-1.4888494,-1.5341514,-1.3057361,-1.1842133,1.3734325,-2.3508146,2.23091,0.37920466,2.6152008,-0.27712557,0.00607257,0.65681463,-2.7370179,0.3505687,1.7036738,-1.3432153,-2.5977426,3.227469,-0.9790071,-2.560054,-1.489701
GCACATATCTCGCATC-1,-11.201674,-2.9215393,42.889965,-1.1267297,10.205742,21.782335,-1.4456197,0.52343595,-1.965633,8.111108,-23.941925,24.022669,10.073667,-58.72706,18.922783,-12.813154,5.989177,0.71018183,-3.7707527,-9.872352,0.37259197,1.3453593,-0.7545734,-0.99490285,0.4254343,-4.1236963,-4.834401,1.4182355,-0.52165014,1.1347986,-0.63589305,-1.1294409,1.2212676,-0.554753,-4.5189676,-3.2813604,-0.0271321,-0.016494127,-1.4328456,-0.24665228,1.1755965,-1.0081009,0.32165956,-0.76899606,-1.6392019,0.349306,-0.31996053,1.5627478,-0.5436514,-0.98037994
GCACTCTAGACGCTTT-1,-12.929449,-1.8265903,-1.5883492,-1.2779175,-0.28000477,-1.3088918,-0.27828342,2.178145,-1.2725089,-0.9813245,-0.18083145,0.5462819,-2.4531846,-1.5090228,-0.7047078,0.7253988,0.63759166,1.1553887,-0.40922004,-2.502409,0.6507108,0.032024186,0.64677113,-1.432901,0.492316,-0.75010425,-0.9781893,-1.167911,-2.746778,-1.6079162,-3.0575538,-0.601369,0.26632226,0.45583975,0.3831969,2.321797,1.1155219,-1.3260415,1.7313921,-0.9567568,-0.20494542,0.9303122,-1.3232541,-1.8898298,-0.26731408,0.61714387,-0.8498606,1.9322735,-1.2732934,1.635347
GCATGCGGTATCACCA-1,-9.166168,-1.6915332,-0.6751064,-1.284407,-0.46786603,-2.7108347,1.349003,-0.32407767,-3.0365553,-0.84439826,-2.4290092,0.30068088,-2.9266782,-2.0756924,-0.5083436,0.9207948,-3.6058152,1.8482437,0.09961086,-1.4741529,-1.612936,-1.944311,1.3947111,2.8122783,1.7607259,1.1537046,-3.384303,-1.1198813,-1.7015458,-5.0155807,-3.078049,-1.5320364,-0.42934686,3.4756966,-2.9728596,5.403297,2.2568696,-5.4434824,-0.2609937,2.5792527,-1.389345,-3.1810973,-4.4377575,-1.3539039,-4.7519765,4.5030975,3.3516529,0.4343444,-2.9159956,3.8239346
GCATGTAAGACCCACC-1,-10.399317,-1.598052,-0.02146455,0.119140185,-0.43616384,-1.47696,-0.81331366,1.1242297,-2.611235,-2.9421637,-2.0607092,0.4728584,-3.478814,0.024924569,-2.9333305,0.95437735,0.057042584,1.0839293,-0.13553953,-2.203056,-2.086373,-0.026004544,0.5675179,-1.0680445,2.5235424,-0.58852696,-0.8761441,-1.1040127,-0.27914697,-1.1559224,-1.70544,0.78014857,0.2821652,1.4137999,-0.5493547,2.0648756,0.09475294,-3.319139,0.94869745,2.5625193,0.8699891,-0.81605667,0.5550297,-0.5627083,-1.7912145,5.2846394,-1.4618926,1.8821323,-3.0705945,1.0892409
GCATGTAAGTGGTCCC-1,-23.16449,-2.945523,4.1150856,0.6410436,-1.3717884,-5.519425,15.643053,-6.3590174,-3.7474957,11.721649,1.4435915,0.9328404,1.7594073,0.906393,4.0120573,8.426131,-8.514833,-4.993222,-10.809722,4.1334257,7.058186,-4.8289533,-0.65211475,12.410536,-14.368769,6.6929426,0.24115992,-0.6324107,-3.156396,-29.299189,22.187113,-20.518167,0.33673567,-3.4531028,-6.0975842,13.517969,6.7935853,9.410339,-9.680138,-2.2746847,6.7821965,-3.6794057,-0.99242294,10.294848,-5.0095696,-3.7493606,-8.797262,-1.169042,-0.61495507,-2.6171453
GCGCCAATCTTTAGTC-1,-11.993621,-2.844924,-0.8641802,-1.2724231,-0.6756092,-2.9511847,-2.9129035,1.4760131,-2.0385344,-2.4835734,-0.2506732,-0.50522405,-3.9780703,-1.9042956,-4.739495,0.32680216,0.10296687,2.0222108,-1.032117,-2.0082889,-2.8068023,-1.2375858,-0.82064193,-0.34525958,1.2422628,-0.854026,-1.5730227,-2.8266296,0.93252516,-0.57831866,-0.84331965,1.127662,-0.54487175,0.59136397,1.640302,1.053786,-1.7362373,-0.48471472,0.8268149,-1.7467986,0.1704553,-1.0277312,1.2378392,0.08778511,-1.328832,-2.01713,-0.7877343,1.7370452,-0.1492453,-1.6383281
GCTCTGTGTTACGGAG-1,-14.327741,-0.47613505,10.254398,-3.9419234,-4.9791594,-15.054374,-1.5057769,-5.2132955,17.774155,7.5707846,0.037038535,-1.3525839,4.7866635,-5.726564,-6.351019,6.743456,-8.567622,-15.665839,-6.430488,13.429215,9.05593,9.993676,-2.988473,4.59523,0.75769407,0.89477944,0.86666274,3.932682,-17.205822,34.611294,8.163303,1.283757,-11.280211,-13.844752,-17.694855,17.713459,5.1407623,-5.1945763,9.328467,-1.4837363,-6.6339154,2.632345,-0.73578066,-1.5414054,-0.24207689,-2.947862,-8.048516,-4.5740757,-1.8004084,0.40217328
GGAACTTTCTGAGTGT-1,-14.691089,-1.8528286,6.4893966,-4.7348166,-2.4247687,-12.127993,-0.45969567,-5.9115844,6.9977713,1.5632081,-1.2166572,3.335561,5.0387144,-2.6428,-5.562604,0.8358079,-0.6927885,-7.994079,-2.2153184,5.497778,5.547312,1.2056577,4.666806,3.5328352,-4.2294116,-3.8310819,5.1691136,10.542744,0.7005096,-7.2113333,-9.921253,-2.4561965,-8.398857,-3.6613727,16.352991,-17.317194,3.977041,20.032307,1.5558283,11.341331,-17.919315,-1.7404667,7.120627,-10.205377,0.40258595,-1.4025427,-18.67606,-3.7779517,-15.350956,0.9996849
GGAGCAAAGACTACAA-1,-19.758163,-3.1929185,8.243213,-1.9063925,-4.6776414,-13.002796,0.54014605,-5.8305807,11.070225,0.9350809,-1.7540557,0.70981467,5.7880745,-0.8245069,-4.477336,1.5671196,-6.0218735,-8.406639,-4.280396,3.4267466,2.047098,0.42661148,6.291106,1.3198493,2.051184,-0.546883,1.7522129,-1.483052,-0.045104176,-6.18066,-7.247583,-0.88603073,1.389722,2.152798,-2.7740977,-12.277333,9.989309,3.2718995,-4.000208,-12.767164,-12.005011,-1.8896705,-5.429287,-3.1258545,14.175263,-8.298706,0.28678733,16.239248,19.972536,9.456101
GGAGCAAGTATCTGCA-1,-15.212582,-1.5972643,7.814339,-3.1159017,0.97609615,-9.153645,0.8599715,-6.5605445,12.957924,5.641967,-2.043536,-0.35210606,-1.1441005,-6.3888493,-3.846064,2.1766353,-3.8356051,-6.1661916,-6.723205,0.25982565,-3.089205,-2.114017,3.4108474,3.6532652,4.467808,-7.2508073,4.922364,3.8076715,3.3816514,1.6760548,-1.969042,14.638755,14.180928,26.987614,22.22332,27.739048,-9.316063,-3.8698516,-12.514784,-1.4127849,-7.1784625,-2.4772077,4.7395773,1.654091,0.21544023,0.8147933,-4.8117056,-11.265075,2.0750365,5.583206
GGGCATCAGGTGCAAC-1,-5.7181954,-2.3061233,29.176582,-0.4094924,2.330187,16.84693,3.184938,0.18223113,-15.703059,-1.2154045,-12.607585,14.686912,14.368157,30.931202,-6.1298103,-2.7207816,-4.766502,3.3274586,-4.6057596,-1.7704322,-1.5633857,-4.8787527,24.810106,-11.900237,-10.212835,-33.9125,-4.2211437,5.222043,-18.837397,6.713222,10.598723,-6.873419,2.0881956,11.022138,-0.46428984,-6.3161035,-0.0534453,-3.612687,1.829557,-1.8691269,-0.4734904,2.8173466,-1.7993664,-1.175274,-1.2338037,-0.2349996,-2.2271874,-1.9739565,1.5923889,0.3775663
GGGTCTGTCTCTGTCG-1,6.9296417,0.6990713,-0.5258706,-0.9313201,2.0182395,-0.5431189,0.23078401,0.15033376,-0.06455518,0.4534835,0.48081887,0.37870863,0.118131585,-0.2982201,-0.736614,0.15749325,0.26929018,0.19955127,-0.6453396,-0.73571193,0.408315,-0.11484944,0.09641252,0.09200284,-0.8650684,-1.1162603,0.05091654,1.0323641,-0.20139459,0.20886843,-0.16013594,-0.058553763,-0.11489695,1.3002977,0.795593,0.21141441,-0.19234148,0.059083708,0.62280995,-0.70825016,-0.3611372,-0.5228631,-0.878835,-0.8805969,1.9750164,0.17196019,0.32838154,-0.25414217,-0.5275064,0.00088911515
GGTATTGGTTTAAGCC-1,-14.473622,-3.0373516,-1.4707395,1.7991216,6.1268272,0.3389494,-7.7585773,14.2837305,0.034120884,-28.052181,-33.876835,-7.257496,-37.270737,16.008846,33.290916,-21.438137,-10.033388,-16.759722,-19.783031,4.530301,-1.8247212,5.169115,-4.495038,9.582655,-7.8518877,4.37719,2.7130256,3.063215,-1.0821589,4.1628456,0.7154927,-2.3280103,1.6380166,2.069768,2.7912166,-2.5296497,3.6318567,-2.130333,-1.6058218,-0.266732,-1.252045,1.6526529,1.2934157,-0.50937295,-0.046242014,-4.9949985,1.5292019,0.22663477,-2.4195018,1.1338767
GTACTCCGTGTTGGGA-1,-16.469774,-1.9092653,11.598522,-5.95059,-6.7214103,-19.996367,-12.272371,-2.69365,29.534765,2.4127185,-4.033979,7.2560444,10.797578,13.883852,26.071747,-4.3102646,4.0972943,16.274565,19.40011,14.183207,5.95456,23.137999,-28.861395,-21.459751,0.28834656,-15.9137535,-6.2881484,-0.83356595,2.2612574,-11.920955,4.201512,-3.836004,1.7755073,-0.20991287,1.4124475,1.290219,0.75110257,-1.6070411,1.4635754,1.3882446,1.2382649,-2.7376478,-0.7584535,0.9315822,-1.4653401,-0.37839958,-0.9666238,-2.847616,2.5189457,1.352708
GTACTTTTCTGAAAGA-1,-0.17120664,-0.9315526,-2.9055238,0.45512125,-3.415452,3.3399348,-2.7601047,-0.66489893,1.0850812,-0.52320313,0.504324,1.5475054,-0.71391094,0.63030136,-1.2203399,0.29250047,1.1843746,0.74506336,-0.5289379,-0.37422967,-0.7176888,-0.51956236,0.58747715,-0.71367764,0.30279556,-1.1268095,-1.0371962,-1.259014,-0.80980855,-1.9908973,-2.0410676,2.6946704,-0.52124006,-0.29922825,-1.7585632,0.2147151,-0.16918881,0.34838548,1.2159076,-1.0979352,-0.185633,-1.5746672,-1.4036075,0.43620446,-1.8540479,-1.3961178,0.043051332,0.018577714,-1.5937251,0.4199213
GTATTCTAGGATGTAT-1,-2.758152,-0.9915065,-4.6779957,-0.9429982,-3.478446,5.759772,-3.004212,-2.3397717,0.94019073,-0.064997,0.76566637,0.93149227,0.701712,0.7728762,0.20569727,0.8387775,0.60997015,0.92315495,-3.0778296,-0.17469116,1.064814,-2.844554,-0.065414175,0.3981864,0.4433781,-1.5124389,0.32104722,0.26207376,0.019005142,0.04869544,-0.9861014,-0.9103593,-0.46185964,-0.18999456,-0.9460573,1.0403522,1.1346482,-0.9970705,0.010857682,-1.4366109,-0.3317899,-1.1059315,0.09254983,-0.9189329,1.0872136,-2.069183,2.7549598,-2.1356752,-1.319415,-1.4870117
GTATTCTGTGAAAGAG-1,-4.6167836,-0.46280998,-6.808089,0.10736041,-5.245271,8.468617,-2.6323733,-1.0860885,2.2252536,1.2298814,0.6022005,2.3130987,-1.3201301,0.16555712,-1.1559186,-1.2566388,0.073322855,-0.4421001,-1.1517241,0.56579375,1.0872926,-0.33233088,0.46563277,1.0201454,-0.09279071,0.693222,-1.0991814,0.25803316,0.13004279,-1.3835049,-1.6908635,0.22930583,0.35973248,1.0600467,-1.8700056,0.07225636,1.7407775,-0.26523834,1.6809049,-1.9891573,0.14775334,0.1334161,-1.3416251,-0.31167233,0.08472533,1.5053903,1.8198711,-1.6634331,1.1528047,0.4813701
GTCCTCAGTCTAGCGC-1,-15.760849,-3.4470987,-3.3248134,-0.24391773,3.7645805,-2.3148878,-0.7400665,4.809656,-3.791743,-3.023866,6.257748,2.703634,-4.9322352,-4.83067,1.1456851,2.0177033,-2.5776398,5.6267505,11.127967,-11.970063,4.721615,7.100429,-4.1204658,13.520571,-7.3937097,-20.841572,49.19193,-21.34299,1.5417718,6.5078106,0.73783356,-0.024231602,14.400106,-3.7950199,-4.651571,-0.8559614,3.080451,4.095507,0.5201247,3.38624,-0.60446537,-0.9095608,-4.8616433,0.7272503,-3.342997,-0.7053222,1.4392889,2.1799138,2.0238214,-0.16843534
GTCGGGTGTTGCGTTA-1,-6.44758,-1.6941527,-4.169911,-0.21470019,-2.9312613,4.373822,-1.5793034,-2.4734435,1.051021,0.62307656,1.0937313,-1.0402734,0.9080155,-2.6568987,-0.2661035,0.8111459,0.007886238,2.9256191,-2.0391648,0.49003294,0.17393367,-0.6249218,0.4395571,0.4401453,-0.56643265,-3.8123527,-1.3387458,-1.7752496,0.25374877,-3.777798,-5.941532,-1.0754241,-0.8556344,-0.4371577,-0.04069083,4.1173315,1.9859072,2.7599602,0.4264029,-2.2049966,-2.547352,0.26033652,1.604997,-1.8132569,-0.15933184,-2.5760665,2.1996326,-9.726352,-3.376298,-6.5494494
GTCGTAAAGTGCCATT-1,-13.928415,-4.2849784,-2.2215307,-2.6635718,1.8903977,-2.8532784,2.4308774,4.0689015,-5.476461,-7.305473,-2.5663056,-4.424061,-6.4642615,-3.8786504,-2.4953065,2.6671221,-1.4944742,1.0586892,9.615076,-18.349316,25.446272,-15.222664,-12.790221,-6.9838076,-0.88256204,-2.2979813,11.193208,25.560616,-4.9561787,-7.8216014,19.871103,27.51982,-19.778727,1.3267158,3.1673465,-2.9486196,4.9099717,-4.3101673,-0.7215572,-7.5311136,-4.485629,-2.800226,-3.3969057,3.5094943,0.889137,-1.2471176,5.814408,1.449841,-1.8340387,0.8238837
GTCGTAATCTTCTGGC-1,-10.212982,-1.4536536,0.6670202,-2.4040563,-0.8266292,-3.931795,-2.104155,1.6295056,-0.42599198,-2.455454,-0.6091642,2.156549,-3.3321643,0.9302448,-1.403791,0.4968504,0.35069725,1.2389452,1.1394886,-1.7460911,-1.875402,0.7218915,-1.4907813,-1.5422345,1.2892702,0.57193244,-2.1324694,-0.8647457,-0.3031134,-0.033150285,0.8867428,-0.23222503,-1.0036834,-0.32106072,-1.2299331,0.7820991,-1.2472043,-1.6150986,1.0345014,-0.42470452,-0.31821775,-0.70605934,-2.178929,1.543354,-1.760738,1.9863416,-2.5319717,0.08997596,-0.9584147,1.6368976
TAAGAGATCCGCGCAA-1,-6.2967134,-1.7843925,1.8837532,-0.94201255,-1.0563667,-3.6971724,-1.215147,-0.50354964,0.06427268,-1.1333785,-0.9162723,0.3128222,-2.0959191,0.5828954,-1.2172282,0.3078122,-0.6558593,0.36769465,-0.609194,-2.4674892,-2.549079,-0.14963934,1.3748245,0.8595188,-0.97313225,1.2875237,-0.28722817,-1.7225358,0.5497981,-0.43330005,0.070824265,-1.5912733,-0.6850309,-0.61698645,0.26565808,-0.29151413,-1.4883068,-2.4617844,-0.86651397,-1.6276176,-0.3053821,-0.85378814,-2.34213,0.72631603,0.12341913,-0.2572353,-0.707448,1.4640622,-1.4242293,-0.042521402
TACCTTAGTCTCTTTA-1,-7.1764226,-0.9372135,-4.9089637,-1.6773337,-2.9461155,2.400113,-1.5067129,-0.8448806,0.30861378,-1.1066091,0.6977482,0.43329296,-2.4118197,0.46276218,-1.2747517,-1.9384485,-1.0299557,0.083753265,-0.3938964,-2.2161498,-2.6341155,2.7729828,0.38978592,1.2429404,1.9900526,-0.15360473,-0.54897004,-0.10781107,-1.7620422,-3.208213,-5.185973,-0.57489085,-2.974209,0.044287696,-1.5376443,3.8861597,2.6234202,1.5300745,3.6168044,-2.8535357,-2.57734,-0.45950022,-0.2929566,1.0263597,-2.557995,-2.8111742,5.7671285,-2.6056159,-1.9073414,-3.3109267
TACGGGCAGTAGGCCA-1,-12.938788,-2.1842895,2.1811912,-2.8428833,-0.3839346,-6.035038,-2.3448935,0.1257867,-1.130431,-0.7165912,-1.518189,-0.20583594,-5.7131715,1.5567303,-4.15392,0.7859132,1.2775903,1.1803428,1.8851954,-3.0423665,-1.8952992,-0.813915,-0.2031926,-1.3044146,4.338631,-0.09118575,-1.3944921,-0.15621069,1.6169237,1.6737409,-2.5691035,-0.6260757,1.2373103,1.8677179,-0.24562679,-5.1245074,-4.7602797,-2.3129594,4.397879,-2.1587086,-1.4631417,0.06567244,-5.1491084,2.818568,-3.2615187,2.2188227,-3.2478387,-0.15125751,-5.290117,-2.4247713
TACGGGCCATGGTCAT-1,-8.537625,-2.236572,-5.609976,0.3699102,-5.203408,7.111144,-4.2839103,0.25022954,2.896023,-1.5159117,-1.750338,0.45127657,-2.3304086,-0.85525066,-0.548463,-0.21149763,0.2979722,-0.05212432,-1.3992945,-1.1784974,1.6794206,-0.2572802,2.3426416,-1.2408518,1.6704022,-0.19782613,-2.1586573,-2.2651243,-0.59796774,-3.0291605,-3.6911733,-0.3434298,-1.5765458,1.04712,-2.505337,0.6593563,1.7291993,0.72043407,1.258465,-4.0364814,1.1535076,0.32245216,0.79346377,-1.7800808,0.98105294,-1.42083,1.9183946,-0.23457502,3.21567,-2.5220249
TAGGCATCAGCTGTGC-1,-9.230102,-1.9719098,1.3984214,-1.1560577,-0.45666674,-5.342981,-1.4527882,-1.1904062,0.36765438,-0.016322456,-0.72921187,0.08717328,-1.1492274,-1.1727223,-1.8603117,1.3806126,0.20214047,-0.6354215,0.20309466,-2.2672129,-0.5917422,-1.2739627,-0.18497775,-1.471389,0.19280846,-0.21221475,-2.7176661,-0.57923067,-0.25056982,-2.2469509,0.9460662,0.21015404,0.5206068,-0.7261509,-0.554898,1.7539157,-0.46617204,-2.5923212,-0.36722982,-2.0904438,0.0804003,-0.88780063,-2.240686,0.8212085,-1.1958976,-0.19131184,1.3154662,0.11257142,-1.7743353,-0.0811634
TAGTTGGAGCTAAGAT-1,-25.728903,-5.1885133,-14.718381,-0.70280814,16.85969,12.135334,2.23496,77.462135,14.146572,22.315832,11.592445,12.933245,15.088155,6.0246973,-3.149345,-6.35491,-1.4755424,-11.231737,-2.0557296,3.9086466,-4.440607,-0.26779354,-1.6218143,2.037015,2.9879537,2.608252,-0.3467887,4.3305335,0.860068,-1.8808451,1.1793745,2.948845,3.2774901,-1.4754647,1.828344,-1.1821684,1.1404178,0.019123217,0.30919537,-1.3982077,-0.64011484,0.44250518,-1.8498398,1.0817323,-0.79103386,0.16272175,0.34496012,-0.51330453,-1.4236066,-0.49858207
TAGTTGGGTTAAAGTG-1,-17.62328,-3.9705632,2.0842834,-1.6456282,2.4303448,-2.947924,-0.60336924,4.645423,-0.14072427,-5.4629183,-2.3683496,-3.0576417,-3.4670858,-0.7916894,-5.941665,-2.0580666,3.0897005,2.3482964,7.244485,-2.7467227,-5.2709985,-2.479345,-1.6591345,-7.641685,5.064438,2.3559225,-7.107816,1.4086245,-5.0057917,11.542751,2.8605063,-4.9942822,-2.438511,2.7718747,-10.497115,-0.35041678,-11.177523,19.843458,-24.028936,20.554132,-5.8141484,-4.398189,-13.157825,15.335991,6.941336,-6.425113,8.23063,-0.66325915,-1.5687569,6.9294605
TATCAGGTCTCCTATA-1,-10.586151,-1.4474226,-2.2085426,-0.52692884,-3.6629677,3.7397506,-3.0728595,0.5935796,-0.4992861,-2.0331767,-2.757989,1.0230646,-2.047594,-1.446596,-2.832365,-0.0564785,-0.24316981,1.6829482,1.175283,-0.504925,-0.4330747,1.2123175,1.0776271,-1.3914909,0.80348325,-0.5425725,-1.2494665,-3.812437,-0.5354124,-2.776088,-3.7055526,-0.8381422,-3.0631073,1.1120598,-1.7586855,1.5766711,2.453737,1.3037382,3.745845,-1.3994113,-0.30585638,-3.4027758,0.22347564,-3.0786226,-2.202417,-1.9609358,0.49023452,-1.4351845,0.09453538,-4.160436
TATCTCACAAGTAGTA-1,-11.306573,-3.8178673,-0.99131745,-2.1426046,0.49988145,-2.6519318,-3.6801448,2.2188826,-3.1497314,-1.9494048,-1.2285069,-3.308283,-3.0914533,-1.4959952,-4.4390707,1.4726793,-0.5223018,0.03406234,2.658595,-2.7745457,3.7738044,-1.1191446,0.0665852,-1.0946437,2.3750074,-0.95935816,-2.6960018,-2.8166993,-1.2316244,1.1299208,-1.359927,-2.2813528,-2.4779236,-2.2355204,0.20278525,-3.101923,-0.017444532,-0.06689065,-3.2040927,2.6681416,-2.934464,3.1855054,2.1409707,-0.67473704,0.4286357,-3.9771926,2.551656,-0.4671133,3.1549466,-2.4096842
TATCTCAGTCTTCAAG-1,-11.743328,-2.452208,-5.7850747,0.534761,-4.472918,5.7960267,-1.8676919,0.58360535,0.33541045,-2.9257357,-1.164281,-0.012700756,-2.6187906,-2.017203,-0.8246692,3.5139103,2.3725746,0.31200534,-2.236498,2.0393147,3.855585,-1.508341,2.5078793,0.40452194,-0.6811375,-3.240904,0.12931155,-4.217966,-1.5190898,-4.3005404,-4.3860455,-0.8477599,-4.789499,0.7239872,-3.0913532,5.2571177,4.1669216,7.3174877,3.0024812,0.7995927,-0.40293276,2.289631,2.983595,-7.5496593,-3.082362,-0.97425294,6.8074465,-6.222294,2.2605026,-1.5040767
TCAATCTAGGAACTGC-1,-8.835244,-1.1629626,0.25494707,-1.429349,-0.14008382,-2.460096,-2.7500849,1.3199353,-2.3801267,0.6698295,0.9391569,0.078984044,-1.7018585,-1.2350558,-2.5971832,1.0184946,1.1066214,-1.0446367,1.0563681,-3.1934173,-2.719382,0.104586326,0.8051791,-1.04353,-2.9360278,1.1655701,1.1259934,0.36453572,0.9412655,0.41593778,2.045903,0.20303722,0.5504801,-4.087917,5.1555037,-2.9661121,-3.9625804,-5.0969257,-3.3706079,2.180234,0.098763324,-0.014075082,0.7710177,-3.2272263,-1.3547076,-0.25797296,-3.9687545,1.4360256,0.12501699,5.038054
TCACGAAAGCTGAACG-1,-16.760002,-3.2357426,11.321403,-3.4768298,-4.329189,-13.804995,-3.5749254,-4.443706,12.137383,-0.9229053,-1.1450708,-3.6150312,6.073411,1.4967531,-6.743615,1.7339607,-5.40211,-11.69762,-6.439287,5.3329606,0.7089865,4.04901,3.6839464,3.9211571,-0.91305506,-3.5923908,-0.084868744,3.775235,-2.5875902,6.933022,2.2306774,9.526613,0.7968395,-1.8113832,-0.50584817,-7.282564,-4.2959747,20.878056,-1.8548774,-0.62948847,23.490198,-14.346099,12.07578,-4.4395223,-15.178297,12.650508,15.389537,7.599609,-3.3963292,4.3921647
TCAGGATGTTCTGTTT-1,-10.218831,-2.7608352,2.8899474,-2.9374614,-2.2896006,-5.8685155,-0.03234938,-3.76181,-0.8690074,3.9319441,-0.5040806,1.573644,0.2756009,-1.5340692,-3.9992893,1.8031566,-3.1303635,-3.8950806,-0.9023654,-0.4325381,-0.065858886,-1.6810503,-0.3202554,0.47833368,-1.4248661,1.7137473,-0.6640897,-1.666124,-1.0174171,-1.0997655,-1.4795253,-5.437978,4.5215387,-2.7125354,-0.9756182,-0.9653964,-2.340242,-4.978914,-1.6427664,-3.2764115,-2.5278537,2.3480833,-2.2300124,1.5355408,1.3534211,1.2985071,2.442351,2.4937425,-7.6274943,-4.6807466
TCGCGTTCAAGCTGAG-1,-11.6386595,-2.3707497,-2.8088787,-2.8228235,1.688518,-4.0271254,-2.2837772,3.869691,-3.3559616,-6.025416,-0.34894738,-2.5727894,-1.5629766,-0.38312826,-1.3998336,-2.05299,1.9835322,1.1589637,-3.6886504,-4.355368,0.8660173,1.5180297,0.45184138,-0.7246005,0.40576652,7.7546062,3.193925,-4.6728344,-1.794647,1.851976,5.2799683,2.4343524,-0.5654866,-5.1130953,-5.3489714,-7.913759,-5.7546744,1.5153536,-6.5223155,10.138211,-3.358728,-7.448475,-0.07764735,-11.18643,6.428059,5.592682,-7.69822,-21.976126,18.352995,-2.3597844
TCTCATAGTTATTCTC-1,-19.548866,-3.1859138,-0.42640936,-3.7324636,2.679409,-4.6987076,-0.5775708,0.67587876,-4.773013,-0.94485253,1.4067516,0.36743796,-0.9418838,-2.705877,-1.2008764,-1.2118711,1.7692324,-0.051206913,-0.59209925,-7.2069216,-0.75064343,-4.1089883,-1.7526137,-5.534576,-6.993645,3.2322013,-3.4301353,2.6098773,-3.2592995,0.44641364,7.839487,-5.655932,0.66103745,0.56231964,-1.7573652,-3.6444225,-2.0955076,-2.4190495,0.2271655,0.7819042,5.9583387,5.520831,8.594961,0.71424454,3.3600037,10.32063,0.734822,-11.381021,8.858911,-8.960481
TGAAAGACACTCTGTC-1,-13.583947,-2.8076909,-0.5296736,-1.7702734,-0.5813801,-1.0258026,-1.1160386,2.1001055,-0.69887924,-4.7248087,-2.0357666,-0.32116938,-4.8688564,-1.3624784,-1.8443631,1.619485,1.5011171,1.0912817,0.8828487,0.7520116,-2.2781787,1.5129331,-0.00851705,-1.0281667,1.7724799,-1.5527087,-0.47678706,-3.9295952,-0.43434078,0.8912432,-4.05431,0.2473577,-1.6624906,-1.5633926,-0.42738393,2.2900822,-0.8722699,-0.2632369,1.3931603,-1.1418102,-0.03503549,-2.603865,0.82645726,-0.6192531,-1.5595644,1.718971,-0.063220546,1.0427679,-0.69347245,-3.1261854
TGCACCTCACGGACAA-1,-10.68366,-1.4240607,-1.3246356,-1.546003,-0.32445496,-1.2897898,-1.9619423,-0.34755185,-1.2985224,-2.7223685,-1.9309626,-1.4647082,-2.9151669,-0.598252,-1.3357422,-0.18869036,-0.029232552,0.5960373,1.0500152,-2.4302597,-1.7409577,-1.6002371,1.2692918,-1.3497739,-1.1437793,-2.0033896,-1.2782854,-0.8141709,-0.89697397,0.008646432,-2.4236064,-1.1301965,-1.7844763,-0.5774995,0.7655494,2.074883,-2.0905366,-1.0202671,0.09587237,1.0322084,1.2515529,-0.45870748,1.8595783,-1.3547263,-1.1958603,-1.6020209,-1.1303046,1.8041549,-1.7735308,-0.59800947
TGCCAAACAAGGACTG-1,-14.831416,-0.109805,-2.2283812,0.35149896,1.6903735,-2.0611863,-4.9525175,-0.529255,-1.052396,-5.1951184,-1.4180384,2.6946115,-4.0696034,0.5121665,-2.6447196,1.4772048,-0.36532626,2.7293713,0.9242439,-2.6249497,-1.3235723,0.3322208,-1.234947,-3.528556,3.9931054,-0.43949687,-0.5781806,-3.178038,1.9630827,0.055384263,-2.735202,5.093425,-3.3222775,-1.293709,-1.4822713,-1.4413066,-0.9875723,1.0026542,-0.47238854,2.7787764,4.4536867,1.8359195,0.67903215,-5.1852956,-0.887355,3.6016018,-6.543038,-2.5674057,-1.8019781,-2.0772705
TGCCAAATCTAACTCT-1,-7.760411,-0.6646555,29.508781,-1.5865285,4.299762,10.434715,-2.7950957,-4.3400993,-12.006138,0.5084073,-7.671485,7.306183,7.3776565,19.819057,-3.3524508,-3.244495,2.1945584,-0.6731439,3.0354764,1.223595,-10.968713,-0.4653573,5.1480684,-6.029938,-8.740269,0.7972947,9.874414,19.233904,34.680912,-2.1662674,-11.995409,8.882911,-2.9458325,-18.408352,-14.538672,15.903842,8.518449,-2.5871453,-9.553553,6.3110566,1.0125452,-0.1563142,3.3041668,-2.1256306,2.7844942,1.5745178,-0.7377254,-0.170486,-0.067151405,0.3740713
TGGCGCATCTACTATC-1,-9.65137,-0.7709963,-0.5212484,-2.1664517,-0.15234889,-2.603567,-1.9106171,1.5475334,-1.4523871,-0.395682,0.02170721,-0.5675035,-0.46236694,-0.14695442,-2.4894602,0.4416545,0.179876,0.25354037,0.90734315,-1.8024223,-2.4267251,-0.55806655,0.054466657,-2.0559254,1.0745518,0.66355044,-1.1445512,-0.8092946,-0.107311964,-1.3956901,0.083873294,-0.94819117,0.9825915,-0.4258241,-0.9431982,-0.50870866,-2.5703814,-2.7739959,-0.28988433,0.7133456,1.6337177,-0.6111298,-1.3105876,-0.4853317,-1.6396563,-0.37202787,0.16772793,0.4368549,-3.169576,0.81769323
TTAACTCTCCAAACTG-1,-16.120728,-3.5630422,-4.3996363,-3.1574068,1.0361265,-2.225939,-0.10890367,4.114275,-4.0361695,-1.5394839,-0.41716594,-3.3253589,-1.602184,-8.016145,-4.298917,-2.8070238,-1.0740734,6.228652,7.98797,1.1572348,-6.837646,-1.1158872,0.73331934,0.3134539,-15.130043,-5.8513165,-2.7156825,-2.7318785,4.0363035,15.710883,-9.017527,-13.172362,-20.76204,-12.045404,34.06538,6.075594,13.258599,1.43787,-4.5853066,-8.888108,10.490103,-2.6661825,-9.041506,9.509547,2.9892132,5.797207,-1.1972017,0.57672787,5.440759,1.3435005
TTAGGACGTAAGTTCC-1,9.176704,0.6561385,0.3462753,-0.22445476,2.8567293,-0.9594349,1.7051582,2.2846634,0.8059483,0.02586081,-0.07315186,0.034735516,-0.06147302,-0.20729789,-0.3198627,0.120295614,-0.96625865,-0.23612754,-0.85197663,0.87841,1.144464,-0.08606434,-0.025438327,0.1161395,-0.011300493,0.51902074,0.10705768,-0.86346406,0.2849218,-0.37708053,-0.7332964,0.11059736,-0.2768348,1.2396485,0.10828607,1.279335,1.4569271,0.73746395,0.014188236,-0.4648352,-0.6627222,-0.18381941,-0.02586954,1.9362719,-1.7087036,1.3361356,0.5237139,-1.3224807,0.956076,0.9658556
TTAGGCAAGCCACTAT-1,-7.728497,-3.3706667,-1.17602,-3.499183,0.9730012,-3.2524557,-2.8139129,2.0027995,-4.2429557,-3.1687539,-1.2009182,0.7016621,-2.5332062,-2.142858,-2.5244753,0.18569311,1.691722,1.0747396,2.174591,-6.479894,-3.9936233,2.0763657,4.393791,-0.8995532,-3.4825842,-1.5860581,-2.996988,-3.102555,-2.4503164,-2.9475532,3.8743126,0.29326013,7.4097958,-10.213271,2.3204083,-0.5448321,2.7634444,-4.97014,20.4808,9.587386,-5.65515,-10.026282,24.252813,23.983477,18.034384,1.8007652,5.6345983,-3.8843474,-4.853306,11.972787
TTCGGTCTCCAGGGCT-1,-7.541041,-2.058858,-4.9543476,0.6915918,-4.0308948,4.711859,-2.0557213,3.0525925,0.53322077,-0.8003574,-1.3512425,1.8756257,-2.2603877,-0.90595376,-2.7426279,1.0914644,-0.4139969,3.0635476,-1.8419722,-1.5247297,2.110362,-0.100996844,1.9729538,0.5641452,1.8323196,-2.6361475,-0.923186,-2.551521,0.3454553,-4.8143826,-3.342404,-0.16130787,-1.4665518,0.08581304,-2.9015172,3.3062203,3.4404752,3.6107767,2.3411393,-2.5441391,0.078886546,-2.4027755,2.6988523,-2.9055169,-1.1860129,-4.3266177,3.828539,-6.557386,1.4019562,-0.6181876
TTCTCCTGTGTTTGTG-1,-9.341744,-1.065885,-2.6197531,-0.45029375,-2.4474201,0.18750592,-2.1619146,0.96108484,0.27299652,-4.5428586,-0.10331125,1.4907954,-3.0504138,0.48052838,-2.4805644,-0.22064412,0.65327907,0.35755497,0.7175951,-0.514001,-0.7003543,-0.64869475,3.137306,-0.2882948,2.4679627,-1.1675394,-4.192974,-3.5883899,-1.7753996,-3.4583795,-4.105884,2.4333894,-2.0102046,1.0214063,-3.6688943,0.7734374,2.4429908,0.9882272,0.08806438,-1.6997236,-0.5487417,-1.5789951,-0.3976787,-1.9728191,-1.0685318,0.9208028,1.8048669,2.2566638,-3.924681,0.5199665
TTCTCCTTCATACGGT-1,-17.769173,-3.592152,0.68927616,-2.5589566,1.2991073,-4.7305646,-1.2663605,1.2048441,-0.72444445,-1.465584,0.6125242,0.029827418,-5.3348217,1.1535478,-4.3223133,0.2372221,0.0691833,0.3847316,1.6622165,-3.7329085,0.30777952,0.7094012,1.3417872,-2.4804645,-1.5475903,-1.5260359,0.97901255,-1.3389477,-2.1901433,-0.58148324,1.4555962,-0.553727,-3.105925,1.1741472,-2.8083398,1.3130875,-4.2925043,-1.9493486,1.8233143,0.58322304,0.6834106,3.0343084,-3.5443888,5.965566,-0.07217847,4.229463,-2.216021,3.8000765,-4.2843466,-8.824648
TTTATGCTCAACTCTT-1,-10.674064,-3.287942,-0.733061,-2.5116322,0.3194451,-4.2356772,-1.6391478,2.3259459,-1.3597555,-1.0669761,1.3783019,-0.7264267,0.37174624,0.5974342,-1.6434145,0.73219097,-1.6962911,1.0388349,1.1041474,-2.8046553,-1.5299789,-0.15552472,-1.8840598,-2.089835,-3.0916152,-1.206941,0.41919288,-2.1724021,0.10416996,-0.46523565,1.0509787,-0.7531847,0.3132206,-1.2146734,0.20164485,0.5388961,1.5799557,-2.3617854,-0.3279928,-0.85413456,-1.1273869,-1.5812236,-0.27282676,0.41939086,-1.7898247,0.8156749,-0.18234162,0.7335482,-3.5031672,-2.902035
AAAGATGCAAGAAGAG-1,-4.2997265,-0.43794698,-6.737579,1.4450148,-5.3882737,9.038712,-4.135167,-2.1837656,0.93445,0.779359,-0.8384498,-2.2934785,1.6096172,0.5468222,0.527551,-0.30420607,-0.18616766,0.22736956,0.82470137,0.61664015,-1.8601424,-0.47772446,-0.27021128,-2.0248559,-1.2466713,0.9362925,1.4045162,-1.0260478,-0.9120033,0.20730512,1.1289152,-0.688447,-0.44568446,-0.5825173,1.7663381,-0.92523897,-1.4017719,-1.3258802,0.73325425,-0.73282933,2.586765,-0.48782495,2.6288629,-1.9775108,0.600962,-3.2321112,-1.4206735,0.6064149,-1.683001,0.92551875
AAAGATGCAGTCCTTC-1,7.947087,0.79124427,0.14715628,-0.34122312,1.4856302,-1.0778646,1.1856376,0.04275427,0.19635579,0.8131114,0.38468307,0.42344373,-0.2543515,-0.3482919,0.53407407,-0.5336131,0.1374917,0.4344265,0.30510178,0.82852864,0.26756552,0.71878546,-0.57643247,-0.051234417,-0.26091853,-0.15827526,-0.14545162,0.6409327,-0.3142991,-0.29545128,-0.46338204,-0.2816507,0.3413673,0.3349183,-0.17127964,0.42185438,0.55205494,0.13511223,0.97320044,0.50782996,0.07055259,-0.59672004,0.35304147,-0.7640153,1.2391025,-0.38557824,1.7327787,0.54509866,-0.24276628,0.07251896
AACCGCGGTAGCTAAA-1,5.5225487,0.06252069,-0.5346969,-0.27175108,0.06004173,-0.6161636,-0.48369372,-0.29658872,-0.18198831,1.0852531,0.1020082,0.14111371,-0.52852577,0.3404852,-0.24836509,-0.0764656,0.3749298,0.018028481,0.030874966,-0.94907916,-0.9649404,0.3471399,-0.35596797,-0.47236183,0.3990679,-0.1376724,0.78496087,-0.01302399,-0.78439754,0.7754087,-0.5415951,0.013019488,1.5558382,-0.43511164,0.3501291,-0.11545933,-1.3272357,-0.89018166,-0.1964811,-0.53130347,0.70002407,-1.5627508,-0.39944136,-1.1338065,0.9593343,-1.0094364,-0.0980848,0.09503865,-1.6879909,1.0937576
AACTCTTGTTACGGAG-1,9.186071,0.1903744,0.4026007,-0.1601789,1.0118431,-1.2421845,1.4396005,0.21738774,0.25125185,-1.1548073,-0.068371564,0.30016583,-0.3060547,-0.5199072,-0.12086853,0.29438695,0.3641145,0.47983357,-0.27479035,0.029710015,0.037121266,0.126885,0.020884903,0.2260203,0.0131122535,0.113022365,-0.120553136,-0.65384656,0.53461593,0.19740635,-0.022009509,0.69838506,-0.49284098,0.56539387,0.12785323,0.4824848,-0.24710418,0.57069784,0.17457859,-0.28323975,-0.08435225,0.10059965,-0.0009317299,0.35817486,-0.026023742,0.002925013,-0.46101752,0.14990607,0.51305634,-0.225461
AAGACCTCACATTAGC-1,9.85908,1.0691186,0.67977494,-0.20336673,2.0214493,-1.7038734,0.9626034,0.08282069,0.1262093,0.06974957,0.14989981,0.45359564,0.0759594,0.32778475,0.18774672,-0.44430694,0.132439,-0.18918127,-0.24504353,-0.16684157,0.6565679,0.11988254,0.25835145,0.48288575,0.59186125,-0.84694594,0.18080679,-1.005682,0.52644086,-0.48427844,-0.08239636,0.65557164,-0.4935873,0.7357848,-0.2348619,0.005356881,0.029051077,0.055667695,-0.23715062,-0.42278603,-0.4366785,0.6949901,-0.17151393,0.7274706,-0.9094017,0.025326863,-0.20519893,0.183338,0.2846655,0.2597877
AAGGAGCGTCATATGC-1,1.1912417,0.049790412,-5.885906,1.9828973,-7.4274197,10.465519,-4.15704,-3.6472201,3.909356,1.6806545,-1.0259447,-0.42513826,1.035441,1.0485032,0.885733,0.56567645,-0.73992586,0.12743819,-1.831803,1.0975007,0.14456725,-0.86622417,-0.099985026,-0.44785923,-0.0456703,1.2763314,0.5334089,0.02484367,1.7838814,-0.49844286,1.7191796,1.6912943,0.14042635,-0.3102171,0.72933125,-1.0442749,-0.19932944,-0.46930754,-1.4987891,1.8225402,1.385619,0.15404163,-0.578277,2.0183477,0.44873405,3.0234458,-2.330663,0.41543245,0.6964746,-1.8317084
AAGGCAGGTCCAGTGC-1,-0.31360334,0.13569072,-4.2556114,0.25049368,-6.705914,7.484657,-3.8076208,-1.7581022,2.5721226,1.6883059,-1.322859,-1.0279242,0.5387019,-0.12223385,-0.09852939,0.3452056,-0.47035345,0.80460125,-1.9241157,0.3586243,0.28988108,-0.59228987,0.29975802,0.14305249,0.9239874,-0.12211052,0.1579603,-0.40048325,0.47237366,-0.3106028,-0.43318915,1.3491409,1.127951,-0.4940094,-1.1166037,-0.27154633,-0.49550954,-1.8648503,0.05211433,-0.04115275,0.27635902,-0.257044,-0.040938154,0.5369686,-0.3642643,-0.16434203,-0.6031635,0.9884918,-0.55842024,1.4971387
AAGGCAGGTGGTAACG-1,9.075279,0.17459244,0.15335438,-0.30225575,1.4414471,-1.12517,1.1384447,0.92670894,0.35067123,-0.71109,1.0287625,1.0715339,0.31442612,-0.16072671,0.16436681,0.52419865,0.25882322,-0.510481,-0.6913561,0.9973041,0.5972888,0.055887196,-0.08658277,-0.7323031,0.18974791,-0.16178732,0.07454212,-0.8515475,0.34591052,-0.1359447,-0.65542346,0.3744449,0.1027874,-0.23488039,0.07027216,-0.59755707,-0.14413589,0.1567707,0.09325316,-0.5210027,0.25483376,-0.09695374,0.05913662,-0.024939138,-0.008519708,-0.0816723,0.41081533,0.29266953,-0.030779129,-0.5447655
AAGTCTGCAATTCCTT-1,7.095436,0.568466,0.0625992,0.26420155,1.1492693,-0.9399408,-0.022618681,-0.10335621,-0.7259509,0.5777305,-0.1694859,-0.45052245,0.23357536,-0.8609383,-0.32157668,0.21887422,-0.10580704,0.35091585,-0.19192852,0.29642406,-0.5653779,0.11918838,0.27779981,0.1188393,-0.37919423,-0.36941224,-0.45098627,0.049686484,-0.68648595,-0.41736475,-0.57354254,-0.290472,-0.7549305,-0.4351177,0.5392223,0.0053295195,0.33678514,-0.102272615,-0.6640985,0.05013853,0.34959647,-0.8097274,-0.5281543,-0.8327999,0.3380335,-0.71175075,-0.35450917,0.21587628,-0.33589527,-0.36516798
ACACCCTCATCTGGTA-1,9.606917,0.46605885,0.032562643,0.07951132,1.8658988,-1.4567038,0.7883563,0.5892708,0.30594388,-0.37223172,-0.1406042,-0.17974441,0.43002832,-0.34044194,0.8055436,0.15871753,-0.4849062,-0.10343323,0.38342404,0.50032365,0.36735538,-0.23845115,0.0025527338,-0.13291577,-0.6304751,0.2766141,0.18104811,-0.08966118,-0.16239615,0.31548098,0.42307854,-0.5230172,-0.6272712,-0.10290159,-0.33633456,-0.21014091,0.025107525,0.2950474,-0.20369889,0.01461178,0.2758098,0.22915266,-0.17995782,0.5980555,-0.4490953,0.06535429,-0.21297824,0.201799,0.46270832,-0.36869562
ACACTGACACCAGGCT-1,2.755599,-0.44463092,-1.5041744,1.0357401,1.0487213,0.19060224,1.2875046,1.0723867,-1.733823,0.8402143,0.3255929,-0.3673714,0.99546456,-1.1033132,-0.3997549,0.5127147,-0.7353991,1.576475,-0.77047575,-0.0038235874,-0.22560035,-0.9566783,0.6995508,0.5532054,0.1110179,-0.40939724,-0.87443775,0.14542358,0.26074353,-1.0681846,1.1311417,-0.7588448,0.82324624,-0.59478736,0.23880258,1.5102484,1.1351962,0.54860145,1.8352026,-1.1179339,-1.3781323,-3.228898,-1.3991761,-2.3040257,2.3409576,-2.9554787,3.3455582,-0.7052892,-2.4107277,0.55375594
ACACTGAGTTGTGGAG-1,-0.5514701,0.5585282,-4.2054887,0.81437975,-5.764301,5.790961,-3.9091218,-2.0539324,0.83564955,-0.1145394,0.47466978,-0.69329375,0.7163087,0.7924617,-0.9635971,-0.45315912,1.5973705,-0.29677665,-0.045941863,-0.67383295,-0.53829813,1.1206231,-0.41893584,-0.8835199,0.7550881,0.15740979,-0.52851945,-0.23439945,-1.2155646,-0.3396459,-0.410364,0.47188517,-0.061019935,0.5744507,-0.21838692,-0.6789642,0.14106882,-2.2720597,-0.14429684,-2.2458084,0.27517918,-1.7021581,-0.6515405,-0.4914685,-1.3976679,-1.0492014,-1.780056,0.06608538,-0.76847863,0.5223831
ACAGCCGAGCCACGCT-1,7.7298427,0.46140984,0.17842801,-0.6479371,1.1383152,-1.2389457,1.1235805,-0.05825788,-0.23292232,-0.16577382,0.70187247,0.57697237,-0.4130641,0.19415067,-0.4203723,0.06321771,-0.22860014,0.16251247,0.053878505,0.5490346,0.3393104,0.2224876,0.16737984,-0.34414268,-0.35873905,-0.091069676,0.097498864,0.008114813,0.13334331,-0.23108631,0.002513276,-0.026923943,0.25417063,0.64414215,0.041001238,0.26066557,-0.5385412,0.39294598,0.25706807,-0.38043985,0.26227567,-0.7816644,-0.7484804,-0.579075,0.5129702,-0.29216126,0.44772062,0.04640696,-0.33347028,0.11860873
ACAGCTAAGTGGGATC-1,6.3987403,1.1970766,-0.53735745,0.6829897,0.9117092,-0.28142127,0.91153026,0.26740736,-0.42217717,1.0477271,0.1819365,-0.1306417,-0.5070623,-0.44119188,0.3354652,0.8293797,-0.35063523,-0.13197012,-0.42056146,0.087809436,0.041916948,0.21367988,0.3619388,0.03714704,-0.062630564,-0.12139446,-0.091933824,-0.5478117,0.54076594,0.60365504,0.71541995,-0.3192721,-0.11349955,0.5870372,0.6691055,0.24477063,-0.9502961,0.52925223,-1.184166,0.449922,0.60661495,-0.7831707,-1.6798884,-0.8272618,1.9550688,0.06416318,0.60489964,0.3522832,-1.2918568,0.403841
ACATACGCAAGGTTTC-1,9.999241,0.37959212,0.55561864,0.5029329,1.8374718,-1.1300318,1.4815832,0.37944508,0.094017476,0.4082862,-0.3173591,-0.42722595,0.43607986,-0.40664455,-0.12949896,-0.008858513,-0.12518835,-0.66292596,0.065185495,0.7590669,0.7657644,-0.28878927,0.31046554,0.79639316,-0.40942836,-0.032310072,0.07014418,-0.35990474,0.8577486,0.017584274,0.7199928,-0.34928876,-0.2756907,0.6511885,0.26269606,0.050384097,-0.1247646,0.5447038,0.30645043,0.12926896,0.4270086,-0.0648079,-0.32034877,-0.23833309,0.322746,0.720953,-0.30528113,-0.21753241,0.23146968,-0.48527008
ACATACGCACCATGTA-1,-9.380619,-0.36051527,-0.973213,2.5038733,-4.1521606,-14.594204,14.161603,-3.9234285,-19.143478,61.155083,-10.352121,-23.102531,-17.123247,9.799656,14.02158,-6.995382,24.948362,5.23932,-12.622413,-10.148711,1.1297251,7.9768867,2.2313497,-1.194253,11.504287,-6.7058387,0.88819194,1.9423189,-1.7085781,3.4834945,-5.0289865,3.3462763,-3.0494437,-1.0345112,-0.10913287,-1.90218,3.246476,4.556763,3.0050685,0.5869891,0.19294396,-0.7065053,-2.2586398,1.0764183,-0.8925292,0.54489356,0.9553168,-0.84187424,1.6510429,0.7505824
ACATGGTTCCAACCAA-1,1.1782919,-1.0723506,-1.4566413,-0.12571642,-1.9484109,1.622842,-1.837635,-1.3421046,0.2278155,0.07677073,0.14353769,-0.0006426756,-1.355591,0.06905049,-0.022241266,0.4686749,1.662601,0.47749588,0.52515,-0.37363935,-1.6983211,0.9212194,-0.09236287,-0.7695554,1.0736413,0.18854064,-0.16908555,0.7686527,-0.5138965,-0.378749,-0.7399243,1.2952224,0.32505524,0.3946972,-0.57264626,0.22908564,-2.0849931,-0.64206094,0.13707156,-1.4865642,0.77285105,-0.88422316,-0.6965049,0.22908068,-1.5660203,-2.0494704,-0.9608277,-1.3401471,-0.63242155,-0.6632781
ACCCACTGTACATCCA-1,7.1900597,0.002337287,0.081739984,0.011463583,1.151791,-1.147109,0.3231454,0.90898293,-0.2659311,-0.018566342,0.12638153,0.37548327,-0.14982526,-0.20960957,-0.26744312,0.6872705,-0.32019266,0.49225432,0.43003336,0.31824988,0.378765,0.41512367,-0.43968573,0.33612213,-0.30848703,1.162075,0.92628515,0.3056316,-0.6624306,0.57410556,-0.31858703,-0.31877166,0.33511078,0.2367029,0.17940629,0.7071564,0.2693018,-0.31882468,0.3858336,0.8639551,0.004482198,-0.99924785,0.04535833,-1.1265136,0.78397506,0.08818588,0.12421358,0.22520228,-0.8509033,0.04452459
ACCCACTTCTGTCAAG-1,5.8958335,0.044121444,-0.3666806,0.3757875,0.58079344,-0.047296718,1.7461139,0.62595224,-0.2016531,1.2557681,0.3173544,0.05564651,-0.006479914,-0.22508477,0.5194427,0.26315385,-0.15656693,0.61317885,0.38682297,0.13545765,0.1560478,-0.47233903,-0.3604288,0.12383318,-0.06681043,1.0836099,-0.33321688,0.3077344,0.36785895,-0.2958414,0.59601355,-2.1031957,0.7604975,-0.20564143,0.15292783,0.49745739,0.22738178,-0.82611907,0.29862943,-0.07652968,0.31462914,-2.344781,0.5113545,-2.8088624,1.1771107,-0.45939294,-0.7042389,0.9671222,-0.44991744,-0.37372062
ACCTTTAGTGTGAAAT-1,-11.020856,-1.8577896,-0.7410967,0.77350104,-1.5189489,-1.2164483,-1.3946035,-0.22641832,-4.398,-0.24598466,-0.34564972,0.7108948,-1.4319931,1.2460295,0.11719642,-0.53175306,-0.024225038,-0.73535156,1.7898865,-0.8212707,-4.354145,0.251878,-0.15320517,-0.91346323,-0.9937229,1.3007206,0.66888314,-0.35689107,2.8143132,-0.81017596,1.6001867,-0.5325636,-0.1286678,-0.82242286,-0.0020094889,-1.6041173,-1.25855,-2.736173,-1.6129744,-0.40555146,-1.8950275,-1.3252587,0.56069815,-3.2424445,-5.022483,-0.67452055,-3.516741,2.8712049,-0.01641012,-0.15809156
ACGAGCCTCGCTTGTC-1,6.000744,1.0394399,-0.44907445,0.23937038,1.339295,0.1501003,4.932314,0.7929873,-0.043652963,1.3576764,-0.34251603,0.3499481,1.0255636,-0.48835465,1.3036917,0.49502882,-1.0987886,0.21290307,-0.34882626,0.062921755,1.0419405,-0.5874316,0.9743944,-0.21689828,-0.39225838,-0.34260255,0.19791354,-0.8587811,0.13310497,-1.6365242,0.2712876,0.15328412,-1.2863177,1.0010909,-0.3397059,0.086555086,0.20690511,0.13582055,0.961581,-0.9507361,-0.37933475,-1.9411061,-0.50268006,-1.3227849,0.6699304,1.0489259,-0.30075637,-1.3878777,1.4236199,-1.3673441
ACGCCAGAGATGTTAG-1,8.825056,0.7333723,0.3199698,-0.2471869,1.1556171,-0.5999881,0.27118558,0.18825112,-0.023617744,0.45679453,-0.30366737,-0.3699907,0.114104666,0.4858081,0.65058583,-0.27266523,-0.45547742,-0.47715697,0.33979437,0.588249,0.31733242,0.16620357,-0.16366673,0.30632836,-0.3539252,-0.21465857,0.78552663,-0.7374732,-0.1818493,-0.032228228,0.26605847,0.19184364,-0.20403899,0.023741117,-0.07413855,0.059156075,0.22911726,-0.26866916,0.07100369,0.39970553,0.82085377,-0.40622914,-0.24069849,-0.71797013,1.1828071,0.30687222,-0.38199326,0.4938254,-0.45038658,-0.17078789
ACGCCGAGTGTCAATC-1,9.487532,1.1649772,0.53077555,0.34138906,2.272452,-1.8515924,0.67250615,0.3464983,-0.11018955,-0.20842843,-0.2588861,0.6539125,-0.115056045,-0.23678426,-0.22603855,-0.114785895,0.37741515,-0.09058225,0.45139754,0.50032496,0.3621325,-0.21312886,-0.5036371,-0.091809675,0.16571407,0.046938986,-0.12147338,-0.7502787,0.7343031,-0.24058746,0.0049554836,0.6162625,-0.5875114,-0.06936775,-0.24677825,-0.23822531,-0.14207295,-0.07035932,0.44313523,-0.12587334,0.43579358,0.2537665,0.5824285,-0.5609318,0.4776708,-0.1066819,0.0933315,-0.03571908,-0.0050758547,-0.4039644
ACTTTCAAGCGTGAGT-1,9.037712,0.3898852,0.41496193,-0.5695847,1.5539274,-1.4287953,0.718717,0.7117442,-0.18748516,-0.42396668,0.16055745,0.2397493,-0.36157018,-0.14610189,0.062949374,0.5047467,-0.18893875,0.99365616,0.44461864,1.1568172,0.18910113,-0.101750106,-0.41699564,0.4997143,0.17865881,-0.5038041,0.16030605,-0.5591046,0.9484184,0.16934623,0.40805188,0.326162,0.427115,-0.3367935,0.12912543,-0.37583917,0.1074216,-0.45639968,0.20951597,-0.18150353,0.48454124,-0.92759264,-0.15492266,-0.550182,1.2261842,0.2085063,0.13576537,0.23991027,-0.79267097,-0.322537
ACTTTCAAGGACCACA-1,9.485731,0.83808565,0.44215342,0.054655954,1.2530718,-1.3410983,-0.07845829,0.57155156,0.5103573,-0.47955868,0.30765724,0.5309846,0.22450233,-0.7221219,0.0126363505,-0.15364054,-0.09422713,-0.18955274,0.1325849,-0.04159239,0.28001484,-0.12894459,-0.120178394,0.06968536,-0.85879016,0.58811295,-0.24315192,-0.48177204,0.16444921,-0.23031406,-0.2094092,0.32771683,-0.39979264,0.49669296,-0.25175223,-0.21231306,-0.17561474,0.5688236,-0.44953808,0.36115465,-0.40670016,0.12379941,-0.18396267,1.2499652,-0.75280386,-0.5862195,0.3396415,0.19495414,-0.13128303,-0.3319099
AGACGTTTCCCGGATG-1,9.543161,0.59944135,0.15076195,-0.23806761,2.2680104,-1.5637769,1.2909981,0.5745792,0.6021783,0.18116748,-0.20461354,-0.18126409,0.6875384,0.15305626,0.21537961,0.1815344,0.046463903,-0.28239754,-0.45410323,0.08368351,-0.32365543,-0.42424878,-0.0408733,0.8285791,-0.13763925,0.22530852,-0.048016414,-0.7408287,-0.20919578,-0.22672091,0.64083576,-0.24745966,-0.6764947,0.25206122,0.36294022,-0.46068788,0.24829455,-0.2778636,0.5352145,-0.21295162,0.26448137,0.22966337,0.4163316,0.0663182,0.2197997,-0.030297741,0.30032796,-0.49500543,0.05099929,-0.109268725
AGAGCGATCGTTACGA-1,-0.52862024,-1.3978707,-4.8598123,0.960579,-5.867914,7.8232,-4.020901,-2.840984,3.9421897,0.7980609,1.4907682,-0.05314811,2.086481,0.07953233,-1.140606,0.7521293,0.6784595,-1.8418826,1.0284389,-1.3061607,-1.8683139,0.09844948,0.44484088,-0.7601113,1.6405698,0.573508,0.4807289,2.3817499,0.08473391,1.2394911,-0.09758566,1.091729,-1.5682899,-0.5809529,-0.3177814,-0.8938916,-0.28165013,-0.89006454,-0.994083,-0.7462711,-2.8041327,-1.9275674,2.375281,2.7268517,-4.5891137,-3.176992,-0.8731212,-0.67577404,3.6940277,1.5535127
AGAGCTTCAACGCACC-1,6.3300548,0.15405495,0.20152691,-0.5318561,0.15345396,-0.752514,-0.87117356,-0.057862576,-0.37502137,-0.64000994,0.10615898,0.049334824,-0.80446464,0.026662994,-0.28182504,-0.22739501,0.20158246,0.43969488,0.10562158,-0.32610992,-1.5684714,-0.07108919,-0.4595723,0.27803165,0.32027155,0.42231125,0.78285354,-0.34455714,-0.3010418,-0.01816998,-0.41836455,-0.17429839,0.41019717,-0.47892094,-0.07524068,-0.026065731,-0.60901004,-0.1017022,-0.32175165,0.23183738,0.009781635,-0.14216246,-0.649423,-0.25517324,1.0670885,-0.6803186,0.3946028,0.32935536,-1.6563625,0.3424332
AGCCTAAGTTTCCACC-1,-0.98691255,-0.17392355,-3.5404928,0.36889595,-3.972939,2.887467,-2.9919007,-1.3305864,-0.5846211,-0.1053993,1.2897763,0.09576523,0.8393507,0.045139756,1.1763724,-0.3865055,1.1146635,0.91897327,0.8359806,-0.5667284,-1.8267595,1.0159494,-0.07943925,0.80235225,-0.3691691,-0.1262567,1.4812549,0.3155357,-0.65927774,0.44098818,0.8593677,0.6710599,-0.9245091,-0.28111792,-0.62255853,0.28483996,-1.2105064,-1.2374121,-1.1802057,0.35962218,0.12738407,-1.0223618,0.2819745,-0.73997855,-0.94463736,-2.4747145,-1.6458207,0.07832607,-3.0118322,0.60328984
AGCGGTCAGAGCTGCA-1,9.440949,0.63540584,0.4452552,-0.56040674,1.1776817,-0.8678695,1.4839278,0.05582114,-0.41369754,0.5465369,-0.30363148,0.007999417,-0.35171485,0.023417272,0.79938847,0.6912972,-0.47070494,0.079088956,-0.2206704,0.13333796,0.22975057,0.21805675,0.79184633,-0.0060675335,0.335998,-0.68197787,-0.11238038,0.08980886,0.087695196,-1.226606,-0.12020013,0.7853085,-0.71803194,0.3915852,-0.57978016,0.20754021,0.5317705,0.40671468,0.54827565,-0.71483296,-1.0612018,-0.17493145,-0.52387995,0.215971,0.71122867,-0.36507827,0.57472783,0.2388223,0.4054878,-0.20297383
AGCGTCGAGCACAGGT-1,-3.7663946,-1.1121283,-3.2815623,1.0944642,-3.9852817,3.436687,0.45605975,-1.528931,0.16465966,2.208466,0.47394523,-1.0486337,0.21390808,-2.2962263,-1.0109607,-0.3287604,-0.6364728,0.31777024,0.8295264,-0.005207421,0.5654185,-0.9193339,0.38009742,0.915735,-1.6019465,-2.0401664,0.042443734,-1.6584913,1.439658,-4.8799076,-0.658873,0.7241462,0.3666946,-3.1142142,-0.9314789,1.8473325,1.1878306,-0.65147656,0.014166992,-1.419639,-1.3385336,-5.9587812,0.2256885,-1.5786829,-1.1279222,-5.6070642,1.2542967,-1.7070769,0.585086,3.5216277
AGCTCCTAGCATGGCA-1,7.394209,0.7444064,-0.19795439,-0.08833457,1.5515043,-1.245899,0.88890773,-0.4310987,-0.26188716,-0.28347686,0.055312462,0.26732516,0.6999218,0.11330503,0.3917634,-0.4046135,0.32620648,0.2396025,0.8246732,-0.50908536,-0.3033855,-0.6263064,0.24170953,0.8675328,-1.4064987,0.7366339,0.8978686,0.68969816,0.46997026,0.046631053,1.1305748,-0.48760167,-0.45941803,0.16076714,-0.4361333,-0.36331043,-0.8345192,0.63881433,-1.1664318,0.029384531,0.54104865,0.4633859,0.054350365,0.8561456,1.247586,-0.5053092,-0.70616895,0.4778324,-0.38000995,-0.8845692
AGGCCGTCACAGCCCA-1,8.352795,0.36235124,0.7914778,-0.17159826,0.94761777,-0.39880484,0.16657014,0.03213742,-0.24439749,-0.18988436,-0.29244557,-0.428273,0.8487601,0.22399956,-0.57382923,0.37161267,-0.41955495,0.09151827,0.35313612,0.677788,-0.73847157,0.13338895,-0.2512781,0.2360002,-0.14822772,0.620225,0.17106862,0.27658692,-0.37255242,-0.15714765,0.5760215,-0.76867694,-0.11585169,-0.47018778,-0.6911082,0.36561024,0.02465219,-0.1995003,-0.49289143,0.7954501,0.20611535,-0.48622632,0.24506597,-0.23451754,1.1231557,0.15155451,1.6266625,-0.4743064,-0.35215148,0.010400086
AGGGAGTAGACAGACC-1,10.141587,0.99613684,0.5212759,0.021188289,1.9249746,-1.1584666,0.7732955,0.91914314,0.34123003,-0.35753128,-0.23922117,-0.16793622,0.33045673,-0.09693618,0.22750422,-0.29652366,-0.23678184,-0.79379976,-0.028310316,0.3553769,0.35550433,-0.03628456,0.3266073,0.42795348,-0.45091984,-0.3151042,-0.0555262,-0.67888266,0.53808063,-0.22603592,0.5900857,0.36016908,-1.0252806,0.30271012,-0.09607318,-0.22763069,0.24842778,0.20018262,0.24605969,0.14715558,0.043937095,0.28971234,0.5318572,0.5569212,-0.6706567,1.4072474,-0.20369174,0.5839371,0.7879342,-0.39767066
AGGGATGGTCCAAGTT-1,1.7248961,-0.57690716,-4.569767,0.11429113,-5.7514386,5.4472704,-4.689117,-1.802212,1.4287124,-0.33800337,-0.3713376,0.15800726,0.5738658,0.5220161,-0.8287825,-0.13517535,0.4168484,0.9649029,2.423907,-0.118698396,-1.5922121,0.40422988,-3.0510871,-1.0091007,1.1942029,0.30967996,1.4122132,-0.23766162,-0.77282834,3.692882,0.13998105,-1.5952134,0.78410864,0.96024555,-0.84598553,-0.8778758,-1.3182187,4.1810265,-0.7331678,0.045564298,0.21579117,0.6458098,-4.527798,3.8512797,0.4917064,-4.966663,3.487792,0.042579807,-2.182212,2.8808851
AGTCTTTTCGCTAGCG-1,-0.7236404,-0.19467694,-1.0222139,0.8740373,-1.2312138,2.8076081,0.17829347,-1.1254387,0.4986799,0.12764604,0.035222463,0.5477005,-0.9211736,1.5776594,-1.723488,0.37826148,0.5961147,-0.88518155,0.18319441,0.5338076,-1.9523113,0.7735824,0.48470777,-0.77581733,-0.14605045,-0.5332222,-1.7628329,-0.41264427,-1.9318336,0.5535647,-1.0493819,2.4160979,1.5952724,-1.2600551,0.6686468,0.46260348,0.15928762,-1.1559713,0.4741818,-1.75184,-1.0362984,-2.5769,-0.54099184,-0.1303935,-1.4037328,-2.7630796,-0.71078366,-0.3831703,0.31163773,2.1188662
AGTGAGGCAGGACCCT-1,7.766798,0.8898354,0.27567446,-0.30545807,0.96022594,-0.830826,0.42340192,-0.05821048,-0.30248302,0.22808233,0.3527553,0.07746448,-0.0010567993,-0.49704874,0.4800289,-0.2820965,0.15024246,-0.06313517,-0.18129829,-0.08537845,-0.785686,0.6038721,-0.49498045,0.33917844,-0.37504348,0.03702732,-0.2539184,0.28208756,0.08835092,-0.7137857,0.668886,-0.35951552,0.0013977205,0.43692225,-0.027614625,0.36958903,-0.5395001,-0.11634948,-0.57653624,0.23050787,0.23821907,-1.0617259,-0.29357365,-0.7454638,1.2350825,0.5400414,-0.041164774,0.64079744,-0.11055085,-0.12587564
ATAACGCGTTGTTTGG-1,7.154941,-0.30102628,0.6644553,-0.38445693,0.63989264,-0.5667796,-0.83913493,0.073014356,-0.32730767,-0.6154893,-0.20378654,-0.289038,0.26733387,-0.20266265,0.08435825,0.88767016,0.797633,0.45579517,0.38012707,0.43894273,0.193034,0.49966764,-0.2882182,-1.8357655,-0.7212444,0.20556605,0.06586537,0.06520947,0.31163836,-0.46737564,0.46129784,-0.050160237,0.5939928,0.23654935,0.40881264,-0.092396356,-0.9901568,-0.4968772,0.2860701,0.22323653,0.5645217,0.34421885,-0.42404714,-1.098138,-0.28832376,-0.71529686,0.39210594,0.70196587,-0.50932515,0.28510797
ATAAGAGCAGATCGGA-1,9.988774,0.31994975,0.29109824,-0.5205785,2.0640707,-0.7238653,0.6713232,1.0486374,0.17901975,-0.07484853,0.40502402,0.014698126,0.18013845,0.166216,0.40521854,0.26798135,-0.69747597,-0.758053,0.5419516,0.44017956,0.6358209,-0.316375,0.004862013,-0.34655106,-0.15903167,-0.4215723,0.46097085,-0.21219583,0.6194321,-0.33710277,0.80848205,0.5707719,-0.09501633,0.12653579,0.44193435,0.08627008,0.5532389,-0.07022282,0.5026598,0.83135283,-0.4014033,0.11376858,-0.17147736,-0.29051134,0.21663089,0.81654394,0.05039407,0.22275062,0.54863757,-0.74870914
ATCACGATCTTAACCT-1,-1.4114258,-0.026569389,-5.857655,3.6806498,-5.2647815,8.823059,-4.4284463,-2.600723,2.6672544,2.5022204,-1.204013,-1.5470078,1.3690498,1.1058041,1.0638869,-0.8381188,0.9500018,-1.1839616,0.3566481,1.0470212,-0.9417539,1.4069752,-1.7428126,-0.8510025,-1.8982182,1.7816728,2.5163345,0.4146127,2.4797907,2.33732,3.3630939,-1.2493114,1.0627432,2.0143642,1.869389,-1.3682133,1.0008299,-1.5271014,0.015838979,1.1931655,0.30370224,3.3656156,-1.5970232,0.91433024,-0.11271187,3.7088513,-0.30158433,0.68905663,-1.4048518,0.42617851
ATTATCCCACATAACC-1,8.104679,0.29781723,0.17041966,0.13531896,2.1535459,-0.60048044,1.2876728,0.67021716,-0.15829228,-0.109826535,-0.22721183,-0.70183593,0.58161426,0.014256985,0.2370424,0.09498239,-0.34415084,0.08632519,0.24933577,0.5469075,0.078010164,-0.26074642,-0.0054160412,0.24653892,-0.55357087,0.57616645,0.081553124,-0.11040488,-0.18861364,-0.099889405,0.7262237,-0.20935726,-0.08834746,0.029690959,0.28729725,0.057601634,-0.28666,0.5629438,-0.095629446,0.20493323,0.50686216,-0.99116176,0.8212761,-1.0342253,0.5593684,-0.105397075,0.059646685,1.1435875,0.026605224,0.14415273
ATTGGACAGATGAGAG-1,9.416746,0.850793,0.6123177,0.16308197,1.8936265,-1.320561,-0.0644804,0.78561306,0.1704575,-0.34609386,-0.15832159,-0.17589974,0.07417869,0.27660522,-0.46137074,-0.13691919,0.31441966,-0.12704577,0.32734782,-0.34158635,-0.3588465,0.35450515,-0.5268599,-0.30012083,0.029102588,-0.23377526,-0.38841856,0.26708728,-0.014899645,0.056564532,-0.44852254,0.056680735,0.0053181173,0.32780144,-0.23131661,-0.17775692,0.35093677,0.62340087,0.23596783,0.4339987,0.7217136,0.22855309,-0.43597233,-0.042403672,0.6360747,1.0756434,0.36390698,-0.21463324,-0.13989855,-0.33948943
ATTGGACTCACCTTAT-1,8.148056,0.22288382,-0.34663177,-0.20982125,1.2487006,-0.18766886,0.904514,0.9557876,0.79805803,-0.06194417,-0.22816198,-0.28698888,0.077581495,-1.1137458,0.6570721,-0.30193865,-0.14570744,0.14719847,0.7204906,-0.19422825,-0.42747653,0.1752204,-0.33908886,0.28236854,-0.2874132,0.35776284,0.04347575,0.35521102,-0.3123167,0.12225139,0.025923317,-0.6625221,0.37394467,0.25651252,0.415093,0.36289793,-0.15490627,0.44962192,0.2767177,0.07916349,0.87718713,0.14929333,0.58411103,0.06849767,1.2701387,0.22579838,-0.088520825,-0.23777159,-0.41339973,0.3683192
ATTTCTGCACGAGAGT-1,-2.086606,-1.0875348,-3.7523115,2.0789764,-4.0107675,4.329503,-3.4955196,-1.2944554,0.9229285,-0.025791377,-0.07695044,-0.6268946,0.1934052,-0.37835762,-0.71991986,0.9270387,-0.66545975,1.4904763,-0.29885796,2.401209,-1.1527989,-0.33611944,-0.92149335,-0.47150147,1.0207164,-0.62375885,-1.4531307,-1.0354872,-1.0680727,-1.7506163,-1.9493712,0.18158907,-0.97558993,1.6406255,-0.06504631,-1.2465854,-0.5079621,0.66975546,1.4750285,-1.6811229,0.11547963,-2.1073015,1.1384895,-2.6623812,-2.0366569,-1.37756,1.8687043,0.82160527,0.19861126,2.50597
CAAGAAACAATGACCT-1,-5.5028405,-1.068842,-7.956865,3.1085205,-8.791895,11.35054,-2.4947455,-1.8834609,2.5064213,2.9652073,-2.6742117,-0.71380883,1.2054137,2.1387239,-0.12077683,0.6890578,-0.8701292,-0.9282696,-1.3376083,0.34458312,3.3274682,-2.1418526,0.0030491294,-0.3778522,-0.46775866,-0.22534424,1.7681351,-0.29035822,-0.52765656,0.7340076,1.3221135,-1.7703794,-0.38063022,0.74818146,0.4666547,-3.519531,-2.508163,2.1217532,-1.8247012,0.75652885,-1.99893,-0.48117256,-0.68543714,1.2588575,0.90348023,-0.44112724,-0.7469054,1.0781362,0.7069224,2.2181437
CAAGATCCAATACGCT-1,8.089442,0.22875543,0.61904633,-0.278206,1.340892,-1.5257419,1.1916083,-0.03622311,0.6336098,-0.41097185,0.09913749,0.39740077,-0.3305243,-0.0501486,0.14112069,0.44697636,0.081529066,-0.5767553,0.20373292,-0.15468591,0.19051643,-0.2819128,0.048835795,0.116691664,0.2254984,-0.026472257,-0.004549866,-0.46495584,-0.10758957,-0.512358,-0.3012992,0.12190063,0.07554057,0.17628086,0.8397743,-0.033374496,-0.26449963,-0.19112962,0.19466878,0.36083815,0.3343998,-0.2147231,-0.14668977,-0.33064955,1.5038717,-0.60050327,-0.4062937,0.4023748,-0.64299005,-0.41951284
CAAGGCCTCTTCATGT-1,9.126243,0.3721582,0.4268307,-0.56148523,1.4941326,-0.72015315,0.47922602,0.6933585,-0.21005955,-0.42708224,0.52187157,0.9050405,-0.022175707,-0.35283065,-0.1788611,-0.037919793,-0.49095747,-0.13077311,-0.12697752,0.17037795,0.22107409,-0.2834949,-0.27702004,0.71679145,0.10467975,-0.27896926,-0.05175403,0.17949706,-0.59918267,-0.2689982,0.001990239,-0.35915375,0.12121074,0.11365743,-0.34985852,0.12968184,0.20474654,0.8421429,-0.3224724,0.26568985,-0.08299065,-0.1893372,-0.5025968,-0.47874093,0.633021,-0.19240104,0.049552843,0.5867518,-0.86689377,-0.25948304
CACAAACCAAGCTGGA-1,3.9794266,-0.0068012155,-0.12675305,0.7003455,2.0391574,0.404677,4.1620355,-0.120385274,0.49585032,0.21440819,-0.22853605,-1.0123274,-0.28426513,-0.17703076,1.5647534,-0.029404003,-2.040289,-0.5653426,-0.30864918,2.204339,1.422961,-0.079866104,0.505231,1.0824993,-0.5511029,-0.23110816,0.29587966,1.3286736,-0.9773203,0.10470809,-0.95698136,-0.05200624,0.65704054,0.46281323,-0.27996823,-0.6982667,-0.34626988,1.3556648,0.095886394,-0.39725184,-0.5718778,-0.81313485,1.6871636,-2.4508069,1.902148,-0.0931168,0.45788932,-0.58774203,-0.27775115,1.0246267
CACACAAAGTTACCCA-1,1.047503,-1.1114142,-5.666084,0.036692813,-7.179686,7.9901595,-5.4921427,-3.3107557,2.0082424,0.4067879,0.6031403,-0.4809514,0.7776006,1.0404183,0.57925683,-0.88087016,-0.22840196,-0.12822786,0.12422491,-0.23260215,-0.31657422,0.830584,0.14112966,-1.3969805,-0.2366343,-0.29094243,-0.053617384,0.6085146,0.25054032,0.53582007,0.55012196,1.1617944,0.4217611,-0.7203889,0.08180719,-1.137231,-1.1983923,0.8816934,-1.8637799,-0.11328777,0.41311187,-1.9679301,-0.2742203,1.4748664,-1.7440189,-0.47419173,-1.7570556,-0.97114176,-1.2703608,-0.19665736
CACAGTAAGGGCTTGA-1,8.296382,0.91658556,0.68513024,-0.4963695,1.4761053,-0.8873029,0.759308,0.22342084,0.15590297,0.071908504,-0.085127145,-0.15128064,0.1525552,-0.25447288,-0.4798598,0.4935789,-0.70282614,0.009628552,-0.06974188,0.44734532,0.05778853,0.21655196,0.65853107,0.091210805,-0.22238685,-0.56084013,0.5625513,-0.9288412,0.35794,-0.2517266,0.08431763,-0.11104867,-0.5353284,0.48423523,0.16070405,0.032434095,0.015235809,0.6085702,0.09531569,-0.063557036,0.1626568,-0.78666526,-0.80929434,-1.2704333,1.5099962,-0.26114747,-0.32140142,0.4743668,-0.3739846,-0.20932479
CACAGTACAGACTCGC-1,9.575301,1.1291516,0.5657183,-0.17932583,2.146865,-1.3272719,0.87001115,0.7930756,-0.44698715,0.040190265,-0.19787492,-0.4872553,1.2530822,-0.2017198,0.9870228,0.1422486,-0.6771584,-0.20611759,0.21772361,0.04387679,0.7176863,-0.03991874,-0.3015795,0.1659643,0.173611,0.5123454,-0.25700518,-1.7813233,0.13498011,0.4796187,-0.22632559,0.5556059,-0.68965864,0.29985535,0.08383592,0.16117525,0.24244766,0.77846295,-0.40701327,0.51217794,0.25545305,0.0716395,-0.016404074,0.3488251,-0.37388048,0.4573836,0.2669829,-0.08496684,0.5839252,-0.24010168
CACAGTAGTAAATGAC-1,6.3696527,-0.13971245,-0.16147552,0.41951683,0.79765594,-0.97814995,1.183188,-0.33785763,0.6123007,0.80318636,-0.07898862,0.07608553,0.61623704,-0.613429,0.73552877,0.4001545,-1.3133321,0.5381171,-0.4842262,0.70494574,0.2013107,-0.48338696,0.6073843,0.74179304,-0.68100786,0.70134765,0.21438698,-0.03508742,-0.49426228,-0.17264895,0.779351,-0.99667555,-0.64316505,-0.22299364,-0.087846,0.52482074,-0.23828836,-0.30487534,0.19837196,-0.38316077,0.88495356,-0.5203048,-0.0033613662,-2.333943,1.1157072,-0.5492719,0.52457184,0.11086737,-0.4495453,0.1537323
CACATAGCACACGCTG-1,9.001614,0.62559456,0.33191097,0.014370324,1.7322696,-0.9571905,0.6061118,0.2883505,-0.46661013,-0.52051795,-0.20545046,0.5275469,-0.3529838,0.5770626,-0.0082888575,0.03331515,-0.19861932,-0.100505956,0.22199105,-0.072217695,0.28951335,0.061923295,-0.10752349,0.041197374,-0.34485713,0.108859494,0.39578587,0.26830387,-0.09061624,0.12385967,0.45105827,0.269004,-0.41521946,-0.5283472,0.36412326,0.24746567,0.32042253,-0.031006353,-0.32413474,0.23162581,0.0076629487,-0.5060819,0.067063555,-0.26551366,0.7680611,0.3658747,-0.37084043,0.47085238,-0.19413318,-0.061738186
CACCAGGAGTACGACG-1,9.632169,0.8018899,0.9337417,-0.046233945,1.8318812,-1.6258932,1.3070884,0.9523287,0.06731432,0.7331935,-0.4120806,-0.42842102,-0.1368224,-0.14143257,0.2923002,0.37758067,-0.71168923,0.094857626,-0.13068748,-0.035442397,1.1981987,0.009142688,0.77526885,-0.35668886,-0.45798358,-0.39220917,0.142883,0.16526785,0.17036581,-0.96655774,0.17868729,-0.020003898,0.69956344,0.8342683,-0.1834277,0.67578846,0.38912407,0.42455325,-0.2717427,-0.5218429,-0.37272403,0.35603362,-0.17663552,0.2573007,0.37917465,0.1494454,0.9943038,0.039632976,-0.51316464,0.21903703
CACCTTGGTTACTGAC-1,9.899606,0.7259431,0.330427,-0.50268936,1.6313263,-1.5994564,0.91865796,1.0986568,0.32689798,-0.5068057,-0.14229786,-0.36138004,-0.14310512,-0.19418164,0.2516385,0.34241328,-0.42605302,-0.21547101,0.15363763,0.25659275,0.45165998,-0.23764743,-0.24257292,-0.10588788,-0.7880396,-0.1263148,0.78872067,0.0017724818,0.22384451,0.53105414,0.31722847,0.022359231,0.119565055,0.26652494,0.4446534,0.3783886,-0.118467614,-0.27540445,-0.04400448,-0.0791062,0.6768471,-0.030062119,-0.3181482,-0.4491089,0.6224195,0.85113055,-0.5694132,0.1480596,-0.110225424,-0.073254414
CACCTTGTCATCATTC-1,6.0918646,-0.30338913,0.062307287,0.7102841,1.082298,-0.7513924,1.7131531,0.7848749,-1.8294394,1.9672211,0.7441644,0.26169607,-0.65047354,0.8369082,0.37226298,-1.0425621,-0.8997091,-0.4381895,0.41415146,0.31858024,0.4538425,-0.22978032,0.03727781,0.9541656,0.048004054,-0.2429011,0.33326656,1.8166932,-0.2108162,0.08976453,0.091461904,-2.093759,0.41473335,1.0173355,-0.39134932,0.7739021,0.18045168,0.47212845,0.8355307,-0.35958853,0.9928253,-0.24280566,-0.060149204,-1.8135114,1.6285428,0.7153996,-0.091727525,0.004899617,-1.2168896,0.15182845
CAGAATCTCGTACGGC-1,8.892739,0.4943745,0.74086535,-0.14751893,1.2162173,-1.130305,0.42166686,0.299987,-0.13959903,-0.13257676,-0.13056293,-0.3736669,-0.8308619,0.16230789,-0.36276844,-0.008629605,0.5141642,-0.39983827,-0.88795906,-0.022816148,0.095282935,0.030482775,-0.63621956,0.602789,0.103113845,-0.041620366,0.3810378,-0.6545648,0.120433845,-0.26933742,-0.27702528,0.59597504,-0.37713367,0.47074676,-0.12116472,0.23696509,0.74400526,-0.372585,0.20291537,-0.07483554,0.7520479,-0.5105547,-0.5854921,0.26416174,-0.082266524,0.39809787,0.15304674,0.7183865,-0.1978353,-0.002761715
CAGAGAGCACATCCGG-1,8.864772,0.4764835,1.4513807,0.027124638,1.2741734,-1.5751828,0.32309496,0.6080983,-0.112123914,-0.1139111,-0.36929148,0.05465913,0.34592596,0.21025166,0.24278422,0.1789232,0.31858522,-0.25024506,0.633845,-0.023305237,-0.23501548,0.8939686,-0.057796594,0.44767985,-0.032170624,-0.6696437,0.58028346,-0.29875705,0.48979408,-0.3836967,0.2789611,0.16531895,-0.82977235,0.24450734,-0.7039986,-0.15766442,-0.058127254,-0.56395364,0.1766338,-0.14040779,0.2765794,-0.13165668,-0.36197084,0.12131473,0.8789471,-0.30392292,-0.09276733,0.35162866,0.16691998,0.121583454
CAGGTGCTCCTTCAAT-1,7.6433415,0.9760678,0.1433218,0.043045145,1.654772,-0.9659949,1.3187785,0.37603828,-0.30901134,0.38990107,-0.15360259,-0.95843375,0.5093599,-0.120052405,0.2871779,-0.17183246,0.35848966,0.31333953,-0.5152965,0.7427227,0.46273294,0.7385238,0.7933256,-0.60911065,0.1812951,0.16647771,0.23538168,0.26448977,0.30758682,-0.3815443,1.1566837,0.41777757,1.5408375,0.6055637,0.72994447,0.6175801,-1.364455,-0.31360435,-0.08141636,-0.12048879,0.90620714,-0.51223207,1.2904029,-0.7116164,2.1845224,0.43021697,0.78284997,-1.1194248,-0.9507168,-0.44094965
CAGTCCTTCTTGTACT-1,5.029888,-0.14945881,-0.26426345,-0.36735246,-0.14134029,-1.041787,0.1398561,-0.7189737,-0.64685726,0.9810342,-0.14774883,-0.11412918,-0.091294535,-0.0736216,0.2188788,0.36553368,0.8742895,-0.055702314,0.5232843,-0.13626732,-1.3403186,-0.19849126,0.039643712,0.15347907,0.030331977,0.5578976,-0.27778214,0.78326017,0.10111985,-0.1920834,-0.67580724,-0.467422,1.3136747,-0.68514407,-0.088196754,0.043208864,-0.01674275,-0.9678469,-0.16472957,-0.19168298,0.36692485,-0.94021124,0.27859595,-1.3339976,0.5918475,-0.88082904,0.3100991,-0.2261762,-0.12309189,0.30694672
CATCAGACATGCCACG-1,-12.15225,-1.4804043,-0.811309,0.6386978,-1.568134,-2.082938,3.1288376,-0.89444584,-2.944516,0.874523,-0.123757124,0.15769318,0.37766105,-1.8831005,-0.6546335,0.8510743,1.2224379,0.53912836,3.528219,-1.4813818,-5.862419,-1.4571447,-0.12598212,0.43088618,0.019766998,2.7269542,-2.7536423,-1.8175955,0.7134456,3.208077,0.17049314,-1.6631302,1.3537698,-1.9082565,0.5933868,-0.653189,-1.0509211,-5.4646077,0.9433535,-1.319248,0.046296995,-1.8619639,0.8743743,0.97935194,-3.0736096,-4.9724345,-5.1844115,1.4804834,-0.42318815,1.1408223
CATCCACGTTCACCTC-1,12.210003,0.80362135,2.2228513,0.56983685,2.1580245,-1.6639236,0.84633785,0.06405924,1.6971399,-1.9336271,-0.0042401124,0.68788165,0.82256293,0.11965853,-0.49886248,0.14458683,-0.2950041,-1.2777365,-1.3897505,0.49988177,0.16048326,-1.3953356,1.0934898,-1.9279239,2.0951138,-0.53971434,-0.43346998,-4.4445095,2.2505891,-0.6624357,-2.2905014,1.8307586,-3.7297668,-0.940515,-0.22209047,-2.2049391,2.5839248,-0.40812677,-2.319131,0.46035764,-5.0528574,7.63347,4.5986853,9.590452,-13.11452,-0.71360785,-0.16283175,-1.2682269,5.284417,1.9740431
CATTATCGTCAGGACA-1,7.87646,0.3341118,1.3198376,0.045900974,0.6344949,-0.9278204,0.8045442,-0.76483196,-0.42997402,0.2900882,0.5083612,0.94742024,-0.2764698,-0.3156001,-0.0076999636,-0.69737715,0.43066952,-0.024463577,0.13586466,-0.09473136,-0.70317245,-0.56648624,-0.019514421,-0.032636818,-0.94748867,-0.3525823,0.04520678,-0.35538545,0.39779112,0.10750256,0.1754321,0.8698487,0.74071217,-0.8116042,-0.28085044,-0.3197548,0.7357139,1.0955534,-1.1299824,-0.31278348,0.288594,-0.4027172,-0.9332499,-0.8633612,0.23472592,-0.70540005,0.22760762,0.69342214,-1.0382555,-0.12657924
CATTCGCGTCTGCCAG-1,4.6383095,-0.07319126,0.053928927,-0.33705747,-0.3033073,-0.4719411,-0.27560455,-0.62072366,0.01143107,0.29510632,-0.47502163,-0.1625862,-0.31237873,0.38273898,0.2643614,0.28806236,0.44289637,0.7139341,0.3991845,-1.1436337,-0.9925115,0.35820827,-0.40780312,0.38929048,0.20999922,-0.3335145,-0.19754204,0.37877226,0.42793155,0.41923258,-0.8324642,0.18766916,-0.46197844,-0.058581106,-0.41573656,0.16888985,-0.73697966,-0.756154,-0.2862448,-0.6152609,0.98396957,-0.3177633,-0.7136516,-0.20764244,0.4775184,-1.7206521,0.2789428,0.36916205,-1.0070685,-0.8462822
CCATTCGGTCTCATCC-1,5.32725,0.02193879,0.19607788,-0.349929,0.58764666,-1.1574321,0.503415,0.25067434,-1.8704219,-0.24182363,0.9718545,0.46380392,-0.016557569,-0.24561457,0.20590767,0.53398234,-0.50642955,-0.38704142,0.10724053,0.7710031,-0.22092251,-0.87167996,0.5893834,-0.3325172,-0.56371677,0.13380145,-0.07935243,0.35017484,0.09214362,0.38969213,0.8200285,0.30802247,-0.61898065,-0.31450084,0.5810858,0.0031785513,-0.49864665,-0.772734,0.19494435,0.93056166,0.2677225,-0.58105284,-0.19996163,-0.091397546,1.8214494,-0.50686294,0.69831115,0.056202855,-0.1951892,1.5136809
CCGTGGACACGCTTTC-1,-7.110757,-2.111541,-9.149889,2.5341964,-9.76164,12.290758,0.3999946,-3.1944788,3.5657287,3.0171533,0.67320925,0.5996262,1.215026,-0.72856724,0.44308683,0.20621383,-2.2824256,-2.1230073,-5.1025877,-0.18951412,3.1221495,-2.4871075,0.3246691,-0.051097482,-1.3190167,0.030333519,-0.9712847,-0.69459647,0.93434995,-2.2177901,-2.3908367,-0.9867404,1.6954703,0.89346594,-1.4497424,1.1142448,-0.6193815,3.4531968,0.06593605,-1.2237173,0.13243769,-1.385605,2.4847095,2.3480198,-0.20789911,-0.45610535,2.2326875,-4.396111,1.7723993,4.3337007
CCGTGGATCATCGCTC-1,10.589896,1.21211,0.7181841,0.30047235,1.6822779,-1.4731765,0.87971497,0.6785261,0.5366511,-0.51260436,-0.03801723,-0.28247848,-0.2831663,-0.22981375,0.020109778,0.5346947,-0.0012289182,-0.1569753,-0.27200472,0.23356973,0.5907601,-0.8170193,0.4573794,-0.3394692,-0.042925324,0.5440304,0.3067706,-0.7319089,0.23036423,0.46781588,0.7827193,0.15280189,0.1032353,0.44039774,0.4399562,-0.59116334,-0.23699927,0.32679644,-0.16954373,0.33552656,0.70819104,-0.22035983,-0.27878198,-0.52592164,0.29335377,0.13208084,0.40033898,0.2702794,0.14870296,-0.8770235
CCTAAAGAGTATCTCG-1,2.8157961,-0.18345037,-4.2140565,-0.094611034,-4.752312,5.1351867,-3.6176493,-2.3895073,1.6163567,1.1107942,0.019938344,0.5770934,-0.51778084,0.14381187,0.37127197,0.28604695,0.99721855,-0.13218637,-1.2700504,-0.82872105,0.71219385,-0.6220017,-0.18691368,-1.4847953,0.65395796,-0.10892429,0.27477205,0.32959032,-0.049563687,0.6455534,0.13147822,1.1758819,0.5595736,-0.16564937,-0.60872746,-0.5121157,-0.31623873,0.48144302,-0.76048845,-0.30787438,0.9369547,0.84334886,-0.056968372,0.069139704,-0.55196285,-1.8145918,0.36159334,0.08469727,0.0187372,0.52850455
CCTATTAGTACAGTGG-1,8.797354,0.5230875,-0.10221236,0.19060959,1.0433873,-0.41793853,0.5949245,0.6832223,-0.3722982,-0.12632956,1.2123929,0.14484543,0.1482346,-0.08612537,0.6433046,-0.76921,-0.3843005,-0.6748117,0.25943413,0.96048754,0.03965845,0.17545874,-0.07234494,0.38924828,-0.23216563,0.15962613,0.36714953,0.08305103,0.65483403,0.90512836,-0.17371354,0.19215368,0.11283484,0.42743102,1.7431891,-0.27743545,-0.2187517,0.73710513,-0.22120143,0.3307761,0.65515316,-0.5692764,-0.41243142,-0.48362216,0.29027826,-0.1970731,0.5352018,0.19462517,-0.60431975,-0.08268868
CCTCTGACACGAGAGT-1,8.790162,0.11997531,0.65782213,-0.19800577,2.044469,-1.6641461,1.8682092,0.1749762,-0.42724997,0.24589977,0.43256405,-0.38493747,-0.07155083,0.12922281,0.45129195,0.11848872,0.82888424,0.29337603,0.072386116,0.44392785,0.82942724,-0.58472353,-0.56069475,-0.16973478,-0.07901677,-0.00094276806,0.28515497,0.3476112,-0.008053208,0.51529807,0.12610877,-0.352903,-0.28452227,-0.25717136,-0.052214038,0.25626218,0.15034649,0.03589958,-0.544866,-0.39545828,0.15184256,-0.065893866,0.042962424,-0.2794012,-0.10304045,0.18932094,-0.4746281,-0.009143789,0.28839114,-0.17692733
CCTCTGACATGCGCAC-1,9.127549,0.47707224,-0.083350986,0.3092917,1.104967,-1.0728598,0.7288759,0.28918454,-0.254621,-0.6200942,-0.013018894,0.3278317,-0.0831383,-0.05633498,0.31908184,0.12006456,0.07805244,-0.060848076,0.17978254,0.4805356,0.2887956,0.04342889,0.19592497,0.07199667,-0.41999066,0.30271748,0.05298179,0.18999313,0.2380545,0.2348316,0.33552867,-0.010942445,-0.92327905,-0.12146662,0.020442013,-0.75244063,-0.31065872,0.40614125,-0.5442366,0.26567486,0.16254793,-0.12227823,-0.2711423,0.067082174,0.70047677,0.09657592,0.123804264,0.6926689,0.05764171,-0.12732527
CGACTTCGTTTGTTGG-1,9.480674,1.3470085,0.85739505,0.15267588,2.1765206,-1.1050191,1.5580268,0.11705249,-0.38966358,0.29653946,0.88423926,0.4395443,0.14010513,0.19454753,0.38569412,-0.59040153,0.06741815,0.09466319,0.1801172,0.6786573,0.8697906,-0.4954786,-0.12047526,-0.50143766,0.4564422,0.36993083,0.24715954,-0.40679267,0.40717295,-0.23954849,-0.3284494,0.29436806,-0.28072098,0.16299058,-0.34231293,-0.46073255,0.7062974,0.85528356,-0.21850875,0.81923944,0.0758396,0.46155208,0.27003056,0.5041814,-0.0797748,0.35191488,-0.14904727,0.3734855,-0.2581509,-0.254392
CGAGAAGAGAGCTGGT-1,8.815498,0.4678557,0.6654278,-0.13659137,0.75330424,-1.386751,0.26004347,-0.11497306,0.31496716,-0.39077199,0.14490469,-0.08789944,0.2779335,0.14498878,-0.2244679,0.19335641,0.3953595,-0.08857983,0.94261247,0.25920022,-0.31048957,1.0651515,-0.16065937,0.955942,-0.10045409,0.0940828,-0.2410631,-0.18695734,0.162693,0.44685736,1.2219516,-0.2315788,-0.8313751,0.66871,-0.16103442,-0.24500026,-0.35130274,-0.7267479,-0.13089608,0.002675951,0.3068634,0.2995442,-0.24425916,-1.0891478,1.2999364,0.40592948,-0.10673625,0.093861036,-0.3821717,-0.5773089
CGAGCACCACCTTGTC-1,10.590629,0.38789785,1.0324712,-0.17328587,2.1240456,-1.7586356,1.2430344,1.4379878,-0.11676177,-0.51397866,-0.67313826,-0.26960674,0.2458924,0.20009443,-0.2093175,-0.37973952,0.67240053,0.25047177,-0.8169786,0.050024703,-0.07907772,-0.89471287,-0.18847531,-0.40178868,-0.07387088,-0.061472062,0.2882196,-0.38505882,0.47507358,0.1678422,0.058271777,-0.23597518,-0.66141593,-0.37629655,0.322649,-0.38687232,-0.4642212,0.119098224,-0.08125776,-0.25149712,-0.17126904,0.3651221,0.098503254,0.047359034,0.80022806,-0.10636937,0.19133642,-0.057089698,-0.28852215,-0.20855203
CGAGCACGTTACGTCA-1,8.718079,0.61155653,0.69464934,-0.25740615,1.1308738,-1.0458825,0.72259486,0.41061455,0.051710118,-0.5727346,-0.19429056,-0.25483277,0.08219597,0.13188316,0.6583983,0.01879045,-0.5029301,-0.47982734,0.34191692,0.7339246,-0.17956604,-0.38638625,-0.046234995,0.22985038,0.113152064,0.42988825,-0.49573752,-0.097844735,0.5651791,0.28318357,-0.22084482,-0.09354626,-0.55016935,0.77187717,-0.10169128,0.41624975,0.2582851,0.25834686,0.11491003,0.8069213,-0.40536126,-0.34180865,0.03313049,-0.32159424,0.04164019,0.70440775,0.17197265,0.5345693,-0.21290478,-0.28705823
CGATCGGCAATACGCT-1,8.695531,0.06882053,0.31279075,-0.13811867,0.9842677,-0.9173522,1.2713178,0.37395388,-0.32410508,-0.11510979,0.32139617,0.41788477,0.4509968,-0.25191528,-0.1494903,-0.08464181,-0.1525757,0.7811313,-0.6835269,0.8836775,0.4802905,-0.04279613,-0.18847828,-0.90511525,-0.05102244,-0.5612075,-0.31592947,0.30339402,0.6433484,-0.3533071,0.04195429,-0.52349144,-0.24194232,0.7307212,-0.9348398,-0.40320608,0.09882579,0.3971517,0.09446882,-0.30499527,-0.094139375,-0.24944204,-0.37627277,-0.4926132,0.64604336,-0.10232164,0.7036648,-0.46292672,0.017757261,0.14594272
CGATCGGGTCTTCTCG-1,4.5607743,0.8908043,0.17208879,0.06300589,-0.9728265,-0.23166701,-0.9729712,-0.94306916,-0.1474424,-0.45794016,0.35600844,-0.049318913,0.39178497,0.13096656,-0.20096019,-0.013644056,0.19930722,0.107132256,-0.096514255,-0.90081817,-1.1635815,0.4182598,-0.3704556,-0.89118284,0.8001049,-0.0025479721,0.23165625,-0.31650972,0.17890808,-0.10802338,-1.1530092,0.16181917,-0.0013573706,0.43865868,0.3800319,0.19058965,-0.49320546,-0.030494263,-0.6985079,-0.31730312,0.3948324,-0.66723335,-1.0242194,-1.0242612,0.40974772,-1.2542166,0.04481896,0.31740066,-1.6630772,0.24725182
CGATGGCCACTTAACG-1,7.0745497,-0.20981282,0.79959655,-0.36172077,1.0220059,-1.3608656,0.5493374,0.94005024,-0.44167197,-0.057007037,0.6976256,-0.07466676,0.43329728,1.053114,-0.33386117,-0.65862674,-0.7356929,-0.20302032,0.4535354,0.049578816,-0.41282406,-0.4019153,0.16621324,-0.09855088,-0.3886955,-0.027979793,0.5106147,0.07939807,-0.29687837,-0.63478935,0.63887876,-0.32878184,0.1689459,0.43025145,-0.33594957,-0.21259801,0.12327692,-0.38755423,-0.049684092,-0.51171833,-0.11069873,-0.38330954,-0.6757464,-1.5186226,1.0432432,-0.6846431,0.47611523,0.33471793,-0.843076,-0.22275884
CGATTGAAGACACTAA-1,9.692649,0.3195597,0.6960734,-0.4247844,1.6401497,-1.6789161,0.84099615,0.6358337,-0.36735097,-0.37582424,-0.1520707,-0.14058252,-0.09802902,-0.020440798,0.72930056,0.49638376,0.06178778,-0.7034507,0.42252526,0.25804004,0.20098162,-0.40225688,0.1804567,0.37083617,-0.08179284,-0.73503447,-0.2262555,-0.2327006,0.7114938,0.16984835,0.46985108,0.43940532,0.16217154,-0.032665994,-0.099576056,0.37938726,0.24745853,0.2946515,0.21330364,0.049065024,0.321131,0.1643593,-0.3080396,-0.36206776,0.9021981,0.34630406,0.17083481,-0.2133331,0.07397037,-0.54505813
CGGACACAGGCATGTG-1,7.6033072,0.59284294,0.6074088,-0.3807207,0.7951778,-1.3179703,-0.071312025,-0.04901066,0.2635306,-0.6079238,0.074877754,0.9565742,-0.36759478,0.31690347,-0.19251166,0.22078611,0.17921013,-0.03979822,-0.010978362,-0.072334014,-0.055573765,-0.067260385,-0.3726543,1.2186164,-0.049031835,-0.21740077,-0.5942126,0.09637386,-0.42919925,0.9190283,-0.075450696,0.30681086,-0.8008798,-0.27946728,0.10097794,0.38481748,0.52453166,0.16043566,0.20520619,0.06616512,0.069538034,-0.36742303,-1.104319,-0.19171257,0.6208991,0.35724464,-0.53052485,0.47052145,-0.7119497,-0.53845495
CGGACACAGTGCGTGA-1,9.976668,0.8048659,0.5553513,0.48983476,2.079916,-1.5758352,1.0942029,0.5115208,0.34659362,-0.61193556,-0.43674168,0.039409786,0.29589438,-0.49604034,0.16661726,0.2530609,-0.5181507,-0.328494,0.24451366,0.21576738,0.17604761,-0.24285342,0.061846998,0.28984103,0.10406963,0.120752834,-0.37996927,-0.067944854,0.28112122,-0.22510166,0.834497,0.055245742,0.24193758,-0.17475685,-0.25027275,0.5725365,-0.09468584,0.1455711,0.018260276,-0.13846876,0.37077513,0.33461702,-0.27656475,-0.5379644,1.2029624,0.46486688,0.26717904,-0.30062407,-0.7275714,-0.44658434
CGGAGCTTCTGAAAGA-1,9.835963,1.3122562,0.8913709,-0.27872804,2.2617543,-1.4286327,0.9828781,1.0157843,0.45749068,-0.4062019,0.63955253,0.30470225,-0.35544688,-0.15680563,0.45167717,-0.014279437,-0.29354364,0.37260637,0.32996133,0.11670586,0.5670974,-0.05960786,-0.26619416,-0.21845959,0.015847918,-0.1493751,0.16471986,0.089181334,0.3352033,-0.058692116,0.8448032,-0.688665,-0.026686322,-0.24710573,-0.51896673,-0.7818379,-0.3794762,-0.45151085,-0.72998047,0.6211231,0.57013273,0.5280851,-0.07595738,0.3840625,1.110588,0.6432399,-0.8795249,-0.80475444,0.93850493,-1.028584
CGGCTAGTCCAAATGC-1,1.5721081,-0.2516779,-2.4086185,1.229504,-4.5515556,5.1506524,-2.4254386,-1.5911323,1.0087692,1.4704313,0.041632023,0.9152908,-0.733384,-0.038695533,-0.48479453,0.34789005,-1.3151495,0.26028958,-0.7885569,0.41598377,-0.3334675,-2.1366355,0.49959138,1.6093606,-0.12881497,1.5519651,-0.7405996,-0.7681099,-0.21484543,-0.7605411,-0.6559813,1.5750113,0.9498182,-1.4920458,-1.4323189,-0.22578083,-0.5702407,-0.94622594,-1.4601468,0.65415025,-2.2984676,-0.10035607,0.13753979,1.1529824,0.22218785,0.12133122,1.569268,-0.61542875,1.8277364,2.176959
CGGCTAGTCTGTCAAG-1,6.8188586,0.11109724,0.30248934,-0.40074337,0.4732713,-1.2328278,0.81921566,0.13721997,0.5339445,0.0021766596,0.43573758,0.117848724,-0.19965094,-0.5289734,-0.37524164,0.86350274,-1.2742859,0.5483808,-0.5964635,-0.33075792,-0.4906836,0.40809867,-0.9757414,-0.6542246,-0.13828556,-0.2568713,-0.45951626,-0.069636784,-0.53290963,-1.0481925,-0.09302309,-0.7458898,0.08648998,0.8924575,0.35468823,0.19524749,0.21178307,0.43582237,-0.16654134,-0.5448709,0.00642183,-1.1960087,-0.72870165,-0.5526399,0.6548173,0.23701228,-0.63942474,0.8245166,-0.11689098,-0.1726315
CGTAGCGAGAGTACAT-1,9.566329,0.7809834,-0.17762716,-0.1900755,1.5000668,-1.0951762,1.1505433,0.15434073,0.48207045,-0.2960113,-0.47916538,-0.553071,0.23914196,-0.053664546,-0.03398119,0.53463125,0.4082623,-0.22274114,0.10077328,0.6736273,0.033324953,0.25202426,-0.10395057,0.22271109,-0.0024357785,0.34178397,0.844365,-0.18342732,-0.02600902,0.40733746,0.16347326,0.45063818,-0.50998473,1.0821604,-0.3015193,-0.14477813,0.1952106,0.60923845,0.12216919,-0.00250877,0.4370215,-0.21515478,0.0744158,0.4840529,0.13471238,1.3064373,-0.26681516,0.0816536,-0.1630024,-0.043934245
CGTAGCGTCAGAGGTG-1,9.228546,0.65271944,1.0346985,-0.6313791,2.033878,-0.2627723,0.8233819,-0.42315,0.49781293,0.2978907,-0.4148997,-1.1772648,1.1947863,0.43451348,-0.2806466,0.4320674,-0.22100466,0.31573835,0.012528899,0.5828339,0.40020424,-0.069477,-0.07105454,-0.37365186,-0.0914441,0.81408364,-0.27572238,-0.32022354,0.9687407,0.21914527,-0.16289346,-0.10558594,-0.6385941,0.4514215,-0.15704723,-0.4273234,0.03329972,-0.040359892,-0.03725008,1.3041751,0.47200277,0.1510705,-0.24582362,-0.07790534,0.15606254,0.432105,0.74067724,-0.040213786,0.58004653,0.25211594
CGTCACTCACCAGCAC-1,10.23866,1.1151358,0.36007836,-0.62117136,2.366089,-1.0119615,1.136619,0.96483374,0.25344217,-0.031188974,0.7611053,0.08539945,0.14239314,-0.06449194,0.6103731,-0.121543355,-0.16887575,0.4668329,-0.23077048,0.5615618,0.92738384,0.045026623,0.40756756,-0.6932604,-0.18560483,-0.16320522,0.3064046,-0.37781298,0.1559494,0.22634992,-0.7898027,-0.6543647,0.4010507,0.31304857,1.2102715,-0.35169458,0.20243183,-0.042216893,0.061037764,-0.040581007,-0.3867863,0.76718664,1.0533717,0.5017003,-0.34356466,0.79024917,0.014511164,0.4340991,0.75117004,-0.53128034
CGTCACTGTGAGTGAC-1,8.321222,0.7024103,0.15895991,-0.143266,1.4617221,-1.5051736,0.9864501,1.1194597,0.033008926,0.3998711,-0.45860893,-0.39280853,-0.058890883,0.24382977,0.526194,-0.45744446,0.24211265,0.13443707,-0.45789063,0.6213083,-0.16533181,-0.3119287,-0.40571305,-0.1919608,-0.6051927,-0.037925623,0.043118082,0.11565992,-0.24218151,0.5126396,-0.034217987,0.48813483,-0.206781,-0.015722947,-0.7284051,-0.9292495,0.028619897,0.12902983,-0.5272042,-0.3651853,-0.086427234,0.47901592,0.007893764,0.083057135,0.3753534,-0.23763102,-0.52132154,-0.57708365,-0.010559693,-0.120069765
CGTCCATTCCTTGCCA-1,-1.7555434,-0.98841417,-6.797342,1.0936434,-6.379748,7.440151,-3.1391897,0.06973065,0.52955574,1.216663,0.20941864,-0.5213408,0.5991952,-0.9648019,0.6776444,0.69977146,0.4611897,-1.7625625,-0.44102183,0.42036226,-0.120525405,0.26173314,1.1618224,-0.4268102,0.5257696,0.27855647,-0.5507623,0.9607536,1.0331204,1.0740963,-0.36772698,-0.8256749,-0.99371934,-1.3326701,-0.58840555,0.2818822,0.012856192,-0.33736578,-1.0976237,0.19655113,-1.2333758,-1.2878928,3.6321993,0.4975358,-2.004075,-4.3095217,0.8234974,0.81378853,1.1256862,0.6832016
CGTCTACAGACACTAA-1,-10.415393,-3.1832972,-2.5669525,-0.76340973,-1.3174778,-3.4286878,1.7382196,-0.46187392,-6.1062584,1.7052207,1.682224,-2.0801585,1.1830767,-1.270033,-1.917828,-2.6211343,-0.3558414,-0.5842802,5.5467877,-1.0392928,-2.9487622,-0.3460167,-0.30102086,2.791452,-1.0739429,-0.7235412,-1.3618919,-3.0252569,1.1289684,-1.088915,6.60609,-3.8258734,2.1734986,-4.54155,0.7715166,-3.7259064,-4.3576174,-4.009904,-0.9291145,-2.3570144,-0.74621737,1.3884869,1.8027143,-4.4103518,-5.5858345,-5.8376904,-1.0242503,-3.9227173,-1.9375502,2.8124166
CTAAGACAGAGTAATC-1,8.475701,0.62490416,0.6684257,-0.2913359,1.3206841,-0.7755684,1.1974236,0.76652807,-0.7563314,0.42495003,0.64438736,-0.41591936,-0.4096361,-0.07499482,0.59442735,-0.05858267,-0.022872325,-0.21962416,0.68954957,1.2199475,0.9653478,-0.78976226,-0.0828777,0.37766814,0.6547275,-0.5699906,0.10193491,-0.18300448,0.7668693,-0.2976614,-0.18937723,-0.7541111,0.6417711,-0.093212746,-0.013880141,-0.04641923,0.11340494,-0.1532036,0.44638816,0.0053128093,-0.11607286,-0.6131374,0.18035422,0.002892036,1.0354309,-0.45122495,0.059863012,-0.1734156,0.2714738,-0.65737677
CTAAGACCATGCCTTC-1,8.0185175,0.45628488,0.12684894,-0.3798092,1.6867356,-1.0068761,1.0460149,1.2006193,0.0445964,-0.5383702,-0.13410805,-0.72706264,0.16603704,-0.13681516,1.0276463,0.07967215,-0.22236139,-0.14145817,0.23955524,0.05670864,0.29019174,-0.36249074,-0.29988834,0.65202755,-0.36478353,-0.16121244,-0.37993392,-0.65974385,0.33868206,0.6371913,-0.31902638,0.22710924,-0.61987907,0.22369856,0.38232422,-0.37260687,-0.19541132,0.42806432,0.20398057,-0.054186948,0.45648417,0.078708895,-0.5248525,-0.11991954,1.0915302,-0.3907759,-0.5800596,-0.16511935,-0.4031289,-0.80207175
CTACGTCCACCTATCC-1,9.230637,0.5974214,0.5170719,0.073817216,1.5634098,-1.1382468,1.0276634,-0.038106363,-0.11496456,-0.28709072,0.26957688,-0.7674371,0.6754508,-0.52733773,-0.2111213,-0.21848458,-0.38844424,-0.36209387,0.3437582,0.048615318,-0.88058007,0.18825686,-0.13013513,0.2836588,-0.3961421,0.010645688,-0.0062612793,0.5815055,-0.037719984,0.14826863,0.14553362,-0.18770339,-0.42276973,0.36387727,0.018839085,0.0062375544,0.34665418,-0.2636873,0.6858626,0.07379788,0.7098482,-0.13343805,-0.2817214,-0.28539014,1.451792,0.5485193,0.14749472,0.16246797,-0.57742596,0.57203543
CTAGCCTCAGTGAGTG-1,7.779589,0.46909416,-0.05673114,0.18618515,1.2208087,-0.68809515,0.27285448,0.8749135,-0.06739742,-0.042218994,0.58157754,0.00909605,0.47264597,0.8375212,0.1488726,-0.2661023,0.3148165,0.38354328,0.4394901,-0.46602476,-0.11146609,-0.29183823,-0.20422891,0.4294731,-0.28692737,0.045004472,-0.459259,0.03460475,-0.46025446,-0.17199846,0.8513339,-1.0636176,0.40694618,0.38700953,-0.14180893,1.1702691,0.010991854,0.04854226,-0.05563107,0.69979763,1.1765913,-0.58966005,0.2567734,-1.125775,1.9881179,-0.94118714,0.27709582,0.8539279,-1.1267123,-0.8895744
CTCACACAGTCGTACT-1,-2.1615512,-0.30407375,-4.6493692,-1.2267188,-3.760692,4.959194,-3.1744385,-1.8655075,0.5187705,1.2966073,0.45511997,-0.35538104,0.47386494,-0.40169963,0.54398364,-1.0995178,1.5826952,-0.69237566,-0.091179155,-0.49425873,-1.5268697,-0.69980574,0.829062,0.24828935,-0.50225693,0.7810069,0.17908956,-0.543102,-0.3785066,-0.99121875,0.40481675,-0.66633606,-1.4267664,-1.0649712,0.106422596,0.76855457,-1.4314318,-1.3634204,-0.7769062,-2.088528,1.1959218,0.8572661,1.0354754,1.6689067,-1.1270409,-4.4125905,-1.2681574,0.85250205,-3.905634,0.031815626
CTCAGAACATTCACTT-1,6.805499,0.88706654,0.4216369,0.31657958,1.1072834,-0.37634403,1.5780787,0.31187847,-0.4808561,0.85232455,-0.06844262,0.17543168,-0.0591169,-0.031764593,0.26629025,0.30797896,-0.7910306,0.13314107,-0.15048884,-0.08315715,0.71272975,-0.6044934,0.21874921,-0.4859839,0.299571,0.112614475,0.18528163,0.9547244,0.7062366,0.20653957,0.34463716,-0.3825926,0.67807674,-1.0455306,-0.5840087,-0.15140574,-0.63927543,-0.94780314,-0.5700887,-0.97098,0.29392385,-0.5899894,-0.04173694,-1.0175456,1.2479788,-1.2726616,0.3118739,0.6825178,-1.2041864,0.8865894
CTCGAAAAGACACGAC-1,9.397096,0.0045280824,0.10434189,-0.2805373,1.4884305,-0.68836707,1.2740816,0.14909875,-0.2353835,-0.13587023,-0.23171952,-0.17735745,0.068225056,-0.087578855,0.44580486,-0.012289992,-0.14451139,-0.14755009,0.24407169,0.7690031,0.55436873,-0.28500837,0.02115559,0.71946394,-0.8166793,0.4240054,0.03455704,0.0097397445,0.68594354,-0.10543423,0.11328528,-0.5488949,-0.02019155,0.49237758,-0.190219,-0.09655945,-0.3218895,0.25735158,-0.099024534,-0.47392198,-0.15970062,0.91832036,-0.4153129,-0.077638954,-0.20418188,0.67493266,0.18505235,-0.085907824,0.3664685,0.05520469
CTCGAAAAGTAATCCC-1,8.769267,0.8121293,-0.2483759,-0.11002055,1.6185509,-1.51457,1.2405767,0.29322368,0.111149326,0.33939597,0.40460098,-0.14026366,0.16725636,0.259538,0.5509068,-0.008331574,-0.46918887,0.16667086,-0.20110478,0.037249308,0.6571311,0.33700383,-0.06021404,0.51713496,0.3932507,-0.18477553,0.009252848,0.12893273,0.028608061,0.010433637,-0.057548277,-0.40931815,-0.2692136,0.7043181,0.14979762,0.19763057,-0.3912028,0.11869551,0.01962322,0.56584966,-0.1776183,0.57016885,-0.29253522,-0.39539573,0.72967595,0.668665,-0.06276805,-0.071973555,0.5433637,-0.19387665
CTCGGGACATTAGGCT-1,8.225286,0.926537,0.72119224,0.23070373,1.9269412,-1.5101992,0.28752327,0.24284273,0.05596356,-0.3495397,-0.09008752,-0.07079725,-0.41255215,-0.35550088,0.30212033,-0.16977896,-0.15701601,-0.5653549,0.52584344,0.40598384,-0.45380667,0.32354295,0.15228237,0.7997453,-0.35407987,-0.762315,0.44994438,0.57811195,-0.12470474,-0.16662192,-0.19736178,-0.12931907,-0.13342111,1.1243751,0.08821595,-0.03612363,-0.48154834,0.046293087,-0.06922951,0.032240827,0.08963686,-0.7341323,-0.44669712,-0.6043817,1.1066806,1.151482,-0.57734853,0.5176923,-0.98579204,-0.65981984
CTCGGGATCTCTGAGA-1,-14.283364,-2.5832698,-5.619555,-2.0620892,-4.1443653,-6.804398,0.24866022,-5.074843,-23.568182,-18.094198,8.579555,-30.514605,45.933826,-2.6063592,-4.968005,-42.47671,10.3077755,-13.496283,-9.006621,1.5190259,2.1323435,6.7774234,-10.088252,1.9358847,-0.31894302,-0.18597722,2.4917238,-1.5946548,-1.5311127,-3.2322776,-3.6207607,1.8429415,0.5350623,7.4864626,-2.729969,1.9271868,3.2964303,-1.2012932,2.8421044,-1.5488056,0.31242013,-0.50280464,-2.7728004,3.9509346,0.10689554,0.6724368,-0.8746062,-0.9281646,-1.3153572,0.038355015
CTCGTACGTGCAGACA-1,8.270223,0.5592487,0.7112869,0.4985944,1.3787154,-1.0214155,1.9605926,-0.041687775,0.43559197,-0.51530826,0.58845973,-0.21178085,0.55798125,-0.21088827,0.52897537,0.4976036,-0.19503443,-0.067192174,-0.7772148,0.07089089,1.5701146,0.6506963,0.4878535,0.60897,-0.20061144,-0.09862642,-0.5171484,-0.043591384,-0.4009104,-0.8181411,0.35758883,-0.675978,0.05590816,0.084453,-1.2173853,0.42790577,0.9940426,0.30558604,0.0069739656,0.11249503,-0.49713546,-0.35276788,0.060746696,0.42715237,0.092407234,1.2419089,0.9200215,-0.26928926,1.2187437,-1.0293114
CTCTACGTCAGTTAGC-1,5.033169,1.3642964,-0.13169447,-0.7258041,-0.036034532,-0.54307705,0.32707116,0.2887438,-0.019791638,-0.22977433,0.18515648,0.5665451,-0.18153033,-0.28731784,0.19874755,-0.7616257,-0.07242884,-0.12108752,-0.51815844,-0.21800849,-0.15296687,0.15253638,-0.4061954,0.10962861,0.522978,0.0015220466,0.6625072,1.4395307,-1.1931973,1.0982198,-0.12998137,0.8840122,0.11558351,0.26449245,1.281931,0.60053635,-0.857303,-0.92695457,0.5471951,0.091375075,0.58050275,0.10140358,-0.626262,0.98884773,-0.21304418,-0.9087244,-1.0046078,0.80199957,-0.44102865,-0.62788135
CTCTGGTCAGCTGTGC-1,8.395163,0.5856137,0.43915802,-0.40906823,1.5265923,-1.089458,1.0932255,0.703825,-0.58450717,0.37542212,0.6070147,0.4176314,-1.3031847,0.07924388,0.23015554,-0.9024061,0.5690026,-0.09502257,-0.094309896,-0.4268858,0.48354483,0.08186179,-0.46017697,-0.60832703,-1.154224,0.20156854,0.098829575,0.08677168,-0.050186794,0.70432687,0.55911434,-0.18922438,0.38252714,-0.7997285,0.052357625,0.0073871557,-0.5329768,0.6736871,0.81686264,0.2094255,0.4952831,-0.12749527,0.12865685,-0.6124496,1.1226782,0.68498427,-0.1382769,0.16235285,-0.19338317,-0.3749631
CTCTGGTTCCCAGGTG-1,-16.173973,-1.8868899,-2.413603,1.2456285,1.0872153,-1.1023079,2.0796373,0.6556062,-3.1637416,3.4992177,1.2014008,-3.168414,0.5336486,0.55656344,0.8521182,-2.1324604,-1.2601455,-0.613785,3.4975379,-1.3199153,-2.5193365,0.27842522,1.1082138,-2.0672977,0.6894573,5.521526,0.6868212,-2.1889334,-2.767969,2.3143332,3.389924,1.1371863,1.1642743,-2.7312696,-1.4356384,-5.3818407,-5.6559205,-7.234751,-1.4353763,-0.16222344,2.1034522,-6.6369553,3.2073352,0.13398726,-4.0605516,-0.30982372,-16.023973,7.362884,-0.53484833,-1.5067295
CTGATAGAGAGCTTCT-1,-22.042358,1.365174,-8.652057,7.0679736,-8.719297,11.085531,81.882774,-8.255572,29.279936,-15.504773,-8.863716,9.882757,-2.7274191,5.1431956,-8.924203,-10.764615,18.383268,0.4287631,3.496891,-5.0505266,-4.20305,2.0786889,-2.7128692,0.20052525,2.4868572,1.2707621,1.3852743,1.183182,1.7757921,3.3144917,-0.12880592,-0.72123015,0.8536545,-1.6450506,0.08520751,-1.7194483,-0.6277149,-2.0543525,2.0888896,0.5628187,1.3884181,1.4958417,0.4315679,-0.44338024,0.28515115,0.19614007,0.6519164,0.3638382,-0.53548795,-0.7490804
CTGTGCTTCTCTGCTG-1,9.293635,0.44931865,1.078977,-0.30104545,1.2335023,-1.5201497,0.19927995,0.77272236,0.3783627,0.14597146,0.3606102,0.3577876,0.33666912,-0.7080896,0.2842057,-0.40547475,0.9109246,-0.5037599,0.14912832,0.15606117,-0.10801335,0.6200128,0.74951154,0.8069683,0.2931278,-0.6601007,-0.1079668,-0.44240963,0.44295785,-0.12885426,-0.39580458,0.6392767,-1.1128018,0.70232135,0.43420067,0.15045676,0.30990192,0.19402462,-0.21221648,-0.21557017,-0.10000222,0.6314414,0.25870863,0.8974751,0.7392202,0.5362541,0.45520964,0.45852283,-0.051122624,-0.30392686
CTTAACTCAACTGGCC-1,6.004892,0.055366702,0.13852382,-0.42011482,1.2964141,-0.5133266,0.9784429,-0.027718216,-0.19656795,0.44292596,-0.09774019,-0.2840718,0.77977747,-0.434232,-0.31079617,0.4873481,-0.73873854,-0.44699737,0.38414627,-0.06454384,-0.15170094,0.020117478,0.15190886,0.35136887,-0.3839872,0.08721045,-0.18441093,1.4200708,-0.24061523,0.08997163,-0.42120498,-1.6789434,0.52491516,0.82391924,-0.3290212,0.22763242,0.1325118,1.3702992,0.9995331,-0.8600399,1.5060796,-0.6180215,0.24929899,-1.3625175,1.3423291,-0.83463585,0.83533126,0.04202492,-0.39385828,-0.23986697
CTTAGGAAGAGTGACC-1,10.417624,0.5209046,0.7691176,0.47004038,1.3517939,-1.383188,1.6163567,0.6673316,0.08968646,0.34806705,0.41630858,0.25289187,0.34206748,0.44065097,0.53424907,0.092772566,-0.18763204,-0.51352686,0.039558664,0.5887683,0.26266998,0.644093,-0.078041814,-0.52138627,-0.002545015,-0.15124135,0.12491901,-0.9351025,0.41129056,-0.3442871,0.6145547,-0.3032573,-0.6079512,0.8000395,-0.16212384,-0.091813795,-0.38870442,0.40888354,-0.14772363,0.8058499,0.26521084,0.5307699,0.44748428,-0.1471924,0.14390919,0.88610125,-0.4011445,-0.1186599,1.089555,-0.13987312
CTTGGCTTCTGTTTGT-1,9.986918,0.4465913,0.009408706,-0.5080506,2.3921947,-1.7430431,1.4296688,0.7109555,0.40437758,-0.4937816,0.47581977,0.3814324,0.5958759,-0.1717864,0.43486702,-0.8073384,-0.10941615,-0.4170073,0.071260154,0.46704537,0.36809742,-0.5325827,-0.15177652,-0.20760928,0.124056,-0.07335458,-0.5660165,-0.3054887,0.5761291,0.40476263,0.36384195,-0.41033697,-0.36780846,-0.50032794,-0.23411864,-0.21258415,-0.37067407,-0.2534039,-0.53607446,0.7426725,0.75594527,0.39961335,0.04369461,-0.028283935,0.16326697,0.04672609,0.3185567,0.22320643,0.025667347,0.08021576
CTTTGCGAGGCACATG-1,-10.8670845,-1.0225663,6.844129,0.55481106,-2.0019038,-4.285716,-2.2606416,-3.5270655,-0.0536052,5.442787,-1.7607847,0.93993455,-1.115698,2.731224,-3.648862,-0.22954188,-1.0534991,-2.0201573,0.0009551346,-1.0582844,-6.024317,-0.26850843,0.30581602,-2.1091962,7.2989516,5.1293216,4.101916,-1.0648409,3.8235857,0.51030034,3.1850636,4.0710363,4.3447666,-0.40808803,-0.78175277,-7.52832,-4.2846236,-8.1212435,-6.604887,-4.6567497,3.0403955,-8.665725,9.121723,5.588731,-2.5682828,-1.0545325,-11.239811,4.978736,-1.1549245,-3.1780312
GAACGGAGTATAGGGC-1,-1.9356859,-0.3974817,-7.1352944,1.2134635,-9.186858,12.476558,-5.962067,-4.0794163,5.5450816,4.3576903,-0.62448794,-1.6729902,1.0154803,0.8609841,1.0957146,-0.1824475,0.17132133,-1.1101291,-0.90586215,-0.00025308464,1.4232672,0.07342492,0.034930483,-0.20924167,-0.6395007,0.65086347,-0.40511155,0.9811195,1.1645757,2.488041,2.569653,1.1539686,0.09170794,-0.114177845,0.34669498,-2.181667,0.109294645,0.30046305,-0.8185975,1.5066072,-0.20993735,1.0537592,-1.2940023,1.471598,0.04639688,3.786812,-1.078741,1.7151132,2.0325246,-1.0727983
GAAGCAGCAAACGCGA-1,8.393406,0.15773828,0.33853808,-0.3660648,0.95132357,-1.385608,-0.13218443,-0.07307105,-0.6111051,-0.32909262,-0.18306282,0.111616015,-0.2587541,-0.94555014,-0.42395976,0.12437316,-0.15169308,0.10400816,0.42932793,0.91083694,0.20862332,-0.231172,0.5946241,0.6699485,0.6874158,-0.08857991,-0.2990342,0.5968916,0.06640996,-0.34663826,0.35685077,0.36411986,-0.51165676,-0.27736983,-0.45889655,0.37463707,0.18457204,-0.3597008,0.32476875,-0.30075565,-0.22218832,0.055515006,-0.23239222,-0.6285366,1.7565551,-0.42195094,0.3472034,-0.06801544,-0.91727054,0.14108549
GACAGAGAGCCACCTG-1,10.007003,0.17166388,0.31770715,0.026004493,1.2382051,-1.4868367,0.977149,-0.104216635,-0.37095356,-0.5759767,0.5094319,-0.10106294,0.19646634,0.014706465,0.24699302,-0.65409076,0.28987592,-0.2313023,0.013619051,-0.05855063,-0.21087787,0.041829437,0.031638954,0.8551674,-0.3423606,0.26276398,0.32958907,0.073667124,0.73933715,0.12291615,0.21051382,0.25291738,-0.7245021,-0.22638938,-0.14855926,0.29663396,-0.3132405,0.13433759,-0.6195936,0.7995321,0.16882671,0.16207248,-0.11116539,0.096393175,0.19189796,0.05955606,-0.12958865,-0.22775401,-0.00090939715,-0.35536006
GACCAATTCTCGATGA-1,9.513541,0.27429152,0.15220633,-0.25953782,1.5053041,-1.0540221,0.9791187,0.8011817,0.120300636,-0.17716345,0.29396427,-0.45487103,0.4558081,-0.10465494,-0.19021063,-0.42270768,0.11723055,0.040250007,-0.12340024,0.2179732,0.22698313,0.031329874,-0.53960705,0.38776547,-0.09955994,0.34743878,0.22502623,0.039292034,-0.13504174,-0.020290423,-0.069585636,-0.38813913,0.027355764,0.47340435,-0.47922644,0.389387,0.16038203,0.6104172,-0.5219998,0.174825,0.54029125,0.87599427,0.40731147,0.7727712,-1.1380165,1.1022388,0.2751332,0.35661834,-0.027062368,0.7061079
GACCTGGAGTTCCACA-1,-2.0851495,0.1434355,-5.3505054,1.6226178,-6.932556,8.937885,-1.7928796,-2.5147197,1.6119735,3.6119177,-1.1768085,-0.6130156,0.61681783,0.74868566,1.0599586,0.11719064,-0.41618255,-0.4676634,-2.1400383,0.17880319,2.1763647,0.47594842,-0.76295894,0.95472455,-0.92927647,0.7166614,1.2203156,1.0039713,2.1105204,0.13132036,3.3497858,-0.55869204,1.0259781,0.026616747,0.30804408,-2.4848604,1.2565855,-3.1317213,0.52367514,2.2417214,0.0689524,-0.7992584,0.4465986,-0.44283333,1.4097844,2.898774,0.37230757,2.3382328,1.8215811,-0.20689291
GACGGCTGTAAGGATT-1,1.26816,-0.28029755,-1.7783456,-0.04977426,-3.500265,3.1844244,-3.418997,-0.018935526,0.8352383,0.6144799,0.31792015,-0.67546695,-0.1614534,-0.45166102,-0.31244826,-0.49945816,-0.25293988,0.8493359,1.2162125,-0.78269297,-1.894605,0.8142702,0.12747206,-0.71651226,0.35901487,-0.6017215,-0.86003214,-0.9980645,-0.53944445,-0.38486245,-1.1803309,1.9723283,0.43331474,-1.2835164,-0.911365,-0.5062149,-0.16136822,-0.09701256,0.13024715,-2.1862485,-0.23569074,0.046664078,-0.30220345,-1.1278987,-1.5020452,-2.884699,-0.6969045,-0.27290407,-1.2647616,0.82805103
GACGGCTTCAGCGACC-1,-3.723559,-0.52592933,-7.5791664,2.307837,-6.3450017,9.615931,-3.1662004,-4.0745215,0.768344,5.494092,-0.6390075,-2.7890778,0.5214824,0.8427485,3.5613456,0.6786727,-0.45237795,-1.7589471,0.18279865,2.7043083,3.2387288,-2.8800154,0.54753613,0.50921476,0.44548848,-0.0044655805,-0.42944854,0.6752534,2.2833035,3.7187927,2.2764325,-4.2065606,-2.1073508,1.2756333,1.3959473,-0.43432274,-0.91538996,-1.3887147,1.4869901,-0.331793,0.94932157,-0.72730345,3.1435015,-1.0135648,5.370527,3.188762,1.8682563,-2.0897365,8.137572,-4.5388036
GACGTGCTCGCACTCT-1,10.160949,1.022429,0.08259454,-0.06969946,2.0671606,-0.9489709,1.0466684,0.27727956,-0.027499638,-0.385094,-0.03206906,-0.64955306,0.084099635,0.12726967,0.39131874,-0.041705742,0.30835992,-0.13007393,0.51250297,-0.63267916,0.46548897,0.068766624,-0.43825167,0.43800193,-0.4607214,0.040304817,0.6494162,-0.37398738,0.13990252,0.41469133,0.052466556,0.16475858,-0.30980638,1.0537086,-0.23511483,-0.61404216,0.4393694,0.07466467,0.25957012,0.21977463,0.24194571,0.8318195,0.46569243,0.941313,0.7212104,0.61510885,0.120685235,-0.14288968,0.36324218,0.3548982
GACGTTAAGAATCTCC-1,-6.887057,-1.5736622,-5.556292,1.3439128,-5.803311,7.0003176,-1.8270409,-2.3766878,1.5815665,1.9115573,-0.74978024,-1.3960346,1.4245327,-0.53869593,0.34634325,1.5493437,-0.26658955,-1.0338758,-1.2864283,2.8053343,1.9838285,-0.23872438,-0.40795177,0.9870052,-0.101482175,-0.7296279,-1.6988617,-0.48399928,-0.9317955,-2.243555,-0.9024648,0.03731577,-0.59746397,-0.7188707,-1.0566432,0.2807137,0.82219344,-0.31122196,0.07618762,-0.31513566,-0.8729872,-0.07370636,1.3087766,-0.32529026,0.50412965,-3.1206777,-0.11040024,0.23217082,1.0661197,0.41142803
GACTAACAGAGACTTA-1,9.929873,0.5925418,0.912379,0.01051769,1.7625574,-1.911478,0.9398155,0.7398075,0.8135471,-0.22660469,-0.48879513,-0.18951118,-0.019075835,0.4833146,-0.20358863,0.5134762,0.07628296,-0.52791643,0.28276598,0.4609098,0.7863921,-0.42889437,-0.21688327,-0.8392254,-0.4803247,-0.42819202,0.18227968,-0.5329331,0.3054647,0.19078045,0.66364324,-0.14535636,-0.13479632,0.03199017,-0.20947899,0.13349524,-0.024293669,0.11653353,0.11601502,0.6226686,0.19312415,0.45751286,0.16697387,-0.230213,0.11041834,0.58645284,0.36746603,0.46219105,0.10801815,-0.24013714
GACTGCGTCCTCGCAT-1,10.255085,0.7425676,0.24246177,0.077062,1.6174816,-1.9642922,1.0516962,0.7829036,0.30176777,-0.13964792,-0.28601655,-0.27512458,0.23455453,-0.5334161,0.9027357,0.09629805,-0.48681784,-0.33199254,-0.40271866,0.1806955,0.43349352,-0.28224066,-0.20230679,-0.85364395,-0.23438802,0.6172887,-0.15667515,-1.2779356,0.5132606,0.30323717,0.022956638,-0.34821835,-0.8908275,-0.13821153,0.15680848,-0.4633854,0.056540288,0.6709644,-0.3486065,0.62185556,-0.8483338,0.52920526,0.9211448,1.2028441,-1.1529994,1.1852645,-0.2461585,-0.5842601,0.826312,0.027366087
GAGTCCGAGACTAAGT-1,-2.454231,-0.047153436,-6.5122085,0.72013104,-8.762848,9.692725,-5.916107,-3.6797495,3.2205327,2.4652684,0.8194008,0.6422067,0.61725605,0.747777,1.0683637,-1.3374897,2.0200677,-0.08070458,0.7981876,0.40043107,0.15751593,-0.94967383,0.26527208,-1.322619,-0.708025,0.75146705,0.3408107,1.1008108,0.057197943,1.7648618,1.2760441,1.5916876,0.2855177,0.024020314,2.1051135,-1.1545084,-1.7292621,0.75608873,-0.84486943,1.6670808,-0.3330936,-0.2576358,0.03548427,1.3467014,-0.092859976,0.8505474,-1.4616627,2.8415709,-1.4108369,-1.7498732
GAGTCCGAGTCTCCTC-1,5.7519274,0.05451456,-0.27215564,-0.138179,0.15818852,-0.70129883,-0.5765231,-0.5365494,-0.9279505,0.31403875,0.11027891,0.122364596,-0.69417065,0.12957159,0.15549213,0.51931244,-0.9740545,-0.24850677,0.15712355,-0.15826608,-0.58151084,0.1037698,-0.31370395,-0.6331313,-0.049258918,0.6554955,0.62897617,0.19341546,-0.6272331,0.15566956,-0.17612433,-0.10503373,0.56302625,-0.17863019,0.42462865,-0.5240161,-0.36068305,-1.3235352,-0.5361755,0.25993454,0.3842382,-0.9401581,-0.029120209,-1.1225413,0.97438043,-1.3213353,-0.5134978,1.2119609,-1.4486076,-0.45737076
GATCGATGTACCTACA-1,12.971828,1.5071794,2.0259316,0.11295537,2.8363419,-2.432444,1.3485479,0.69476616,1.8310399,-0.8301539,-0.17188741,-0.28498462,0.39646542,0.14406088,-0.34888744,-0.50122476,0.20839205,-1.7097107,-1.0930303,0.25012806,0.56720376,-1.2204857,1.0353413,-1.1939082,1.3448797,-0.29419956,-0.38955742,-4.615745,2.532621,-0.48977736,-2.2093513,2.2091215,-4.539817,-1.2212818,-0.9187643,-2.5754201,1.4570378,0.36151797,-1.8570915,-0.021079611,-6.3684416,8.514347,5.549693,10.204385,-14.104866,0.4555442,-1.5084051,-1.6725233,5.5163846,3.620825
GATCGTATCCACGACG-1,9.592393,1.1322972,0.2624144,0.01999585,1.082716,-1.2030197,0.5689251,0.49336392,-0.51113564,-0.3184437,-0.115038395,0.1138619,0.058875542,-0.60235846,0.4974172,1.1583011,-0.20725244,0.19316943,0.6835867,0.14139554,0.6002853,0.14909035,0.07390722,-0.31326458,-0.24712904,0.93226725,0.16156551,0.74536496,-0.19556609,0.5877495,-0.06626946,-0.38554716,0.75794,1.1525277,0.20337197,0.6254906,-0.79571605,-0.024221633,0.34486485,1.010038,0.010814764,-1.1646074,-0.40397376,0.20421444,0.61066735,0.05661624,-0.8319033,-0.06728735,0.26931795,-0.6147001
GATCTAGGTATATCCG-1,6.9725375,0.2358036,0.065482005,0.086382456,2.1410792,-0.32048467,2.311781,0.051420372,0.3356459,-0.00056508696,0.29514968,-0.6981631,0.9553163,-0.8506487,0.45095468,0.08348759,-1.9899454,-0.32149202,0.005057657,0.8333145,0.46379822,0.09857755,0.4151245,0.8342131,-0.84211445,-0.2692124,0.19275379,0.6250911,0.48533615,-1.5602779,0.2566436,-0.10643065,-0.19500563,0.09642704,0.45649529,0.8018455,-0.6292085,1.1178969,0.6299094,0.041787427,0.23161379,-0.5395305,-0.8236232,-0.16111892,0.41666153,0.12566286,0.5599751,-0.12716623,-0.46133894,0.05585414
GATGAAATCACATGCA-1,9.728357,0.37587976,0.98101884,-0.2527282,1.9956716,-1.460173,1.1521572,0.73593503,-0.09569475,0.027876131,-0.11167129,-0.16423258,0.7461529,0.3050287,-0.21085182,0.1542089,-0.3487737,-0.33725625,0.2593529,0.77439755,-0.399127,-0.043373894,0.3461604,-0.050315686,-0.12515962,-0.82942766,0.034728676,-0.27261233,0.0990945,0.21997648,1.164985,-0.031022746,-0.86312824,0.6001594,0.16320105,-0.51514304,-0.30856955,-0.8397457,0.039658286,-0.20017895,0.47568318,0.2620652,-0.62029564,-0.44897994,0.6416777,0.87777174,0.7048009,-0.6219638,0.14695472,-0.6598402
GATGAAATCGTTTGCC-1,9.669329,0.82041544,0.5823999,0.3351456,1.7431245,-1.417277,1.04837,0.46869245,0.12470833,-0.21725263,-0.31907287,-0.2640931,0.44877616,-0.36852655,0.38755298,-0.11203296,0.06385544,-0.001028734,0.39028823,0.04366321,-0.48165795,-0.28448516,-0.11449726,-0.22564778,-0.10649659,0.55436635,0.23518434,-0.16994973,0.19162592,0.4114544,0.23393266,0.053743623,0.21193047,-0.5237077,-0.08325345,-0.17149192,-0.105786085,0.4150071,-0.37983215,0.36038318,0.2452365,0.559154,0.33106908,-0.080018446,-0.5295679,0.54644316,0.10966109,-0.47712207,0.053312413,0.2630037
GATTCAGAGCATGGCA-1,8.091365,1.4529644,0.14720273,-0.21557337,2.097898,-0.29713592,1.1449884,-0.5254137,0.091420874,-0.5117377,0.011200689,-0.4789554,0.2882182,-0.44171962,0.27592808,-0.26550922,-0.87407714,0.2608112,-0.5872873,0.0015347458,-0.2698593,0.39330393,0.056992065,0.6745012,0.19810475,-0.12812589,0.4658837,0.023743626,-0.78759855,0.064074606,0.7403858,-0.17854379,-0.014260028,1.0937723,-0.22070338,0.078306995,-0.79743886,0.85607886,0.9850659,0.117477655,0.7258184,0.38130146,-0.7461736,-0.53465354,1.2508758,-0.4683892,-0.36209607,0.62259567,-1.2709455,-0.02457044
GATTCAGGTGTATGGG-1,9.179978,0.034959573,0.21923041,-0.31312272,1.2564075,-1.1890163,0.93315387,0.54600227,-0.27972612,-0.33956835,0.20874067,0.15963776,0.06744889,0.08119294,0.13131732,-0.34878477,0.13271435,0.08065016,0.14960441,0.25664356,0.729403,-0.5869339,-0.14464235,0.28123784,0.18418032,0.20773713,-0.23676787,-0.85327953,0.4305738,-0.15717791,0.20285809,0.06358791,-0.61523193,0.39285588,0.16412285,-0.2735204,-0.39243287,0.30668375,0.750645,0.31380203,0.5990153,0.060415972,-0.48650613,-0.045758706,-0.34098017,0.22376668,-0.5186767,-0.29484117,0.56974155,-0.41845986
GCACATAAGCTCAACT-1,8.450303,0.43682584,0.17790852,-0.39439633,1.4899954,-1.1209359,0.07295523,0.37217906,-0.41816324,-0.8933614,-0.17761225,0.059010208,-0.28444576,-0.1299115,0.54086417,0.1159211,-0.2388099,-0.25525364,-0.26341164,0.27661902,-0.049743306,0.25229996,0.04058938,0.15535054,0.03135771,-0.5365775,0.012274828,-0.16040516,0.08551586,-0.055606693,0.1792278,0.034104377,0.47280753,0.121272966,0.5725356,-0.3311783,-0.25507888,0.14071286,0.16054158,-0.07859351,0.2217491,-0.4356272,-0.03242772,-1.0160509,0.7666605,-0.53800374,0.26684666,-0.5735141,-0.36342174,-0.35129383
GCACTCTGTTAAGAAC-1,6.718647,0.3756788,0.6115944,-0.5358973,-0.02310354,-1.0592988,0.48194435,-0.18651798,-0.20886338,1.065696,-0.55949175,-1.0366387,-0.19420639,0.17024347,0.32956454,-0.36171734,0.35755923,0.28978056,-0.021943266,0.14127763,-0.96289426,0.036332402,-0.09294935,-0.13885273,0.66943604,-0.036943547,-0.3973744,0.6313844,0.13196105,0.071737595,-0.8369615,-0.027992444,0.4106846,-0.17443627,-0.83783126,0.07109797,-0.6905693,-0.70497686,-0.4058281,-0.08730501,0.6726639,-1.1795998,-1.0846207,-1.089946,1.1411556,-0.37491888,0.8713714,0.2104287,-1.3294786,0.56873894
GCATACAAGAACTCGG-1,8.315523,0.22236024,0.4958234,0.077053465,2.1082509,-0.90689945,0.1808541,0.31202665,0.42376173,-0.5178241,0.16107602,-0.7480838,0.35708714,-0.27812943,0.260845,-0.04511907,-0.418596,0.37042403,0.65076154,0.71871316,0.3600145,0.30882624,0.09645365,-0.09241087,0.44878405,-0.14435023,-0.64886725,-0.63152224,0.5534186,0.09204257,0.19195916,0.3242047,-0.31596878,0.13809328,-0.011756644,0.37349424,-0.9740171,-0.24589753,0.51782244,0.012075991,-0.26928183,-0.46636447,-0.20380677,0.27565953,1.6821136,-1.2410513,0.6064773,0.53819114,-0.1671453,-0.87186944
GCCTCTACATTTGCCC-1,8.043734,0.10355434,0.6219043,0.58467424,1.4835434,-0.5024426,1.0301598,0.31780985,0.6150339,-0.08040359,0.5345181,0.4200623,-0.09858989,1.0731522,0.34025118,0.15338968,0.400754,0.075762644,0.007982617,-0.14468977,0.12259234,0.42318934,-0.55803156,-0.32787895,0.69864106,-0.20243332,0.078558415,-0.55378926,-0.019352641,-0.0348475,0.76066965,-0.13893843,0.17542534,0.3141639,0.4076624,0.46983248,-0.5407444,1.0834261,-0.47327414,0.67655647,-0.18020153,-0.6758941,-0.48614934,0.05513764,1.0921621,0.4707874,0.22199762,-0.33316195,-0.9397645,0.1651328
GCGCAGTGTGCGAAAC-1,9.239599,1.0528302,0.6622551,-0.55506134,0.9683575,-1.1038402,1.2753838,0.09224412,0.410129,0.13816732,-0.022859383,0.067736246,-0.028234268,-0.11191558,0.29243055,-0.18966982,0.11281913,-0.19806623,-0.16448644,0.4053067,0.29446828,-0.19648847,0.25306258,-0.30596417,-0.45559445,-0.60192364,-0.17736964,-0.743057,-0.3009263,0.33480778,0.30999312,0.20423184,-0.31255138,-0.2509006,-0.4907068,0.45394123,-0.17289616,-0.17067663,0.18913066,0.16070181,-0.06497379,-0.18756565,-0.6370146,-0.6178381,0.5059755,-0.07216453,-0.52736354,-0.0071219085,-0.016532637,0.21736841
GCGCCAAGTCGAACAG-1,7.2148385,0.022136701,0.2832323,-0.14725257,0.52121574,-1.5912606,0.08514967,-0.40065253,0.507222,0.42769864,-0.52380055,-0.5398526,-0.55811423,0.34943786,0.33204642,-0.12445157,1.2212812,-0.2592973,-1.3384775,-0.825881,-0.2388674,0.6752746,0.54069924,-0.9532517,0.8737497,0.79817957,-0.32151768,-0.02690059,0.11988611,-0.10676591,-1.2444997,0.54481995,1.1467291,0.12835345,-0.02067319,-0.1436899,-0.9906726,-1.398432,-0.69687456,-0.21964537,0.07500121,-0.87396145,-0.9519751,0.26769406,0.31414732,-0.5804812,0.10340118,-0.36826095,-1.0426977,-0.16644752
GCGCCAATCATCTGCC-1,10.067665,1.5070047,1.0091474,0.058673386,2.2030778,-1.6449434,1.0271095,0.08431306,0.23421742,-0.14931154,0.12588279,0.075632736,0.25264356,-0.08471064,-0.2123933,0.019324472,-0.24393845,-0.47116065,0.34921888,0.21181756,-0.23186553,0.020954717,0.22049317,-0.032435622,0.10751842,-0.16341232,0.3105532,-0.44405082,0.25145152,0.027543506,0.32929787,-0.060559653,-0.538282,-0.20852947,0.15502375,-0.42822945,-0.04407339,0.4246973,-0.54652494,0.567577,-0.21057205,0.72387123,-0.14389952,-0.24198392,0.05553706,0.5287083,-0.9981622,0.42306453,0.91224116,-0.22272766
GCTTCCACAGGATTGG-1,8.873009,0.7010415,1.2441868,0.30032808,1.8273153,-0.51756084,0.51690227,0.80785894,-0.28158358,0.0072383154,0.28757393,-0.75409377,0.19005246,-0.28479385,-0.14983642,-0.10223214,0.6291192,-0.3060792,0.19489701,0.5815388,0.2458404,0.2336732,-0.16888033,-0.07592721,-0.7302895,-0.16097198,0.21754391,-0.45981783,0.31667808,0.19881038,0.357131,-0.55963206,-0.54920894,0.28527108,-0.11905951,0.10752294,-0.28267238,-0.41868728,-0.3840744,0.32549435,0.22830217,-0.33829895,-0.2157934,-0.2947932,0.42071557,0.62514055,-0.38830736,0.12745087,0.22711211,0.032728843
GCTTGAAGTATAATGG-1,9.422485,0.8445801,0.776843,0.025518756,1.538189,-1.149478,1.0943059,0.5807243,0.0410298,-0.17370747,-0.3173306,-0.6845485,0.32857025,-0.20075606,0.044367798,-0.21135679,0.066486046,-0.48726395,0.7839331,-0.15999977,-0.038874537,0.22087483,0.8429753,-0.5132158,0.14875928,0.29149634,-0.3636364,-0.08421251,0.38184366,0.8397942,-0.15328974,-0.9068636,-0.48399046,-0.20084749,-0.06509097,-0.10528018,0.2520664,-0.19297893,0.24291985,0.1289549,0.46539855,0.022727614,0.11973533,-0.119836174,-0.25297162,0.105668105,-0.4941582,0.15730515,1.2345335,-0.121688455
GCTTGAAGTGTGAAAT-1,2.0312755,-0.16992508,-3.960837,1.0863748,-6.1045847,8.328011,-4.340451,-2.5766647,3.3181326,1.5605099,-0.33477488,-0.6337783,1.0693445,1.8282913,0.68588245,0.47889018,-0.8065406,0.39262453,0.8448676,-0.10311657,-1.0564556,1.3586549,0.11402529,-0.35737076,0.66528577,-0.57246166,0.45368022,0.51539165,-0.037601136,1.1219846,0.6998586,0.40912575,1.0106486,0.16477783,0.654062,-0.859869,-0.64331937,-1.8098327,-0.3865705,0.871946,0.6201943,-0.1753054,0.039638344,0.2327796,-0.31149155,0.35147643,-0.23779383,0.8216071,-0.2593316,1.1725928
GGAAAGCAGACTAGGC-1,-0.755296,-0.23022881,-5.5334373,2.3373466,-9.036464,11.712227,-4.6980433,-3.8211884,4.8704495,2.6156068,-1.4836046,0.20792964,0.054640826,0.006082486,1.5269731,-0.4656679,0.45080128,-1.4232819,-0.6321145,1.929216,1.4251989,-1.3189608,-1.9251462,-0.8442433,-0.9945372,0.37336823,1.8249809,-0.15242296,2.2568932,3.1461556,1.6218098,0.93105143,2.213161,-0.18242092,0.7531921,-2.8857882,-0.29671037,-1.1820832,-0.7271663,0.7588567,-1.5230238,1.4655411,-1.7261636,2.722841,0.94006187,4.36722,-1.8787701,2.3168375,0.82848316,1.837869
GGACATTAGCGTTGCC-1,9.44577,0.7239184,0.77046025,0.16266029,1.8663491,-1.591693,0.8430272,0.39175257,-0.14568533,-0.57886404,0.40248266,0.087157264,0.062556244,-0.22656134,-0.26763687,0.18692382,-0.2164194,0.27391216,-0.23764649,0.4177372,0.45963886,-0.51804584,0.2635286,-0.25504735,-0.07916851,-0.14379618,-0.06541643,-0.3382108,0.25967038,-0.3490891,0.24236973,0.23487385,-0.6277838,-0.30968022,-0.043133005,-0.057904992,0.66865045,0.27243736,0.014736212,0.4533931,-0.1773123,-0.5592239,0.5380666,0.27372462,0.29596305,0.7956677,0.27078083,0.091874294,-0.12967658,-0.33866173
GGACGTCCAAATCCGT-1,-1.0786616,-1.4129436,-5.8140397,0.75480086,-4.7198634,6.135436,-3.7869134,-0.23083475,-0.055213492,1.3379774,1.1930354,0.61793715,-0.15640926,0.4774768,-1.6274989,0.4366216,1.2915922,-0.7413233,0.11518218,-0.020016462,-0.68399405,0.029801657,0.36500046,1.0174142,1.1093047,0.18956585,-0.73299277,0.30979842,-0.7352421,-0.5902641,-1.1935276,-1.7671964,0.66077226,-0.3369659,0.5346259,-2.2937882,0.54633474,-0.66119176,1.3373204,-0.5210137,-1.9775887,0.23283085,-0.6951097,0.45421174,-1.1587292,1.1317393,0.3184781,1.1012008,3.580303,0.24408418
GGACGTCCAATGTAAG-1,8.38014,1.3398482,0.57241976,0.11836758,0.7856543,-1.3824694,0.43846115,0.1910662,-0.41966915,-0.12806812,0.31196466,0.299812,-0.6178372,0.24870256,0.14588696,0.043193884,-0.15908477,-0.2769475,0.06634727,0.6995323,-0.74723774,-0.5862166,0.09040685,0.36798608,0.16336246,0.27531376,-0.15349199,-0.24849209,0.26433185,0.2301601,0.29932308,-0.17248453,-0.11303813,-0.09187389,0.19987352,0.21707647,-0.16187905,-0.6975838,0.477094,0.74783766,0.114133075,-1.1660919,0.6096777,-0.5150757,0.58095443,1.1749767,-0.08159279,-0.7199431,-0.016124168,-0.5467787
GGAGCAACACATGGGA-1,9.530719,0.5317711,0.59266853,-0.70959306,1.5180511,-1.9571776,0.692248,0.077239804,-0.39257613,-0.72873384,0.28017783,0.4482244,0.81689423,-0.30651358,0.12484192,-0.4033796,0.10585155,-0.8988742,0.33077493,1.4238586,0.26859576,0.42076343,-0.55188584,0.11626018,0.17510343,-0.2751574,-0.47604614,0.15461549,0.68061113,0.36270392,1.0108045,-0.11191977,-0.61480385,0.38840348,-0.058359206,-0.049522597,-0.13608035,-0.4199076,-0.3275992,-0.40940762,0.16440766,0.028468523,0.39383584,-0.40870738,0.6584567,1.0367237,0.27127108,0.2597465,0.24407816,-0.32715756
GGATTACTCGCTTGTC-1,9.46551,0.49174666,0.1475946,-0.2642066,2.1833289,-1.0330467,1.2336516,-0.069002666,0.23157606,-0.025095206,0.30554056,-0.22737886,0.8304124,-0.12353379,0.80553544,0.036871076,-0.70661885,-0.39939067,0.47467107,0.88641554,-0.07603533,-0.24354458,-0.10159851,-0.058990236,0.34843317,0.025176333,0.2387194,0.13204858,-0.17665714,0.10914782,0.1448443,-0.124914974,-0.4376103,-0.10031085,-0.16092303,-0.06667092,-0.019412369,-0.2981888,0.25443986,-0.255241,-0.09629904,-0.9055723,-0.4031191,-0.95009315,0.17142445,0.24045885,0.35452062,0.116495594,-0.22501013,0.1643218
GGCCGATCATAGTAAG-1,7.794053,0.34577146,0.31621635,-0.25497064,0.7714619,-1.06746,0.66896284,1.1053046,-0.36165154,0.21181819,-0.49310532,-0.41868493,0.21646759,0.27140298,-0.24477476,-0.39327413,0.7292035,-0.11601484,0.4047679,-0.102472074,-0.24231583,-0.07552014,-0.3694027,-0.43406686,0.23245785,0.33619377,0.35393095,-0.16640387,-0.042114276,0.109746404,1.089795,-0.5408986,0.26038492,-0.4838847,0.04972759,-0.65806085,-0.425507,-0.6501421,0.7053023,0.096809246,0.45113894,-1.383127,-0.23787913,-1.0461872,1.2634143,-0.23650569,-0.536796,0.5504681,-0.7280711,-0.08288429
GGCGACTCAGCGTCCA-1,8.6586685,0.43403605,1.0158802,-0.41869918,1.8279613,-1.438648,0.774257,-0.33478275,-0.66428155,-0.15238075,-0.24315517,-0.7501398,-0.35339627,0.055744827,-0.33553186,0.31898934,-0.2736897,0.48325694,-0.1769256,-0.15748255,0.64270747,0.21248667,-0.29543465,0.005760648,-0.74667495,0.6307957,0.108812466,0.22223973,-0.7984319,-0.31769794,-0.23808452,-1.3648872,1.5537673,0.11908924,-0.6133722,0.14830644,0.07304041,-0.13604939,0.011810569,-0.652477,0.5816873,-0.833637,0.26588872,-0.16066773,0.24316244,0.08726245,0.937211,-0.29769233,-0.39412373,-1.0038817
GGGACCTCAGACGCAA-1,9.836511,0.43299574,0.21860285,-0.06484677,1.5853829,-1.1781673,1.3279738,0.54524094,0.6105271,-0.648556,0.14275907,-0.2919392,0.32215,0.23354407,0.77740884,0.26926872,-0.06765893,-0.016318385,0.30446857,0.29028633,0.1499661,-0.52435046,-0.31564125,-0.8101545,-0.1169844,0.36103815,0.3226244,0.035147503,0.26756266,-0.028416464,0.104960315,-0.06443217,0.2561998,0.9113593,0.46500665,0.31274742,-0.0023422863,0.3590265,0.11889138,0.5093829,0.3650441,-0.4926512,-0.15657504,0.0036847421,0.9627234,0.76225686,-0.23275445,0.06948287,-0.24974503,0.17325872
GGGATGATCGTACGGC-1,8.521158,0.40177932,0.26884446,-0.40244195,0.86658967,-1.1586219,0.17321181,0.22895327,-0.22235945,-0.5175934,0.14589976,-0.41090238,0.11992823,-0.030998955,-0.42734358,0.4597892,0.5213235,-0.292546,0.42244762,-0.15887885,-0.11169283,0.2280986,-0.06621521,0.024003845,0.14654607,0.995963,-0.48682445,-0.10404713,0.069482796,0.4492164,0.061651304,-0.16419174,0.05192824,0.15651837,-0.0652936,0.17910206,-0.34461468,-0.76793396,0.15367062,-0.21105887,0.027018938,-0.4721708,-0.5732965,-0.7468065,1.0526441,0.3611017,0.0017566,0.41983634,-0.6680623,-0.6170276
GGGATGATCTCCTATA-1,-4.323247,-1.5142618,-4.0833898,0.36628926,-4.3094187,5.15485,-2.1004426,-1.123069,0.4345705,1.3458786,0.48079038,-0.123943135,0.6417496,-0.5087892,-0.78764194,0.6772879,0.21404378,-0.022914898,0.41135743,-0.8065932,-1.9672958,0.32216102,-0.8869817,0.40617418,-1.8165567,-0.4664495,-0.1596376,0.10379116,-0.29042718,1.6160134,0.7543544,-0.6604234,0.77571577,-0.21768978,0.40072107,0.6200581,-1.3527739,-2.1998136,-1.5735154,-1.3442461,0.70069253,-0.7384377,-1.811277,-0.271083,-2.2103524,-3.7401457,-0.8239983,0.44826704,-2.2795053,2.4382915
GGTGAAGCACGTCAGC-1,10.081226,0.45708585,0.86168885,0.19525893,2.201942,-1.4868326,1.1949025,1.4262989,0.015172983,-0.23746696,0.46863875,0.395067,0.17397079,0.11777958,0.6706445,0.2008773,-0.2890029,-0.7111932,-0.40911812,0.42286313,0.8121115,-0.14451338,0.57281923,0.69120777,0.17452712,-0.94148356,0.6692974,0.22008377,0.8157658,-0.4505743,1.1592314,-0.13428806,-0.30155408,0.56255674,-0.70908284,-0.46389297,0.27239433,0.32102916,0.7752026,1.0025564,-0.10837503,0.50981,-0.6279057,-0.5847577,-0.5846536,0.5333031,0.6884045,-0.18442157,0.063304104,-0.7579264
GGTGAAGCATATGCTG-1,9.9718075,0.30350673,-0.051526252,-0.10851104,2.6294823,-1.1393073,-0.044392668,0.6349794,-0.21091546,-0.36684787,-0.31373873,-0.1688474,0.04506005,-0.0967619,0.44376072,0.60904634,-0.20720218,0.47269103,0.13017148,0.55951935,-0.04445752,-0.4375306,-0.47873023,0.71840894,0.05240137,0.21007338,0.91938776,0.24336153,-0.23098412,-0.84752256,-0.34493393,0.20984547,-0.24641924,-0.025016064,-0.18066707,-0.19396168,0.24961627,0.28591433,0.034879908,-0.32634416,0.3384183,0.22884402,-0.2768569,0.057919905,-0.13257195,-0.075269476,-0.41824022,0.5685041,0.46072492,0.098940425
GGTGAAGTCGATCCCT-1,12.8327875,0.9635652,2.1732178,0.29052684,2.287215,-1.939387,1.3484381,0.450395,1.67897,-1.3864559,-0.2715665,0.35758427,0.73396283,0.18624738,-0.9061417,-0.114094354,-0.25145948,-1.130037,-1.0037075,0.5496509,0.4406398,-1.6443113,1.1088567,-1.3191152,1.5555598,-0.8243746,-0.870121,-4.977451,1.7132386,-0.20540789,-1.98524,2.1850932,-3.9347646,-0.19338489,-0.17785344,-2.6109688,1.82425,0.2030817,-2.360241,-0.21681379,-5.542796,8.248891,5.421033,8.776185,-13.696643,0.24652754,-0.60883516,-1.136335,5.4084563,2.9696724
GGTGTTATCGCCTGAG-1,7.65469,0.3501077,-0.28549612,-0.24050121,1.272528,-0.8798195,2.0593867,0.34979,-1.6808634,0.7565372,0.98700106,0.25972825,0.5000816,0.34947544,1.73324,-0.48581284,-0.4648674,-0.8851752,-0.06483556,0.60292023,0.63514405,-0.8174957,-0.50865483,-0.25460127,-1.0873474,0.26785517,0.6225055,0.08649871,-0.2228047,0.26906526,0.44105518,0.01856724,-0.25033605,0.37732065,0.9387366,0.3531453,0.080858774,1.0376333,0.1505653,-0.062968545,0.9108479,-0.026222318,0.77276576,-1.3205718,1.9195933,-0.24477121,0.51628405,0.8652507,-0.23911235,-0.7481548
GTAACGTCACGGCGTT-1,7.985101,0.38182184,0.16879825,-0.6769872,1.3528193,-1.4119393,1.1245184,0.21775685,0.49732414,-1.097201,-0.75278515,0.1748217,0.30599463,-0.020767799,-0.7573419,0.033877447,0.11676167,0.21165895,-0.5807572,0.2576532,0.1437454,-0.041191515,0.111756995,0.37704235,-0.06838573,-1.2119882,-0.35288906,-0.56228876,-0.28493938,-0.27361077,0.3512787,0.365769,-0.16497329,-0.0820203,-0.32042518,-0.33112898,-0.75728226,0.49954835,0.63995713,-0.36015812,0.7219031,-0.7377036,0.007743789,-0.53658575,0.94483525,0.51354337,0.2824983,-0.055264067,-0.0839885,0.14215207
GTAACTGTCCTGCCAT-1,8.389231,0.23229842,0.2947879,0.09557736,1.1528162,-0.6410358,1.8672781,0.87678444,0.46328256,-0.13091584,-0.6170806,0.039209694,0.6361905,-0.8772005,0.24491508,0.6438999,0.30895752,0.96497536,-0.7524062,0.21588053,0.45540887,-0.72033966,-0.07809717,0.9704809,-0.06366059,-0.48202288,0.23837326,0.24193926,0.42485145,1.1099607,0.78425163,-0.28440022,-1.3250917,0.09375709,-0.58904546,1.8352243,0.5435668,0.20550698,-0.20998707,-0.5279906,0.046700854,-0.25763375,-0.1605538,0.23898226,0.8930629,0.08916805,-0.80585784,0.6885637,-0.22737694,-0.41777217
GTACTCCCAATGTAAG-1,-9.827605,-2.4443467,-4.7374983,-0.47247314,1.3899246,-1.7130378,1.914595,1.4308348,-6.1871905,1.5017128,1.9728012,-1.4977915,2.9328575,-0.4278716,0.9602114,-2.3244722,5.8036547,0.5574607,0.611622,3.1750128,-6.343369,-3.1957862,-3.1885889,-4.603318,-4.431034,0.17471905,2.628621,1.6261445,-1.926998,5.29625,5.0269604,-4.3569646,-5.545493,-5.1114936,6.8303704,-1.549345,-6.7850714,-6.3735876,-10.236709,-1.1362535,5.8182635,-4.661382,10.048506,-10.882723,-2.484266,-13.045355,9.622981,-2.994814,7.1021695,5.4105325
GTAGTCAGTACAGCAG-1,8.17168,0.7802945,1.1131728,-0.040661708,1.2982869,-1.3605515,0.99448925,-0.09088019,0.24451387,0.25368324,-0.2902421,-0.27571324,-0.8038108,0.029697428,-0.25956684,0.10800881,-0.27070725,0.5155273,-0.5775016,0.10836151,0.34141514,0.16497165,-0.18374151,0.26355627,-0.41256055,0.5669056,0.46944666,0.9475379,0.35674992,-0.30776596,-0.80536366,-0.11551325,0.5288591,-0.40522942,-0.13697542,0.30980867,-0.0027351398,-0.054616038,0.6283251,-0.42537588,-0.17768472,0.18499255,-0.6534406,-0.72331035,0.24502449,0.56903344,0.2162847,-0.1760921,-0.13245222,0.23274122
GTCAAGTCAAGTCATC-1,-0.30418244,-0.27283725,-3.626857,0.055815283,-3.525016,3.910627,-2.3442125,-1.5740842,1.0008405,0.7201143,-0.15382484,-1.3219718,-0.27889696,-0.40100965,0.40830356,-0.98320735,-0.4239193,0.4441239,-0.14477131,-0.29419914,-0.27157807,-0.64772445,-0.53141904,-0.08565314,-0.83380747,0.8933068,0.1675702,-0.3328161,-0.4043541,2.225689,0.17669612,-0.38085288,-0.030339908,-1.3639098,0.24842179,0.98707724,-0.998418,-2.41905,-0.045870688,-0.6563605,1.1733686,0.11856656,0.20732951,-0.9921656,-0.14009841,-0.14397198,-1.0137718,0.24868706,0.26306733,1.8199917
GTCAAGTCATTAGGCT-1,9.693988,0.5487208,0.9071162,-0.6068006,1.3714237,-1.5011684,0.962648,0.86221355,0.06989568,-0.44360933,0.43105212,-0.05742483,0.12214439,0.074857794,-0.2983209,0.031279046,-0.43670955,-0.6289933,0.54996115,0.620178,0.669297,-0.033035394,-0.10759065,-0.95952886,-0.41192198,-0.37809974,0.038004994,-0.6311422,-0.04024974,-0.06481644,0.11414057,0.28791222,-0.2168813,0.14755796,0.020705134,0.010430742,0.13361846,0.3664477,-0.6988057,0.67205167,-0.48471728,0.27663803,-0.06910586,0.097274646,-0.22144553,0.12102598,-0.5859951,0.2790536,0.2601412,-0.41196153
GTCACAATCAGTTTGG-1,7.0996976,0.24371548,-0.060065925,0.08142364,0.17512652,-1.023614,0.42836007,0.6082311,-1.1178894,0.34656644,1.3717872,0.45323107,0.042738102,-1.1201465,0.4926583,-0.87245095,-0.39527598,0.38369375,-0.039904047,0.35676497,0.57836264,-0.53670615,-0.74408716,0.013931967,-0.64391845,0.22113624,-0.014699087,0.4005044,0.040608592,0.3954249,0.12992059,-0.016574178,0.5128435,-0.49525273,0.35616606,0.32054773,-0.84797937,-0.30526462,-0.33522218,-0.3544972,0.86930674,-0.4303925,-0.5603449,-0.9189916,1.5294775,-0.3013118,0.23849826,-0.126834,-0.26518667,-0.24808212
GTCCTCACAATCGGTT-1,5.8897076,-0.46660316,-0.7201057,-0.31936482,2.2949903,-0.8077128,4.1468554,0.15259424,-1.0289723,0.99698305,-0.57296515,-0.93593884,0.69439614,0.04033416,0.45500922,-0.54905224,-1.3304449,-0.20281278,-0.78681743,-0.24590692,1.3517684,-0.49047413,-1.1777518,1.1078535,-2.163821,0.23873796,0.023759061,1.1660442,-0.9556002,-1.4418181,0.6086502,-1.1257117,1.7916249,0.65275645,-0.21300425,2.113746,1.2479923,1.5244077,0.55845433,-0.29184836,0.10821419,-1.4601228,0.2422327,-1.1190394,1.0081003,-0.03161369,-0.6816573,-1.9927695,0.35858846,0.062099487
GTCCTCACATCCGCGA-1,9.1782,0.5206792,0.55273867,-0.55094254,1.1695074,-1.5167998,1.1518338,0.19706821,-0.09736913,0.05053219,-0.28097677,-0.1275898,0.054977473,-0.006416461,0.20149171,0.5659423,-0.20795335,-0.31502843,0.5748117,1.0300853,0.34144035,-0.038416367,0.045473047,0.18235044,0.07271884,-0.42825493,0.14281788,-0.62169504,0.17516045,-0.20006895,0.57059884,-0.07647124,-0.51035005,0.2997665,-0.6713429,-0.025072677,-0.38260996,0.03837726,0.107924126,0.00040304931,0.058596227,0.075993694,0.16976693,-0.007824121,1.1729902,0.1379738,-0.38837826,0.5597855,-0.27474618,-0.37396756
GTCTCGTTCTGCTTGC-1,-19.829157,-4.4394145,-5.7233944,3.2048395,-0.10586277,-3.3091843,8.327637,1.7050363,-15.707642,-1.0211821,-5.895996,-7.7137904,-3.5362093,-4.246018,6.688658,-6.119433,-10.097239,-0.9989086,30.990217,23.340607,20.225662,-20.2774,4.3092155,20.646503,23.619074,-13.885921,-9.564554,11.172092,14.093519,6.4695916,-0.8930112,-9.3085575,10.541491,-2.1935992,-2.179478,-2.5868838,-3.2861264,-0.5931262,2.971899,-1.5741335,3.077646,1.1805824,0.5870527,1.3138392,-1.7725466,0.07879591,-1.9177748,-3.7558205,1.7684492,1.72422
GTGCAGCGTCAATGTC-1,9.779158,1.1471834,-0.039949555,-0.3654253,2.1530805,-1.5535862,0.82423574,-0.011725926,0.49179295,0.21914151,-0.06053596,-0.2076935,0.43205374,0.14058658,-0.005769317,0.30477256,0.073267706,-0.58173245,-0.12502278,0.35411024,-0.4113833,0.67612505,-0.46126202,0.2916561,-0.16909778,0.10758549,-0.46474284,-0.4309968,-0.40395182,-0.7237618,0.8672054,0.4544137,0.047776066,0.29130328,0.009536481,0.034134533,0.17284828,0.11363682,0.18481229,0.29891437,0.76957494,0.11873933,-0.8575247,-0.16828686,1.4574174,0.5760617,-1.115908,0.19998749,0.5407768,-0.2512175
GTGGGTCTCAGTGTTG-1,9.675768,0.5438405,0.8967109,0.053173855,1.4012146,-1.3907547,0.42906326,0.24474785,0.2056134,0.12662707,-0.18567526,-0.25876993,0.2354001,-0.14591311,-0.15365964,0.818942,0.061947867,-0.67838794,0.3860103,1.0555115,0.39934298,-0.052586384,-0.17772247,-0.26529735,-0.50602525,-0.40552747,0.3343686,-1.3175575,-0.034228083,-0.16241342,0.02674876,-0.03826564,0.006187383,-0.031334925,-0.31572068,-0.3616838,0.09903863,0.11350227,0.44012055,0.6162422,-0.94479513,0.2781795,0.8010163,-0.5222049,0.4459955,-0.3591543,0.29698005,0.53635144,0.4772498,0.26425084
GTGGGTCTCCATGAGT-1,9.753405,0.94366544,0.37568963,-0.20217451,1.4552748,-1.2470781,0.9518962,0.26512888,0.5840901,-0.15673344,-0.24190354,-0.39737323,0.038335647,-0.31079018,0.1365703,0.28528967,-0.41264102,0.30229002,-0.19033068,0.49082965,0.37288222,-0.014757283,0.024775634,-0.5713206,0.016808862,0.25199583,0.021369204,-0.45908344,0.6671937,0.6098698,0.41186988,-0.25719315,-0.57182306,0.004062865,-0.22982562,0.3933403,0.059869643,-0.3838391,-0.021027066,-0.07645699,0.7278046,0.08255082,0.029484259,0.40565103,0.4223263,0.61930853,-0.38161722,-0.1787718,-0.8134872,0.18361361
GTGTGCGCAAATCCGT-1,9.219712,0.8274037,0.4072628,0.26218832,1.3972073,-1.6148543,0.88933444,0.5952875,0.6345467,0.03631366,-0.23768272,-0.3815858,0.31164643,-0.19508149,0.110288754,0.49550965,-0.8025915,-0.09565549,-0.28327203,0.5518055,0.7657546,0.5911954,0.5609487,0.17077659,-0.09201803,-0.24816166,-0.12192402,-0.44401804,0.7895656,-0.2616743,-0.30401152,-0.7086141,-0.10042616,0.46747258,-0.36658973,-0.04817096,0.35188624,-0.3725946,0.2448706,-0.9495642,0.002709642,-0.7857271,-0.67903906,0.48135194,0.7150649,0.16425392,0.46787488,0.4974463,-0.8095726,-0.8738258
GTGTTAGGTTGGAGGT-1,10.539027,0.94109845,0.8067541,0.08428553,2.0285017,-1.2901789,0.7261811,0.65574986,0.99071884,0.2889856,-0.10088369,0.08988419,0.05107422,0.23321289,0.23024027,0.19946916,0.11700658,-0.3731575,0.003450515,0.925201,0.55337864,-0.031639405,0.2760439,0.1756599,-0.36708537,0.36578918,-0.15003921,-0.9098733,0.9210161,-0.037516885,0.30233043,0.39776468,-0.87288755,0.127474,-0.0037355695,0.786047,0.5483672,0.50686955,0.40882638,0.45830822,0.39565706,0.60872287,-0.15930873,0.7921579,-0.29085717,0.85406864,-0.20328934,0.09359033,0.7853867,-0.19073008
GTTCATTAGACCTTTG-1,-0.80780274,-0.6780878,-3.4066648,-0.6297755,-4.274638,4.709042,-3.2539635,-0.11782607,0.9430856,0.47987345,0.6503955,-0.4959663,1.2291342,-0.5592712,1.7085083,-1.5835122,0.21592118,1.4029424,-0.94820416,0.30979186,-2.3757837,1.0420934,-0.92430085,0.5497207,-0.27299875,-0.38197628,-0.10346925,0.84917194,-1.3786402,-1.0872519,-0.54695076,1.707667,0.9522481,0.5990998,-0.20237155,0.5053645,-0.40994594,-1.7213362,0.60213715,-1.0387335,0.12467322,0.47458738,-1.6660208,0.437619,-0.19545911,-3.180068,0.19695427,2.6081157,-2.90863,-0.6690638
GTTCTCGAGTGAAGTT-1,9.045185,0.67844176,0.7479526,-0.18609023,1.8061217,-1.689126,0.68527144,0.67848855,0.2914941,0.40456492,0.10562374,-0.12618373,-0.007315218,0.036287382,0.45088083,-0.002749927,-0.33783332,-0.0110018095,0.38086542,0.0057849814,0.29238656,0.062882744,-0.7569555,0.1393352,-0.4030906,-0.15416297,-0.035415225,0.8216495,0.17327173,-0.53167856,0.7995508,-0.22527795,-0.56184644,0.40978676,0.22162071,-0.18194266,-0.52343416,1.1619089,-0.12425105,0.28734016,-0.21364288,-0.005291838,-0.030639369,-0.34132263,0.66709125,0.37735853,-0.6098411,0.12426085,0.16218105,-0.29325974
TAAGCGTGTTATCGGT-1,-2.5374596,-1.537464,-6.8029065,1.7914083,-8.761956,9.8785515,-4.241874,-3.1560214,3.2963,2.1948507,0.6433083,-0.45500454,1.1599853,0.8891854,3.1282527,-1.1505657,-1.8654958,-0.7299517,-0.94323635,-0.23588233,1.0867385,-2.2726128,-0.26831684,-1.6020186,-0.3021938,0.9371123,-1.1422597,-0.3770444,1.8055016,1.5293112,1.5385295,0.33544016,2.620138,-4.344636,0.5105195,0.31520253,-1.7097253,-0.83454126,-0.07914013,3.903341,-2.304279,3.2099795,0.0913646,-0.7883862,0.8270997,-0.13136382,0.7276646,1.9074917,0.6289332,1.9046015
TAAGTGCGTGTCGCTG-1,8.554971,0.12327331,0.073327586,0.2147557,1.6924213,-1.032707,0.9392924,0.5899088,-0.31098995,-0.49264696,0.13811584,-0.09735582,0.52197605,0.07221653,0.31234458,1.0965269,-0.30363137,-0.03454176,0.17922334,0.3364867,0.18554595,-0.036851916,0.21207541,0.50115216,-0.20437585,0.18116067,-0.1080149,0.018077828,-0.83364445,-0.5668553,0.6515535,-0.50621986,0.275984,0.9577236,-0.34268665,0.1899726,-0.03427098,0.23608574,0.23722868,0.08639835,0.043040156,-0.65777826,-0.3894869,-0.5799664,0.6251887,0.14931403,0.009365811,0.07344497,0.017781982,-0.1637276
TACACGACATTGGCGC-1,-2.2531636,-0.42884746,-5.885579,0.61096996,-6.2203913,5.990544,-2.600091,-2.8570778,1.6745346,0.7193228,-0.25418022,-0.7383104,0.5669349,0.04738649,-0.480588,0.5468359,0.38753211,0.27879953,0.6419394,0.3378257,-0.837918,-0.24417688,0.022867111,-0.4900655,0.14219883,0.44326985,0.37769106,-0.082729414,-0.32387257,-0.5085983,-0.8530909,1.2300451,0.4385735,-1.7226437,-0.641895,-0.2870949,-0.8594372,-1.8153318,-0.073401995,-0.71015537,0.5680446,0.07095972,0.13820295,-0.71243,-1.2392381,-1.3618124,-0.47884542,-0.8793868,-0.6966406,1.7417009
TACCTTAGTAACGACG-1,10.720729,0.7990658,0.6075531,-0.56893075,1.6602021,-1.7269324,1.2730044,0.5189566,-0.7668417,-0.7383592,0.31509572,0.036173437,0.2686172,-0.2125839,0.5997597,0.06603192,-0.2896695,0.13720815,-0.13537258,-0.075428784,0.06891186,-0.041799996,-0.49498802,-0.80135524,-0.12535298,0.27629155,-0.027789934,-0.54340434,-0.43056998,0.25475213,-0.27505258,-0.3478269,0.20110413,0.6092085,0.03807181,-0.06651551,0.19501562,0.74199986,0.2682933,0.37690744,-0.45536298,0.6063236,0.66518617,0.080070555,-0.6937981,0.63127893,-0.5877376,-0.021017307,1.0098424,0.51605403
TACGGATAGCTAGTCT-1,-2.8783514,-0.94892377,-6.3542843,0.8045623,-7.987033,11.554368,-6.5313773,-3.7911575,3.2093089,2.1685383,-0.384232,-0.83887136,2.7612693,1.5180494,2.7048848,0.45943394,0.6040195,-1.0220166,-0.23823301,0.46280232,-0.10396636,-1.125658,-0.8522007,-1.1692975,-0.24891683,0.4335766,-0.80500376,1.1989913,1.2817291,2.5484133,2.0425277,-0.41782558,1.2044936,-0.94857764,-0.12683746,-2.0703475,2.0300484,0.27204317,-3.3406048,2.5342906,-1.5116886,2.7971056,1.0268507,3.808832,-0.4454797,1.4503977,0.6899745,2.4874153,2.110432,-2.7324927
TACGGGCTCCAACCAA-1,8.388571,0.5557975,-0.10751937,-0.0027382958,1.4574249,-0.99020064,0.44252568,0.9649045,-0.5297105,-0.78271806,-0.2567291,-0.1509613,-0.29998568,-0.15884794,0.22273922,0.22691497,-0.6084139,-0.03414431,1.6051146,0.58399564,0.32667646,-0.34323865,-0.23285644,0.13387276,0.1459583,0.06906721,-0.16473635,0.2501231,0.20761316,0.1688639,0.15753499,-1.2455019,1.367724,0.6155767,-0.2956282,0.08223757,0.0115868235,0.15271991,0.3004256,-0.746139,0.6973443,-0.7530587,-0.8795016,-0.819311,0.8587472,-0.13323624,0.08675995,0.5168298,-0.6438887,0.15295516
TAGCCGGGTCGCATCG-1,-14.197536,20.342594,4.30488,111.40858,3.0283344,-15.0663805,-8.474746,1.1020076,-1.4372842,-2.6558242,0.4895897,5.4610686,2.0851269,-0.97152364,-3.063227,0.92240596,2.4091115,-0.22666228,-0.4262444,-1.2059329,-0.31984404,0.30500752,-1.2995,-1.7799181,-0.62814957,-0.6600396,-0.99249876,0.48444682,-1.137055,0.15141153,-0.315392,0.35689762,-0.07134717,-1.0064191,1.0192702,0.54138607,1.0719445,0.25436974,-0.23764671,-0.82269204,-0.7237891,-0.2562019,0.35338452,0.10036416,0.72377825,-0.20827058,0.989152,-1.406971,-0.7900422,-0.38455895
TAGTTGGCATCCCATC-1,10.301038,0.57245183,0.8857185,-0.14547242,1.9300556,-1.2533634,0.924701,0.9862501,0.1610184,-0.039270055,0.15914358,-0.46922374,0.34286618,-0.2305569,-0.03380528,0.3607557,-0.41589457,-0.13110273,-0.48877224,0.41847357,0.3926092,-0.27741688,-0.23368877,-0.13649923,-0.3608136,-0.37740776,0.037476413,-0.17152888,0.35345018,-0.16585083,0.18346639,-0.067609176,-0.5393476,0.13183683,0.16188723,0.059749797,-0.06237919,0.533156,0.17557995,-0.58537215,-0.051502034,0.24300787,-0.28515497,0.5105484,0.508017,0.9025364,-0.11124497,0.20774117,-0.03702906,-0.2331356
TATCTCAAGACGCACA-1,9.142412,0.9594049,0.80484784,-0.5754937,1.6408557,-0.8572144,0.47488043,0.85631186,-0.7668211,-0.48999566,-0.42069593,-0.15068646,0.4944962,-1.0065191,0.90868294,0.026288623,0.46894023,-0.08915449,0.032201197,1.1120981,0.3037224,-0.39118743,0.8276428,-0.39355606,-0.22739239,0.01766555,0.12752001,-0.4381309,0.7737964,0.12655945,0.3330909,0.32662073,-0.44861624,0.009875149,-0.17019753,-0.5599935,-0.9980643,-0.67010564,-0.7420497,0.01942094,0.8577,0.15941834,0.28057083,-0.4293377,0.7797099,-0.15256885,0.11131629,0.24995787,-0.34821853,-0.98958254
TATCTCAGTTGCGTTA-1,9.084417,0.5020842,0.25373387,0.28132403,2.1028035,-0.98146206,1.4125569,0.0009244581,0.2628868,0.63512695,0.15092675,-0.8948583,0.4662999,0.07403338,0.3823136,-0.22967695,0.06562631,-0.23698331,0.13474253,0.70744973,0.8285075,0.16686015,0.08877504,0.3469207,-0.07053991,-0.4411878,-0.5131597,-0.80124456,0.79738677,-0.22115763,0.7539195,-0.08638098,-0.3144973,0.71935743,-0.10621849,-0.06630974,0.11158562,0.7051214,0.48813358,-0.2021487,0.50127137,-0.41936755,-0.31641456,-0.91480106,0.6985465,0.5272063,-0.29202217,-0.012806632,0.7413025,-0.53335315
TATGCCCAGTGTCCCG-1,9.49038,0.4518239,0.5337707,0.15356657,1.7785357,-1.5141652,0.93115884,0.6255827,0.22356942,-0.3617788,0.4657164,0.48316172,0.08624908,-0.3287031,0.27629378,-0.3012931,-0.33683127,-0.676348,0.59046674,0.10696383,-0.09579171,0.24126735,-0.3627468,0.060256917,-0.3993774,-0.23554564,-0.24558346,-0.6103777,0.14225411,0.110583775,0.33607224,-0.0020373333,0.12041717,-0.070239805,-0.2484324,0.24363814,0.35951158,0.28318837,-0.41108248,0.35870996,0.6150676,-0.6492285,-0.56736004,-0.303636,0.1359997,0.052054632,0.40327495,0.19012673,-0.042993765,-0.11280819
TATGCCCCACCGTTGG-1,-9.570152,1.3388736,-10.783859,7.4985237,-9.906539,16.383715,-2.1911116,-5.1492143,5.4902983,6.2407207,1.0303777,-2.249302,3.8195205,0.3654097,3.3855581,-1.960615,-1.7255526,-3.0506077,-4.594827,3.5469222,6.4500904,-3.6953828,-1.8022536,1.0291792,-4.0519977,0.4008432,6.266484,2.5015502,3.5532703,2.1353002,6.1100273,-2.1521857,4.509077,2.0575335,1.3135482,1.8358538,-0.06765002,3.0150592,1.588244,4.0947433,2.018327,6.7010517,-0.8565117,1.8603375,7.071195,15.107527,-2.5830076,2.7996414,-0.96776175,-0.73469067
TATGCCCGTCACCCAG-1,13.10704,1.5703684,2.6936486,0.8527086,3.1793766,-2.258541,1.4676808,1.1744281,2.0636864,-1.5265471,-0.08042979,0.04379367,0.457265,0.94661313,0.09794063,-0.55586535,-0.7383735,-2.4705884,-1.1035023,0.9139136,0.6642931,-1.6256852,1.3795718,-0.80931234,0.97278315,-0.5866223,-0.14490041,-5.2129087,2.8177521,-0.198069,-1.7097642,1.4999219,-5.370565,-0.31832084,-1.006067,-3.2349043,1.5515857,1.123864,-1.9051658,0.07923808,-7.8895755,11.011931,6.0908856,11.757829,-17.099787,1.4129825,-0.76154274,-2.1866436,7.237793,4.2938843
TCAACGACAAGCCATT-1,9.443428,0.60112584,0.6152804,-0.3535902,1.2597153,-1.6873256,1.592934,0.6849601,0.16663997,-1.1142331,-0.11258218,-0.2833247,0.54671437,-0.6312123,-0.3996717,0.16840814,0.10256621,0.09833009,-0.24040586,0.47615442,-0.42678347,0.38414672,-0.2322477,0.30466637,0.09553173,-0.20229404,0.5977808,-0.33738855,0.110988475,0.050808657,-0.12808289,0.47633654,0.5494278,-0.18160598,0.43869865,0.13849097,-0.62876475,-0.09707076,-0.2643731,0.03828375,-0.09833457,-0.61796296,-0.3976757,-0.00014584803,0.4186144,0.23872492,-0.1371179,-0.32527593,-0.19306548,-0.24165115
TCAACGAGTTAAGGGC-1,8.5198145,0.4511886,0.40946394,0.04827548,1.8121381,-1.1954772,0.7993978,0.081456386,-0.028876323,-0.31718007,-0.13614348,0.22983098,-0.08897813,-0.5116984,0.118955575,-0.2516503,0.084378585,0.28865764,-0.018239541,0.1554928,0.2569752,-0.20661673,0.56877726,-0.2755915,0.19665854,-0.11767443,-0.37240723,-0.13817291,-0.5286827,0.08097436,0.083662994,0.28857306,0.7565866,0.48959753,0.0693262,0.22923966,-0.39621127,0.24715798,-0.43458045,0.46124408,0.12788732,0.21443464,-0.4728584,-0.110413186,0.93179655,-0.089612655,-0.33907107,-0.02851105,-0.872669,-0.58111066
TCAACGAGTTGGTAAA-1,9.294897,0.5742784,0.53550833,-0.41980445,1.559558,-1.214759,1.1671629,0.44282004,-0.21030724,0.9099318,0.059708152,-0.092808604,-0.2467028,-0.46754014,0.37110668,-0.10816548,0.14782831,0.16216357,-0.24408895,0.24678066,0.87602085,-0.05726193,0.13227472,-0.36928394,-0.16141787,0.28389335,0.084989935,-0.48725328,0.4117995,0.35419267,0.3492354,0.49531493,0.2845965,-0.0129966885,0.20362392,0.31650952,-0.012198302,0.09196591,0.19825877,0.20387344,-0.7282176,0.0065171896,-0.34892955,0.011901964,0.21472572,0.9067662,-0.19980961,0.3007012,-0.4562319,-0.023407761
TCAATCTCATTGGTAC-1,9.953453,0.4367723,0.8509469,0.29673588,1.6983048,-0.8521638,0.8409348,0.15430559,0.064774364,-0.2517575,0.057699177,0.14530167,0.15579346,-0.17453852,-0.36867705,0.47152323,-0.68814456,0.015678287,0.05390401,0.3465069,-0.07079496,-0.60257274,-0.3094149,-0.5818304,-0.11284972,0.5227813,-0.22579719,-0.12809049,-0.22794116,0.20286143,-0.6829339,-0.41532254,0.19348435,0.092526294,-0.12101586,0.025667984,0.54803264,0.40742394,-0.38998073,0.3011239,0.08022946,0.48245347,-0.008983838,0.06719659,-0.24749154,0.16740324,0.63501316,0.4633604,0.31396434,-0.042248808
TCACAAGGTCACACGC-1,9.71917,1.16957,0.046719585,-0.18885429,1.956439,-1.3281816,0.9015581,0.049314443,0.010450263,-0.11107511,-0.19074507,-0.024923436,0.42361978,-0.20665993,0.29019538,0.45358577,-0.6231769,-0.14279608,0.46011168,0.49272817,0.5738187,0.15028322,-0.14608103,-0.03553621,0.23079655,-0.27140188,0.19739802,-0.90336466,0.22466952,-0.21764389,0.14205027,-0.46763915,-0.6348506,0.33617777,-0.14378709,-0.28147346,0.14371175,0.04823103,0.18037386,-0.10047356,0.15080199,1.0579516,0.5765047,-0.12783152,0.4647787,0.2320126,-0.043209914,0.39764926,0.15969798,-0.7369505
TCAGGTACAGCCACCA-1,-22.250525,-3.127809,-9.222381,2.9269872,-1.4022651,2.800686,27.98587,-5.359069,-21.085785,-2.9596858,22.27742,5.303343,14.829411,2.4085464,32.2593,19.890203,-40.5832,-1.5085217,-15.125153,-16.41919,-1.5393193,10.036342,-6.5049124,-6.6385922,8.508804,-3.6395044,-8.750613,-3.1533759,10.897257,8.907845,-4.1889973,4.9197326,-3.1309037,0.19449995,2.0662394,-3.7237415,-1.9153643,1.8568735,0.34096125,0.73212653,-2.4347317,-1.6926273,-1.8523093,1.0581497,0.8755171,1.4820776,0.72802216,0.17306912,-1.4321609,0.55365777
TCAGGTATCACGACTA-1,8.522947,0.32938173,-0.09795205,0.18149708,1.8960837,-0.35244766,0.711097,0.87965876,0.2481238,0.1056809,-0.41237876,0.18624796,0.24342974,-0.57633644,0.6165087,-0.037436668,-0.56632376,-0.025965689,-0.04972684,1.054909,0.046805613,-0.99154794,-0.5741747,-0.082037896,0.09343065,0.33859447,0.28512377,-0.18889144,-0.117144436,0.23621391,0.20388576,-0.4851761,-0.015883015,0.2326092,0.5652969,0.25617886,-0.08764986,0.40625244,-0.027667513,0.015599716,0.3240429,-0.059583712,-0.37137076,-0.22392665,1.228071,-0.10275988,0.049314696,0.55258185,0.041905735,-0.12431993
TCGCGAGGTCAGTGGA-1,-1.4852748,-0.8018575,-4.619366,0.47357866,-6.5312366,8.063126,-3.8140671,-2.4112232,3.484165,1.0991976,0.27671,-1.3758665,0.7942071,-0.39213043,1.0399297,0.47785434,1.4340403,-2.248242,-0.45369413,-0.83176905,-0.37568665,0.48709723,-0.5247361,0.16489048,-0.14446087,-0.33039403,-0.7733047,0.33007774,-0.2703497,1.229922,0.20948721,-0.6986717,0.42640918,0.28836986,0.9676084,-0.836178,-1.1068219,-2.2156186,-0.7820567,-1.201887,0.013158632,-0.13470405,-0.63869655,0.5617773,-0.89877105,-1.4634043,-0.51016974,-0.46124023,0.04118826,-0.18812422
TCTATTGTCCAGAAGG-1,-3.4070413,-1.185977,-3.2144098,2.218512,-4.737867,5.300416,1.2812638,-0.676982,1.6844878,0.69892615,-1.067456,-0.06685545,-0.08201966,-0.33583397,-1.8109887,0.562009,-1.5025374,-0.5891488,2.0823338,-0.18023528,-2.278083,-0.27859402,1.809183,0.9101651,-0.9381372,-0.31970537,0.009298557,0.025476148,-0.869443,-2.5620453,-1.2662278,0.80646724,1.3997134,-1.5919737,-0.39093336,1.0911955,-0.6375819,-2.2177763,0.45342213,-1.691527,1.3359855,-3.4206583,0.54285884,-3.4866948,-2.1612442,-3.4687946,-0.5670969,2.7824156,-2.3997748,4.169359
TCTGAGAAGATATGCA-1,9.042129,0.2047136,1.0568614,0.121874295,1.6671245,-1.359548,0.4586567,0.33926862,0.4927942,-0.06328875,-0.18377122,-0.26085627,0.25611633,0.21362978,0.06743608,0.39689282,0.3322977,-0.16976255,-0.14569852,0.7709572,0.16267753,-0.19820935,0.26136234,-0.25150132,-0.07877174,-0.4361295,-0.43639088,-0.8651506,-0.07978264,0.23398207,0.54817075,-0.009164139,-0.280257,0.3787596,0.12110261,0.41491595,0.004577222,0.074898876,-0.10440678,0.57156086,-0.3961277,-0.18674365,-0.48715657,0.16075796,1.2334481,-0.11812473,-0.26215857,-0.26864293,-0.9421318,0.2159875
TCTTCGGGTTTAGCTG-1,-2.9108481,-1.3192251,-5.6201816,1.6410336,-7.192035,9.141405,-4.196778,-1.9014454,2.7637532,0.5698751,-0.7617163,-2.2030172,2.0250812,-0.40888137,1.6438054,-0.85831875,-0.123690285,-1.1558274,-1.1882957,1.7718996,0.51247054,-2.188278,0.20273915,0.960128,-0.2161883,-0.3093044,0.49425682,-0.06291254,-0.69975454,-1.0657362,-0.00070322823,-0.28495416,0.4366034,-0.27452826,0.9441278,-0.156901,-0.96329623,0.36700425,0.18605173,2.3865707,-1.9718486,1.3179051,-0.7441981,-0.82005924,1.8967849,3.377848,0.27109322,1.2794206,1.3443112,-1.8074367
TGACAACTCTTTCCTC-1,-2.670699,-1.4691385,-4.7553735,-0.36338222,-4.0829268,4.5985045,-1.8640522,-1.4526094,0.43887672,-1.394302,1.312393,0.25937873,0.060604747,-0.18869193,0.52798694,-0.88752073,-0.06460481,1.8450284,-1.3259431,-0.6831384,-1.9190782,-0.03528089,-0.20875375,-0.5551768,-0.02066918,0.6988431,-1.622518,-2.2220764,0.55625606,1.4653901,-0.26893398,1.0045741,0.50998294,-0.5843278,-0.93696356,1.039254,-0.7593509,-1.6775562,0.048428975,-1.3778136,1.7866234,-0.4366715,0.21990858,-0.5166262,-1.004929,-2.3132248,-0.72659993,-1.0041379,-1.4280471,1.4156157
TGACGGCAGGCCCTTG-1,-2.6975908,0.36324966,-6.649047,-0.9871228,-7.118303,7.937617,-5.075598,-2.026472,0.33537537,0.7757045,0.61951566,0.46010476,0.8360491,-0.42235747,1.074711,0.5652511,1.2208526,-0.19891039,0.9156811,1.593483,0.11361869,0.040282805,-0.08723958,0.7882853,1.3218133,-1.2729237,-0.38157836,1.5904254,0.59465075,0.60134095,2.5408268,0.34447792,-0.46160787,-1.7847562,0.28537232,-0.9249359,-1.9346217,0.61991477,-1.2822355,0.6503071,-0.78490126,-0.29481813,0.071581386,-0.016575258,-1.1622684,-1.8869994,-0.89701587,0.11741197,-0.32289106,-0.0002586022
TGACTAGTCATAACCG-1,-4.2157435,-0.111058705,-9.028091,2.6706555,-12.46308,15.485735,-7.089211,-4.311629,5.298584,4.342488,-0.9108878,-0.8495581,1.9696546,1.0168864,1.7077199,-2.0712621,0.30122918,-0.26328883,-1.5359159,0.26170236,3.8536932,-3.7829087,-1.1368098,-2.126989,-1.1277136,2.6853938,3.670885,1.971266,2.7261298,4.167985,4.226401,-0.9228759,-0.00317573,0.9241576,0.8829673,-2.6870785,0.31762174,2.1611817,-3.1254137,4.2210436,1.1754516,2.8120031,-3.271835,2.0783212,2.2216122,7.5342016,-2.340417,3.112497,0.24247925,1.6649754
TGACTTTCAACGATGG-1,7.7619743,0.79467756,0.068140276,-0.13033406,1.0315623,-1.2066466,1.413241,0.40131268,-0.39913413,-0.39915514,0.3329492,0.49695227,-0.8503311,0.2598114,0.5784715,-0.28459737,0.070582636,-0.016215079,0.41562957,-0.2648107,0.39162865,0.24157515,0.17093822,-0.9250541,0.2708262,0.45119363,0.026799453,0.5839028,-1.2591898,-0.29155377,-0.031417385,1.1652266,-0.068707705,0.37877378,0.63874704,0.49962604,-0.05246081,0.4395568,0.09660842,0.9269999,0.13031806,-1.0734847,-0.3459657,0.3840162,0.2702206,-0.41785476,0.3346612,-0.18393028,-0.74617857,-0.20167291
TGAGGGACAACTGCTA-1,10.4456835,1.1136385,0.9097518,-0.29568216,1.2279239,-1.4797271,0.29354596,0.4330283,0.4364669,0.19602562,-0.32171065,-0.07161513,0.16266839,-0.23689325,0.51453936,0.20789984,0.24878868,-0.09568849,1.0517582,-0.19622537,0.18493684,0.7154546,0.30587217,0.33927873,0.20900978,-0.2393748,0.09420227,-0.24976198,0.24093904,-0.53969264,0.01406358,-0.28254554,-0.23574933,-0.27035803,0.0050426465,-0.1817954,0.13202266,0.17500788,0.4769748,0.27057078,-0.285714,0.21240327,0.55983734,0.651015,-0.2759694,0.41978857,0.10181041,-0.040329833,0.33554682,-0.21787156
TGATTTCAGTCTCCTC-1,8.0036955,0.5741315,0.37814367,0.22970155,1.3042136,-1.2819145,1.3326017,0.37334663,0.06780552,-0.12276498,0.35755917,0.319469,0.34518296,-0.37011275,0.084411345,0.16930687,-0.81749076,0.2733932,0.36553296,0.57248867,0.48987252,0.8544523,0.6529673,1.0303552,-0.32511175,0.63081515,-0.38514444,-0.60830235,1.022926,-0.21325469,0.16528903,-0.79661095,-0.3702999,0.9549193,-0.34753597,0.4215231,0.15584703,-0.15642975,0.3476886,-0.49132925,-0.20990205,-0.2232316,-0.5551128,-0.39436346,0.53639865,-0.016382623,0.8763581,0.38064682,-0.16302316,-0.2252841
TGATTTCTCTTCGAGA-1,9.507016,0.7119819,0.43781075,-0.15853204,1.7052814,-0.8147523,0.36836812,0.8893901,-0.037925657,-0.09567704,-0.029068014,0.44975173,-0.15780202,-0.5023465,0.38741806,-0.008807062,-0.20753194,-0.042416845,0.19623758,0.14873143,0.1397681,-0.22446628,0.077313885,0.26770157,-0.6269854,0.45365795,-0.027812298,-0.20210895,0.43060195,0.6086249,0.5761561,-0.5216033,-0.08278962,-0.2610435,-0.21028782,-0.3683298,0.09438447,-0.37678674,0.18160494,-0.11342325,0.45501432,-0.59212464,0.3225507,-0.5359965,0.84517586,0.57951087,-0.68111855,0.06172305,-0.12762079,0.08087451
TGCCAAAGTCGGCACT-1,-2.129691,-0.92162365,-4.6455736,1.031139,-5.094044,5.6271596,-2.6241164,-1.3558533,0.8835513,1.1043035,1.8668169,-0.13068141,-0.09996306,-0.3740137,0.3248118,0.48958814,-0.16948767,0.51801825,0.48706907,0.3623484,-0.47817102,1.0127906,-0.7792901,0.05451376,-0.689912,0.12150256,0.56680584,-0.5133079,0.39118132,0.6841421,1.3864523,0.7569286,0.48869485,-0.6782712,0.5244474,-0.18187104,-2.866332,-1.3384545,-0.09607767,-1.1137112,0.77893406,-0.5804236,-0.2673238,-1.0236849,-0.75862944,-0.019161642,-1.5311455,-1.004842,-0.39247513,1.045707
TGCCCATAGTCTCAAC-1,-9.252247,-1.9639101,-4.0085907,-1.4328521,-0.7370306,-1.7449887,2.1332724,1.977788,-5.7407875,-0.9935579,1.8213964,-2.7360952,2.551017,-1.9906383,0.63479376,-0.15788649,-0.8488493,-0.1315352,1.7737774,-2.2550018,-4.627809,2.1748388,-2.4634304,-1.9462974,-0.8552201,3.8931613,1.7347172,-2.6925974,-0.7660751,-0.3124685,4.134751,-0.35176012,-0.7272315,-5.0033994,3.2028208,0.36773703,-5.955928,-4.119312,-2.0432343,0.4396802,3.874831,3.4027753,5.129731,-5.763623,-1.4170831,-4.4717364,-3.4488335,-3.419748,2.6065686,1.6076941
TGCCCTAAGGCCGAAT-1,3.8209174,-1.5041101,-4.268844,1.1456056,-5.0916996,4.7109942,-6.78965,-2.567193,-3.0882955,-4.008225,2.894761,1.4031004,4.789462,2.1651957,6.0270996,6.88452,2.0566702,-0.91160434,24.746262,-16.372915,-24.856272,32.90468,6.06673,29.94804,8.0151,4.9348254,-0.10065678,25.10316,-10.594067,-1.8515911,4.2796283,-4.533324,-4.1382318,9.1242895,-0.96892667,-0.53804505,7.077732,2.2445822,-1.708518,-0.3639512,-1.5737606,4.2721257,2.7767847,0.77342427,-1.4926205,1.4424881,1.5353634,-0.77723104,4.0007377,-1.763666
TGCGGGTAGACTGGGT-1,7.9671717,0.5143839,0.33235765,0.13886383,1.3061315,-1.1286641,0.43771225,0.36506358,-0.4100269,0.010656755,0.5035791,-0.25588956,0.050605386,0.17835318,0.41619405,1.1712126,0.2612389,-0.21225983,-0.43733126,0.16814727,-0.2790438,-0.38277903,-0.39785582,0.18750632,-0.3829545,-0.14535795,0.08175295,-0.06430574,-0.46808738,0.17909063,-0.0050965333,0.39328617,0.3853149,0.112031326,-0.12991257,-0.40382352,-1.0866349,0.34553638,-0.21247342,-0.50602853,1.300532,-0.43735084,0.24112557,-0.5336627,0.32857832,0.28754044,0.31705606,-0.06692654,-0.12025881,-0.4330514
TGGTTAGTCCCACTTG-1,10.81163,0.69603294,1.1254945,-0.5027656,2.023778,-1.8819674,0.09988498,0.53530675,-0.46662802,0.15156038,0.06086718,-0.114398025,-0.5425667,-0.054834407,0.4361169,0.42912352,0.60473144,-0.52537954,0.496818,0.25699794,-0.6755483,0.32851288,0.08719543,0.33578467,0.07318733,-0.16903825,0.8121776,0.09502783,0.6919378,-0.14878377,0.85274523,0.82617646,-1.0602355,0.91109425,-0.15732096,0.0978096,0.2571153,-0.11216559,-0.0518475,0.7035874,-0.34123725,0.6417718,-0.70204157,-0.057203345,0.41239873,0.62233394,-0.31852168,1.0327828,0.0010092728,-0.89280516
TGTATTCTCGATAGAA-1,9.026699,0.5236561,0.41636506,0.12780055,1.6224052,-1.3202149,0.5072004,0.3835054,-0.11253957,-0.28527808,-0.41788036,-0.6993567,0.37702784,-0.07734887,0.5336425,0.554422,1.1355729,-0.3678984,0.32280862,0.54522663,0.44476238,-0.3321395,-0.030067379,-0.052608088,0.7022422,0.059597768,0.0049230936,0.40847933,0.34598163,0.26074964,-0.21883978,0.059687153,0.086962245,0.29715005,-0.29362467,-0.03106402,0.0012189099,-0.33656055,-0.18631336,-0.32881132,-0.22883652,0.2600281,-0.7408864,-0.022040976,0.3520265,0.56281865,0.6676743,0.30910748,-0.7578708,-0.37402385
TGTGTTTCAGGTGCCT-1,7.542658,1.1019344,0.07672582,0.40093988,1.3405757,-1.3277694,1.6560209,-0.034208417,0.37299344,-0.050363198,0.5690281,0.4311312,0.4236464,-0.06590394,0.49574137,0.86544377,0.11451675,-1.0992405,-0.9698825,0.35491267,0.35675395,0.25038353,-0.08704575,0.26729396,0.54918295,-0.6484229,0.06114525,0.0103933085,0.4485534,-0.39272386,-0.4229471,0.09259463,-0.95490676,0.044392083,-0.20331122,0.09400785,-0.49112466,0.68412924,-0.1816147,0.25816837,-0.530443,-0.70806694,-0.6379882,-0.4790001,0.74395037,0.3799592,0.25767818,-0.81884444,-0.067276515,0.061254743
TGTGTTTTCCTAAGTG-1,10.138311,0.5554919,0.30202317,-0.4842905,1.6699189,-1.784195,0.88379353,0.35555413,-0.305991,-0.3833271,-0.09879818,0.01648512,-0.33752653,-0.2642845,-0.31904125,0.9175707,-0.4495094,-0.027405523,-0.09502891,0.4872989,1.0903215,-0.18041575,-0.016337285,0.010346696,0.25508085,-0.059571493,-0.5075622,-0.1594471,0.47208542,0.24128425,0.348372,0.34215826,-0.22448115,0.62258935,-0.37370944,-0.105261005,-0.06603893,-0.31588617,-0.23633258,-0.35978788,-0.7321327,-0.0056963824,-0.18687415,-0.2729106,0.5779003,0.2999876,0.4112149,-0.06379178,-0.10641142,0.1297003
TGTTCCGCAGGCTGAA-1,9.080109,1.0746579,0.54452413,0.074291795,1.4816567,-1.6613345,1.1128271,0.6896462,0.6600661,-0.034921184,-0.39389384,0.16432074,-0.6098725,-0.4307913,0.36208153,0.0233805,-0.16513929,0.05021607,0.23261307,0.6784516,0.34893498,0.021010688,0.0823294,0.47675282,0.17308125,-0.053906694,-0.031400196,-0.04918417,0.22241202,-0.04758618,0.026715297,0.78919643,0.068734676,0.2922965,-0.5714886,-0.45888972,0.15172406,0.95337856,0.48472264,-0.2609169,0.605005,-0.07304585,0.10904622,0.4534832,0.21954842,0.05256015,0.032462284,0.14502402,0.42382675,-0.40023097
TTAACTCTCTGCTGCT-1,8.052331,0.52960736,0.038247682,-0.0024689923,1.7879913,-1.1341801,1.294176,0.74687696,-0.7103676,0.70310825,0.46537846,0.041791502,0.6574008,-0.07142202,0.15119138,0.096109,-0.20028755,-0.5379308,0.6127319,0.7028503,0.19074999,-0.35979548,-0.55070645,-0.52384883,-0.3494319,0.7064207,1.001095,0.030390542,-0.01925916,-0.7788178,0.4325152,-0.6980303,0.0012365066,0.20514831,0.7011476,-0.18122198,-0.12891646,-0.3697578,-0.31682312,0.5402025,0.9008952,0.087841846,0.40175757,-0.62208325,0.9085417,0.43050516,-0.25055653,0.8926379,-0.60540843,0.029330926
TTAGGACCAGTTCATG-1,-23.991043,-0.8627901,-4.517083,2.466666,0.75312823,1.4443457,15.780694,-3.8574615,-11.76254,12.763471,-1.2188003,-4.2944546,0.22737856,-6.870074,14.754138,-1.3381304,-12.285766,11.748319,19.55804,32.886517,-17.925154,-6.5417953,7.0791526,-5.752442,-25.665646,15.335316,8.166352,-1.9077479,-15.458004,-1.8510761,-8.75113,20.924442,-2.2063277,8.8788805,-6.0555406,-4.194736,-0.15286286,3.6278143,2.7092636,-1.7370623,-1.4216856,4.5968537,-0.6528687,2.7566404,1.1527091,0.8487298,2.0622084,-3.476954,-0.9498464,-1.1870924
TTAGGCACACAGTCGC-1,8.020462,0.70620567,0.056175772,-0.8252439,0.798688,-1.272022,-0.15476032,0.5014874,0.51391983,0.05306054,0.02906899,-0.47625276,-0.5383292,-0.12664469,0.78981435,0.09756917,-0.5322103,0.29791367,0.15724751,0.3997134,-0.27980852,-0.50486046,0.6183547,-0.15630533,-1.0481515,0.7038363,-0.24654554,-0.537726,0.040235877,-0.13311377,0.11401086,-0.33775762,-0.1733063,-0.29111823,0.8467087,0.2386559,-1.1223087,-0.43884298,0.03569402,-0.21400101,1.0275801,-1.1494807,0.23767926,-0.74930614,1.3107353,-0.28707337,-0.52188826,0.048452273,-0.9642139,-0.7063669
TTAGTTCAGACACTAA-1,-1.8975147,-1.4434897,-6.0532594,2.4771914,-5.964208,11.238098,-5.342036,-3.5453699,4.4001937,0.61414975,-2.3514204,-1.3378682,-0.09285547,0.5964117,0.9802744,-0.10012403,1.1103362,0.10094782,-2.063934,2.7420003,2.1194446,1.8519348,0.109912686,0.3074183,0.033573348,1.82702,-1.1155388,0.8080609,-0.32796592,2.1185265,0.0015802775,2.3787038,0.68435717,1.9447123,0.4852882,-1.7065834,-0.9849817,-0.4533814,-1.2159357,-0.2943354,1.3552644,3.198678,-1.649607,0.85096353,0.09566249,2.3239315,0.27018535,-0.09525032,-2.2652473,1.7143524
TTAGTTCAGGCGCTCT-1,0.5120883,-0.20213689,-2.8779008,-0.09006989,-4.321343,5.9239955,-4.397573,-2.4759512,1.1614307,0.10890389,-0.1408423,-0.2968953,0.15976393,0.6291793,-1.2469718,0.32406908,0.46449175,-0.9741587,0.80263853,-0.3517922,-1.4315442,0.66286254,-0.13808826,-1.0184718,1.3152299,1.3452771,-0.38024524,-0.70378673,-0.21000081,0.26516372,0.103072174,1.4474546,0.02793184,-0.09931603,0.68764174,-0.21103588,-0.8700333,0.3993865,-0.610386,-2.1110272,0.1338222,-0.66977125,-1.3224485,-0.04010223,-1.8627735,-2.2522388,-2.4970734,1.4321746,-1.1404322,-0.017715307
TTCTACAGTGGCAAAC-1,-7.2900143,-1.4355873,-0.69603395,-0.37042964,-2.0259101,-3.0176625,0.7113247,0.8655513,-3.6858828,1.702174,0.16168928,-1.9130191,-1.4385927,-1.8868028,-0.25798097,-0.7731587,-0.09468506,-0.053667065,2.8937912,-0.5896489,-1.640938,-0.3431792,-1.566726,-0.60941964,-2.075404,2.1695604,-0.06034059,-0.53973037,-0.53130686,0.8492261,3.13272,-0.81696874,0.30371308,-2.3219974,0.93892956,-3.332342,-4.189192,-2.8265865,-2.1151886,0.265888,0.96294427,-0.81857115,2.4186885,-1.9636397,-2.370046,-1.4760839,-2.8192239,-0.31284732,-1.5403761,1.8011553
TTCTCAAGTGGAAAGA-1,7.593159,1.2511086,1.5277873,-0.5090642,1.8019546,-1.05449,1.6173319,0.46449786,0.7341982,-0.65486854,1.5342653,1.6679994,-0.25475392,0.73715436,1.3783271,-0.8431183,0.7569343,0.040585253,0.8746804,0.20132998,-0.92056376,-0.25452912,1.3963081,1.0938357,0.38334453,-0.17445387,-0.35582706,0.78024,-0.5707785,-0.7781383,0.10330783,0.17145686,-0.4924547,0.7458236,0.2259502,0.36024338,0.12318727,0.056853924,0.18753031,-0.11355604,0.40948576,-0.3840897,-1.4745934,-1.3765677,1.3007346,0.81415164,-0.22970845,-0.19553065,-0.71551293,-0.8424949
TTGACTTGTACGCACC-1,8.814526,0.48313072,0.6384081,0.07084968,1.8294555,-1.3706905,1.7400221,0.41843137,-0.5459204,-0.49866956,0.41127458,0.33158714,-0.38997832,-0.011599571,-0.47983462,-1.2927538,0.47143498,-0.5268028,0.7870725,0.5158266,0.90806115,0.08371479,-0.2308686,0.9940003,-0.8700244,0.36125955,0.048949506,-0.5429364,-0.4823513,-0.24411432,0.56791306,-0.74772817,-0.89186984,-0.03567996,0.8781196,-0.29153246,0.042977322,0.17530446,-0.3994148,0.60355264,1.0405542,1.4381065,0.4880684,-0.8827616,0.8006828,0.3486244,-0.021520268,0.12609482,0.4081775,0.09441422
TTGACTTGTAGGCTGA-1,8.0257435,-0.037344214,0.37641162,-0.44904175,2.206077,-0.7923619,1.2491946,-0.00384769,0.07557477,1.0522491,0.79027534,-0.5804392,0.69070154,-0.11808256,0.5421254,-0.38822892,0.2129212,0.47618738,-0.6406602,1.0244502,0.38944662,0.09585361,0.33746538,0.105212905,-0.5362112,-0.08326051,-0.3548185,-0.27182427,0.2487585,-0.15300174,1.9203153,-0.23829517,-0.13639453,-0.1266281,0.14821684,-0.39621574,-0.798964,0.709783,0.15552144,0.79130983,0.25407603,-0.16349573,0.29424813,-1.2285247,2.1157522,-0.036889967,0.12077468,0.20225234,-1.3347216,-0.45782724
TTGACTTGTGCAGACA-1,2.6034396,-0.20064892,-3.2481124,-0.2129247,-4.86019,4.427371,-3.722088,-1.1962188,1.5803226,1.1505919,-0.7559931,-0.5592951,-0.68135875,-0.38817343,-0.8430317,0.32648438,0.9323992,-0.0032198064,0.4165646,-0.15724994,-1.8834367,0.9312694,0.037305348,0.67770797,0.64643455,-1.0832285,-0.06569192,-0.39245826,0.43787208,-0.6893192,-0.2789777,1.0261221,0.42238292,0.4906835,0.44090557,0.3595795,-0.5290801,-1.871318,-1.1327409,-1.3677013,-0.46638632,-1.509973,-1.3659422,-0.39851034,-0.60755795,-1.2933596,-0.29025742,-0.037205003,-1.0700693,1.5215032
TTGCCGTCACGGTAGA-1,9.756258,0.45851693,0.31264177,-0.4025112,1.7817037,-1.6322529,0.3730938,-0.14418969,0.13667965,0.14313869,0.54327154,0.71226746,-0.032279197,0.11378844,0.101266,-0.6574385,-0.33816624,-0.3203432,0.3199878,-0.36261982,0.37415197,-0.50828886,0.15537128,0.6201741,0.41257244,0.13045675,0.37361407,0.72568506,0.27631286,-0.23968829,-0.09769214,0.3159915,-0.16151792,-0.17513019,-0.2210243,-0.21685983,-0.22877198,0.30077073,-0.6051221,-0.13081254,0.08890797,-0.06855,-0.65411085,-0.6249788,0.51557815,0.76531535,0.17434813,0.18672736,0.08333884,-0.58586186
TTTACTGTCTTCCTTC-1,7.161097,0.6530822,-0.23891981,-0.12373335,0.87759274,-0.3966512,1.0070057,1.9059203,-0.34101826,0.02864523,1.3166554,0.053250186,0.8576698,-0.09268517,-0.04178196,-0.3383383,0.099802695,-0.27020627,0.1056363,-0.2948131,-0.6293511,0.59486574,-0.3133732,-0.36503398,-0.5521573,-0.895878,1.1077224,-0.03482713,-0.19193982,0.2926296,0.5970023,0.043269906,-0.42811388,0.4618229,-0.15332402,0.6026021,0.24460632,0.49656323,0.41902143,-0.66440094,0.56914157,-0.8397042,-0.07832503,-0.5330302,0.14727502,-0.35797623,-0.5427612,0.36443582,0.17488179,-0.6191414
TTTATGCGTTTACTCT-1,8.02894,-0.44812298,-0.6012476,-1.722539,2.8090823,-2.7291217,1.2305292,-0.16838983,-1.424652,-1.1412742,1.7583865,-4.0821996,-1.2931017,-0.19402364,-3.2143142,2.28268,-7.8328385,5.242862,-0.74331975,-12.986468,5.2826877,-9.754648,-13.699558,-19.474863,-4.994155,13.11789,6.9860253,28.5237,-17.37723,6.543329,-20.223593,-15.089578,29.033571,-4.7690997,1.5203887,0.8233906,5.836044,4.640782,3.2767236,-3.5082564,2.0371885,1.153688,0.26776096,1.0333707,-8.507591,-1.214822,-1.7335188,-1.3393655,4.638198,2.1593146
TTTGCGCGTGAAATCA-1,-4.954835,-1.5732515,0.20914494,-2.8864405,-2.6656382,-3.6179118,0.34776863,-2.3806853,-5.227958,-3.6575847,-0.73503894,-8.450565,-3.3953445,-3.5269504,-3.8816388,-2.0737867,2.318388,-2.936954,6.0039916,-4.246558,-12.570504,-0.3257679,1.5971786,-2.2929914,-3.814139,-2.7755132,-22.364332,-8.322476,2.0875292,2.0553932,22.577967,19.717506,27.54335,-18.12114,10.271789,3.3074806,16.42545,10.9374,1.2267385,0.302011,-9.024172,6.224066,-7.7742405,-8.063368,-3.4231281,-0.6363465,2.1233006,2.1645875,2.098092,-4.5812507
